time,open,high,low,close,volume,session,news_flag
2021-01-04T00:00:00Z,1.2239500000,1.2255700000,1.2228000000,1.2252600000,10671,OTHER,false
2021-01-04T04:00:00Z,1.2252600000,1.2259100000,1.2241300000,1.2255000000,9383,OTHER,false
2021-01-04T08:00:00Z,1.2254900000,1.2300400000,1.2242000000,1.2293200000,14169,LONDON,false
2021-01-04T12:00:00Z,1.2293200000,1.2306000000,1.2286300000,1.2298800000,16335,OTHER,false
2021-01-04T16:00:00Z,1.2299000000,1.2309800000,1.2250000000,1.2252900000,25580,OTHER,false
2021-01-04T20:00:00Z,1.2252900000,1.2256800000,1.2241600000,1.2247300000,9482,OTHER,false
2021-01-05T00:00:00Z,1.2246600000,1.2263200000,1.2243200000,1.2257200000,6256,OTHER,false
2021-01-05T04:00:00Z,1.2257200000,1.2276800000,1.2256900000,1.2272300000,7677,OTHER,false
2021-01-05T08:00:00Z,1.2272400000,1.2283900000,1.2255100000,1.2272300000,14790,LONDON,false
2021-01-05T12:00:00Z,1.2272400000,1.2290600000,1.2260500000,1.2262600000,15457,OTHER,false
2021-01-05T16:00:00Z,1.2262600000,1.2305100000,1.2254000000,1.2299400000,23074,OTHER,false
2021-01-05T20:00:00Z,1.2299100000,1.2305600000,1.2289500000,1.2296500000,8126,OTHER,false
2021-01-06T00:00:00Z,1.2296800000,1.2326100000,1.2281100000,1.2289200000,15458,OTHER,false
2021-01-06T04:00:00Z,1.2289300000,1.2306500000,1.2275700000,1.2296700000,16348,OTHER,false
2021-01-06T08:00:00Z,1.2296600000,1.2345500000,1.2296500000,1.2338200000,21580,LONDON,false
2021-01-06T12:00:00Z,1.2338300000,1.2349400000,1.2316600000,1.2319600000,20239,OTHER,false
2021-01-06T16:00:00Z,1.2319500000,1.2320600000,1.2265700000,1.2299000000,26706,OTHER,false
2021-01-06T20:00:00Z,1.2299000000,1.2339900000,1.2296400000,1.2325200000,17928,OTHER,false
2021-01-07T00:00:00Z,1.2325600000,1.2344100000,1.2322800000,1.2330600000,8261,OTHER,false
2021-01-07T04:00:00Z,1.2330800000,1.2332700000,1.2310700000,1.2312500000,8758,OTHER,false
2021-01-07T08:00:00Z,1.2312500000,1.2325600000,1.2264200000,1.2269000000,18702,LONDON,false
2021-01-07T12:00:00Z,1.2268800000,1.2278500000,1.2245200000,1.2268600000,17734,OTHER,false
2021-01-07T16:00:00Z,1.2268700000,1.2282600000,1.2246400000,1.2265500000,23308,OTHER,false
2021-01-07T20:00:00Z,1.2265700000,1.2279000000,1.2262800000,1.2271000000,7986,OTHER,false
2021-01-08T00:00:00Z,1.2271300000,1.2273100000,1.2234900000,1.2247900000,10254,OTHER,false
2021-01-08T04:00:00Z,1.2247900000,1.2268100000,1.2245500000,1.2257800000,9159,OTHER,false
2021-01-08T08:00:00Z,1.2257800000,1.2269100000,1.2213300000,1.2240000000,18236,LONDON,false
2021-01-08T12:00:00Z,1.2240000000,1.2284500000,1.2232600000,1.2271500000,18304,OTHER,false
2021-01-08T16:00:00Z,1.2271100000,1.2283500000,1.2222200000,1.2228800000,30760,OTHER,false
2021-01-08T20:00:00Z,1.2228800000,1.2228800000,1.2193200000,1.2221800000,13425,OTHER,false
2021-01-11T00:00:00Z,1.2211600000,1.2228500000,1.2171200000,1.2177800000,11307,OTHER,false
2021-01-11T04:00:00Z,1.2177800000,1.2182100000,1.2166600000,1.2181800000,9193,OTHER,false
2021-01-11T08:00:00Z,1.2181800000,1.2199600000,1.2160200000,1.2160900000,16047,LONDON,false
2021-01-11T12:00:00Z,1.2160700000,1.2171900000,1.2139400000,1.2144600000,15578,OTHER,false
2021-01-11T16:00:00Z,1.2144600000,1.2174300000,1.2132300000,1.2167000000,20966,OTHER,false
2021-01-11T20:00:00Z,1.2167000000,1.2171600000,1.2148700000,1.2149700000,6490,OTHER,false
2021-01-12T00:00:00Z,1.2149800000,1.2162000000,1.2140400000,1.2149100000,7170,OTHER,false
2021-01-12T04:00:00Z,1.2149100000,1.2155100000,1.2138700000,1.2153300000,6358,OTHER,false
2021-01-12T08:00:00Z,1.2153300000,1.2179100000,1.2148800000,1.2161900000,14344,LONDON,false
2021-01-12T12:00:00Z,1.2161900000,1.2166900000,1.2140300000,1.2146200000,14221,OTHER,false
2021-01-12T16:00:00Z,1.2146300000,1.2177600000,1.2137200000,1.2174400000,18344,OTHER,false
2021-01-12T20:00:00Z,1.2174400000,1.2209700000,1.2172100000,1.2206200000,10191,OTHER,false
2021-01-13T00:00:00Z,1.2206400000,1.2218100000,1.2200800000,1.2217300000,7686,OTHER,false
2021-01-13T04:00:00Z,1.2217300000,1.2220000000,1.2207300000,1.2209000000,5718,OTHER,false
2021-01-13T08:00:00Z,1.2209000000,1.2222900000,1.2182300000,1.2189500000,12958,LONDON,false
2021-01-13T12:00:00Z,1.2189500000,1.2192000000,1.2154600000,1.2161300000,15632,OTHER,false
2021-01-13T16:00:00Z,1.2161300000,1.2180600000,1.2139900000,1.2165300000,20312,OTHER,false
2021-01-13T20:00:00Z,1.2165300000,1.2174700000,1.2148600000,1.2156800000,7941,OTHER,false
2021-01-14T00:00:00Z,1.2156800000,1.2172000000,1.2149500000,1.2166000000,6447,OTHER,false
2021-01-14T04:00:00Z,1.2166100000,1.2169100000,1.2135800000,1.2155200000,12556,OTHER,false
2021-01-14T08:00:00Z,1.2155200000,1.2167500000,1.2136200000,1.2166300000,14129,LONDON,false
2021-01-14T12:00:00Z,1.2166200000,1.2167200000,1.2111200000,1.2119800000,16716,OTHER,false
2021-01-14T16:00:00Z,1.2119800000,1.2178400000,1.2112000000,1.2165700000,19977,OTHER,false
2021-01-14T20:00:00Z,1.2165700000,1.2177500000,1.2146800000,1.2154000000,12177,OTHER,false
2021-01-15T00:00:00Z,1.2153700000,1.2162500000,1.2148500000,1.2150900000,6919,OTHER,false
2021-01-15T04:00:00Z,1.2151100000,1.2154600000,1.2135400000,1.2139900000,7125,OTHER,false
2021-01-15T08:00:00Z,1.2139900000,1.2146700000,1.2117800000,1.2139100000,13417,LONDON,false
2021-01-15T12:00:00Z,1.2139000000,1.2144400000,1.2114000000,1.2116100000,14964,OTHER,false
2021-01-15T16:00:00Z,1.2116000000,1.2117700000,1.2081700000,1.2093800000,21556,OTHER,false
2021-01-15T20:00:00Z,1.2093800000,1.2093800000,1.2075000000,1.2076600000,7391,OTHER,false
2021-01-18T00:00:00Z,1.2081300000,1.2086400000,1.2064900000,1.2078900000,8984,OTHER,false
2021-01-18T04:00:00Z,1.2078900000,1.2084800000,1.2065500000,1.2077500000,7810,OTHER,false
2021-01-18T08:00:00Z,1.2077500000,1.2086700000,1.2059200000,1.2062200000,11781,LONDON,false
2021-01-18T12:00:00Z,1.2062200000,1.2075600000,1.2053600000,1.2065900000,10697,OTHER,false
2021-01-18T16:00:00Z,1.2066000000,1.2080700000,1.2062900000,1.2074900000,8112,OTHER,false
2021-01-18T20:00:00Z,1.2074900000,1.2082000000,1.2071900000,1.2075700000,4581,OTHER,false
2021-01-19T00:00:00Z,1.2076800000,1.2096800000,1.2073900000,1.2093200000,6207,OTHER,false
2021-01-19T04:00:00Z,1.2093300000,1.2098500000,1.2090600000,1.2096900000,5836,OTHER,false
2021-01-19T08:00:00Z,1.2096900000,1.2122700000,1.2085400000,1.2118300000,13380,LONDON,false
2021-01-19T12:00:00Z,1.2118400000,1.2141200000,1.2118300000,1.2135900000,13312,OTHER,false
2021-01-19T16:00:00Z,1.2135600000,1.2144900000,1.2115800000,1.2121200000,15345,OTHER,false
2021-01-19T20:00:00Z,1.2121200000,1.2129800000,1.2118800000,1.2128400000,5222,OTHER,false
2021-01-20T00:00:00Z,1.2128100000,1.2146500000,1.2122700000,1.2141000000,7630,OTHER,false
2021-01-20T04:00:00Z,1.2141000000,1.2149400000,1.2139500000,1.2144100000,5120,OTHER,false
2021-01-20T08:00:00Z,1.2144400000,1.2158200000,1.2118200000,1.2127500000,14716,LONDON,false
2021-01-20T12:00:00Z,1.2127500000,1.2127800000,1.2095600000,1.2107300000,13160,OTHER,false
2021-01-20T16:00:00Z,1.2107200000,1.2117700000,1.2076700000,1.2106700000,17009,OTHER,false
2021-01-20T20:00:00Z,1.2106600000,1.2110200000,1.2099000000,1.2104600000,5758,OTHER,false
2021-01-21T00:00:00Z,1.2104300000,1.2130600000,1.2102200000,1.2123700000,5648,OTHER,false
2021-01-21T04:00:00Z,1.2123600000,1.2138100000,1.2122900000,1.2134600000,4138,OTHER,false
2021-01-21T08:00:00Z,1.2134500000,1.2146100000,1.2115000000,1.2142300000,11962,LONDON,false
2021-01-21T12:00:00Z,1.2142300000,1.2173200000,1.2132600000,1.2151700000,17660,OTHER,false
2021-01-21T16:00:00Z,1.2151500000,1.2169900000,1.2135800000,1.2148600000,19473,OTHER,false
2021-01-21T20:00:00Z,1.2148600000,1.2169900000,1.2148100000,1.2164000000,6137,OTHER,false
2021-01-22T00:00:00Z,1.2158600000,1.2177500000,1.2158600000,1.2173000000,7183,OTHER,false
2021-01-22T04:00:00Z,1.2173100000,1.2176600000,1.2170100000,1.2172100000,5868,OTHER,false
2021-01-22T08:00:00Z,1.2172100000,1.2189400000,1.2151500000,1.2173900000,15030,LONDON,false
2021-01-22T12:00:00Z,1.2173800000,1.2187200000,1.2155200000,1.2165400000,11690,OTHER,false
2021-01-22T16:00:00Z,1.2165400000,1.2184700000,1.2154300000,1.2167400000,13039,OTHER,false
2021-01-22T20:00:00Z,1.2167400000,1.2173100000,1.2165300000,1.2170400000,4284,OTHER,false
2021-01-25T00:00:00Z,1.2170400000,1.2173500000,1.2160200000,1.2164200000,5146,OTHER,false
2021-01-25T04:00:00Z,1.2164200000,1.2181000000,1.2164200000,1.2180700000,4635,OTHER,false
2021-01-25T08:00:00Z,1.2180700000,1.2183300000,1.2144000000,1.2147700000,11273,LONDON,false
2021-01-25T12:00:00Z,1.2147700000,1.2162700000,1.2140200000,1.2147100000,10910,OTHER,false
2021-01-25T16:00:00Z,1.2147200000,1.2152600000,1.2116000000,1.2144600000,17245,OTHER,false
2021-01-25T20:00:00Z,1.2144300000,1.2146600000,1.2136000000,1.2141300000,5162,OTHER,false
2021-01-26T00:00:00Z,1.2137100000,1.2145400000,1.2133000000,1.2145400000,3346,OTHER,false
2021-01-26T04:00:00Z,1.2145100000,1.2146000000,1.2127000000,1.2131000000,4116,OTHER,false
2021-01-26T08:00:00Z,1.2131000000,1.2141400000,1.2107800000,1.2128900000,12928,LONDON,false
2021-01-26T12:00:00Z,1.2128900000,1.2161900000,1.2123200000,1.2156800000,12127,OTHER,false
2021-01-26T16:00:00Z,1.2156800000,1.2176000000,1.2139900000,1.2157300000,14651,OTHER,false
2021-01-26T20:00:00Z,1.2157300000,1.2168300000,1.2156300000,1.2159200000,4745,OTHER,false
2021-01-27T00:00:00Z,1.2159800000,1.2169600000,1.2158300000,1.2160800000,4364,OTHER,false
2021-01-27T04:00:00Z,1.2160800000,1.2165100000,1.2153000000,1.2162900000,3981,OTHER,false
2021-01-27T08:00:00Z,1.2163000000,1.2165900000,1.2119400000,1.2122600000,12221,LONDON,false
2021-01-27T12:00:00Z,1.2122500000,1.2132900000,1.2098300000,1.2111100000,14057,OTHER,false
2021-01-27T16:00:00Z,1.2111100000,1.2119200000,1.2058600000,1.2117700000,23428,OTHER,false
2021-01-27T20:00:00Z,1.2117800000,1.2128800000,1.2093300000,1.2109600000,16763,OTHER,false
2021-01-28T00:00:00Z,1.2108600000,1.2111700000,1.2082500000,1.2101200000,8376,OTHER,false
2021-01-28T04:00:00Z,1.2101100000,1.2105300000,1.2086900000,1.2105200000,7324,OTHER,false
2021-01-28T08:00:00Z,1.2105100000,1.2113300000,1.2080500000,1.2108700000,16976,LONDON,false
2021-01-28T12:00:00Z,1.2108600000,1.2130600000,1.2088000000,1.2128500000,16794,OTHER,false
2021-01-28T16:00:00Z,1.2128400000,1.2142100000,1.2118800000,1.2125100000,19742,OTHER,false
2021-01-28T20:00:00Z,1.2125200000,1.2139900000,1.2118500000,1.2121000000,7349,OTHER,false
2021-01-29T00:00:00Z,1.2120900000,1.2126900000,1.2103800000,1.2108300000,5422,OTHER,false
2021-01-29T04:00:00Z,1.2107800000,1.2109000000,1.2094400000,1.2099600000,6038,OTHER,false
2021-01-29T08:00:00Z,1.2099500000,1.2121300000,1.2097400000,1.2116400000,14556,LONDON,false
2021-01-29T12:00:00Z,1.2116300000,1.2152200000,1.2106900000,1.2146100000,19872,OTHER,false
2021-01-29T16:00:00Z,1.2146100000,1.2155800000,1.2125000000,1.2132300000,21265,OTHER,false
2021-01-29T20:00:00Z,1.2132200000,1.2139100000,1.2127500000,1.2135300000,8486,OTHER,false
2021-02-01T00:00:00Z,1.2130100000,1.2136400000,1.2120100000,1.2127200000,7108,OTHER,false
2021-02-01T04:00:00Z,1.2127100000,1.2133100000,1.2124800000,1.2130100000,5689,OTHER,false
2021-02-01T08:00:00Z,1.2130100000,1.2132700000,1.2083700000,1.2094000000,13782,LONDON,false
2021-02-01T12:00:00Z,1.2093800000,1.2094200000,1.2069600000,1.2084800000,13655,OTHER,false
2021-02-01T16:00:00Z,1.2084900000,1.2099200000,1.2062600000,1.2069700000,16228,OTHER,false
2021-02-01T20:00:00Z,1.2069600000,1.2078100000,1.2056200000,1.2059400000,7281,OTHER,false
2021-02-02T00:00:00Z,1.2059400000,1.2086000000,1.2058700000,1.2083700000,5442,OTHER,false
2021-02-02T04:00:00Z,1.2083800000,1.2087600000,1.2074500000,1.2079000000,5334,OTHER,false
2021-02-02T08:00:00Z,1.2079200000,1.2087200000,1.2063900000,1.2066900000,11590,LONDON,false
2021-02-02T12:00:00Z,1.2067000000,1.2069600000,1.2026200000,1.2048000000,13983,OTHER,false
2021-02-02T16:00:00Z,1.2048000000,1.2049100000,1.2011700000,1.2018800000,15992,OTHER,false
2021-02-02T20:00:00Z,1.2019100000,1.2045900000,1.2017200000,1.2042800000,6648,OTHER,false
2021-02-03T00:00:00Z,1.2042300000,1.2050000000,1.2035800000,1.2046900000,5519,OTHER,false
2021-02-03T04:00:00Z,1.2047100000,1.2047900000,1.2039100000,1.2043900000,4942,OTHER,false
2021-02-03T08:00:00Z,1.2043900000,1.2044100000,1.2009800000,1.2022900000,10786,LONDON,false
2021-02-03T12:00:00Z,1.2023700000,1.2030300000,1.2004900000,1.2017100000,10100,OTHER,false
2021-02-03T16:00:00Z,1.2017100000,1.2032500000,1.2004200000,1.2026600000,13032,OTHER,false
2021-02-03T20:00:00Z,1.2026900000,1.2036900000,1.2021100000,1.2035100000,4998,OTHER,false
2021-02-04T00:00:00Z,1.2034900000,1.2042800000,1.2029300000,1.2034800000,4654,OTHER,false
2021-02-04T04:00:00Z,1.2034800000,1.2038400000,1.2012600000,1.2017000000,4979,OTHER,false
2021-02-04T08:00:00Z,1.2017000000,1.2017000000,1.1983200000,1.1985800000,12297,LONDON,false
2021-02-04T12:00:00Z,1.1985700000,1.1998000000,1.1982800000,1.1984000000,11812,OTHER,false
2021-02-04T16:00:00Z,1.1984300000,1.1989400000,1.1957600000,1.1960500000,12010,OTHER,false
2021-02-04T20:00:00Z,1.1960600000,1.1967900000,1.1957400000,1.1962000000,6055,OTHER,false
2021-02-05T00:00:00Z,1.1961800000,1.1971700000,1.1957900000,1.1965800000,7480,OTHER,false
2021-02-05T04:00:00Z,1.1965700000,1.1968000000,1.1952200000,1.1962900000,7268,OTHER,false
2021-02-05T08:00:00Z,1.1963100000,1.1987700000,1.1959500000,1.1976800000,12387,LONDON,false
2021-02-05T12:00:00Z,1.1976900000,1.2023900000,1.1969200000,1.2003900000,16670,OTHER,false
2021-02-05T16:00:00Z,1.2003800000,1.2041700000,1.2000700000,1.2037900000,18201,OTHER,false
2021-02-05T20:00:00Z,1.2037800000,1.2049800000,1.2037200000,1.2049200000,5835,OTHER,false
2021-02-08T00:00:00Z,1.2042600000,1.2055300000,1.2029800000,1.2038300000,9613,OTHER,false
2021-02-08T04:00:00Z,1.2038200000,1.2042600000,1.2031400000,1.2036700000,5835,OTHER,false
2021-02-08T08:00:00Z,1.2036900000,1.2048700000,1.2024000000,1.2028200000,10693,LONDON,false
2021-02-08T12:00:00Z,1.2028200000,1.2044000000,1.2019700000,1.2037600000,12161,OTHER,false
2021-02-08T16:00:00Z,1.2037300000,1.2066100000,1.2033200000,1.2047200000,15714,OTHER,false
2021-02-08T20:00:00Z,1.2047200000,1.2057500000,1.2043900000,1.2049300000,5879,OTHER,false
2021-02-09T00:00:00Z,1.2049300000,1.2064000000,1.2047200000,1.2059500000,8762,OTHER,false
2021-02-09T04:00:00Z,1.2059600000,1.2082100000,1.2059500000,1.2078100000,8301,OTHER,false
2021-02-09T08:00:00Z,1.2078100000,1.2116500000,1.2067400000,1.2109600000,16223,LONDON,false
2021-02-09T12:00:00Z,1.2109600000,1.2113200000,1.2090100000,1.2101700000,12772,OTHER,false
2021-02-09T16:00:00Z,1.2101900000,1.2109500000,1.2088600000,1.2105400000,12364,OTHER,false
2021-02-09T20:00:00Z,1.2105400000,1.2122100000,1.2102100000,1.2117400000,6336,OTHER,false
2021-02-10T00:00:00Z,1.2117300000,1.2119700000,1.2108800000,1.2115900000,4493,OTHER,false
2021-02-10T04:00:00Z,1.2116000000,1.2130000000,1.2115800000,1.2124400000,3608,OTHER,false
2021-02-10T08:00:00Z,1.2124400000,1.2144000000,1.2114100000,1.2119400000,9633,LONDON,false
2021-02-10T12:00:00Z,1.2119400000,1.2139500000,1.2113100000,1.2128400000,11147,OTHER,false
2021-02-10T16:00:00Z,1.2128400000,1.2139500000,1.2123000000,1.2138000000,14563,OTHER,false
2021-02-10T20:00:00Z,1.2138000000,1.2138000000,1.2116600000,1.2117200000,5230,OTHER,false
2021-02-11T00:00:00Z,1.2117200000,1.2120000000,1.2113500000,1.2117300000,3409,OTHER,false
2021-02-11T04:00:00Z,1.2117200000,1.2127800000,1.2116800000,1.2126500000,2926,OTHER,false
2021-02-11T08:00:00Z,1.2126500000,1.2136100000,1.2118000000,1.2130300000,8086,LONDON,false
2021-02-11T12:00:00Z,1.2130300000,1.2149300000,1.2121100000,1.2143600000,10022,OTHER,false
2021-02-11T16:00:00Z,1.2143600000,1.2144900000,1.2121400000,1.2127100000,15708,OTHER,false
2021-02-11T20:00:00Z,1.2127200000,1.2137200000,1.2123100000,1.2130300000,6652,OTHER,false
2021-02-12T00:00:00Z,1.2130300000,1.2134900000,1.2124700000,1.2127300000,5879,OTHER,false
2021-02-12T04:00:00Z,1.2127100000,1.2131700000,1.2118600000,1.2131300000,6755,OTHER,false
2021-02-12T08:00:00Z,1.2131300000,1.2131400000,1.2100300000,1.2108300000,12296,LONDON,false
2021-02-12T12:00:00Z,1.2108100000,1.2114800000,1.2084300000,1.2087100000,11469,OTHER,false
2021-02-12T16:00:00Z,1.2087100000,1.2128900000,1.2081500000,1.2123200000,13842,OTHER,false
2021-02-12T20:00:00Z,1.2123100000,1.2126200000,1.2113200000,1.2118900000,5035,OTHER,false
2021-02-15T00:00:00Z,1.2124000000,1.2128500000,1.2116700000,1.2127100000,4755,OTHER,false
2021-02-15T04:00:00Z,1.2127000000,1.2140400000,1.2125600000,1.2137800000,5568,OTHER,false
2021-02-15T08:00:00Z,1.2137900000,1.2145200000,1.2130800000,1.2134700000,11408,LONDON,false
2021-02-15T12:00:00Z,1.2134700000,1.2140600000,1.2124100000,1.2126800000,7907,OTHER,false
2021-02-15T16:00:00Z,1.2126900000,1.2138000000,1.2120800000,1.2130900000,7646,OTHER,false
2021-02-15T20:00:00Z,1.2131000000,1.2134600000,1.2125500000,1.2127400000,2560,OTHER,false
2021-02-16T00:00:00Z,1.2127100000,1.2146700000,1.2124800000,1.2142600000,5451,OTHER,false
2021-02-16T04:00:00Z,1.2142600000,1.2150400000,1.2132800000,1.2136600000,6021,OTHER,false
2021-02-16T08:00:00Z,1.2136500000,1.2157400000,1.2128300000,1.2152600000,11394,LONDON,false
2021-02-16T12:00:00Z,1.2152700000,1.2169400000,1.2106500000,1.2108400000,14614,OTHER,false
2021-02-16T16:00:00Z,1.2108400000,1.2123700000,1.2094900000,1.2108900000,20618,OTHER,false
2021-02-16T20:00:00Z,1.2108900000,1.2117900000,1.2103400000,1.2105300000,4917,OTHER,false
2021-02-17T00:00:00Z,1.2104700000,1.2108900000,1.2083200000,1.2092800000,9511,OTHER,false
2021-02-17T04:00:00Z,1.2092900000,1.2098200000,1.2085900000,1.2093000000,7201,OTHER,false
2021-02-17T08:00:00Z,1.2093200000,1.2093500000,1.2059800000,1.2067800000,15332,LONDON,false
2021-02-17T12:00:00Z,1.2067900000,1.2069300000,1.2030500000,1.2033700000,14701,OTHER,false
2021-02-17T16:00:00Z,1.2033700000,1.2047600000,1.2023400000,1.2045100000,17858,OTHER,false
2021-02-17T20:00:00Z,1.2045100000,1.2045600000,1.2034400000,1.2037400000,5394,OTHER,false
2021-02-18T00:00:00Z,1.2035100000,1.2050000000,1.2035000000,1.2044500000,6254,OTHER,false
2021-02-18T04:00:00Z,1.2044500000,1.2046600000,1.2035600000,1.2045700000,5663,OTHER,false
2021-02-18T08:00:00Z,1.2045500000,1.2075100000,1.2036200000,1.2073400000,11699,LONDON,false
2021-02-18T12:00:00Z,1.2073400000,1.2089700000,1.2062400000,1.2084600000,14822,OTHER,false
2021-02-18T16:00:00Z,1.2084500000,1.2086300000,1.2061900000,1.2081900000,17497,OTHER,false
2021-02-18T20:00:00Z,1.2081900000,1.2094400000,1.2079600000,1.2090800000,4575,OTHER,false
2021-02-19T00:00:00Z,1.2090800000,1.2098300000,1.2085600000,1.2087800000,6446,OTHER,false
2021-02-19T04:00:00Z,1.2087800000,1.2096200000,1.2082300000,1.2094100000,6635,OTHER,false
2021-02-19T08:00:00Z,1.2094100000,1.2141500000,1.2090900000,1.2133900000,13467,LONDON,false
2021-02-19T12:00:00Z,1.2133900000,1.2144300000,1.2126100000,1.2130800000,13968,OTHER,false
2021-02-19T16:00:00Z,1.2130700000,1.2140000000,1.2117500000,1.2126900000,13434,OTHER,false
2021-02-19T20:00:00Z,1.2127100000,1.2127700000,1.2107800000,1.2117400000,5846,OTHER,false
2021-02-22T00:00:00Z,1.2113100000,1.2135500000,1.2113100000,1.2126500000,8074,OTHER,false
2021-02-22T04:00:00Z,1.2126400000,1.2129300000,1.2112400000,1.2120200000,6983,OTHER,false
2021-02-22T08:00:00Z,1.2120300000,1.2124300000,1.2091200000,1.2108200000,15038,LONDON,false
2021-02-22T12:00:00Z,1.2108200000,1.2154400000,1.2107900000,1.2147400000,13359,OTHER,false
2021-02-22T16:00:00Z,1.2147300000,1.2167700000,1.2129100000,1.2165400000,18206,OTHER,false
2021-02-22T20:00:00Z,1.2165400000,1.2169400000,1.2150600000,1.2155400000,4991,OTHER,false
2021-02-23T00:00:00Z,1.2156400000,1.2177100000,1.2153800000,1.2175500000,6008,OTHER,false
2021-02-23T04:00:00Z,1.2175500000,1.2177000000,1.2164700000,1.2170200000,4853,OTHER,false
2021-02-23T08:00:00Z,1.2170200000,1.2180200000,1.2145200000,1.2149100000,12435,LONDON,false
2021-02-23T12:00:00Z,1.2149100000,1.2158200000,1.2135400000,1.2149200000,13744,OTHER,false
2021-02-23T16:00:00Z,1.2149100000,1.2166300000,1.2135300000,1.2146000000,20626,OTHER,false
2021-02-23T20:00:00Z,1.2146000000,1.2157600000,1.2141900000,1.2149300000,7010,OTHER,false
2021-02-24T00:00:00Z,1.2149300000,1.2166100000,1.2142800000,1.2158600000,11081,OTHER,false
2021-02-24T04:00:00Z,1.2158700000,1.2162300000,1.2145400000,1.2148000000,10048,OTHER,false
2021-02-24T08:00:00Z,1.2148100000,1.2174500000,1.2144100000,1.2162800000,15635,LONDON,false
2021-02-24T12:00:00Z,1.2162800000,1.2172300000,1.2123300000,1.2133300000,16789,OTHER,false
2021-02-24T16:00:00Z,1.2133100000,1.2146800000,1.2109200000,1.2141800000,21596,OTHER,false
2021-02-24T20:00:00Z,1.2141800000,1.2174300000,1.2139100000,1.2166500000,8058,OTHER,false
2021-02-25T00:00:00Z,1.2163700000,1.2172200000,1.2156700000,1.2157400000,8195,OTHER,false
2021-02-25T04:00:00Z,1.2157300000,1.2182900000,1.2156000000,1.2178000000,6706,OTHER,false
2021-02-25T08:00:00Z,1.2178000000,1.2222700000,1.2167500000,1.2219800000,15475,LONDON,false
2021-02-25T12:00:00Z,1.2219900000,1.2237600000,1.2211400000,1.2212400000,20602,OTHER,false
2021-02-25T16:00:00Z,1.2212400000,1.2243200000,1.2208900000,1.2212400000,29121,OTHER,false
2021-02-25T20:00:00Z,1.2212400000,1.2213700000,1.2160400000,1.2174300000,26676,OTHER,false
2021-02-26T00:00:00Z,1.2173000000,1.2182800000,1.2137100000,1.2163800000,16757,OTHER,false
2021-02-26T04:00:00Z,1.2163900000,1.2182600000,1.2145000000,1.2153800000,14923,OTHER,false
2021-02-26T08:00:00Z,1.2153800000,1.2159400000,1.2122800000,1.2125200000,23524,LONDON,false
2021-02-26T12:00:00Z,1.2125200000,1.2129200000,1.2092700000,1.2123500000,26254,OTHER,false
2021-02-26T16:00:00Z,1.2123600000,1.2141200000,1.2073600000,1.2080200000,34693,OTHER,false
2021-02-26T20:00:00Z,1.2080200000,1.2089800000,1.2062200000,1.2072700000,13120,OTHER,false
2021-03-01T00:00:00Z,1.2068800000,1.2101200000,1.2068600000,1.2084100000,12009,OTHER,false
2021-03-01T04:00:00Z,1.2084200000,1.2088800000,1.2074700000,1.2084700000,8431,OTHER,false
2021-03-01T08:00:00Z,1.2084700000,1.2092900000,1.2028200000,1.2038700000,15367,LONDON,false
2021-03-01T12:00:00Z,1.2038700000,1.2055900000,1.2037500000,1.2052800000,15136,OTHER,false
2021-03-01T16:00:00Z,1.2052800000,1.2069100000,1.2027800000,1.2040900000,23698,OTHER,false
2021-03-01T20:00:00Z,1.2040800000,1.2051400000,1.2032800000,1.2048800000,8665,OTHER,false
2021-03-02T00:00:00Z,1.2048800000,1.2050600000,1.2027100000,1.2031300000,9111,OTHER,false
2021-03-02T04:00:00Z,1.2031300000,1.2035900000,1.2015300000,1.2021600000,13830,OTHER,false
2021-03-02T08:00:00Z,1.2021700000,1.2026900000,1.1991500000,1.2006100000,18235,LONDON,false
2021-03-02T12:00:00Z,1.2006200000,1.2037400000,1.2006000000,1.2029100000,14556,OTHER,false
2021-03-02T16:00:00Z,1.2029100000,1.2084800000,1.2028000000,1.2079600000,18020,OTHER,false
2021-03-02T20:00:00Z,1.2079700000,1.2094400000,1.2079400000,1.2089300000,6302,OTHER,false
2021-03-03T00:00:00Z,1.2089800000,1.2093400000,1.2081600000,1.2091400000,5601,OTHER,false
2021-03-03T04:00:00Z,1.2091400000,1.2092100000,1.2082600000,1.2084200000,4187,OTHER,false
2021-03-03T08:00:00Z,1.2084200000,1.2113200000,1.2074000000,1.2101500000,13740,LONDON,false
2021-03-03T12:00:00Z,1.2101200000,1.2103300000,1.2043300000,1.2054500000,16310,OTHER,false
2021-03-03T16:00:00Z,1.2054600000,1.2080600000,1.2042900000,1.2070300000,22203,OTHER,false
2021-03-03T20:00:00Z,1.2070100000,1.2078500000,1.2061400000,1.2062700000,9630,OTHER,false
2021-03-04T00:00:00Z,1.2062700000,1.2066200000,1.2043400000,1.2062000000,7744,OTHER,false
2021-03-04T04:00:00Z,1.2061900000,1.2063200000,1.2043600000,1.2056300000,8160,OTHER,false
2021-03-04T08:00:00Z,1.2056300000,1.2062300000,1.2026700000,1.2032600000,14347,LONDON,false
2021-03-04T12:00:00Z,1.2032500000,1.2049100000,1.2027600000,1.2035800000,14572,OTHER,false
2021-03-04T16:00:00Z,1.2035800000,1.2053600000,1.1990100000,1.1994000000,26212,OTHER,false
2021-03-04T20:00:00Z,1.1994000000,1.2000000000,1.1961600000,1.1969400000,22489,OTHER,false
2021-03-05T00:00:00Z,1.1968000000,1.1976700000,1.1953000000,1.1960600000,8434,OTHER,false
2021-03-05T04:00:00Z,1.1960600000,1.1964700000,1.1951500000,1.1959600000,7418,OTHER,false
2021-03-05T08:00:00Z,1.1959600000,1.1960700000,1.1914000000,1.1927900000,17230,LONDON,false
2021-03-05T12:00:00Z,1.1927800000,1.1943300000,1.1892800000,1.1917900000,21323,OTHER,false
2021-03-05T16:00:00Z,1.1917800000,1.1946300000,1.1905200000,1.1911900000,32581,OTHER,false
2021-03-05T20:00:00Z,1.1911900000,1.1922800000,1.1905200000,1.1912000000,9982,OTHER,false
2021-03-08T00:00:00Z,1.1916600000,1.1932100000,1.1916300000,1.1927300000,11530,OTHER,false
2021-03-08T04:00:00Z,1.1927300000,1.1928500000,1.1898700000,1.1912200000,13017,OTHER,false
2021-03-08T08:00:00Z,1.1912100000,1.1914600000,1.1865400000,1.1872000000,19376,LONDON,false
2021-03-08T12:00:00Z,1.1872200000,1.1880600000,1.1856600000,1.1870900000,17872,OTHER,false
2021-03-08T16:00:00Z,1.1871000000,1.1887200000,1.1845700000,1.1856500000,27456,OTHER,false
2021-03-08T20:00:00Z,1.1856700000,1.1864800000,1.1844200000,1.1846000000,11629,OTHER,false
2021-03-09T00:00:00Z,1.1845600000,1.1852700000,1.1835600000,1.1838400000,11379,OTHER,false
2021-03-09T04:00:00Z,1.1838400000,1.1867200000,1.1838100000,1.1853900000,13013,OTHER,false
2021-03-09T08:00:00Z,1.1854100000,1.1908900000,1.1851200000,1.1905300000,18729,LONDON,false
2021-03-09T12:00:00Z,1.1905400000,1.1915700000,1.1882300000,1.1891800000,17943,OTHER,false
2021-03-09T16:00:00Z,1.1891900000,1.1909100000,1.1881500000,1.1886400000,22756,OTHER,false
2021-03-09T20:00:00Z,1.1886300000,1.1905000000,1.1884800000,1.1900100000,10232,OTHER,false
2021-03-10T00:00:00Z,1.1900200000,1.1902400000,1.1884000000,1.1885100000,8239,OTHER,false
2021-03-10T04:00:00Z,1.1885100000,1.1885600000,1.1870500000,1.1875100000,9120,OTHER,false
2021-03-10T08:00:00Z,1.1875000000,1.1901400000,1.1868700000,1.1899700000,13414,LONDON,false
2021-03-10T12:00:00Z,1.1899700000,1.1912900000,1.1881900000,1.1910600000,18781,OTHER,false
2021-03-10T16:00:00Z,1.1910600000,1.1924800000,1.1886100000,1.1908100000,24127,OTHER,false
2021-03-10T20:00:00Z,1.1908100000,1.1929800000,1.1901400000,1.1928400000,14086,OTHER,false
2021-03-11T00:00:00Z,1.1928300000,1.1929000000,1.1915800000,1.1921700000,6744,OTHER,false
2021-03-11T04:00:00Z,1.1921800000,1.1934800000,1.1921800000,1.1927300000,8633,OTHER,false
2021-03-11T08:00:00Z,1.1927300000,1.1968800000,1.1918800000,1.1963600000,15957,LONDON,false
2021-03-11T12:00:00Z,1.1963600000,1.1973600000,1.1942600000,1.1956900000,20581,OTHER,false
2021-03-11T16:00:00Z,1.1956900000,1.1979200000,1.1928000000,1.1972300000,22744,OTHER,false
2021-03-11T20:00:00Z,1.1972200000,1.1990000000,1.1971400000,1.1985100000,11349,OTHER,false
2021-03-12T00:00:00Z,1.1985000000,1.1988600000,1.1979600000,1.1984400000,6026,OTHER,false
2021-03-12T04:00:00Z,1.1984400000,1.1984600000,1.1959600000,1.1963500000,8609,OTHER,false
2021-03-12T08:00:00Z,1.1963200000,1.1963300000,1.1911000000,1.1917900000,17753,LONDON,false
2021-03-12T12:00:00Z,1.1917900000,1.1940500000,1.1909800000,1.1926500000,17096,OTHER,false
2021-03-12T16:00:00Z,1.1926400000,1.1956700000,1.1911400000,1.1947900000,26208,OTHER,false
2021-03-12T20:00:00Z,1.1948000000,1.1961200000,1.1944400000,1.1951900000,7974,OTHER,false
2021-03-15T00:00:00Z,1.1947300000,1.1967400000,1.1943600000,1.1957700000,8266,OTHER,false
2021-03-15T04:00:00Z,1.1957600000,1.1961500000,1.1929900000,1.1932800000,9779,OTHER,false
2021-03-15T08:00:00Z,1.1932700000,1.1940200000,1.1917900000,1.1926000000,14121,LONDON,false
2021-03-15T12:00:00Z,1.1926000000,1.1934200000,1.1916100000,1.1920500000,14268,OTHER,false
2021-03-15T16:00:00Z,1.1920600000,1.1937300000,1.1911100000,1.1927700000,15409,OTHER,false
2021-03-15T20:00:00Z,1.1927600000,1.1933500000,1.1921400000,1.1927100000,5607,OTHER,false
2021-03-16T00:00:00Z,1.1927100000,1.1932100000,1.1922200000,1.1927800000,5932,OTHER,false
2021-03-16T04:00:00Z,1.1927800000,1.1938600000,1.1922100000,1.1934800000,6710,OTHER,false
2021-03-16T08:00:00Z,1.1934800000,1.1935400000,1.1913700000,1.1928400000,12827,LONDON,false
2021-03-16T12:00:00Z,1.1928400000,1.1951700000,1.1897300000,1.1902600000,17946,OTHER,false
2021-03-16T16:00:00Z,1.1902600000,1.1913700000,1.1882300000,1.1902800000,17790,OTHER,false
2021-03-16T20:00:00Z,1.1902800000,1.1910300000,1.1897100000,1.1900900000,6116,OTHER,false
2021-03-17T00:00:00Z,1.1900900000,1.1906000000,1.1892600000,1.1896800000,6836,OTHER,false
2021-03-17T04:00:00Z,1.1896800000,1.1904200000,1.1896000000,1.1897900000,5673,OTHER,false
2021-03-17T08:00:00Z,1.1897900000,1.1916600000,1.1886300000,1.1910400000,9907,LONDON,false
2021-03-17T12:00:00Z,1.1910400000,1.1915500000,1.1891300000,1.1901100000,13535,OTHER,false
2021-03-17T16:00:00Z,1.1900800000,1.1915200000,1.1896800000,1.1906200000,14457,OTHER,false
2021-03-17T20:00:00Z,1.1914500000,1.1985300000,1.1914500000,1.1980200000,21125,OTHER,false
2021-03-18T00:00:00Z,1.1980200000,1.1987900000,1.1967000000,1.1969100000,8423,OTHER,false
2021-03-18T04:00:00Z,1.1969200000,1.1975000000,1.1955200000,1.1964800000,8578,OTHER,false
2021-03-18T08:00:00Z,1.1964800000,1.1989000000,1.1935100000,1.1942200000,18208,LONDON,false
2021-03-18T12:00:00Z,1.1942300000,1.1949800000,1.1910400000,1.1916800000,19963,OTHER,false
2021-03-18T16:00:00Z,1.1916600000,1.1938900000,1.1908500000,1.1929200000,19848,OTHER,false
2021-03-18T20:00:00Z,1.1929300000,1.1930000000,1.1906200000,1.1913500000,10767,OTHER,false
2021-03-19T00:00:00Z,1.1913400000,1.1920600000,1.1902700000,1.1909800000,8222,OTHER,false
2021-03-19T04:00:00Z,1.1909800000,1.1919900000,1.1901900000,1.1918000000,9039,OTHER,false
2021-03-19T08:00:00Z,1.1918100000,1.1937200000,1.1892600000,1.1893400000,14791,LONDON,false
2021-03-19T12:00:00Z,1.1893400000,1.1909200000,1.1873800000,1.1881100000,20256,OTHER,false
2021-03-19T16:00:00Z,1.1881000000,1.1911800000,1.1876100000,1.1909200000,16535,OTHER,false
2021-03-19T20:00:00Z,1.1909400000,1.1912400000,1.1902100000,1.1904400000,4548,OTHER,false
2021-03-22T00:00:00Z,1.1882800000,1.1892300000,1.1875000000,1.1884500000,7078,OTHER,false
2021-03-22T04:00:00Z,1.1884500000,1.1899700000,1.1884300000,1.1893700000,5384,OTHER,false
2021-03-22T08:00:00Z,1.1893600000,1.1906000000,1.1874400000,1.1900000000,14468,LONDON,false
2021-03-22T12:00:00Z,1.1900000000,1.1931400000,1.1899300000,1.1916700000,15729,OTHER,false
2021-03-22T16:00:00Z,1.1916700000,1.1946700000,1.1913300000,1.1941500000,13856,OTHER,false
2021-03-22T20:00:00Z,1.1941300000,1.1944300000,1.1930400000,1.1933200000,4690,OTHER,false
2021-03-23T00:00:00Z,1.1933700000,1.1940700000,1.1926400000,1.1929500000,6794,OTHER,false
2021-03-23T04:00:00Z,1.1929400000,1.1933400000,1.1919500000,1.1924700000,7201,OTHER,false
2021-03-23T08:00:00Z,1.1924900000,1.1932000000,1.1886000000,1.1891100000,13137,LONDON,false
2021-03-23T12:00:00Z,1.1891100000,1.1899900000,1.1870700000,1.1872800000,15808,OTHER,false
2021-03-23T16:00:00Z,1.1872800000,1.1876700000,1.1855600000,1.1857100000,14397,OTHER,false
2021-03-23T20:00:00Z,1.1857100000,1.1857700000,1.1842300000,1.1848000000,6992,OTHER,false
2021-03-24T00:00:00Z,1.1847700000,1.1851600000,1.1836100000,1.1848100000,6607,OTHER,false
2021-03-24T04:00:00Z,1.1848100000,1.1849600000,1.1838700000,1.1840600000,6890,OTHER,false
2021-03-24T08:00:00Z,1.1840600000,1.1847200000,1.1812300000,1.1835000000,15834,LONDON,false
2021-03-24T12:00:00Z,1.1835000000,1.1836600000,1.1814300000,1.1822600000,14388,OTHER,false
2021-03-24T16:00:00Z,1.1822700000,1.1838900000,1.1817000000,1.1827100000,14439,OTHER,false
2021-03-24T20:00:00Z,1.1827200000,1.1830600000,1.1809700000,1.1812300000,6713,OTHER,false
2021-03-25T00:00:00Z,1.1812200000,1.1817600000,1.1804100000,1.1811800000,7247,OTHER,false
2021-03-25T04:00:00Z,1.1811900000,1.1827700000,1.1811700000,1.1819900000,7989,OTHER,false
2021-03-25T08:00:00Z,1.1820000000,1.1821500000,1.1801500000,1.1810400000,12026,LONDON,false
2021-03-25T12:00:00Z,1.1810400000,1.1817900000,1.1791000000,1.1808100000,17115,OTHER,false
2021-03-25T16:00:00Z,1.1807900000,1.1812500000,1.1761900000,1.1774500000,20445,OTHER,false
2021-03-25T20:00:00Z,1.1774500000,1.1781800000,1.1762100000,1.1767700000,8144,OTHER,false
2021-03-26T00:00:00Z,1.1768300000,1.1784700000,1.1767700000,1.1783500000,5997,OTHER,false
2021-03-26T04:00:00Z,1.1783500000,1.1784400000,1.1774600000,1.1783300000,4255,OTHER,false
2021-03-26T08:00:00Z,1.1783100000,1.1797400000,1.1775200000,1.1792400000,10822,LONDON,false
2021-03-26T12:00:00Z,1.1792200000,1.1793700000,1.1771900000,1.1783800000,12819,OTHER,false
2021-03-26T16:00:00Z,1.1783800000,1.1804900000,1.1778500000,1.1790400000,13799,OTHER,false
2021-03-26T20:00:00Z,1.1790400000,1.1799900000,1.1784100000,1.1793300000,5596,OTHER,false
2021-03-29T00:00:00Z,1.1788600000,1.1793600000,1.1777800000,1.1780500000,4623,OTHER,false
2021-03-29T04:00:00Z,1.1780500000,1.1791100000,1.1775100000,1.1778900000,5948,OTHER,false
2021-03-29T08:00:00Z,1.1778900000,1.1793700000,1.1762800000,1.1766500000,12330,LONDON,false
2021-03-29T12:00:00Z,1.1766700000,1.1788600000,1.1764900000,1.1785500000,12544,OTHER,false
2021-03-29T16:00:00Z,1.1785600000,1.1792500000,1.1760800000,1.1773800000,16867,OTHER,false
2021-03-29T20:00:00Z,1.1773800000,1.1778400000,1.1763100000,1.1764200000,7391,OTHER,false
2021-03-30T00:00:00Z,1.1764000000,1.1772500000,1.1762200000,1.1770200000,3735,OTHER,false
2021-03-30T04:00:00Z,1.1770200000,1.1773600000,1.1760500000,1.1764100000,4970,OTHER,false
2021-03-30T08:00:00Z,1.1764100000,1.1765600000,1.1733200000,1.1746300000,12390,LONDON,false
2021-03-30T12:00:00Z,1.1746200000,1.1749700000,1.1727600000,1.1731200000,13571,OTHER,false
2021-03-30T16:00:00Z,1.1731200000,1.1737600000,1.1711400000,1.1718500000,16353,OTHER,false
2021-03-30T20:00:00Z,1.1718600000,1.1723200000,1.1713800000,1.1716900000,5315,OTHER,false
2021-03-31T00:00:00Z,1.1717000000,1.1725900000,1.1714000000,1.1722400000,4481,OTHER,false
2021-03-31T04:00:00Z,1.1722400000,1.1723800000,1.1704100000,1.1707600000,6834,OTHER,false
2021-03-31T08:00:00Z,1.1707700000,1.1748100000,1.1704600000,1.1746500000,11294,LONDON,false
2021-03-31T12:00:00Z,1.1746200000,1.1746200000,1.1721200000,1.1725600000,11920,OTHER,false
2021-03-31T16:00:00Z,1.1725600000,1.1759800000,1.1721200000,1.1749800000,17933,OTHER,false
2021-03-31T20:00:00Z,1.1749800000,1.1755100000,1.1719600000,1.1729800000,7756,OTHER,false
2021-04-01T00:00:00Z,1.1729800000,1.1732100000,1.1721100000,1.1729300000,4743,OTHER,false
2021-04-01T04:00:00Z,1.1729600000,1.1732700000,1.1714400000,1.1715600000,6900,OTHER,false
2021-04-01T08:00:00Z,1.1715600000,1.1744600000,1.1712400000,1.1727800000,12890,LONDON,false
2021-04-01T12:00:00Z,1.1727800000,1.1753800000,1.1724400000,1.1745100000,12064,OTHER,false
2021-04-01T16:00:00Z,1.1745100000,1.1779900000,1.1738700000,1.1772900000,13776,OTHER,false
2021-04-01T20:00:00Z,1.1772900000,1.1778400000,1.1766500000,1.1775900000,3708,OTHER,false
2021-04-02T00:00:00Z,1.1776000000,1.1783800000,1.1770000000,1.1771400000,2535,OTHER,false
2021-04-02T04:00:00Z,1.1771300000,1.1781200000,1.1769200000,1.1777800000,3507,OTHER,false
2021-04-02T08:00:00Z,1.1777900000,1.1786400000,1.1769400000,1.1781700000,3060,LONDON,false
2021-04-02T12:00:00Z,1.1781700000,1.1786000000,1.1758300000,1.1768400000,4007,OTHER,false
2021-04-02T16:00:00Z,1.1768400000,1.1769000000,1.1748800000,1.1759200000,8817,OTHER,false
2021-04-02T20:00:00Z,1.1759300000,1.1764300000,1.1758500000,1.1760800000,4049,OTHER,false
2021-04-05T00:00:00Z,1.1754300000,1.1767700000,1.1751100000,1.1764800000,5285,OTHER,false
2021-04-05T04:00:00Z,1.1764800000,1.1771700000,1.1758900000,1.1758900000,3721,OTHER,false
2021-04-05T08:00:00Z,1.1758900000,1.1760600000,1.1740900000,1.1747300000,5000,LONDON,false
2021-04-05T12:00:00Z,1.1747300000,1.1780900000,1.1738200000,1.1778600000,6422,OTHER,false
2021-04-05T16:00:00Z,1.1779000000,1.1816800000,1.1777800000,1.1816100000,10812,OTHER,false
2021-04-05T20:00:00Z,1.1816100000,1.1819600000,1.1807700000,1.1812500000,4379,OTHER,false
2021-04-06T00:00:00Z,1.1812500000,1.1821700000,1.1810200000,1.1814000000,3606,OTHER,false
2021-04-06T04:00:00Z,1.1814000000,1.1817100000,1.1799800000,1.1805500000,6691,OTHER,false
2021-04-06T08:00:00Z,1.1805700000,1.1820900000,1.1795100000,1.1813600000,11510,LONDON,false
2021-04-06T12:00:00Z,1.1813700000,1.1833500000,1.1802300000,1.1828500000,12401,OTHER,false
2021-04-06T16:00:00Z,1.1828600000,1.1856000000,1.1826200000,1.1855500000,13025,OTHER,false
2021-04-06T20:00:00Z,1.1855500000,1.1877600000,1.1852100000,1.1874000000,6988,OTHER,false
2021-04-07T00:00:00Z,1.1873000000,1.1876300000,1.1868400000,1.1872200000,4097,OTHER,false
2021-04-07T04:00:00Z,1.1872200000,1.1877900000,1.1865400000,1.1870800000,8032,OTHER,false
2021-04-07T08:00:00Z,1.1870800000,1.1887400000,1.1863900000,1.1886100000,13822,LONDON,false
2021-04-07T12:00:00Z,1.1886100000,1.1898400000,1.1876700000,1.1884600000,14148,OTHER,false
2021-04-07T16:00:00Z,1.1884600000,1.1914700000,1.1881900000,1.1882400000,16464,OTHER,false
2021-04-07T20:00:00Z,1.1882400000,1.1886900000,1.1860900000,1.1866800000,7858,OTHER,false
2021-04-08T00:00:00Z,1.1866600000,1.1874000000,1.1862600000,1.1866400000,3689,OTHER,false
2021-04-08T04:00:00Z,1.1866400000,1.1873800000,1.1860500000,1.1872800000,4980,OTHER,false
2021-04-08T08:00:00Z,1.1872700000,1.1892900000,1.1867200000,1.1881300000,10305,LONDON,false
2021-04-08T12:00:00Z,1.1881100000,1.1894900000,1.1861800000,1.1892600000,11960,OTHER,false
2021-04-08T16:00:00Z,1.1892600000,1.1927300000,1.1883500000,1.1921500000,16396,OTHER,false
2021-04-08T20:00:00Z,1.1921400000,1.1923100000,1.1912000000,1.1912400000,5141,OTHER,false
2021-04-09T00:00:00Z,1.1912100000,1.1920200000,1.1910500000,1.1919300000,4249,OTHER,false
2021-04-09T04:00:00Z,1.1919300000,1.1920100000,1.1903000000,1.1903900000,6073,OTHER,false
2021-04-09T08:00:00Z,1.1904100000,1.1904500000,1.1883900000,1.1885900000,12299,LONDON,false
2021-04-09T12:00:00Z,1.1885800000,1.1900400000,1.1867200000,1.1875900000,12567,OTHER,false
2021-04-09T16:00:00Z,1.1876000000,1.1903300000,1.1870300000,1.1900000000,13412,OTHER,false
2021-04-09T20:00:00Z,1.1900000000,1.1910500000,1.1899800000,1.1901000000,4594,OTHER,false
2021-04-12T00:00:00Z,1.1888100000,1.1903700000,1.1886400000,1.1897400000,4385,OTHER,false
2021-04-12T04:00:00Z,1.1897600000,1.1898500000,1.1885400000,1.1887900000,8677,OTHER,false
2021-04-12T08:00:00Z,1.1887900000,1.1894100000,1.1871200000,1.1883900000,11164,LONDON,false
2021-04-12T12:00:00Z,1.1883800000,1.1918200000,1.1883700000,1.1914000000,11576,OTHER,false
2021-04-12T16:00:00Z,1.1914000000,1.1919000000,1.1903400000,1.1915700000,12487,OTHER,false
2021-04-12T20:00:00Z,1.1915700000,1.1917200000,1.1899100000,1.1909900000,5547,OTHER,false
2021-04-13T00:00:00Z,1.1909300000,1.1915800000,1.1902100000,1.1904100000,4122,OTHER,false
2021-04-13T04:00:00Z,1.1904000000,1.1904600000,1.1886100000,1.1887500000,7966,OTHER,false
2021-04-13T08:00:00Z,1.1887500000,1.1908800000,1.1882900000,1.1900500000,11405,LONDON,false
2021-04-13T12:00:00Z,1.1900900000,1.1934300000,1.1877500000,1.1924100000,18027,OTHER,false
2021-04-13T16:00:00Z,1.1924000000,1.1943600000,1.1923200000,1.1937900000,15837,OTHER,false
2021-04-13T20:00:00Z,1.1937900000,1.1956000000,1.1937900000,1.1947400000,6833,OTHER,false
2021-04-14T00:00:00Z,1.1947800000,1.1958700000,1.1945900000,1.1954300000,3965,OTHER,false
2021-04-14T04:00:00Z,1.1954600000,1.1964100000,1.1952600000,1.1962800000,6734,OTHER,false
2021-04-14T08:00:00Z,1.1962800000,1.1974000000,1.1954800000,1.1966600000,10112,LONDON,false
2021-04-14T12:00:00Z,1.1966700000,1.1969700000,1.1950900000,1.1963700000,8611,OTHER,false
2021-04-14T16:00:00Z,1.1963800000,1.1987400000,1.1953000000,1.1984900000,12026,OTHER,false
2021-04-14T20:00:00Z,1.1984900000,1.1985500000,1.1969700000,1.1978400000,4850,OTHER,false
2021-04-15T00:00:00Z,1.1978100000,1.1988400000,1.1976100000,1.1986100000,3168,OTHER,false
2021-04-15T04:00:00Z,1.1986000000,1.1989700000,1.1969800000,1.1970400000,5255,OTHER,false
2021-04-15T08:00:00Z,1.1970400000,1.1990100000,1.1970200000,1.1980800000,8555,LONDON,false
2021-04-15T12:00:00Z,1.1980800000,1.1993300000,1.1957100000,1.1958300000,9949,OTHER,false
2021-04-15T16:00:00Z,1.1958300000,1.1984000000,1.1956100000,1.1970900000,12310,OTHER,false
2021-04-15T20:00:00Z,1.1970700000,1.1977300000,1.1957100000,1.1965500000,5344,OTHER,false
2021-04-16T00:00:00Z,1.1965400000,1.1974800000,1.1956000000,1.1956900000,3009,OTHER,false
2021-04-16T04:00:00Z,1.1957000000,1.1964200000,1.1950400000,1.1963300000,5986,OTHER,false
2021-04-16T08:00:00Z,1.1963200000,1.1988700000,1.1958300000,1.1977900000,9420,LONDON,false
2021-04-16T12:00:00Z,1.1977900000,1.1994900000,1.1969200000,1.1983600000,9619,OTHER,false
2021-04-16T16:00:00Z,1.1984300000,1.1993700000,1.1974700000,1.1980800000,8299,OTHER,false
2021-04-16T20:00:00Z,1.1980700000,1.1983600000,1.1972500000,1.1980900000,2786,OTHER,false
2021-04-19T00:00:00Z,1.1971600000,1.1977100000,1.1960700000,1.1961400000,3920,OTHER,false
2021-04-19T04:00:00Z,1.1961400000,1.1963800000,1.1942600000,1.1958500000,5668,OTHER,false
2021-04-19T08:00:00Z,1.1958200000,1.2032600000,1.1958000000,1.2025100000,12817,LONDON,false
2021-04-19T12:00:00Z,1.2025100000,1.2048100000,1.2021800000,1.2040200000,11153,OTHER,false
2021-04-19T16:00:00Z,1.2040100000,1.2040500000,1.2015300000,1.2038000000,10854,OTHER,false
2021-04-19T20:00:00Z,1.2038100000,1.2040800000,1.2033000000,1.2036700000,3372,OTHER,false
2021-04-20T00:00:00Z,1.2036400000,1.2045500000,1.2032400000,1.2039000000,2780,OTHER,false
2021-04-20T04:00:00Z,1.2039100000,1.2071700000,1.2037300000,1.2063200000,6870,OTHER,false
2021-04-20T08:00:00Z,1.2062200000,1.2079800000,1.2048300000,1.2068600000,11896,LONDON,false
2021-04-20T12:00:00Z,1.2068500000,1.2070900000,1.2026300000,1.2034700000,9684,OTHER,false
2021-04-20T16:00:00Z,1.2034600000,1.2056700000,1.2025400000,1.2030300000,12546,OTHER,false
2021-04-20T20:00:00Z,1.2030300000,1.2036900000,1.2022400000,1.2034300000,4189,OTHER,false
2021-04-21T00:00:00Z,1.2034300000,1.2043600000,1.2030400000,1.2034500000,2961,OTHER,false
2021-04-21T04:00:00Z,1.2034500000,1.2042000000,1.2024500000,1.2027400000,4655,OTHER,false
2021-04-21T08:00:00Z,1.2027400000,1.2035400000,1.2003300000,1.2006200000,9049,LONDON,false
2021-04-21T12:00:00Z,1.2006200000,1.2016100000,1.1998400000,1.2014000000,8421,OTHER,false
2021-04-21T16:00:00Z,1.2014000000,1.2039200000,1.1999100000,1.2027600000,11880,OTHER,false
2021-04-21T20:00:00Z,1.2027500000,1.2036000000,1.2026600000,1.2034300000,3588,OTHER,false
2021-04-22T00:00:00Z,1.2034500000,1.2040000000,1.2031300000,1.2036700000,2282,OTHER,false
2021-04-22T04:00:00Z,1.2036700000,1.2046800000,1.2032000000,1.2033800000,6306,OTHER,false
2021-04-22T08:00:00Z,1.2033800000,1.2049500000,1.2024400000,1.2026200000,8251,LONDON,false
2021-04-22T12:00:00Z,1.2026000000,1.2066400000,1.2022200000,1.2065200000,10337,OTHER,false
2021-04-22T16:00:00Z,1.2064600000,1.2069000000,1.2002600000,1.2008800000,14592,OTHER,false
2021-04-22T20:00:00Z,1.2008800000,1.2017500000,1.1993700000,1.2014000000,8301,OTHER,false
2021-04-23T00:00:00Z,1.2013900000,1.2020600000,1.2012900000,1.2020500000,2984,OTHER,false
2021-04-23T04:00:00Z,1.2020500000,1.2027700000,1.2018100000,1.2026700000,4743,OTHER,false
2021-04-23T08:00:00Z,1.2026700000,1.2061000000,1.2022800000,1.2058700000,9147,LONDON,false
2021-04-23T12:00:00Z,1.2058700000,1.2075600000,1.2049200000,1.2071700000,8192,OTHER,false
2021-04-23T16:00:00Z,1.2071600000,1.2077400000,1.2046400000,1.2076700000,12306,OTHER,false
2021-04-23T20:00:00Z,1.2076700000,1.2100000000,1.2074200000,1.2097300000,4520,OTHER,false
2021-04-26T00:00:00Z,1.2092200000,1.2105200000,1.2088700000,1.2103000000,3680,OTHER,false
2021-04-26T04:00:00Z,1.2103000000,1.2117000000,1.2103000000,1.2108200000,5952,OTHER,false
2021-04-26T08:00:00Z,1.2108200000,1.2115500000,1.2088800000,1.2099900000,9668,LONDON,false
2021-04-26T12:00:00Z,1.2099900000,1.2109400000,1.2076600000,1.2080700000,8673,OTHER,false
2021-04-26T16:00:00Z,1.2080700000,1.2089600000,1.2061300000,1.2089000000,10299,OTHER,false
2021-04-26T20:00:00Z,1.2089000000,1.2093600000,1.2083200000,1.2084100000,4174,OTHER,false
2021-04-27T00:00:00Z,1.2085400000,1.2089700000,1.2074800000,1.2079200000,3030,OTHER,false
2021-04-27T04:00:00Z,1.2079400000,1.2081200000,1.2065100000,1.2072800000,4338,OTHER,false
2021-04-27T08:00:00Z,1.2073000000,1.2080200000,1.2057200000,1.2058300000,7530,LONDON,false
2021-04-27T12:00:00Z,1.2058300000,1.2092800000,1.2056800000,1.2081700000,8733,OTHER,false
2021-04-27T16:00:00Z,1.2081700000,1.2090300000,1.2069400000,1.2071000000,9993,OTHER,false
2021-04-27T20:00:00Z,1.2070900000,1.2092800000,1.2070500000,1.2089200000,4802,OTHER,false
2021-04-28T00:00:00Z,1.2089600000,1.2093000000,1.2078200000,1.2078400000,2878,OTHER,false
2021-04-28T04:00:00Z,1.2078400000,1.2085100000,1.2072300000,1.2072800000,4453,OTHER,false
2021-04-28T08:00:00Z,1.2072800000,1.2079700000,1.2056300000,1.2074900000,8143,LONDON,false
2021-04-28T12:00:00Z,1.2075000000,1.2077100000,1.2061600000,1.2067800000,8916,OTHER,false
2021-04-28T16:00:00Z,1.2067700000,1.2102600000,1.2057000000,1.2090100000,11723,OTHER,false
2021-04-28T20:00:00Z,1.2090200000,1.2134800000,1.2065600000,1.2125000000,14143,OTHER,false
2021-04-29T00:00:00Z,1.2124900000,1.2142000000,1.2121700000,1.2142000000,2948,OTHER,false
2021-04-29T04:00:00Z,1.2142000000,1.2150200000,1.2124000000,1.2131900000,4530,OTHER,false
2021-04-29T08:00:00Z,1.2131900000,1.2136900000,1.2111200000,1.2115600000,8997,LONDON,false
2021-04-29T12:00:00Z,1.2115700000,1.2135800000,1.2114100000,1.2122800000,10352,OTHER,false
2021-04-29T16:00:00Z,1.2122500000,1.2126700000,1.2102100000,1.2117800000,15220,OTHER,false
2021-04-29T20:00:00Z,1.2117800000,1.2129300000,1.2112700000,1.2118700000,4251,OTHER,false
2021-04-30T00:00:00Z,1.2119000000,1.2126200000,1.2111800000,1.2121900000,3440,OTHER,false
2021-04-30T04:00:00Z,1.2121900000,1.2126600000,1.2115300000,1.2117100000,4119,OTHER,false
2021-04-30T08:00:00Z,1.2117100000,1.2119900000,1.2094500000,1.2095200000,7528,LONDON,false
2021-04-30T12:00:00Z,1.2095200000,1.2098300000,1.2077300000,1.2083700000,8856,OTHER,false
2021-04-30T16:00:00Z,1.2083900000,1.2092200000,1.2024000000,1.2026700000,16912,OTHER,false
2021-04-30T20:00:00Z,1.2026700000,1.2030600000,1.2016600000,1.2020800000,5973,OTHER,false
2021-05-03T00:00:00Z,1.2030100000,1.2033900000,1.2019400000,1.2033900000,2993,OTHER,false
2021-05-03T04:00:00Z,1.2033900000,1.2035500000,1.2017000000,1.2021000000,3559,OTHER,false
2021-05-03T08:00:00Z,1.2021000000,1.2049500000,1.2012900000,1.2047100000,8117,LONDON,false
2021-05-03T12:00:00Z,1.2047400000,1.2057700000,1.2041700000,1.2043000000,7882,OTHER,false
2021-05-03T16:00:00Z,1.2043000000,1.2075900000,1.2042500000,1.2052900000,10736,OTHER,false
2021-05-03T20:00:00Z,1.2052900000,1.2067300000,1.2051500000,1.2062900000,4035,OTHER,false
2021-05-04T00:00:00Z,1.2063000000,1.2064100000,1.2053000000,1.2055600000,2415,OTHER,false
2021-05-04T04:00:00Z,1.2055900000,1.2056300000,1.2037100000,1.2040600000,3605,OTHER,false
2021-05-04T08:00:00Z,1.2040600000,1.2040900000,1.2002300000,1.2003500000,8906,LONDON,false
2021-05-04T12:00:00Z,1.2003500000,1.2030500000,1.1999200000,1.2025500000,11132,OTHER,false
2021-05-04T16:00:00Z,1.2025500000,1.2035600000,1.2001500000,1.2017700000,17636,OTHER,false
2021-05-04T20:00:00Z,1.2017500000,1.2023500000,1.2009500000,1.2012100000,6921,OTHER,false
2021-05-05T00:00:00Z,1.2011800000,1.2020800000,1.2007800000,1.2019700000,2497,OTHER,false
2021-05-05T04:00:00Z,1.2019700000,1.2026800000,1.2018000000,1.2022400000,3134,OTHER,false
2021-05-05T08:00:00Z,1.2021800000,1.2022500000,1.1986000000,1.1996800000,10094,LONDON,false
2021-05-05T12:00:00Z,1.1996800000,1.2019700000,1.1991500000,1.1997200000,9649,OTHER,false
2021-05-05T16:00:00Z,1.1997200000,1.2012000000,1.1991800000,1.1993800000,11296,OTHER,false
2021-05-05T20:00:00Z,1.1993900000,1.2005800000,1.1991200000,1.2003600000,4108,OTHER,false
2021-05-06T00:00:00Z,1.2003600000,1.2009900000,1.2000100000,1.2000300000,2535,OTHER,false
2021-05-06T04:00:00Z,1.2000200000,1.2011800000,1.1993100000,1.2002300000,6298,OTHER,false
2021-05-06T08:00:00Z,1.2002300000,1.2044500000,1.2001900000,1.2039600000,8630,LONDON,false
2021-05-06T12:00:00Z,1.2039600000,1.2060600000,1.2036100000,1.2057100000,10701,OTHER,false
2021-05-06T16:00:00Z,1.2057200000,1.2071600000,1.2044200000,1.2049900000,12480,OTHER,false
2021-05-06T20:00:00Z,1.2049900000,1.2065300000,1.2048100000,1.2064600000,4187,OTHER,false
2021-05-07T00:00:00Z,1.2064700000,1.2069800000,1.2057500000,1.2063600000,2939,OTHER,false
2021-05-07T04:00:00Z,1.2063500000,1.2069400000,1.2059000000,1.2064000000,5125,OTHER,false
2021-05-07T08:00:00Z,1.2064000000,1.2090600000,1.2053000000,1.2087500000,9257,LONDON,false
2021-05-07T12:00:00Z,1.2087500000,1.2146200000,1.2058300000,1.2129000000,15223,OTHER,false
2021-05-07T16:00:00Z,1.2129000000,1.2165200000,1.2102200000,1.2151300000,19625,OTHER,false
2021-05-07T20:00:00Z,1.2151000000,1.2171300000,1.2149800000,1.2161800000,6299,OTHER,false
2021-05-10T00:00:00Z,1.2160000000,1.2176900000,1.2160000000,1.2161600000,4610,OTHER,false
2021-05-10T04:00:00Z,1.2161600000,1.2163100000,1.2150800000,1.2151700000,5245,OTHER,false
2021-05-10T08:00:00Z,1.2151700000,1.2175400000,1.2136700000,1.2171000000,11565,LONDON,false
2021-05-10T12:00:00Z,1.2170500000,1.2174300000,1.2156600000,1.2171100000,10269,OTHER,false
2021-05-10T16:00:00Z,1.2171000000,1.2178300000,1.2152800000,1.2159100000,13367,OTHER,false
2021-05-10T20:00:00Z,1.2159200000,1.2159500000,1.2127800000,1.2128200000,6457,OTHER,false
2021-05-11T00:00:00Z,1.2128000000,1.2142800000,1.2126000000,1.2127900000,3821,OTHER,false
2021-05-11T04:00:00Z,1.2127900000,1.2149300000,1.2126400000,1.2141700000,6903,OTHER,false
2021-05-11T08:00:00Z,1.2141800000,1.2164200000,1.2123000000,1.2162400000,11442,LONDON,false
2021-05-11T12:00:00Z,1.2162500000,1.2171300000,1.2153900000,1.2168200000,11161,OTHER,false
2021-05-11T16:00:00Z,1.2168200000,1.2181700000,1.2148200000,1.2163800000,17178,OTHER,false
2021-05-11T20:00:00Z,1.2163800000,1.2164700000,1.2145000000,1.2147000000,6712,OTHER,false
2021-05-12T00:00:00Z,1.2147200000,1.2150000000,1.2137200000,1.2138100000,3204,OTHER,false
2021-05-12T04:00:00Z,1.2138000000,1.2138100000,1.2115200000,1.2120400000,6587,OTHER,false
2021-05-12T08:00:00Z,1.2120400000,1.2143900000,1.2120000000,1.2134200000,10069,LONDON,false
2021-05-12T12:00:00Z,1.2134500000,1.2146800000,1.2071900000,1.2130000000,15215,OTHER,false
2021-05-12T16:00:00Z,1.2130100000,1.2152100000,1.2065600000,1.2066400000,24421,OTHER,false
2021-05-12T20:00:00Z,1.2066300000,1.2082500000,1.2065600000,1.2070500000,10038,OTHER,false
2021-05-13T00:00:00Z,1.2072400000,1.2084400000,1.2067800000,1.2082000000,3836,OTHER,false
2021-05-13T04:00:00Z,1.2081900000,1.2088900000,1.2071700000,1.2077800000,7088,OTHER,false
2021-05-13T08:00:00Z,1.2078100000,1.2106100000,1.2051500000,1.2062300000,15414,LONDON,false
2021-05-13T12:00:00Z,1.2062400000,1.2094100000,1.2060000000,1.2081600000,14340,OTHER,false
2021-05-13T16:00:00Z,1.2081500000,1.2100200000,1.2064200000,1.2079600000,15992,OTHER,false
2021-05-13T20:00:00Z,1.2079700000,1.2087100000,1.2062200000,1.2079100000,9288,OTHER,false
2021-05-14T00:00:00Z,1.2078700000,1.2083000000,1.2070800000,1.2075200000,3150,OTHER,false
2021-05-14T04:00:00Z,1.2075200000,1.2088000000,1.2073000000,1.2085600000,5295,OTHER,false
2021-05-14T08:00:00Z,1.2085700000,1.2129500000,1.2084500000,1.2125300000,11444,LONDON,false
2021-05-14T12:00:00Z,1.2125400000,1.2137700000,1.2103100000,1.2129200000,12695,OTHER,false
2021-05-14T16:00:00Z,1.2129500000,1.2147600000,1.2124100000,1.2136900000,12591,OTHER,false
2021-05-14T20:00:00Z,1.2136700000,1.2145300000,1.2133700000,1.2144100000,4801,OTHER,false
2021-05-17T00:00:00Z,1.2132300000,1.2151300000,1.2132200000,1.2134000000,3395,OTHER,false
2021-05-17T04:00:00Z,1.2133900000,1.2138600000,1.2129000000,1.2129600000,6072,OTHER,false
2021-05-17T08:00:00Z,1.2129600000,1.2149800000,1.2126000000,1.2147900000,9691,LONDON,false
2021-05-17T12:00:00Z,1.2147900000,1.2168700000,1.2134700000,1.2139800000,10308,OTHER,false
2021-05-17T16:00:00Z,1.2139600000,1.2157600000,1.2137800000,1.2155800000,12193,OTHER,false
2021-05-17T20:00:00Z,1.2155900000,1.2161400000,1.2150600000,1.2151100000,4769,OTHER,false
2021-05-18T00:00:00Z,1.2151300000,1.2159000000,1.2148000000,1.2156400000,3195,OTHER,false
2021-05-18T04:00:00Z,1.2156500000,1.2169300000,1.2155700000,1.2164400000,5429,OTHER,false
2021-05-18T08:00:00Z,1.2164500000,1.2219500000,1.2163600000,1.2218500000,11429,LONDON,false
2021-05-18T12:00:00Z,1.2218200000,1.2233900000,1.2206600000,1.2221200000,10817,OTHER,false
2021-05-18T16:00:00Z,1.2221300000,1.2223700000,1.2198000000,1.2216600000,13341,OTHER,false
2021-05-18T20:00:00Z,1.2216700000,1.2230300000,1.2214800000,1.2221900000,5372,OTHER,false
2021-05-19T00:00:00Z,1.2221900000,1.2232900000,1.2219800000,1.2226500000,3095,OTHER,false
2021-05-19T04:00:00Z,1.2226500000,1.2235200000,1.2217300000,1.2231400000,5722,OTHER,false
2021-05-19T08:00:00Z,1.2231300000,1.2245200000,1.2204800000,1.2216700000,12652,LONDON,false
2021-05-19T12:00:00Z,1.2216700000,1.2220600000,1.2188900000,1.2207900000,14569,OTHER,false
2021-05-19T16:00:00Z,1.2207900000,1.2238700000,1.2203900000,1.2210800000,20465,OTHER,false
2021-05-19T20:00:00Z,1.2210800000,1.2214900000,1.2159900000,1.2174400000,18605,OTHER,false
2021-05-20T00:00:00Z,1.2174400000,1.2185000000,1.2169000000,1.2184900000,4118,OTHER,false
2021-05-20T04:00:00Z,1.2184600000,1.2185200000,1.2169800000,1.2182000000,6828,OTHER,false
2021-05-20T08:00:00Z,1.2182000000,1.2204700000,1.2177000000,1.2188300000,12119,LONDON,false
2021-05-20T12:00:00Z,1.2188300000,1.2208100000,1.2181100000,1.2200000000,12014,OTHER,false
2021-05-20T16:00:00Z,1.2200000000,1.2226300000,1.2197300000,1.2218200000,13980,OTHER,false
2021-05-20T20:00:00Z,1.2218300000,1.2229000000,1.2212100000,1.2226900000,6391,OTHER,false
2021-05-21T00:00:00Z,1.2227000000,1.2237900000,1.2222700000,1.2233900000,3544,OTHER,false
2021-05-21T04:00:00Z,1.2234100000,1.2239200000,1.2227500000,1.2232800000,6573,OTHER,false
2021-05-21T08:00:00Z,1.2232900000,1.2239800000,1.2209800000,1.2223800000,12175,LONDON,false
2021-05-21T12:00:00Z,1.2223700000,1.2238000000,1.2178400000,1.2205900000,14866,OTHER,false
2021-05-21T16:00:00Z,1.2206100000,1.2210300000,1.2161000000,1.2164300000,15908,OTHER,false
2021-05-21T20:00:00Z,1.2164300000,1.2187900000,1.2162800000,1.2180600000,5397,OTHER,false
2021-05-24T00:00:00Z,1.2177600000,1.2187300000,1.2172200000,1.2180500000,5553,OTHER,false
2021-05-24T04:00:00Z,1.2180600000,1.2185500000,1.2175100000,1.2179700000,8510,OTHER,false
2021-05-24T08:00:00Z,1.2179600000,1.2204300000,1.2174700000,1.2196700000,12725,LONDON,false
2021-05-24T12:00:00Z,1.2196700000,1.2219500000,1.2192900000,1.2210500000,12823,OTHER,false
2021-05-24T16:00:00Z,1.2210500000,1.2230000000,1.2203600000,1.2215100000,12316,OTHER,false
2021-05-24T20:00:00Z,1.2215200000,1.2218300000,1.2205700000,1.2215000000,5158,OTHER,false
2021-05-25T00:00:00Z,1.2214600000,1.2222100000,1.2211700000,1.2221800000,4325,OTHER,false
2021-05-25T04:00:00Z,1.2221800000,1.2231500000,1.2221300000,1.2229300000,7718,OTHER,false
2021-05-25T08:00:00Z,1.2229400000,1.2262200000,1.2220500000,1.2259000000,15399,LONDON,false
2021-05-25T12:00:00Z,1.2259000000,1.2266400000,1.2246200000,1.2253700000,12188,OTHER,false
2021-05-25T16:00:00Z,1.2253600000,1.2256900000,1.2226800000,1.2239800000,14858,OTHER,false
2021-05-25T20:00:00Z,1.2239700000,1.2257000000,1.2237900000,1.2249700000,7114,OTHER,false
2021-05-26T00:00:00Z,1.2249100000,1.2256700000,1.2244700000,1.2245300000,4069,OTHER,false
2021-05-26T04:00:00Z,1.2245200000,1.2261200000,1.2242000000,1.2259700000,7947,OTHER,false
2021-05-26T08:00:00Z,1.2259800000,1.2263000000,1.2232400000,1.2240900000,11002,LONDON,false
2021-05-26T12:00:00Z,1.2240900000,1.2247000000,1.2216900000,1.2219800000,12219,OTHER,false
2021-05-26T16:00:00Z,1.2219800000,1.2239900000,1.2195800000,1.2199900000,15747,OTHER,false
2021-05-26T20:00:00Z,1.2199900000,1.2202100000,1.2182000000,1.2192200000,7603,OTHER,false
2021-05-27T00:00:00Z,1.2190600000,1.2196900000,1.2180000000,1.2188200000,4354,OTHER,false
2021-05-27T04:00:00Z,1.2188300000,1.2195700000,1.2175100000,1.2193500000,7512,OTHER,false
2021-05-27T08:00:00Z,1.2193400000,1.2215100000,1.2180200000,1.2182700000,12903,LONDON,false
2021-05-27T12:00:00Z,1.2182700000,1.2210900000,1.2182300000,1.2186100000,13746,OTHER,false
2021-05-27T16:00:00Z,1.2186100000,1.2211700000,1.2179800000,1.2187600000,14918,OTHER,false
2021-05-27T20:00:00Z,1.2187700000,1.2204700000,1.2187200000,1.2193400000,5971,OTHER,false
2021-05-28T00:00:00Z,1.2193200000,1.2196000000,1.2182500000,1.2184000000,3683,OTHER,false
2021-05-28T04:00:00Z,1.2184100000,1.2190200000,1.2181500000,1.2187800000,6206,OTHER,false
2021-05-28T08:00:00Z,1.2187800000,1.2200600000,1.2171600000,1.2197300000,12073,LONDON,false
2021-05-28T12:00:00Z,1.2197300000,1.2198000000,1.2132800000,1.2135000000,15246,OTHER,false
2021-05-28T16:00:00Z,1.2135000000,1.2204100000,1.2132700000,1.2200500000,16765,OTHER,false
2021-05-28T20:00:00Z,1.2200500000,1.2205000000,1.2189100000,1.2189600000,6137,OTHER,false
2021-05-31T00:00:00Z,1.2199300000,1.2200000000,1.2184700000,1.2191800000,3711,OTHER,false
2021-05-31T04:00:00Z,1.2191800000,1.2204200000,1.2188800000,1.2198100000,5690,OTHER,false
2021-05-31T08:00:00Z,1.2198000000,1.2203900000,1.2183300000,1.2200500000,8991,LONDON,false
2021-05-31T12:00:00Z,1.2200500000,1.2201900000,1.2185000000,1.2198500000,7742,OTHER,false
2021-05-31T16:00:00Z,1.2198600000,1.2231400000,1.2193800000,1.2228200000,8479,OTHER,false
2021-05-31T20:00:00Z,1.2228300000,1.2229300000,1.2224100000,1.2225000000,2081,OTHER,false
2021-06-01T00:00:00Z,1.2225400000,1.2234500000,1.2223300000,1.2229700000,3469,OTHER,false
2021-06-01T04:00:00Z,1.2229700000,1.2236600000,1.2222400000,1.2222400000,5757,OTHER,false
2021-06-01T08:00:00Z,1.2222400000,1.2241600000,1.2213300000,1.2229800000,11711,LONDON,false
2021-06-01T12:00:00Z,1.2229800000,1.2238500000,1.2217000000,1.2224700000,10753,OTHER,false
2021-06-01T16:00:00Z,1.2224700000,1.2254300000,1.2215900000,1.2233100000,14831,OTHER,false
2021-06-01T20:00:00Z,1.2233100000,1.2234300000,1.2211800000,1.2212600000,5927,OTHER,false
2021-06-02T00:00:00Z,1.2212500000,1.2226100000,1.2211100000,1.2220300000,3677,OTHER,false
2021-06-02T04:00:00Z,1.2220300000,1.2226500000,1.2216800000,1.2217200000,5483,OTHER,false
2021-06-02T08:00:00Z,1.2217200000,1.2220000000,1.2179600000,1.2181400000,13852,LONDON,false
2021-06-02T12:00:00Z,1.2181400000,1.2191900000,1.2164300000,1.2185900000,13427,OTHER,false
2021-06-02T16:00:00Z,1.2185800000,1.2218500000,1.2184300000,1.2212000000,11693,OTHER,false
2021-06-02T20:00:00Z,1.2212000000,1.2215500000,1.2205700000,1.2210000000,5661,OTHER,false
2021-06-03T00:00:00Z,1.2209700000,1.2214300000,1.2205300000,1.2212400000,2452,OTHER,false
2021-06-03T04:00:00Z,1.2212500000,1.2213500000,1.2201100000,1.2201400000,4528,OTHER,false
2021-06-03T08:00:00Z,1.2201400000,1.2204000000,1.2178500000,1.2187800000,10421,LONDON,false
2021-06-03T12:00:00Z,1.2187600000,1.2208300000,1.2156700000,1.2158400000,17562,OTHER,false
2021-06-03T16:00:00Z,1.2158500000,1.2162100000,1.2118300000,1.2120400000,18606,OTHER,false
2021-06-03T20:00:00Z,1.2120400000,1.2133800000,1.2118800000,1.2126500000,5730,OTHER,false
2021-06-04T00:00:00Z,1.2126100000,1.2132200000,1.2114500000,1.2127400000,4234,OTHER,false
2021-06-04T04:00:00Z,1.2127400000,1.2130300000,1.2111800000,1.2113800000,7132,OTHER,false
2021-06-04T08:00:00Z,1.2113700000,1.2118000000,1.2104100000,1.2112100000,10327,LONDON,false
2021-06-04T12:00:00Z,1.2112000000,1.2174500000,1.2104100000,1.2167600000,16028,OTHER,false
2021-06-04T16:00:00Z,1.2167500000,1.2185600000,1.2161000000,1.2161400000,14830,OTHER,false
2021-06-04T20:00:00Z,1.2161400000,1.2170200000,1.2160300000,1.2166200000,3522,OTHER,false
2021-06-07T00:00:00Z,1.2159500000,1.2172700000,1.2159300000,1.2167300000,3039,OTHER,false
2021-06-07T04:00:00Z,1.2167400000,1.2170500000,1.2160200000,1.2167600000,5579,OTHER,false
2021-06-07T08:00:00Z,1.2167600000,1.2168000000,1.2144800000,1.2162100000,9206,LONDON,false
2021-06-07T12:00:00Z,1.2162000000,1.2175900000,1.2150700000,1.2163300000,8985,OTHER,false
2021-06-07T16:00:00Z,1.2163300000,1.2201800000,1.2161300000,1.2194800000,10533,OTHER,false
2021-06-07T20:00:00Z,1.2194800000,1.2199200000,1.2189000000,1.2189300000,3200,OTHER,false
2021-06-08T00:00:00Z,1.2189100000,1.2194200000,1.2182700000,1.2185800000,3360,OTHER,false
2021-06-08T04:00:00Z,1.2185800000,1.2191100000,1.2177300000,1.2179400000,7190,OTHER,false
2021-06-08T08:00:00Z,1.2179400000,1.2185300000,1.2164300000,1.2176100000,9425,LONDON,false
2021-06-08T12:00:00Z,1.2176100000,1.2188400000,1.2168200000,1.2175800000,12208,OTHER,false
2021-06-08T16:00:00Z,1.2175500000,1.2193100000,1.2170700000,1.2178200000,12676,OTHER,false
2021-06-08T20:00:00Z,1.2178200000,1.2181900000,1.2171300000,1.2172600000,3823,OTHER,false
2021-06-09T00:00:00Z,1.2172200000,1.2178000000,1.2170900000,1.2175100000,2711,OTHER,false
2021-06-09T04:00:00Z,1.2175000000,1.2185500000,1.2173900000,1.2179600000,4340,OTHER,false
2021-06-09T08:00:00Z,1.2179500000,1.2192600000,1.2175800000,1.2188300000,8178,LONDON,false
2021-06-09T12:00:00Z,1.2188400000,1.2197600000,1.2183800000,1.2194600000,9162,OTHER,false
2021-06-09T16:00:00Z,1.2194600000,1.2217900000,1.2174300000,1.2176200000,13429,OTHER,false
2021-06-09T20:00:00Z,1.2176200000,1.2184000000,1.2174300000,1.2178700000,5172,OTHER,false
2021-06-10T00:00:00Z,1.2178700000,1.2181000000,1.2172000000,1.2172800000,2762,OTHER,false
2021-06-10T04:00:00Z,1.2172700000,1.2175700000,1.2162600000,1.2164100000,5845,OTHER,false
2021-06-10T08:00:00Z,1.2164100000,1.2173800000,1.2153400000,1.2166500000,10726,LONDON,false
2021-06-10T12:00:00Z,1.2166500000,1.2195000000,1.2150900000,1.2186100000,19064,OTHER,false
2021-06-10T16:00:00Z,1.2186100000,1.2193300000,1.2143200000,1.2176600000,21941,OTHER,false
2021-06-10T20:00:00Z,1.2176700000,1.2178600000,1.2169800000,1.2175100000,6209,OTHER,false
2021-06-11T00:00:00Z,1.2175100000,1.2178800000,1.2167400000,1.2178300000,3305,OTHER,false
2021-06-11T04:00:00Z,1.2178300000,1.2191300000,1.2175900000,1.2187300000,6052,OTHER,false
2021-06-11T08:00:00Z,1.2187200000,1.2193100000,1.2164000000,1.2166100000,11346,LONDON,false
2021-06-11T12:00:00Z,1.2165900000,1.2167300000,1.2122600000,1.2128800000,14174,OTHER,false
2021-06-11T16:00:00Z,1.2128800000,1.2130200000,1.2092900000,1.2096600000,14814,OTHER,false
2021-06-11T20:00:00Z,1.2096600000,1.2110700000,1.2092700000,1.2106300000,5116,OTHER,false
2021-06-14T00:00:00Z,1.2102500000,1.2112000000,1.2098800000,1.2100200000,4295,OTHER,false
2021-06-14T04:00:00Z,1.2100300000,1.2104900000,1.2094700000,1.2104200000,5135,OTHER,false
2021-06-14T08:00:00Z,1.2104200000,1.2120800000,1.2094200000,1.2109000000,11765,LONDON,false
2021-06-14T12:00:00Z,1.2109000000,1.2124700000,1.2108600000,1.2119400000,9992,OTHER,false
2021-06-14T16:00:00Z,1.2119500000,1.2130300000,1.2116900000,1.2122100000,11458,OTHER,false
2021-06-14T20:00:00Z,1.2122100000,1.2123000000,1.2116700000,1.2120000000,4299,OTHER,false
2021-06-15T00:00:00Z,1.2119000000,1.2123700000,1.2113900000,1.2120100000,3045,OTHER,false
2021-06-15T04:00:00Z,1.2120100000,1.2126200000,1.2114800000,1.2125900000,6485,OTHER,false
2021-06-15T08:00:00Z,1.2125900000,1.2147300000,1.2124100000,1.2130400000,10608,LONDON,false
2021-06-15T12:00:00Z,1.2130300000,1.2130500000,1.2101400000,1.2111800000,12242,OTHER,false
2021-06-15T16:00:00Z,1.2111800000,1.2131100000,1.2109100000,1.2124000000,13234,OTHER,false
2021-06-15T20:00:00Z,1.2124100000,1.2129700000,1.2121900000,1.2126400000,5065,OTHER,false
2021-06-16T00:00:00Z,1.2125600000,1.2128800000,1.2122500000,1.2122700000,3025,OTHER,false
2021-06-16T04:00:00Z,1.2122700000,1.2128900000,1.2116700000,1.2128500000,5743,OTHER,false
2021-06-16T08:00:00Z,1.2128400000,1.2134800000,1.2118100000,1.2128600000,11283,LONDON,false
2021-06-16T12:00:00Z,1.2128600000,1.2129300000,1.2114400000,1.2125200000,9452,OTHER,false
2021-06-16T16:00:00Z,1.2125100000,1.2126900000,1.2112400000,1.2117600000,6866,OTHER,false
2021-06-16T20:00:00Z,1.2117600000,1.2117600000,1.1994000000,1.1994300000,30047,OTHER,false
2021-06-17T00:00:00Z,1.1993900000,1.1998500000,1.1984100000,1.1988300000,8331,OTHER,false
2021-06-17T04:00:00Z,1.1988300000,1.2004900000,1.1987700000,1.2001100000,10212,OTHER,false
2021-06-17T08:00:00Z,1.2001000000,1.2006400000,1.1936100000,1.1947800000,20148,LONDON,false
2021-06-17T12:00:00Z,1.1947500000,1.1957000000,1.1926200000,1.1931200000,19856,OTHER,false
2021-06-17T16:00:00Z,1.1931200000,1.1951300000,1.1891800000,1.1896000000,23610,OTHER,false
2021-06-17T20:00:00Z,1.1896100000,1.1920800000,1.1896000000,1.1906900000,8413,OTHER,false
2021-06-18T00:00:00Z,1.1905600000,1.1915400000,1.1903700000,1.1907400000,6499,OTHER,false
2021-06-18T04:00:00Z,1.1907400000,1.1925100000,1.1905900000,1.1913500000,9272,OTHER,false
2021-06-18T08:00:00Z,1.1913500000,1.1924400000,1.1885300000,1.1912900000,20222,LONDON,false
2021-06-18T12:00:00Z,1.1912900000,1.1922200000,1.1867400000,1.1887700000,20310,OTHER,false
2021-06-18T16:00:00Z,1.1887700000,1.1887800000,1.1853700000,1.1874500000,12380,OTHER,false
2021-06-18T20:00:00Z,1.1874500000,1.1882000000,1.1856900000,1.1859700000,12724,OTHER,false
2021-06-21T00:00:00Z,1.1855000000,1.1876600000,1.1855000000,1.1872500000,7080,OTHER,false
2021-06-21T04:00:00Z,1.1872500000,1.1873900000,1.1847700000,1.1865900000,16178,OTHER,false
2021-06-21T08:00:00Z,1.1865900000,1.1893800000,1.1851400000,1.1893200000,19207,LONDON,false
2021-06-21T12:00:00Z,1.1893100000,1.1899800000,1.1884900000,1.1892600000,16593,OTHER,false
2021-06-21T16:00:00Z,1.1892800000,1.1921200000,1.1889500000,1.1919000000,19911,OTHER,false
2021-06-21T20:00:00Z,1.1919100000,1.1921000000,1.1908100000,1.1918500000,8998,OTHER,false
2021-06-22T00:00:00Z,1.1916600000,1.1920100000,1.1904900000,1.1908200000,5291,OTHER,false
2021-06-22T04:00:00Z,1.1908100000,1.1915300000,1.1900700000,1.1902700000,6753,OTHER,false
2021-06-22T08:00:00Z,1.1902700000,1.1911300000,1.1891800000,1.1896800000,13342,LONDON,false
2021-06-22T12:00:00Z,1.1896800000,1.1902700000,1.1880900000,1.1892900000,13560,OTHER,false
2021-06-22T16:00:00Z,1.1892900000,1.1941900000,1.1890100000,1.1934500000,18818,OTHER,false
2021-06-22T20:00:00Z,1.1934800000,1.1952500000,1.1931700000,1.1941300000,10651,OTHER,false
2021-06-23T00:00:00Z,1.1937600000,1.1943000000,1.1929900000,1.1932100000,4202,OTHER,false
2021-06-23T04:00:00Z,1.1932100000,1.1934600000,1.1919100000,1.1919300000,7811,OTHER,false
2021-06-23T08:00:00Z,1.1919300000,1.1945700000,1.1911600000,1.1932700000,15488,LONDON,false
2021-06-23T12:00:00Z,1.1932700000,1.1955200000,1.1932400000,1.1953800000,14467,OTHER,false
2021-06-23T16:00:00Z,1.1953500000,1.1970300000,1.1934300000,1.1935700000,17208,OTHER,false
2021-06-23T20:00:00Z,1.1935600000,1.1938400000,1.1919500000,1.1925800000,7647,OTHER,false
2021-06-24T00:00:00Z,1.1925400000,1.1933200000,1.1924100000,1.1930900000,4476,OTHER,false
2021-06-24T04:00:00Z,1.1930900000,1.1932500000,1.1919200000,1.1923900000,8154,OTHER,false
2021-06-24T08:00:00Z,1.1924000000,1.1943200000,1.1917500000,1.1925400000,13466,LONDON,false
2021-06-24T12:00:00Z,1.1925300000,1.1956300000,1.1925100000,1.1954300000,15446,OTHER,false
2021-06-24T16:00:00Z,1.1954600000,1.1956100000,1.1920000000,1.1926800000,15594,OTHER,false
2021-06-24T20:00:00Z,1.1926800000,1.1935300000,1.1926500000,1.1931500000,7891,OTHER,false
2021-06-25T00:00:00Z,1.1931500000,1.1932900000,1.1926900000,1.1930900000,4202,OTHER,false
2021-06-25T04:00:00Z,1.1931000000,1.1945100000,1.1930900000,1.1936500000,6922,OTHER,false
2021-06-25T08:00:00Z,1.1936500000,1.1950600000,1.1934800000,1.1943100000,11750,LONDON,false
2021-06-25T12:00:00Z,1.1943000000,1.1965500000,1.1937600000,1.1957800000,13906,OTHER,false
2021-06-25T16:00:00Z,1.1957900000,1.1975200000,1.1932400000,1.1937300000,16347,OTHER,false
2021-06-25T20:00:00Z,1.1937300000,1.1942500000,1.1926500000,1.1937000000,5928,OTHER,false
2021-06-28T00:00:00Z,1.1931600000,1.1942100000,1.1928400000,1.1936800000,4142,OTHER,false
2021-06-28T04:00:00Z,1.1936400000,1.1938400000,1.1920200000,1.1922500000,7269,OTHER,false
2021-06-28T08:00:00Z,1.1922500000,1.1944500000,1.1921900000,1.1941500000,13042,LONDON,false
2021-06-28T12:00:00Z,1.1941600000,1.1944000000,1.1902500000,1.1921500000,13863,OTHER,false
2021-06-28T16:00:00Z,1.1921500000,1.1939800000,1.1911100000,1.1922700000,16664,OTHER,false
2021-06-28T20:00:00Z,1.1922700000,1.1929100000,1.1920000000,1.1924200000,5694,OTHER,false
2021-06-29T00:00:00Z,1.1923000000,1.1929800000,1.1917800000,1.1919200000,4181,OTHER,false
2021-06-29T04:00:00Z,1.1919200000,1.1924700000,1.1907700000,1.1910600000,7464,OTHER,false
2021-06-29T08:00:00Z,1.1910600000,1.1923100000,1.1899400000,1.1901400000,11924,LONDON,false
2021-06-29T12:00:00Z,1.1901600000,1.1913300000,1.1879800000,1.1882600000,15348,OTHER,false
2021-06-29T16:00:00Z,1.1882600000,1.1911500000,1.1877700000,1.1896100000,16953,OTHER,false
2021-06-29T20:00:00Z,1.1896100000,1.1905500000,1.1893100000,1.1896000000,5723,OTHER,false
2021-06-30T00:00:00Z,1.1895400000,1.1906700000,1.1894600000,1.1900100000,5238,OTHER,false
2021-06-30T04:00:00Z,1.1900100000,1.1909000000,1.1896700000,1.1899700000,7414,OTHER,false
2021-06-30T08:00:00Z,1.1899600000,1.1908100000,1.1885100000,1.1886300000,13360,LONDON,false
2021-06-30T12:00:00Z,1.1886400000,1.1898100000,1.1876100000,1.1882300000,16295,OTHER,false
2021-06-30T16:00:00Z,1.1882400000,1.1882500000,1.1845200000,1.1848500000,20889,OTHER,false
2021-06-30T20:00:00Z,1.1848500000,1.1861500000,1.1846200000,1.1856000000,7365,OTHER,false
2021-07-01T00:00:00Z,1.1855900000,1.1860400000,1.1846600000,1.1848700000,4810,OTHER,false
2021-07-01T04:00:00Z,1.1848800000,1.1854300000,1.1846200000,1.1849000000,6432,OTHER,false
2021-07-01T08:00:00Z,1.1849000000,1.1860000000,1.1837400000,1.1844700000,15229,LONDON,false
2021-07-01T12:00:00Z,1.1844500000,1.1884200000,1.1840400000,1.1878300000,16916,OTHER,false
2021-07-01T16:00:00Z,1.1878500000,1.1882200000,1.1847100000,1.1849100000,20067,OTHER,false
2021-07-01T20:00:00Z,1.1848900000,1.1854900000,1.1841000000,1.1849700000,6862,OTHER,false
2021-07-02T00:00:00Z,1.1849100000,1.1851600000,1.1840900000,1.1843000000,3900,OTHER,false
2021-07-02T04:00:00Z,1.1842900000,1.1846700000,1.1840400000,1.1844700000,6958,OTHER,false
2021-07-02T08:00:00Z,1.1844700000,1.1848000000,1.1822400000,1.1827800000,11856,LONDON,false
2021-07-02T12:00:00Z,1.1827800000,1.1857000000,1.1807100000,1.1847400000,17896,OTHER,false
2021-07-02T16:00:00Z,1.1847100000,1.1859200000,1.1825900000,1.1843500000,23199,OTHER,false
2021-07-02T20:00:00Z,1.1843500000,1.1874300000,1.1841400000,1.1864600000,8018,OTHER,false
2021-07-05T00:00:00Z,1.1857600000,1.1870900000,1.1853600000,1.1857300000,3972,OTHER,false
2021-07-05T04:00:00Z,1.1857300000,1.1862700000,1.1851500000,1.1857100000,6447,OTHER,false
2021-07-05T08:00:00Z,1.1857100000,1.1873400000,1.1851900000,1.1870300000,11745,LONDON,false
2021-07-05T12:00:00Z,1.1870200000,1.1880500000,1.1860200000,1.1863400000,10411,OTHER,false
2021-07-05T16:00:00Z,1.1863500000,1.1869300000,1.1855500000,1.1867600000,8589,OTHER,false
2021-07-05T20:00:00Z,1.1867600000,1.1869800000,1.1859900000,1.1863400000,6096,OTHER,false
2021-07-06T00:00:00Z,1.1861900000,1.1869500000,1.1858800000,1.1860800000,4494,OTHER,false
2021-07-06T04:00:00Z,1.1860700000,1.1876000000,1.1858300000,1.1874400000,8737,OTHER,false
2021-07-06T08:00:00Z,1.1874400000,1.1895000000,1.1842700000,1.1845300000,16519,LONDON,false
2021-07-06T12:00:00Z,1.1845400000,1.1851200000,1.1831300000,1.1836200000,15680,OTHER,false
2021-07-06T16:00:00Z,1.1836000000,1.1842700000,1.1806700000,1.1814600000,27207,OTHER,false
2021-07-06T20:00:00Z,1.1814600000,1.1828000000,1.1813200000,1.1823100000,7005,OTHER,false
2021-07-07T00:00:00Z,1.1823500000,1.1825000000,1.1815400000,1.1820900000,5299,OTHER,false
2021-07-07T04:00:00Z,1.1820900000,1.1826900000,1.1817600000,1.1823700000,8127,OTHER,false
2021-07-07T08:00:00Z,1.1823600000,1.1834600000,1.1812100000,1.1824100000,14480,LONDON,false
2021-07-07T12:00:00Z,1.1823900000,1.1836200000,1.1812600000,1.1815900000,15608,OTHER,false
2021-07-07T16:00:00Z,1.1815900000,1.1818200000,1.1781700000,1.1800200000,20337,OTHER,false
2021-07-07T20:00:00Z,1.1800200000,1.1820700000,1.1789400000,1.1790300000,12081,OTHER,false
2021-07-08T00:00:00Z,1.1789900000,1.1798900000,1.1788600000,1.1790900000,4579,OTHER,false
2021-07-08T04:00:00Z,1.1791000000,1.1796100000,1.1783600000,1.1796100000,8471,OTHER,false
2021-07-08T08:00:00Z,1.1796200000,1.1825100000,1.1792400000,1.1822400000,22667,LONDON,false
2021-07-08T12:00:00Z,1.1822300000,1.1859300000,1.1821300000,1.1851300000,23268,OTHER,false
2021-07-08T16:00:00Z,1.1851300000,1.1867900000,1.1836800000,1.1844500000,23577,OTHER,false
2021-07-08T20:00:00Z,1.1844500000,1.1848600000,1.1835100000,1.1844900000,8437,OTHER,false
2021-07-09T00:00:00Z,1.1844000000,1.1850200000,1.1838400000,1.1840800000,6490,OTHER,false
2021-07-09T04:00:00Z,1.1840700000,1.1843700000,1.1831600000,1.1831800000,11620,OTHER,false
2021-07-09T08:00:00Z,1.1831800000,1.1846800000,1.1825100000,1.1832500000,17605,LONDON,false
2021-07-09T12:00:00Z,1.1832500000,1.1868800000,1.1828900000,1.1868600000,17712,OTHER,false
2021-07-09T16:00:00Z,1.1868600000,1.1874800000,1.1855500000,1.1868100000,15298,OTHER,false
2021-07-09T20:00:00Z,1.1868100000,1.1881100000,1.1867100000,1.1877400000,5224,OTHER,false
2021-07-12T00:00:00Z,1.1871500000,1.1876700000,1.1867000000,1.1875400000,4272,OTHER,false
2021-07-12T04:00:00Z,1.1875600000,1.1880200000,1.1865300000,1.1868400000,7345,OTHER,false
2021-07-12T08:00:00Z,1.1868400000,1.1879900000,1.1856100000,1.1870600000,11662,LONDON,false
2021-07-12T12:00:00Z,1.1870600000,1.1873500000,1.1836100000,1.1853100000,13866,OTHER,false
2021-07-12T16:00:00Z,1.1853200000,1.1874200000,1.1850900000,1.1857600000,14152,OTHER,false
2021-07-12T20:00:00Z,1.1857500000,1.1862100000,1.1855000000,1.1860600000,5301,OTHER,false
2021-07-13T00:00:00Z,1.1859300000,1.1868700000,1.1858300000,1.1866600000,3537,OTHER,false
2021-07-13T04:00:00Z,1.1866600000,1.1875200000,1.1862100000,1.1863700000,7287,OTHER,false
2021-07-13T08:00:00Z,1.1863800000,1.1865400000,1.1841100000,1.1849800000,11236,LONDON,false
2021-07-13T12:00:00Z,1.1849800000,1.1851000000,1.1794200000,1.1799400000,16057,OTHER,false
2021-07-13T16:00:00Z,1.1799400000,1.1832700000,1.1791900000,1.1804300000,20748,OTHER,false
2021-07-13T20:00:00Z,1.1804200000,1.1804300000,1.1772400000,1.1776500000,10303,OTHER,false
2021-07-14T00:00:00Z,1.1776100000,1.1780500000,1.1771900000,1.1776400000,5292,OTHER,false
2021-07-14T04:00:00Z,1.1776500000,1.1785500000,1.1775800000,1.1783800000,7923,OTHER,false
2021-07-14T08:00:00Z,1.1783900000,1.1799400000,1.1780000000,1.1783800000,12547,LONDON,false
2021-07-14T12:00:00Z,1.1783900000,1.1828000000,1.1775700000,1.1821900000,16403,OTHER,false
2021-07-14T16:00:00Z,1.1821900000,1.1835200000,1.1813000000,1.1832300000,21077,OTHER,false
2021-07-14T20:00:00Z,1.1832200000,1.1838800000,1.1825500000,1.1835800000,7559,OTHER,false
2021-07-15T00:00:00Z,1.1834900000,1.1838700000,1.1828800000,1.1833300000,6133,OTHER,false
2021-07-15T04:00:00Z,1.1833400000,1.1834900000,1.1821300000,1.1831000000,9842,OTHER,false
2021-07-15T08:00:00Z,1.1831000000,1.1850600000,1.1825700000,1.1849000000,13933,LONDON,false
2021-07-15T12:00:00Z,1.1848900000,1.1849700000,1.1803800000,1.1806700000,17502,OTHER,false
2021-07-15T16:00:00Z,1.1806600000,1.1823400000,1.1800700000,1.1803000000,17447,OTHER,false
2021-07-15T20:00:00Z,1.1802900000,1.1812900000,1.1796200000,1.1811800000,9224,OTHER,false
2021-07-16T00:00:00Z,1.1811800000,1.1817000000,1.1798700000,1.1811400000,5302,OTHER,false
2021-07-16T04:00:00Z,1.1811400000,1.1812500000,1.1802100000,1.1809500000,9000,OTHER,false
2021-07-16T08:00:00Z,1.1809500000,1.1819500000,1.1796900000,1.1818200000,13436,LONDON,false
2021-07-16T12:00:00Z,1.1818200000,1.1822400000,1.1792100000,1.1801900000,15095,OTHER,false
2021-07-16T16:00:00Z,1.1801900000,1.1814300000,1.1795900000,1.1811100000,18744,OTHER,false
2021-07-16T20:00:00Z,1.1811100000,1.1818600000,1.1802900000,1.1805500000,9195,OTHER,false
2021-07-19T00:00:00Z,1.1805400000,1.1813800000,1.1801000000,1.1802000000,4798,OTHER,false
2021-07-19T04:00:00Z,1.1802000000,1.1808700000,1.1797900000,1.1806300000,7525,OTHER,false
2021-07-19T08:00:00Z,1.1806200000,1.1808700000,1.1765400000,1.1773200000,14820,LONDON,false
2021-07-19T12:00:00Z,1.1773200000,1.1788500000,1.1764000000,1.1786900000,18723,OTHER,false
2021-07-19T16:00:00Z,1.1786900000,1.1824300000,1.1783800000,1.1799100000,25993,OTHER,false
2021-07-19T20:00:00Z,1.1799000000,1.1802500000,1.1791200000,1.1798700000,9098,OTHER,false
2021-07-20T00:00:00Z,1.1798000000,1.1801100000,1.1790000000,1.1794900000,3962,OTHER,false
2021-07-20T04:00:00Z,1.1794900000,1.1802200000,1.1788000000,1.1788600000,8064,OTHER,false
2021-07-20T08:00:00Z,1.1788600000,1.1795000000,1.1772300000,1.1787800000,15068,LONDON,false
2021-07-20T12:00:00Z,1.1787800000,1.1802500000,1.1765100000,1.1772600000,16979,OTHER,false
2021-07-20T16:00:00Z,1.1772500000,1.1780700000,1.1755800000,1.1777600000,19345,OTHER,false
2021-07-20T20:00:00Z,1.1777600000,1.1786000000,1.1773800000,1.1780500000,7148,OTHER,false
2021-07-21T00:00:00Z,1.1779600000,1.1783200000,1.1776200000,1.1779900000,3128,OTHER,false
2021-07-21T04:00:00Z,1.1780000000,1.1780400000,1.1770200000,1.1772400000,4873,OTHER,false
2021-07-21T08:00:00Z,1.1772400000,1.1782100000,1.1751900000,1.1779400000,13582,LONDON,false
2021-07-21T12:00:00Z,1.1779500000,1.1780300000,1.1759900000,1.1766200000,11599,OTHER,false
2021-07-21T16:00:00Z,1.1766200000,1.1803800000,1.1762300000,1.1793200000,15924,OTHER,false
2021-07-21T20:00:00Z,1.1793200000,1.1804700000,1.1791700000,1.1794600000,7413,OTHER,false
2021-07-22T00:00:00Z,1.1790700000,1.1799600000,1.1787800000,1.1788400000,3618,OTHER,false
2021-07-22T04:00:00Z,1.1788400000,1.1800100000,1.1786700000,1.1796900000,4620,OTHER,false
2021-07-22T08:00:00Z,1.1796900000,1.1802000000,1.1779200000,1.1796700000,10973,LONDON,false
2021-07-22T12:00:00Z,1.1796700000,1.1813500000,1.1770800000,1.1799800000,18736,OTHER,false
2021-07-22T16:00:00Z,1.1799800000,1.1830300000,1.1757500000,1.1762900000,20551,OTHER,false
2021-07-22T20:00:00Z,1.1763000000,1.1776200000,1.1757600000,1.1770700000,6314,OTHER,false
2021-07-23T00:00:00Z,1.1770500000,1.1779900000,1.1760500000,1.1778000000,4193,OTHER,false
2021-07-23T04:00:00Z,1.1778000000,1.1780400000,1.1767300000,1.1767800000,4312,OTHER,false
2021-07-23T08:00:00Z,1.1767800000,1.1786500000,1.1762900000,1.1774500000,12012,LONDON,false
2021-07-23T12:00:00Z,1.1774600000,1.1781100000,1.1754400000,1.1779700000,11775,OTHER,false
2021-07-23T16:00:00Z,1.1779700000,1.1780500000,1.1754800000,1.1768300000,12275,OTHER,false
2021-07-23T20:00:00Z,1.1768300000,1.1776000000,1.1768200000,1.1768900000,4523,OTHER,false
2021-07-26T00:00:00Z,1.1767700000,1.1774700000,1.1763500000,1.1766400000,3613,OTHER,false
2021-07-26T04:00:00Z,1.1766500000,1.1780300000,1.1765400000,1.1778500000,5684,OTHER,false
2021-07-26T08:00:00Z,1.1778600000,1.1800000000,1.1767100000,1.1784000000,13514,LONDON,false
2021-07-26T12:00:00Z,1.1783900000,1.1799300000,1.1779200000,1.1783000000,12031,OTHER,false
2021-07-26T16:00:00Z,1.1782900000,1.1817300000,1.1779900000,1.1812400000,13703,OTHER,false
2021-07-26T20:00:00Z,1.1812400000,1.1813400000,1.1799300000,1.1802900000,5315,OTHER,false
2021-07-27T00:00:00Z,1.1803000000,1.1812200000,1.1799100000,1.1808500000,4442,OTHER,false
2021-07-27T04:00:00Z,1.1808600000,1.1809000000,1.1800800000,1.1802200000,9667,OTHER,false
2021-07-27T08:00:00Z,1.1802200000,1.1802400000,1.1770100000,1.1777900000,13892,LONDON,false
2021-07-27T12:00:00Z,1.1777600000,1.1819500000,1.1774600000,1.1818600000,10906,OTHER,false
2021-07-27T16:00:00Z,1.1818600000,1.1836900000,1.1800800000,1.1836200000,18755,OTHER,false
2021-07-27T20:00:00Z,1.1836100000,1.1841100000,1.1815300000,1.1816500000,6759,OTHER,false
2021-07-28T00:00:00Z,1.1815900000,1.1823900000,1.1812600000,1.1814100000,3196,OTHER,false
2021-07-28T04:00:00Z,1.1814000000,1.1827500000,1.1814000000,1.1819600000,5410,OTHER,false
2021-07-28T08:00:00Z,1.1819600000,1.1830200000,1.1802300000,1.1828800000,9388,LONDON,false
2021-07-28T12:00:00Z,1.1828900000,1.1828900000,1.1791800000,1.1798800000,10706,OTHER,false
2021-07-28T16:00:00Z,1.1798900000,1.1816000000,1.1783300000,1.1814500000,13851,OTHER,false
2021-07-28T20:00:00Z,1.1814500000,1.1849400000,1.1772100000,1.1844100000,21656,OTHER,false
2021-07-29T00:00:00Z,1.1843100000,1.1847000000,1.1840200000,1.1843500000,3329,OTHER,false
2021-07-29T04:00:00Z,1.1843500000,1.1858800000,1.1841800000,1.1856400000,6814,OTHER,false
2021-07-29T08:00:00Z,1.1856400000,1.1879600000,1.1850300000,1.1876600000,11043,LONDON,false
2021-07-29T12:00:00Z,1.1876700000,1.1885200000,1.1869400000,1.1884200000,10266,OTHER,false
2021-07-29T16:00:00Z,1.1884200000,1.1891000000,1.1875900000,1.1884600000,12276,OTHER,false
2021-07-29T20:00:00Z,1.1884600000,1.1892700000,1.1880000000,1.1886500000,5316,OTHER,false
2021-07-30T00:00:00Z,1.1885800000,1.1894300000,1.1881400000,1.1881400000,3769,OTHER,false
2021-07-30T04:00:00Z,1.1881500000,1.1884500000,1.1877500000,1.1878500000,6773,OTHER,false
2021-07-30T08:00:00Z,1.1878500000,1.1907500000,1.1874900000,1.1906500000,8720,LONDON,false
2021-07-30T12:00:00Z,1.1906600000,1.1908700000,1.1877400000,1.1879200000,12316,OTHER,false
2021-07-30T16:00:00Z,1.1879200000,1.1886500000,1.1851700000,1.1859000000,16063,OTHER,false
2021-07-30T20:00:00Z,1.1859000000,1.1876600000,1.1854000000,1.1873000000,6601,OTHER,false
2021-08-02T00:00:00Z,1.1864100000,1.1871200000,1.1862100000,1.1869200000,3126,OTHER,false
2021-08-02T04:00:00Z,1.1869300000,1.1873500000,1.1859000000,1.1870500000,5605,OTHER,false
2021-08-02T08:00:00Z,1.1870400000,1.1888500000,1.1864200000,1.1884800000,8894,LONDON,false
2021-08-02T12:00:00Z,1.1884800000,1.1896900000,1.1871600000,1.1873100000,9497,OTHER,false
2021-08-02T16:00:00Z,1.1873600000,1.1889100000,1.1866500000,1.1869400000,14955,OTHER,false
2021-08-02T20:00:00Z,1.1869400000,1.1875100000,1.1865000000,1.1868800000,4934,OTHER,false
2021-08-03T00:00:00Z,1.1867000000,1.1878500000,1.1866000000,1.1871700000,3266,OTHER,false
2021-08-03T04:00:00Z,1.1871800000,1.1882700000,1.1868100000,1.1880200000,7568,OTHER,false
2021-08-03T08:00:00Z,1.1880200000,1.1885400000,1.1871100000,1.1884000000,11102,LONDON,false
2021-08-03T12:00:00Z,1.1884000000,1.1893300000,1.1878900000,1.1885900000,9518,OTHER,false
2021-08-03T16:00:00Z,1.1886500000,1.1887600000,1.1853700000,1.1868200000,14233,OTHER,false
2021-08-03T20:00:00Z,1.1868300000,1.1869800000,1.1861200000,1.1863700000,4001,OTHER,false
2021-08-04T00:00:00Z,1.1863100000,1.1870100000,1.1859000000,1.1861800000,3375,OTHER,false
2021-08-04T04:00:00Z,1.1861900000,1.1875500000,1.1861800000,1.1871500000,5079,OTHER,false
2021-08-04T08:00:00Z,1.1871500000,1.1880000000,1.1842100000,1.1851100000,8156,LONDON,false
2021-08-04T12:00:00Z,1.1851100000,1.1889600000,1.1848100000,1.1889000000,9510,OTHER,false
2021-08-04T16:00:00Z,1.1889100000,1.1899700000,1.1832800000,1.1838000000,17203,OTHER,false
2021-08-04T20:00:00Z,1.1838200000,1.1842600000,1.1835500000,1.1836700000,5068,OTHER,false
2021-08-05T00:00:00Z,1.1836000000,1.1839200000,1.1831600000,1.1831900000,2350,OTHER,false
2021-08-05T04:00:00Z,1.1831900000,1.1839100000,1.1831500000,1.1836400000,4641,OTHER,false
2021-08-05T08:00:00Z,1.1836300000,1.1849600000,1.1829800000,1.1837300000,9485,LONDON,false
2021-08-05T12:00:00Z,1.1837400000,1.1857200000,1.1828200000,1.1835800000,12659,OTHER,false
2021-08-05T16:00:00Z,1.1835800000,1.1851500000,1.1832200000,1.1839000000,13021,OTHER,false
2021-08-05T20:00:00Z,1.1839000000,1.1839900000,1.1830800000,1.1832700000,4845,OTHER,false
2021-08-06T00:00:00Z,1.1832400000,1.1835700000,1.1825000000,1.1825300000,2169,OTHER,false
2021-08-06T04:00:00Z,1.1825600000,1.1827800000,1.1818500000,1.1825500000,3422,OTHER,false
2021-08-06T08:00:00Z,1.1825500000,1.1830000000,1.1807500000,1.1810900000,8628,LONDON,false
2021-08-06T12:00:00Z,1.1810900000,1.1812700000,1.1776700000,1.1784300000,13761,OTHER,false
2021-08-06T16:00:00Z,1.1784300000,1.1788400000,1.1754400000,1.1756100000,15701,OTHER,false
2021-08-06T20:00:00Z,1.1756100000,1.1764400000,1.1756100000,1.1761100000,3786,OTHER,false
2021-08-09T00:00:00Z,1.1756800000,1.1763800000,1.1742300000,1.1750700000,5728,OTHER,false
2021-08-09T04:00:00Z,1.1750700000,1.1763600000,1.1750700000,1.1763300000,5303,OTHER,false
2021-08-09T08:00:00Z,1.1763200000,1.1766600000,1.1750100000,1.1754700000,9381,LONDON,false
2021-08-09T12:00:00Z,1.1754700000,1.1769000000,1.1752100000,1.1760800000,9847,OTHER,false
2021-08-09T16:00:00Z,1.1760800000,1.1767100000,1.1740500000,1.1742200000,12338,OTHER,false
2021-08-09T20:00:00Z,1.1742200000,1.1748500000,1.1734900000,1.1736200000,4484,OTHER,false
2021-08-10T00:00:00Z,1.1735800000,1.1739000000,1.1732100000,1.1737700000,2968,OTHER,false
2021-08-10T04:00:00Z,1.1737700000,1.1740000000,1.1732100000,1.1738200000,4293,OTHER,false
2021-08-10T08:00:00Z,1.1738300000,1.1742900000,1.1726000000,1.1732200000,8807,LONDON,false
2021-08-10T12:00:00Z,1.1732100000,1.1732100000,1.1716100000,1.1716100000,9600,OTHER,false
2021-08-10T16:00:00Z,1.1716100000,1.1724600000,1.1709800000,1.1715700000,12317,OTHER,false
2021-08-10T20:00:00Z,1.1715700000,1.1723500000,1.1714300000,1.1720300000,3866,OTHER,false
2021-08-11T00:00:00Z,1.1718400000,1.1722300000,1.1713100000,1.1713100000,2163,OTHER,false
2021-08-11T04:00:00Z,1.1713000000,1.1725400000,1.1712000000,1.1718000000,3545,OTHER,false
2021-08-11T08:00:00Z,1.1718100000,1.1721300000,1.1706100000,1.1712500000,8382,LONDON,false
2021-08-11T12:00:00Z,1.1712500000,1.1749500000,1.1708500000,1.1736900000,11666,OTHER,false
2021-08-11T16:00:00Z,1.1736900000,1.1748500000,1.1725900000,1.1748300000,13448,OTHER,false
2021-08-11T20:00:00Z,1.1748500000,1.1754000000,1.1737700000,1.1738800000,6237,OTHER,false
2021-08-12T00:00:00Z,1.1738000000,1.1744500000,1.1735700000,1.1740100000,2478,OTHER,false
2021-08-12T04:00:00Z,1.1740100000,1.1745900000,1.1734400000,1.1739800000,3722,OTHER,false
2021-08-12T08:00:00Z,1.1739900000,1.1748200000,1.1732900000,1.1746700000,7945,LONDON,false
2021-08-12T12:00:00Z,1.1746600000,1.1747200000,1.1727400000,1.1740000000,8546,OTHER,false
2021-08-12T16:00:00Z,1.1739800000,1.1742400000,1.1723700000,1.1738000000,9776,OTHER,false
2021-08-12T20:00:00Z,1.1738100000,1.1742500000,1.1729100000,1.1729600000,4421,OTHER,false
2021-08-13T00:00:00Z,1.1729000000,1.1738600000,1.1728100000,1.1736000000,2427,OTHER,false
2021-08-13T04:00:00Z,1.1736100000,1.1742500000,1.1734300000,1.1739100000,3131,OTHER,false
2021-08-13T08:00:00Z,1.1739000000,1.1742800000,1.1730200000,1.1742400000,6031,LONDON,false
2021-08-13T12:00:00Z,1.1742600000,1.1768800000,1.1740500000,1.1765900000,7737,OTHER,false
2021-08-13T16:00:00Z,1.1765900000,1.1804800000,1.1763900000,1.1800100000,11957,OTHER,false
2021-08-13T20:00:00Z,1.1800100000,1.1800900000,1.1792400000,1.1796200000,4092,OTHER,false
2021-08-16T00:00:00Z,1.1794100000,1.1800700000,1.1791600000,1.1795700000,2669,OTHER,false
2021-08-16T04:00:00Z,1.1795600000,1.1800700000,1.1790000000,1.1793600000,3562,OTHER,false
2021-08-16T08:00:00Z,1.1793700000,1.1793800000,1.1778800000,1.1787100000,6943,LONDON,false
2021-08-16T12:00:00Z,1.1787200000,1.1788100000,1.1767500000,1.1777400000,9188,OTHER,false
2021-08-16T16:00:00Z,1.1777500000,1.1790500000,1.1772300000,1.1775300000,11779,OTHER,false
2021-08-16T20:00:00Z,1.1775200000,1.1779600000,1.1774700000,1.1776800000,3347,OTHER,false
2021-08-17T00:00:00Z,1.1776200000,1.1780500000,1.1771400000,1.1773900000,2443,OTHER,false
2021-08-17T04:00:00Z,1.1773900000,1.1776900000,1.1766800000,1.1768200000,5111,OTHER,false
2021-08-17T08:00:00Z,1.1768700000,1.1784500000,1.1760200000,1.1777200000,10640,LONDON,false
2021-08-17T12:00:00Z,1.1777500000,1.1777600000,1.1741400000,1.1744100000,11195,OTHER,false
2021-08-17T16:00:00Z,1.1744200000,1.1744900000,1.1708600000,1.1708600000,14619,OTHER,false
2021-08-17T20:00:00Z,1.1708600000,1.1719700000,1.1708100000,1.1708100000,6062,OTHER,false
2021-08-18T00:00:00Z,1.1708800000,1.1713400000,1.1701900000,1.1712200000,3014,OTHER,false
2021-08-18T04:00:00Z,1.1712000000,1.1722900000,1.1710000000,1.1718200000,4827,OTHER,false
2021-08-18T08:00:00Z,1.1718200000,1.1729400000,1.1712900000,1.1720300000,7357,LONDON,false
2021-08-18T12:00:00Z,1.1720100000,1.1726200000,1.1706000000,1.1717600000,8424,OTHER,false
2021-08-18T16:00:00Z,1.1717600000,1.1721100000,1.1693700000,1.1699200000,12351,OTHER,false
2021-08-18T20:00:00Z,1.1699300000,1.1742500000,1.1697800000,1.1710800000,12838,OTHER,false
2021-08-19T00:00:00Z,1.1708700000,1.1717600000,1.1684100000,1.1687300000,4290,OTHER,false
2021-08-19T04:00:00Z,1.1687300000,1.1693500000,1.1665700000,1.1676800000,6225,OTHER,false
2021-08-19T08:00:00Z,1.1676800000,1.1697100000,1.1668800000,1.1686700000,14922,LONDON,false
2021-08-19T12:00:00Z,1.1686800000,1.1704100000,1.1680100000,1.1698600000,11677,OTHER,false
2021-08-19T16:00:00Z,1.1698700000,1.1702400000,1.1678900000,1.1688300000,15409,OTHER,false
2021-08-19T20:00:00Z,1.1688200000,1.1688400000,1.1672600000,1.1675600000,7102,OTHER,false
2021-08-20T00:00:00Z,1.1675200000,1.1683700000,1.1673200000,1.1682300000,2329,OTHER,false
2021-08-20T04:00:00Z,1.1682300000,1.1687400000,1.1675800000,1.1686100000,4214,OTHER,false
2021-08-20T08:00:00Z,1.1686100000,1.1689300000,1.1670900000,1.1674200000,10101,LONDON,false
2021-08-20T12:00:00Z,1.1674200000,1.1683400000,1.1664900000,1.1668300000,8452,OTHER,false
2021-08-20T16:00:00Z,1.1667800000,1.1704400000,1.1664000000,1.1703100000,13545,OTHER,false
2021-08-20T20:00:00Z,1.1703100000,1.1704500000,1.1692000000,1.1699600000,4213,OTHER,false
2021-08-23T00:00:00Z,1.1689700000,1.1702900000,1.1689700000,1.1699300000,3197,OTHER,false
2021-08-23T04:00:00Z,1.1699400000,1.1723800000,1.1698700000,1.1718900000,4714,OTHER,false
2021-08-23T08:00:00Z,1.1718800000,1.1732000000,1.1706100000,1.1731000000,9587,LONDON,false
2021-08-23T12:00:00Z,1.1730800000,1.1734000000,1.1715300000,1.1732200000,8657,OTHER,false
2021-08-23T16:00:00Z,1.1732100000,1.1743500000,1.1724100000,1.1739200000,12244,OTHER,false
2021-08-23T20:00:00Z,1.1739200000,1.1750300000,1.1738400000,1.1745700000,3739,OTHER,false
2021-08-24T00:00:00Z,1.1744900000,1.1748500000,1.1738600000,1.1739200000,2181,OTHER,false
2021-08-24T04:00:00Z,1.1739300000,1.1742600000,1.1734200000,1.1741100000,2646,OTHER,false
2021-08-24T08:00:00Z,1.1741100000,1.1746900000,1.1727300000,1.1728700000,9552,LONDON,false
2021-08-24T12:00:00Z,1.1728600000,1.1755100000,1.1727900000,1.1750500000,9030,OTHER,false
2021-08-24T16:00:00Z,1.1750600000,1.1765000000,1.1735200000,1.1747400000,12705,OTHER,false
2021-08-24T20:00:00Z,1.1747400000,1.1759000000,1.1742400000,1.1755500000,4072,OTHER,false
2021-08-25T00:00:00Z,1.1753700000,1.1758400000,1.1740200000,1.1741600000,3138,OTHER,false
2021-08-25T04:00:00Z,1.1741600000,1.1742500000,1.1733300000,1.1740700000,3560,OTHER,false
2021-08-25T08:00:00Z,1.1740800000,1.1759600000,1.1732400000,1.1751200000,9031,LONDON,false
2021-08-25T12:00:00Z,1.1751300000,1.1755400000,1.1726000000,1.1732600000,9612,OTHER,false
2021-08-25T16:00:00Z,1.1732100000,1.1763300000,1.1730000000,1.1760200000,13884,OTHER,false
2021-08-25T20:00:00Z,1.1760300000,1.1774300000,1.1753400000,1.1771600000,6025,OTHER,false
2021-08-26T00:00:00Z,1.1770600000,1.1773700000,1.1766200000,1.1766900000,2327,OTHER,false
2021-08-26T04:00:00Z,1.1767100000,1.1767700000,1.1761100000,1.1764200000,4001,OTHER,false
2021-08-26T08:00:00Z,1.1764200000,1.1774600000,1.1756700000,1.1759200000,10190,LONDON,false
2021-08-26T12:00:00Z,1.1759200000,1.1779000000,1.1751800000,1.1755800000,11302,OTHER,false
2021-08-26T16:00:00Z,1.1755700000,1.1767500000,1.1745900000,1.1752600000,16315,OTHER,false
2021-08-26T20:00:00Z,1.1752600000,1.1755900000,1.1749200000,1.1751500000,5478,OTHER,false
2021-08-27T00:00:00Z,1.1751400000,1.1757600000,1.1742100000,1.1745100000,2734,OTHER,false
2021-08-27T04:00:00Z,1.1745100000,1.1763800000,1.1743400000,1.1763300000,4247,OTHER,false
2021-08-27T08:00:00Z,1.1763300000,1.1771400000,1.1750400000,1.1751000000,8531,LONDON,false
2021-08-27T12:00:00Z,1.1750900000,1.1766100000,1.1749700000,1.1756200000,8925,OTHER,false
2021-08-27T16:00:00Z,1.1756200000,1.1802600000,1.1734900000,1.1800600000,25048,OTHER,false
2021-08-27T20:00:00Z,1.1800500000,1.1801500000,1.1792100000,1.1795500000,5065,OTHER,false
2021-08-30T00:00:00Z,1.1792600000,1.1805700000,1.1789200000,1.1804600000,2690,OTHER,false
2021-08-30T04:00:00Z,1.1804600000,1.1809900000,1.1802400000,1.1803600000,4798,OTHER,false
2021-08-30T08:00:00Z,1.1803700000,1.1805400000,1.1793600000,1.1798800000,7307,LONDON,false
2021-08-30T12:00:00Z,1.1798900000,1.1802800000,1.1783900000,1.1786400000,7458,OTHER,false
2021-08-30T16:00:00Z,1.1786400000,1.1803500000,1.1782900000,1.1797400000,10786,OTHER,false
2021-08-30T20:00:00Z,1.1797500000,1.1804000000,1.1795900000,1.1796200000,3185,OTHER,false
2021-08-31T00:00:00Z,1.1796100000,1.1803300000,1.1793900000,1.1802200000,2707,OTHER,false
2021-08-31T04:00:00Z,1.1802200000,1.1824700000,1.1797800000,1.1817300000,4978,OTHER,false
2021-08-31T08:00:00Z,1.1817300000,1.1831600000,1.1817300000,1.1820200000,8991,LONDON,false
2021-08-31T12:00:00Z,1.1820300000,1.1845000000,1.1819900000,1.1836900000,13187,OTHER,false
2021-08-31T16:00:00Z,1.1836700000,1.1838000000,1.1796700000,1.1807100000,20750,OTHER,false
2021-08-31T20:00:00Z,1.1807000000,1.1813200000,1.1803300000,1.1808300000,5879,OTHER,false
2021-09-01T00:00:00Z,1.1807800000,1.1811800000,1.1801100000,1.1802700000,3041,OTHER,false
2021-09-01T04:00:00Z,1.1802800000,1.1806400000,1.1798700000,1.1799400000,4320,OTHER,false
2021-09-01T08:00:00Z,1.1799700000,1.1816700000,1.1793600000,1.1813900000,11382,LONDON,false
2021-09-01T12:00:00Z,1.1813800000,1.1839600000,1.1811400000,1.1837500000,11664,OTHER,false
2021-09-01T16:00:00Z,1.1837600000,1.1857200000,1.1833000000,1.1848100000,14551,OTHER,false
2021-09-01T20:00:00Z,1.1848100000,1.1851000000,1.1837400000,1.1838400000,5184,OTHER,false
2021-09-02T00:00:00Z,1.1837400000,1.1846300000,1.1836200000,1.1844900000,3039,OTHER,false
2021-09-02T04:00:00Z,1.1844900000,1.1845500000,1.1834600000,1.1834800000,3257,OTHER,false
2021-09-02T08:00:00Z,1.1834700000,1.1851700000,1.1834400000,1.1845700000,8151,LONDON,false
2021-09-02T12:00:00Z,1.1845700000,1.1855800000,1.1836600000,1.1847100000,9864,OTHER,false
2021-09-02T16:00:00Z,1.1847200000,1.1871000000,1.1846300000,1.1865000000,12799,OTHER,false
2021-09-02T20:00:00Z,1.1865000000,1.1875900000,1.1864300000,1.1874400000,4894,OTHER,false
2021-09-03T00:00:00Z,1.1873900000,1.1882800000,1.1869600000,1.1881900000,2190,OTHER,false
2021-09-03T04:00:00Z,1.1881900000,1.1884300000,1.1876300000,1.1876400000,3892,OTHER,false
2021-09-03T08:00:00Z,1.1876500000,1.1882900000,1.1871400000,1.1874600000,7978,LONDON,false
2021-09-03T12:00:00Z,1.1874700000,1.1909100000,1.1865700000,1.1891200000,15581,OTHER,false
2021-09-03T16:00:00Z,1.1891400000,1.1904800000,1.1871800000,1.1889400000,18684,OTHER,false
2021-09-03T20:00:00Z,1.1889400000,1.1898000000,1.1874500000,1.1877200000,4901,OTHER,false
2021-09-06T00:00:00Z,1.1876800000,1.1886200000,1.1876000000,1.1878600000,2806,OTHER,false
2021-09-06T04:00:00Z,1.1878700000,1.1880100000,1.1865000000,1.1869400000,3652,OTHER,false
2021-09-06T08:00:00Z,1.1869500000,1.1875200000,1.1860600000,1.1864000000,6510,LONDON,false
2021-09-06T12:00:00Z,1.1863900000,1.1867300000,1.1855700000,1.1866300000,6737,OTHER,false
2021-09-06T16:00:00Z,1.1866200000,1.1871400000,1.1857600000,1.1871300000,5892,OTHER,false
2021-09-06T20:00:00Z,1.1871300000,1.1871600000,1.1866800000,1.1870100000,4286,OTHER,false
2021-09-07T00:00:00Z,1.1867500000,1.1881800000,1.1867300000,1.1879400000,2854,OTHER,false
2021-09-07T04:00:00Z,1.1879300000,1.1885200000,1.1875100000,1.1875500000,5166,OTHER,false
2021-09-07T08:00:00Z,1.1875500000,1.1882500000,1.1859600000,1.1876100000,11584,LONDON,false
2021-09-07T12:00:00Z,1.1876000000,1.1880400000,1.1849700000,1.1850600000,14235,OTHER,false
2021-09-07T16:00:00Z,1.1850700000,1.1860500000,1.1837300000,1.1845500000,14675,OTHER,false
2021-09-07T20:00:00Z,1.1845400000,1.1853400000,1.1838100000,1.1840200000,6035,OTHER,false
2021-09-08T00:00:00Z,1.1835600000,1.1848100000,1.1835600000,1.1848000000,2981,OTHER,false
2021-09-08T04:00:00Z,1.1848100000,1.1851200000,1.1840900000,1.1843700000,4945,OTHER,false
2021-09-08T08:00:00Z,1.1843700000,1.1844900000,1.1816200000,1.1821600000,15260,LONDON,false
2021-09-08T12:00:00Z,1.1821800000,1.1829400000,1.1812200000,1.1821100000,13741,OTHER,false
2021-09-08T16:00:00Z,1.1821100000,1.1828800000,1.1802200000,1.1818700000,20338,OTHER,false
2021-09-08T20:00:00Z,1.1818800000,1.1830000000,1.1814800000,1.1815000000,7491,OTHER,false
2021-09-09T00:00:00Z,1.1812500000,1.1819400000,1.1812100000,1.1814300000,3179,OTHER,false
2021-09-09T04:00:00Z,1.1814300000,1.1825300000,1.1811300000,1.1814100000,6244,OTHER,false
2021-09-09T08:00:00Z,1.1814100000,1.1836100000,1.1811400000,1.1833700000,13353,LONDON,false
2021-09-09T12:00:00Z,1.1833700000,1.1841300000,1.1808300000,1.1823400000,17976,OTHER,false
2021-09-09T16:00:00Z,1.1823500000,1.1834900000,1.1805300000,1.1831400000,20530,OTHER,false
2021-09-09T20:00:00Z,1.1831500000,1.1839800000,1.1821600000,1.1824400000,7282,OTHER,false
2021-09-10T00:00:00Z,1.1822900000,1.1827600000,1.1822000000,1.1824100000,2508,OTHER,false
2021-09-10T04:00:00Z,1.1824000000,1.1833100000,1.1818700000,1.1829900000,5188,OTHER,false
2021-09-10T08:00:00Z,1.1829800000,1.1851000000,1.1824600000,1.1847800000,9294,LONDON,false
2021-09-10T12:00:00Z,1.1847700000,1.1847900000,1.1826000000,1.1826900000,12046,OTHER,false
2021-09-10T16:00:00Z,1.1826900000,1.1837800000,1.1815600000,1.1818500000,16717,OTHER,false
2021-09-10T20:00:00Z,1.1818500000,1.1818700000,1.1809100000,1.1810700000,6897,OTHER,false
2021-09-13T00:00:00Z,1.1814300000,1.1814800000,1.1804700000,1.1805400000,3538,OTHER,false
2021-09-13T04:00:00Z,1.1805400000,1.1806900000,1.1793900000,1.1795700000,6031,OTHER,false
2021-09-13T08:00:00Z,1.1795600000,1.1796100000,1.1774700000,1.1789400000,12258,LONDON,false
2021-09-13T12:00:00Z,1.1789500000,1.1792900000,1.1770200000,1.1782400000,11269,OTHER,false
2021-09-13T16:00:00Z,1.1782400000,1.1817100000,1.1782400000,1.1807300000,13848,OTHER,false
2021-09-13T20:00:00Z,1.1807300000,1.1810600000,1.1801500000,1.1810300000,4871,OTHER,false
2021-09-14T00:00:00Z,1.1809200000,1.1811800000,1.1805600000,1.1808500000,2665,OTHER,false
2021-09-14T04:00:00Z,1.1808300000,1.1818900000,1.1806200000,1.1813300000,5603,OTHER,false
2021-09-14T08:00:00Z,1.1813300000,1.1829900000,1.1806600000,1.1821200000,10419,LONDON,false
2021-09-14T12:00:00Z,1.1821300000,1.1846000000,1.1800200000,1.1841500000,14893,OTHER,false
2021-09-14T16:00:00Z,1.1841500000,1.1845700000,1.1815800000,1.1821800000,17506,OTHER,false
2021-09-14T20:00:00Z,1.1821900000,1.1826100000,1.1800100000,1.1802500000,7404,OTHER,false
2021-09-15T00:00:00Z,1.1801300000,1.1807600000,1.1800100000,1.1805400000,4871,OTHER,false
2021-09-15T04:00:00Z,1.1805400000,1.1812000000,1.1803500000,1.1805100000,5431,OTHER,false
2021-09-15T08:00:00Z,1.1805100000,1.1828700000,1.1799100000,1.1826100000,12194,LONDON,false
2021-09-15T12:00:00Z,1.1826200000,1.1831900000,1.1807500000,1.1811600000,13830,OTHER,false
2021-09-15T16:00:00Z,1.1811500000,1.1822600000,1.1803300000,1.1803900000,16264,OTHER,false
2021-09-15T20:00:00Z,1.1803900000,1.1817700000,1.1803700000,1.1816500000,5483,OTHER,false
2021-09-16T00:00:00Z,1.1815300000,1.1820600000,1.1813000000,1.1819100000,2990,OTHER,false
2021-09-16T04:00:00Z,1.1819000000,1.1819900000,1.1809200000,1.1809700000,4144,OTHER,false
2021-09-16T08:00:00Z,1.1809700000,1.1811900000,1.1772000000,1.1772500000,13598,LONDON,false
2021-09-16T12:00:00Z,1.1772500000,1.1777800000,1.1752000000,1.1755200000,15312,OTHER,false
2021-09-16T16:00:00Z,1.1755100000,1.1768400000,1.1750600000,1.1759600000,14681,OTHER,false
2021-09-16T20:00:00Z,1.1759600000,1.1771200000,1.1753400000,1.1765200000,7558,OTHER,false
2021-09-17T00:00:00Z,1.1767500000,1.1768500000,1.1759200000,1.1759800000,3913,OTHER,false
2021-09-17T04:00:00Z,1.1759800000,1.1773500000,1.1758700000,1.1773100000,5535,OTHER,false
2021-09-17T08:00:00Z,1.1773200000,1.1784900000,1.1768000000,1.1777200000,10356,LONDON,false
2021-09-17T12:00:00Z,1.1777300000,1.1788800000,1.1772500000,1.1773600000,12792,OTHER,false
2021-09-17T16:00:00Z,1.1773600000,1.1775000000,1.1724800000,1.1725700000,17918,OTHER,false
2021-09-17T20:00:00Z,1.1725700000,1.1732200000,1.1724200000,1.1725000000,5699,OTHER,false
2021-09-20T00:00:00Z,1.1727200000,1.1730300000,1.1722700000,1.1723500000,3311,OTHER,false
2021-09-20T04:00:00Z,1.1723400000,1.1724000000,1.1709700000,1.1714900000,4963,OTHER,false
2021-09-20T08:00:00Z,1.1714900000,1.1718400000,1.1705300000,1.1709700000,11729,LONDON,false
2021-09-20T12:00:00Z,1.1709700000,1.1716900000,1.1700400000,1.1714200000,13590,OTHER,false
2021-09-20T16:00:00Z,1.1714200000,1.1736300000,1.1711300000,1.1722400000,16707,OTHER,false
2021-09-20T20:00:00Z,1.1722400000,1.1731200000,1.1722200000,1.1725700000,8144,OTHER,false
2021-09-21T00:00:00Z,1.1724800000,1.1730800000,1.1722000000,1.1725700000,3706,OTHER,false
2021-09-21T04:00:00Z,1.1725700000,1.1740100000,1.1723400000,1.1731900000,5213,OTHER,false
2021-09-21T08:00:00Z,1.1731900000,1.1737600000,1.1718300000,1.1734000000,11978,LONDON,false
2021-09-21T12:00:00Z,1.1733900000,1.1748600000,1.1730000000,1.1739500000,12490,OTHER,false
2021-09-21T16:00:00Z,1.1739500000,1.1741700000,1.1714900000,1.1728400000,16854,OTHER,false
2021-09-21T20:00:00Z,1.1728300000,1.1732200000,1.1718700000,1.1725200000,8273,OTHER,false
2021-09-22T00:00:00Z,1.1724000000,1.1727400000,1.1716900000,1.1719600000,3281,OTHER,false
2021-09-22T04:00:00Z,1.1719600000,1.1730600000,1.1716600000,1.1721800000,7609,OTHER,false
2021-09-22T08:00:00Z,1.1721900000,1.1737600000,1.1716800000,1.1734100000,10761,LONDON,false
2021-09-22T12:00:00Z,1.1734200000,1.1736700000,1.1724300000,1.1729700000,9472,OTHER,false
2021-09-22T16:00:00Z,1.1729700000,1.1744800000,1.1724200000,1.1735200000,14203,OTHER,false
2021-09-22T20:00:00Z,1.1735200000,1.1755500000,1.1684300000,1.1686600000,27245,OTHER,false
2021-09-23T00:00:00Z,1.1686000000,1.1694500000,1.1683500000,1.1688800000,3970,OTHER,false
2021-09-23T04:00:00Z,1.1688800000,1.1709700000,1.1686400000,1.1709400000,6075,OTHER,false
2021-09-23T08:00:00Z,1.1709400000,1.1729200000,1.1705800000,1.1721000000,15097,LONDON,false
2021-09-23T12:00:00Z,1.1720900000,1.1732600000,1.1711300000,1.1729100000,18844,OTHER,false
2021-09-23T16:00:00Z,1.1729100000,1.1750100000,1.1721500000,1.1744000000,17363,OTHER,false
2021-09-23T20:00:00Z,1.1744100000,1.1749300000,1.1735400000,1.1738100000,7187,OTHER,false
2021-09-24T00:00:00Z,1.1737900000,1.1747600000,1.1734100000,1.1746100000,3666,OTHER,false
2021-09-24T04:00:00Z,1.1746300000,1.1746600000,1.1735900000,1.1737100000,6420,OTHER,false
2021-09-24T08:00:00Z,1.1737100000,1.1741600000,1.1731000000,1.1736100000,11710,LONDON,false
2021-09-24T12:00:00Z,1.1736100000,1.1738100000,1.1706700000,1.1706700000,10817,OTHER,false
2021-09-24T16:00:00Z,1.1706700000,1.1725000000,1.1700700000,1.1715800000,14965,OTHER,false
2021-09-24T20:00:00Z,1.1715800000,1.1721800000,1.1712700000,1.1720600000,3823,OTHER,false
2021-09-27T00:00:00Z,1.1725500000,1.1725500000,1.1712800000,1.1717300000,4349,OTHER,false
2021-09-27T04:00:00Z,1.1717300000,1.1725300000,1.1716600000,1.1722300000,3849,OTHER,false
2021-09-27T08:00:00Z,1.1722200000,1.1724400000,1.1684800000,1.1689600000,13002,LONDON,false
2021-09-27T12:00:00Z,1.1689600000,1.1710500000,1.1689300000,1.1707300000,16070,OTHER,false
2021-09-27T16:00:00Z,1.1707400000,1.1709800000,1.1690800000,1.1702200000,15747,OTHER,false
2021-09-27T20:00:00Z,1.1702000000,1.1708200000,1.1694100000,1.1695200000,4790,OTHER,false
2021-09-28T00:00:00Z,1.1694000000,1.1697700000,1.1686000000,1.1688800000,1637,OTHER,false
2021-09-28T04:00:00Z,1.1688900000,1.1698700000,1.1685100000,1.1698600000,2601,OTHER,false
2021-09-28T08:00:00Z,1.1698600000,1.1703200000,1.1672100000,1.1680600000,10085,LONDON,false
2021-09-28T12:00:00Z,1.1680700000,1.1693200000,1.1673000000,1.1680600000,16957,OTHER,false
2021-09-28T16:00:00Z,1.1680600000,1.1701100000,1.1668200000,1.1681800000,23887,OTHER,false
2021-09-28T20:00:00Z,1.1681800000,1.1689000000,1.1675400000,1.1682600000,9626,OTHER,false
2021-09-29T00:00:00Z,1.1682500000,1.1687600000,1.1679600000,1.1681100000,3204,OTHER,false
2021-09-29T04:00:00Z,1.1681100000,1.1690100000,1.1677900000,1.1686600000,6580,OTHER,false
2021-09-29T08:00:00Z,1.1686600000,1.1687900000,1.1656600000,1.1663700000,17374,LONDON,false
2021-09-29T12:00:00Z,1.1663700000,1.1671400000,1.1640100000,1.1645600000,15580,OTHER,false
2021-09-29T16:00:00Z,1.1645700000,1.1646400000,1.1600800000,1.1601500000,18636,OTHER,false
2021-09-29T20:00:00Z,1.1601500000,1.1605000000,1.1589400000,1.1596900000,7590,OTHER,false
2021-09-30T00:00:00Z,1.1596300000,1.1603700000,1.1592000000,1.1603500000,2639,OTHER,false
2021-09-30T04:00:00Z,1.1603500000,1.1608600000,1.1601100000,1.1607900000,3125,OTHER,false
2021-09-30T08:00:00Z,1.1607900000,1.1609700000,1.1591500000,1.1604100000,12557,LONDON,false
2021-09-30T12:00:00Z,1.1604100000,1.1606700000,1.1567900000,1.1590900000,14226,OTHER,false
2021-09-30T16:00:00Z,1.1590800000,1.1598300000,1.1562600000,1.1570700000,25739,OTHER,false
2021-09-30T20:00:00Z,1.1570700000,1.1588700000,1.1563100000,1.1576900000,10231,OTHER,false
2021-10-01T00:00:00Z,1.1574000000,1.1581900000,1.1565200000,1.1565200000,3704,OTHER,false
2021-10-01T04:00:00Z,1.1565200000,1.1582100000,1.1563000000,1.1580600000,7291,OTHER,false
2021-10-01T08:00:00Z,1.1580600000,1.1591200000,1.1574500000,1.1578600000,14990,LONDON,false
2021-10-01T12:00:00Z,1.1578600000,1.1607000000,1.1572500000,1.1603800000,14825,OTHER,false
2021-10-01T16:00:00Z,1.1603800000,1.1607500000,1.1583800000,1.1596800000,21509,OTHER,false
2021-10-01T20:00:00Z,1.1596800000,1.1602500000,1.1590800000,1.1592700000,4458,OTHER,false
2021-10-04T00:00:00Z,1.1592200000,1.1613700000,1.1592200000,1.1602700000,4696,OTHER,false
2021-10-04T04:00:00Z,1.1602700000,1.1604000000,1.1587600000,1.1595800000,5358,OTHER,false
2021-10-04T08:00:00Z,1.1595900000,1.1616000000,1.1595700000,1.1612500000,12253,LONDON,false
2021-10-04T12:00:00Z,1.1612600000,1.1640000000,1.1607900000,1.1632500000,11308,OTHER,false
2021-10-04T16:00:00Z,1.1632500000,1.1639300000,1.1615200000,1.1619100000,15597,OTHER,false
2021-10-04T20:00:00Z,1.1619100000,1.1627800000,1.1616100000,1.1619300000,5778,OTHER,false
2021-10-05T00:00:00Z,1.1618400000,1.1621600000,1.1610500000,1.1611600000,3637,OTHER,false
2021-10-05T04:00:00Z,1.1611600000,1.1613400000,1.1594300000,1.1594700000,5123,OTHER,false
2021-10-05T08:00:00Z,1.1594700000,1.1605100000,1.1590000000,1.1598700000,10797,LONDON,false
2021-10-05T12:00:00Z,1.1598700000,1.1605500000,1.1590200000,1.1600200000,10068,OTHER,false
2021-10-05T16:00:00Z,1.1600200000,1.1613100000,1.1580600000,1.1605100000,16404,OTHER,false
2021-10-05T20:00:00Z,1.1605100000,1.1608300000,1.1593700000,1.1597200000,4504,OTHER,false
2021-10-06T00:00:00Z,1.1595900000,1.1601900000,1.1592000000,1.1593600000,3893,OTHER,false
2021-10-06T04:00:00Z,1.1593600000,1.1596600000,1.1583300000,1.1584700000,5628,OTHER,false
2021-10-06T08:00:00Z,1.1584700000,1.1590100000,1.1551000000,1.1552100000,14092,LONDON,false
2021-10-06T12:00:00Z,1.1552100000,1.1554200000,1.1529200000,1.1545100000,15963,OTHER,false
2021-10-06T16:00:00Z,1.1545100000,1.1555600000,1.1532500000,1.1543300000,16511,OTHER,false
2021-10-06T20:00:00Z,1.1543300000,1.1559400000,1.1543300000,1.1555600000,7307,OTHER,false
2021-10-07T00:00:00Z,1.1553800000,1.1561000000,1.1551700000,1.1558400000,3978,OTHER,false
2021-10-07T04:00:00Z,1.1558400000,1.1559100000,1.1551100000,1.1555300000,3998,OTHER,false
2021-10-07T08:00:00Z,1.1555300000,1.1570600000,1.1549000000,1.1560300000,11379,LONDON,false
2021-10-07T12:00:00Z,1.1560200000,1.1572300000,1.1550300000,1.1555800000,11033,OTHER,false
2021-10-07T16:00:00Z,1.1555700000,1.1568900000,1.1547400000,1.1555600000,14565,OTHER,false
2021-10-07T20:00:00Z,1.1555600000,1.1564800000,1.1549300000,1.1552700000,5658,OTHER,false
2021-10-08T00:00:00Z,1.1552600000,1.1559800000,1.1549200000,1.1558400000,3820,OTHER,false
2021-10-08T04:00:00Z,1.1558500000,1.1559100000,1.1547200000,1.1548200000,5449,OTHER,false
2021-10-08T08:00:00Z,1.1548200000,1.1556200000,1.1541400000,1.1553500000,10198,LONDON,false
2021-10-08T12:00:00Z,1.1553500000,1.1586100000,1.1553100000,1.1570900000,15684,OTHER,false
2021-10-08T16:00:00Z,1.1570900000,1.1579500000,1.1555600000,1.1564300000,19615,OTHER,false
2021-10-08T20:00:00Z,1.1564300000,1.1578200000,1.1559600000,1.1573600000,5204,OTHER,false
2021-10-11T00:00:00Z,1.1565900000,1.1577600000,1.1563500000,1.1574700000,3619,OTHER,false
2021-10-11T04:00:00Z,1.1574700000,1.1579400000,1.1568300000,1.1572300000,5065,OTHER,false
2021-10-11T08:00:00Z,1.1572300000,1.1586700000,1.1564200000,1.1570000000,11825,LONDON,false
2021-10-11T12:00:00Z,1.1570000000,1.1573800000,1.1552200000,1.1561400000,10485,OTHER,false
2021-10-11T16:00:00Z,1.1561300000,1.1583700000,1.1561100000,1.1563400000,10015,OTHER,false
2021-10-11T20:00:00Z,1.1563600000,1.1564500000,1.1548700000,1.1551700000,5476,OTHER,false
2021-10-12T00:00:00Z,1.1552200000,1.1554600000,1.1547300000,1.1549300000,3625,OTHER,false
2021-10-12T04:00:00Z,1.1549400000,1.1560700000,1.1547700000,1.1556200000,4845,OTHER,false
2021-10-12T08:00:00Z,1.1556300000,1.1570200000,1.1555300000,1.1561700000,11736,LONDON,false
2021-10-12T12:00:00Z,1.1561800000,1.1567200000,1.1533200000,1.1541300000,12552,OTHER,false
2021-10-12T16:00:00Z,1.1541500000,1.1550000000,1.1525000000,1.1528200000,18407,OTHER,false
2021-10-12T20:00:00Z,1.1528000000,1.1534700000,1.1524200000,1.1529500000,6633,OTHER,false
2021-10-13T00:00:00Z,1.1529400000,1.1542400000,1.1525000000,1.1541100000,3503,OTHER,false
2021-10-13T04:00:00Z,1.1541100000,1.1555700000,1.1540600000,1.1552300000,5303,OTHER,false
2021-10-13T08:00:00Z,1.1552300000,1.1560200000,1.1545600000,1.1556500000,12567,LONDON,false
2021-10-13T12:00:00Z,1.1556500000,1.1566800000,1.1536300000,1.1542700000,15939,OTHER,false
2021-10-13T16:00:00Z,1.1542700000,1.1578700000,1.1540200000,1.1577800000,20931,OTHER,false
2021-10-13T20:00:00Z,1.1577900000,1.1597300000,1.1577800000,1.1594000000,9359,OTHER,false
2021-10-14T00:00:00Z,1.1590300000,1.1601000000,1.1587900000,1.1598800000,4907,OTHER,false
2021-10-14T04:00:00Z,1.1598800000,1.1600800000,1.1588700000,1.1590100000,6315,OTHER,false
2021-10-14T08:00:00Z,1.1590100000,1.1618800000,1.1587600000,1.1616000000,11789,LONDON,false
2021-10-14T12:00:00Z,1.1616000000,1.1624500000,1.1597800000,1.1606400000,13286,OTHER,false
2021-10-14T16:00:00Z,1.1606400000,1.1607000000,1.1583800000,1.1588200000,14342,OTHER,false
2021-10-14T20:00:00Z,1.1588000000,1.1602100000,1.1584500000,1.1595900000,5949,OTHER,false
2021-10-15T00:00:00Z,1.1594700000,1.1598700000,1.1588000000,1.1593700000,3991,OTHER,false
2021-10-15T04:00:00Z,1.1593700000,1.1611700000,1.1593500000,1.1607900000,5804,OTHER,false
2021-10-15T08:00:00Z,1.1607900000,1.1618600000,1.1599400000,1.1603300000,13288,LONDON,false
2021-10-15T12:00:00Z,1.1603300000,1.1612100000,1.1588700000,1.1591700000,14573,OTHER,false
2021-10-15T16:00:00Z,1.1591800000,1.1610100000,1.1589200000,1.1594900000,17565,OTHER,false
2021-10-15T20:00:00Z,1.1595000000,1.1605800000,1.1593000000,1.1598100000,5965,OTHER,false
2021-10-18T00:00:00Z,1.1597600000,1.1604700000,1.1582900000,1.1584200000,5441,OTHER,false
2021-10-18T04:00:00Z,1.1584300000,1.1594100000,1.1577700000,1.1578700000,7497,OTHER,false
2021-10-18T08:00:00Z,1.1578700000,1.1596200000,1.1571700000,1.1580600000,13852,LONDON,false
2021-10-18T12:00:00Z,1.1580700000,1.1609600000,1.1576700000,1.1601300000,15717,OTHER,false
2021-10-18T16:00:00Z,1.1601300000,1.1621800000,1.1592500000,1.1621600000,15384,OTHER,false
2021-10-18T20:00:00Z,1.1621700000,1.1622400000,1.1608500000,1.1609700000,5663,OTHER,false
2021-10-19T00:00:00Z,1.1608800000,1.1625300000,1.1607400000,1.1625200000,3891,OTHER,false
2021-10-19T04:00:00Z,1.1625100000,1.1655000000,1.1624300000,1.1645600000,7692,OTHER,false
2021-10-19T08:00:00Z,1.1645600000,1.1661100000,1.1644800000,1.1660300000,15007,LONDON,false
2021-10-19T12:00:00Z,1.1660300000,1.1669200000,1.1645600000,1.1645800000,13772,OTHER,false
2021-10-19T16:00:00Z,1.1645800000,1.1658400000,1.1629800000,1.1636000000,14488,OTHER,false
2021-10-19T20:00:00Z,1.1636000000,1.1644300000,1.1630800000,1.1632500000,5699,OTHER,false
2021-10-20T00:00:00Z,1.1630400000,1.1635700000,1.1627600000,1.1635000000,5320,OTHER,false
2021-10-20T04:00:00Z,1.1634900000,1.1651400000,1.1632800000,1.1651000000,8105,OTHER,false
2021-10-20T08:00:00Z,1.1651000000,1.1652100000,1.1617000000,1.1626200000,13434,LONDON,false
2021-10-20T12:00:00Z,1.1626000000,1.1643000000,1.1621300000,1.1638700000,12032,OTHER,false
2021-10-20T16:00:00Z,1.1638700000,1.1657900000,1.1636200000,1.1656200000,15372,OTHER,false
2021-10-20T20:00:00Z,1.1656200000,1.1658600000,1.1647500000,1.1650500000,7511,OTHER,false
2021-10-21T00:00:00Z,1.1647800000,1.1658200000,1.1641900000,1.1656700000,4137,OTHER,false
2021-10-21T04:00:00Z,1.1656700000,1.1667500000,1.1650500000,1.1651600000,8859,OTHER,false
2021-10-21T08:00:00Z,1.1651700000,1.1656700000,1.1634000000,1.1641800000,13843,LONDON,false
2021-10-21T12:00:00Z,1.1641800000,1.1650900000,1.1631000000,1.1643000000,13462,OTHER,false
2021-10-21T16:00:00Z,1.1643000000,1.1651800000,1.1634100000,1.1635800000,16848,OTHER,false
2021-10-21T20:00:00Z,1.1635800000,1.1639700000,1.1619200000,1.1624000000,8040,OTHER,false
2021-10-22T00:00:00Z,1.1619700000,1.1628200000,1.1619400000,1.1625600000,4960,OTHER,false
2021-10-22T04:00:00Z,1.1625600000,1.1631900000,1.1624700000,1.1626000000,5840,OTHER,false
2021-10-22T08:00:00Z,1.1626100000,1.1646600000,1.1623400000,1.1641200000,12958,LONDON,false
2021-10-22T12:00:00Z,1.1641200000,1.1644000000,1.1624600000,1.1637300000,13090,OTHER,false
2021-10-22T16:00:00Z,1.1637200000,1.1655400000,1.1621900000,1.1632400000,21864,OTHER,false
2021-10-22T20:00:00Z,1.1632400000,1.1643900000,1.1624200000,1.1643700000,6460,OTHER,false
2021-10-25T00:00:00Z,1.1638000000,1.1648200000,1.1635500000,1.1645500000,5093,OTHER,false
2021-10-25T04:00:00Z,1.1645600000,1.1665000000,1.1639100000,1.1660000000,7827,OTHER,false
2021-10-25T08:00:00Z,1.1660000000,1.1664200000,1.1641200000,1.1649800000,12932,LONDON,false
2021-10-25T12:00:00Z,1.1649800000,1.1649900000,1.1590700000,1.1594900000,15219,OTHER,false
2021-10-25T16:00:00Z,1.1594800000,1.1615100000,1.1593800000,1.1605700000,14441,OTHER,false
2021-10-25T20:00:00Z,1.1605700000,1.1616800000,1.1605700000,1.1608100000,4213,OTHER,false
2021-10-26T00:00:00Z,1.1607600000,1.1611600000,1.1599000000,1.1604000000,3564,OTHER,false
2021-10-26T04:00:00Z,1.1603900000,1.1609300000,1.1596800000,1.1604300000,5859,OTHER,false
2021-10-26T08:00:00Z,1.1604400000,1.1613200000,1.1594100000,1.1608500000,12112,LONDON,false
2021-10-26T12:00:00Z,1.1608400000,1.1625700000,1.1605500000,1.1617500000,13481,OTHER,false
2021-10-26T16:00:00Z,1.1617600000,1.1622500000,1.1585000000,1.1587100000,14918,OTHER,false
2021-10-26T20:00:00Z,1.1587000000,1.1600700000,1.1586600000,1.1595700000,5041,OTHER,false
2021-10-27T00:00:00Z,1.1595500000,1.1604300000,1.1584900000,1.1602400000,5010,OTHER,false
2021-10-27T04:00:00Z,1.1602400000,1.1605000000,1.1597700000,1.1603300000,4879,OTHER,false
2021-10-27T08:00:00Z,1.1603300000,1.1613300000,1.1592000000,1.1595000000,12885,LONDON,false
2021-10-27T12:00:00Z,1.1594900000,1.1625700000,1.1584800000,1.1618100000,15013,OTHER,false
2021-10-27T16:00:00Z,1.1617900000,1.1624000000,1.1588100000,1.1608700000,20545,OTHER,false
2021-10-27T20:00:00Z,1.1608700000,1.1616100000,1.1598400000,1.1602600000,8221,OTHER,false
2021-10-28T00:00:00Z,1.1602300000,1.1604700000,1.1590100000,1.1592500000,3860,OTHER,false
2021-10-28T04:00:00Z,1.1592500000,1.1609700000,1.1589300000,1.1606700000,7444,OTHER,false
2021-10-28T08:00:00Z,1.1606700000,1.1614200000,1.1583100000,1.1590200000,14034,LONDON,false
2021-10-28T12:00:00Z,1.1590200000,1.1635800000,1.1582400000,1.1630000000,21838,OTHER,false
2021-10-28T16:00:00Z,1.1630000000,1.1692000000,1.1624300000,1.1678300000,26772,OTHER,false
2021-10-28T20:00:00Z,1.1678300000,1.1689100000,1.1671400000,1.1680100000,8866,OTHER,false
2021-10-29T00:00:00Z,1.1678100000,1.1690100000,1.1677300000,1.1684200000,6690,OTHER,false
2021-10-29T04:00:00Z,1.1684200000,1.1686100000,1.1664200000,1.1664500000,9033,OTHER,false
2021-10-29T08:00:00Z,1.1664500000,1.1675800000,1.1649000000,1.1650500000,15802,LONDON,false
2021-10-29T12:00:00Z,1.1651100000,1.1656800000,1.1621200000,1.1625700000,18361,OTHER,false
2021-10-29T16:00:00Z,1.1625800000,1.1635800000,1.1535300000,1.1538700000,26813,OTHER,false
2021-10-29T20:00:00Z,1.1538700000,1.1562900000,1.1538000000,1.1562000000,5470,OTHER,false
2021-11-01T00:00:00Z,1.1562600000,1.1563700000,1.1551400000,1.1556500000,4943,OTHER,false
2021-11-01T04:00:00Z,1.1556400000,1.1563800000,1.1546000000,1.1563400000,4154,OTHER,false
2021-11-01T08:00:00Z,1.1563300000,1.1575200000,1.1547300000,1.1565800000,12360,LONDON,false
2021-11-01T12:00:00Z,1.1565800000,1.1580400000,1.1564700000,1.1572300000,10909,OTHER,false
2021-11-01T16:00:00Z,1.1572300000,1.1594900000,1.1565500000,1.1594500000,11013,OTHER,false
2021-11-01T20:00:00Z,1.1594500000,1.1609000000,1.1594200000,1.1604100000,7960,OTHER,false
2021-11-02T00:00:00Z,1.1602800000,1.1605300000,1.1595100000,1.1597800000,3871,OTHER,false
2021-11-02T04:00:00Z,1.1597900000,1.1608400000,1.1595900000,1.1607200000,5313,OTHER,false
2021-11-02T08:00:00Z,1.1607200000,1.1613200000,1.1586000000,1.1598900000,12600,LONDON,false
2021-11-02T12:00:00Z,1.1598900000,1.1607700000,1.1589000000,1.1591300000,15446,OTHER,false
2021-11-02T16:00:00Z,1.1591300000,1.1599600000,1.1575300000,1.1583200000,14730,OTHER,false
2021-11-02T20:00:00Z,1.1583000000,1.1585500000,1.1574700000,1.1578000000,4366,OTHER,false
2021-11-03T00:00:00Z,1.1577000000,1.1583100000,1.1574700000,1.1582200000,3420,OTHER,false
2021-11-03T04:00:00Z,1.1582200000,1.1587400000,1.1579600000,1.1585100000,3727,OTHER,false
2021-11-03T08:00:00Z,1.1585200000,1.1597900000,1.1578500000,1.1592700000,9498,LONDON,false
2021-11-03T12:00:00Z,1.1592700000,1.1592800000,1.1568100000,1.1571100000,14205,OTHER,false
2021-11-03T16:00:00Z,1.1571000000,1.1587000000,1.1562100000,1.1582700000,13719,OTHER,false
2021-11-03T20:00:00Z,1.1583000000,1.1616100000,1.1571700000,1.1613100000,24960,OTHER,false
2021-11-04T00:00:00Z,1.1611000000,1.1616200000,1.1603000000,1.1603600000,4954,OTHER,false
2021-11-04T04:00:00Z,1.1603700000,1.1606800000,1.1585400000,1.1588900000,4769,OTHER,false
2021-11-04T08:00:00Z,1.1588600000,1.1588600000,1.1547400000,1.1552900000,12511,LONDON,false
2021-11-04T12:00:00Z,1.1552800000,1.1573100000,1.1542700000,1.1553500000,18141,OTHER,false
2021-11-04T16:00:00Z,1.1553400000,1.1556700000,1.1528400000,1.1547200000,17678,OTHER,false
2021-11-04T20:00:00Z,1.1547200000,1.1557500000,1.1546700000,1.1553900000,7206,OTHER,false
2021-11-05T00:00:00Z,1.1553700000,1.1555800000,1.1545000000,1.1550400000,6315,OTHER,false
2021-11-05T04:00:00Z,1.1550500000,1.1557700000,1.1540900000,1.1553100000,5294,OTHER,false
2021-11-05T08:00:00Z,1.1552900000,1.1563000000,1.1539300000,1.1542600000,12521,LONDON,false
2021-11-05T12:00:00Z,1.1542500000,1.1542500000,1.1513400000,1.1519200000,21871,OTHER,false
2021-11-05T16:00:00Z,1.1519000000,1.1568100000,1.1517900000,1.1556800000,17040,OTHER,false
2021-11-05T20:00:00Z,1.1556800000,1.1573000000,1.1548200000,1.1566500000,5082,OTHER,false
2021-11-08T00:00:00Z,1.1559700000,1.1569200000,1.1553600000,1.1554800000,5964,OTHER,false
2021-11-08T04:00:00Z,1.1554800000,1.1563400000,1.1553200000,1.1559900000,5298,OTHER,false
2021-11-08T08:00:00Z,1.1559800000,1.1576000000,1.1550300000,1.1561400000,13662,LONDON,false
2021-11-08T12:00:00Z,1.1561400000,1.1583000000,1.1555200000,1.1568600000,11390,OTHER,false
2021-11-08T16:00:00Z,1.1568900000,1.1595000000,1.1564200000,1.1586000000,12951,OTHER,false
2021-11-08T20:00:00Z,1.1586000000,1.1591100000,1.1582500000,1.1586400000,5290,OTHER,false
2021-11-09T00:00:00Z,1.1584000000,1.1590800000,1.1577100000,1.1580000000,5281,OTHER,false
2021-11-09T04:00:00Z,1.1580000000,1.1606600000,1.1579400000,1.1599500000,8141,OTHER,false
2021-11-09T08:00:00Z,1.1599500000,1.1606500000,1.1580400000,1.1593500000,12641,LONDON,false
2021-11-09T12:00:00Z,1.1593400000,1.1598600000,1.1569700000,1.1596300000,14171,OTHER,false
2021-11-09T16:00:00Z,1.1596000000,1.1608600000,1.1571400000,1.1591500000,20222,OTHER,false
2021-11-09T20:00:00Z,1.1591500000,1.1598600000,1.1586900000,1.1592900000,6838,OTHER,false
2021-11-10T00:00:00Z,1.1590800000,1.1595300000,1.1588000000,1.1591400000,5125,OTHER,false
2021-11-10T04:00:00Z,1.1591400000,1.1592100000,1.1577000000,1.1577500000,6167,OTHER,false
2021-11-10T08:00:00Z,1.1577500000,1.1582300000,1.1558000000,1.1577400000,14248,LONDON,false
2021-11-10T12:00:00Z,1.1577500000,1.1581200000,1.1532800000,1.1553400000,16836,OTHER,false
2021-11-10T16:00:00Z,1.1553300000,1.1574300000,1.1505600000,1.1512300000,26453,OTHER,false
2021-11-10T20:00:00Z,1.1512300000,1.1515700000,1.1475600000,1.1478300000,17126,OTHER,false
2021-11-11T00:00:00Z,1.1477400000,1.1487600000,1.1472500000,1.1479000000,5977,OTHER,false
2021-11-11T04:00:00Z,1.1479100000,1.1484700000,1.1464500000,1.1479400000,5736,OTHER,false
2021-11-11T08:00:00Z,1.1479400000,1.1485100000,1.1453900000,1.1463200000,12427,LONDON,false
2021-11-11T12:00:00Z,1.1463000000,1.1475000000,1.1454100000,1.1459800000,13372,OTHER,false
2021-11-11T16:00:00Z,1.1459800000,1.1477200000,1.1450000000,1.1451000000,11026,OTHER,false
2021-11-11T20:00:00Z,1.1451000000,1.1452500000,1.1442900000,1.1449500000,5189,OTHER,false
2021-11-12T00:00:00Z,1.1448400000,1.1451000000,1.1436100000,1.1438500000,5579,OTHER,false
2021-11-12T04:00:00Z,1.1438500000,1.1444400000,1.1436200000,1.1443900000,5218,OTHER,false
2021-11-12T08:00:00Z,1.1444000000,1.1456000000,1.1437600000,1.1442800000,12390,LONDON,false
2021-11-12T12:00:00Z,1.1442700000,1.1455500000,1.1437200000,1.1445800000,11767,OTHER,false
2021-11-12T16:00:00Z,1.1445800000,1.1462300000,1.1432800000,1.1449400000,17566,OTHER,false
2021-11-12T20:00:00Z,1.1449300000,1.1451900000,1.1440900000,1.1442700000,5089,OTHER,false
2021-11-15T00:00:00Z,1.1445600000,1.1460100000,1.1440900000,1.1459900000,4956,OTHER,false
2021-11-15T04:00:00Z,1.1460000000,1.1464100000,1.1455000000,1.1460100000,5168,OTHER,false
2021-11-15T08:00:00Z,1.1460000000,1.1462100000,1.1436900000,1.1448500000,12641,LONDON,false
2021-11-15T12:00:00Z,1.1448400000,1.1456600000,1.1439400000,1.1445600000,13368,OTHER,false
2021-11-15T16:00:00Z,1.1445800000,1.1446100000,1.1379700000,1.1385700000,19631,OTHER,false
2021-11-15T20:00:00Z,1.1385300000,1.1390000000,1.1356200000,1.1367200000,8518,OTHER,false
2021-11-16T00:00:00Z,1.1366600000,1.1379400000,1.1359300000,1.1378800000,7042,OTHER,false
2021-11-16T04:00:00Z,1.1378800000,1.1385500000,1.1375500000,1.1377100000,6330,OTHER,false
2021-11-16T08:00:00Z,1.1376900000,1.1382300000,1.1358000000,1.1361300000,13703,LONDON,false
2021-11-16T12:00:00Z,1.1361300000,1.1374900000,1.1351400000,1.1362100000,16506,OTHER,false
2021-11-16T16:00:00Z,1.1361700000,1.1362400000,1.1319400000,1.1327400000,21890,OTHER,false
2021-11-16T20:00:00Z,1.1327400000,1.1334200000,1.1308800000,1.1319400000,10238,OTHER,false
2021-11-17T00:00:00Z,1.1318400000,1.1326700000,1.1309400000,1.1323000000,6414,OTHER,false
2021-11-17T04:00:00Z,1.1323100000,1.1324000000,1.1263200000,1.1299000000,12198,OTHER,false
2021-11-17T08:00:00Z,1.1299000000,1.1321100000,1.1295500000,1.1312500000,16502,LONDON,false
2021-11-17T12:00:00Z,1.1312500000,1.1332400000,1.1297800000,1.1298800000,13777,OTHER,false
2021-11-17T16:00:00Z,1.1299000000,1.1326200000,1.1293300000,1.1319200000,18878,OTHER,false
2021-11-17T20:00:00Z,1.1319200000,1.1326200000,1.1311100000,1.1318700000,9230,OTHER,false
2021-11-18T00:00:00Z,1.1317700000,1.1328500000,1.1315100000,1.1324400000,6864,OTHER,false
2021-11-18T04:00:00Z,1.1324400000,1.1338000000,1.1315700000,1.1318300000,9306,OTHER,false
2021-11-18T08:00:00Z,1.1318300000,1.1339900000,1.1313800000,1.1331800000,12471,LONDON,false
2021-11-18T12:00:00Z,1.1331800000,1.1348500000,1.1327700000,1.1334500000,13490,OTHER,false
2021-11-18T16:00:00Z,1.1334500000,1.1374000000,1.1326700000,1.1369900000,19686,OTHER,false
2021-11-18T20:00:00Z,1.1369900000,1.1374100000,1.1366600000,1.1370400000,7941,OTHER,false
2021-11-19T00:00:00Z,1.1368600000,1.1372400000,1.1355800000,1.1356500000,5485,OTHER,false
2021-11-19T04:00:00Z,1.1356500000,1.1358200000,1.1351900000,1.1352600000,4394,OTHER,false
2021-11-19T08:00:00Z,1.1352800000,1.1360800000,1.1282600000,1.1299600000,18701,LONDON,false
2021-11-19T12:00:00Z,1.1299600000,1.1305100000,1.1249800000,1.1287700000,25556,OTHER,false
2021-11-19T16:00:00Z,1.1287900000,1.1322200000,1.1287500000,1.1298400000,25603,OTHER,false
2021-11-19T20:00:00Z,1.1298300000,1.1302700000,1.1282900000,1.1282900000,10467,OTHER,false
2021-11-22T00:00:00Z,1.1288400000,1.1289800000,1.1264900000,1.1272400000,7910,OTHER,false
2021-11-22T04:00:00Z,1.1272400000,1.1278700000,1.1264800000,1.1277800000,9009,OTHER,false
2021-11-22T08:00:00Z,1.1277800000,1.1287800000,1.1260100000,1.1280000000,16890,LONDON,false
2021-11-22T12:00:00Z,1.1280000000,1.1290100000,1.1265600000,1.1280200000,15424,OTHER,false
2021-11-22T16:00:00Z,1.1280100000,1.1280200000,1.1235900000,1.1248400000,24296,OTHER,false
2021-11-22T20:00:00Z,1.1248500000,1.1250100000,1.1230700000,1.1236400000,8138,OTHER,false
2021-11-23T00:00:00Z,1.1236200000,1.1243900000,1.1231700000,1.1237300000,4174,OTHER,false
2021-11-23T04:00:00Z,1.1237300000,1.1241400000,1.1226000000,1.1234200000,5451,OTHER,false
2021-11-23T08:00:00Z,1.1234200000,1.1275000000,1.1232000000,1.1259300000,21593,LONDON,false
2021-11-23T12:00:00Z,1.1259300000,1.1269200000,1.1234400000,1.1251800000,19223,OTHER,false
2021-11-23T16:00:00Z,1.1251300000,1.1271400000,1.1240200000,1.1254000000,22040,OTHER,false
2021-11-23T20:00:00Z,1.1254200000,1.1255100000,1.1246100000,1.1247400000,9060,OTHER,false
2021-11-24T00:00:00Z,1.1246100000,1.1250000000,1.1238800000,1.1239600000,6078,OTHER,false
2021-11-24T04:00:00Z,1.1239500000,1.1245000000,1.1232500000,1.1239400000,8951,OTHER,false
2021-11-24T08:00:00Z,1.1239400000,1.1255400000,1.1205400000,1.1208200000,17737,LONDON,false
2021-11-24T12:00:00Z,1.1208100000,1.1220100000,1.1192200000,1.1207000000,19029,OTHER,false
2021-11-24T16:00:00Z,1.1206900000,1.1216000000,1.1186100000,1.1195800000,25234,OTHER,false
2021-11-24T20:00:00Z,1.1195700000,1.1205200000,1.1188300000,1.1198200000,9454,OTHER,false
2021-11-25T00:00:00Z,1.1196000000,1.1212500000,1.1195400000,1.1207100000,4034,OTHER,false
2021-11-25T04:00:00Z,1.1207200000,1.1218300000,1.1206400000,1.1212600000,4037,OTHER,false
2021-11-25T08:00:00Z,1.1212700000,1.1226500000,1.1212100000,1.1223000000,9226,LONDON,false
2021-11-25T12:00:00Z,1.1222800000,1.1229900000,1.1215000000,1.1219000000,9742,OTHER,false
2021-11-25T16:00:00Z,1.1219000000,1.1222300000,1.1206100000,1.1209300000,8456,OTHER,false
2021-11-25T20:00:00Z,1.1209300000,1.1212200000,1.1204600000,1.1208300000,12741,OTHER,false
2021-11-26T00:00:00Z,1.1206000000,1.1224800000,1.1204400000,1.1217900000,10472,OTHER,false
2021-11-26T04:00:00Z,1.1217900000,1.1227800000,1.1212300000,1.1224100000,11354,OTHER,false
2021-11-26T08:00:00Z,1.1224100000,1.1279100000,1.1220700000,1.1264800000,31069,LONDON,false
2021-11-26T12:00:00Z,1.1264800000,1.1297000000,1.1258000000,1.1293000000,24296,OTHER,false
2021-11-26T16:00:00Z,1.1293000000,1.1321300000,1.1282700000,1.1303500000,27352,OTHER,false
2021-11-26T20:00:00Z,1.1303900000,1.1330300000,1.1299200000,1.1321500000,9028,OTHER,false
2021-11-29T00:00:00Z,1.1300200000,1.1311200000,1.1279900000,1.1284000000,9036,OTHER,false
2021-11-29T04:00:00Z,1.1283600000,1.1285000000,1.1272500000,1.1277900000,7250,OTHER,false
2021-11-29T08:00:00Z,1.1277900000,1.1290500000,1.1260300000,1.1286200000,18611,LONDON,false
2021-11-29T12:00:00Z,1.1286200000,1.1294900000,1.1261700000,1.1262300000,13558,OTHER,false
2021-11-29T16:00:00Z,1.1262400000,1.1275500000,1.1258400000,1.1267900000,18771,OTHER,false
2021-11-29T20:00:00Z,1.1267900000,1.1292800000,1.1265300000,1.1290200000,7778,OTHER,false
2021-11-30T00:00:00Z,1.1288300000,1.1300100000,1.1282500000,1.1294200000,5302,OTHER,false
2021-11-30T04:00:00Z,1.1294200000,1.1313300000,1.1292600000,1.1311200000,8458,OTHER,false
2021-11-30T08:00:00Z,1.1311300000,1.1366600000,1.1307400000,1.1363400000,23957,LONDON,false
2021-11-30T12:00:00Z,1.1364000000,1.1372900000,1.1341300000,1.1365900000,17720,OTHER,false
2021-11-30T16:00:00Z,1.1365900000,1.1383000000,1.1235400000,1.1311500000,41277,OTHER,false
2021-11-30T20:00:00Z,1.1311400000,1.1345000000,1.1307700000,1.1338000000,12031,OTHER,false
2021-12-01T00:00:00Z,1.1335000000,1.1342000000,1.1317900000,1.1319900000,7854,OTHER,false
2021-12-01T04:00:00Z,1.1319900000,1.1337100000,1.1316300000,1.1336500000,6552,OTHER,false
2021-12-01T08:00:00Z,1.1336800000,1.1359700000,1.1302500000,1.1325500000,21295,LONDON,false
2021-12-01T12:00:00Z,1.1325300000,1.1340600000,1.1310700000,1.1337300000,16988,OTHER,false
2021-12-01T16:00:00Z,1.1337300000,1.1357700000,1.1315300000,1.1323500000,25033,OTHER,false
2021-12-01T20:00:00Z,1.1323600000,1.1329900000,1.1309100000,1.1319300000,12137,OTHER,false
2021-12-02T00:00:00Z,1.1317600000,1.1328400000,1.1312800000,1.1328100000,4663,OTHER,false
2021-12-02T04:00:00Z,1.1328000000,1.1339400000,1.1316700000,1.1318200000,5198,OTHER,false
2021-12-02T08:00:00Z,1.1318100000,1.1327600000,1.1307300000,1.1324400000,14545,LONDON,false
2021-12-02T12:00:00Z,1.1324400000,1.1347800000,1.1322800000,1.1334100000,18258,OTHER,false
2021-12-02T16:00:00Z,1.1334300000,1.1347200000,1.1295800000,1.1302500000,24682,OTHER,false
2021-12-02T20:00:00Z,1.1302500000,1.1308200000,1.1295200000,1.1300600000,8520,OTHER,false
2021-12-03T00:00:00Z,1.1299600000,1.1307300000,1.1290700000,1.1298800000,5179,OTHER,false
2021-12-03T04:00:00Z,1.1298800000,1.1302500000,1.1292700000,1.1299500000,4788,OTHER,false
2021-12-03T08:00:00Z,1.1299500000,1.1300000000,1.1281600000,1.1297500000,12566,LONDON,false
2021-12-03T12:00:00Z,1.1297500000,1.1333500000,1.1288200000,1.1310200000,19535,OTHER,false
2021-12-03T16:00:00Z,1.1310100000,1.1314500000,1.1266600000,1.1310900000,32323,OTHER,false
2021-12-03T20:00:00Z,1.1310900000,1.1327400000,1.1301200000,1.1308300000,12160,OTHER,false
2021-12-06T00:00:00Z,1.1299500000,1.1310400000,1.1288200000,1.1294300000,5891,OTHER,false
2021-12-06T04:00:00Z,1.1294200000,1.1296700000,1.1282100000,1.1282300000,4649,OTHER,false
2021-12-06T08:00:00Z,1.1282400000,1.1299600000,1.1274900000,1.1297400000,11562,LONDON,false
2021-12-06T12:00:00Z,1.1297400000,1.1310000000,1.1285000000,1.1297200000,11296,OTHER,false
2021-12-06T16:00:00Z,1.1297200000,1.1307900000,1.1266500000,1.1278900000,17244,OTHER,false
2021-12-06T20:00:00Z,1.1278900000,1.1285800000,1.1272600000,1.1284700000,6971,OTHER,false
2021-12-07T00:00:00Z,1.1282100000,1.1286900000,1.1275700000,1.1282000000,4022,OTHER,false
2021-12-07T04:00:00Z,1.1282100000,1.1293000000,1.1281000000,1.1287300000,5078,OTHER,false
2021-12-07T08:00:00Z,1.1287200000,1.1298300000,1.1253400000,1.1274400000,12955,LONDON,false
2021-12-07T12:00:00Z,1.1274500000,1.1277800000,1.1227400000,1.1240000000,15029,OTHER,false
2021-12-07T16:00:00Z,1.1240200000,1.1254700000,1.1235200000,1.1243800000,16342,OTHER,false
2021-12-07T20:00:00Z,1.1243800000,1.1273500000,1.1241500000,1.1267100000,6514,OTHER,false
2021-12-08T00:00:00Z,1.1265800000,1.1281300000,1.1263300000,1.1278600000,3651,OTHER,false
2021-12-08T04:00:00Z,1.1278700000,1.1295500000,1.1278700000,1.1293700000,4656,OTHER,false
2021-12-08T08:00:00Z,1.1293600000,1.1295300000,1.1278500000,1.1284800000,12307,LONDON,false
2021-12-08T12:00:00Z,1.1284800000,1.1317600000,1.1266800000,1.1316200000,24567,OTHER,false
2021-12-08T16:00:00Z,1.1316300000,1.1349700000,1.1300400000,1.1348600000,18973,OTHER,false
2021-12-08T20:00:00Z,1.1348500000,1.1354900000,1.1340800000,1.1341700000,7389,OTHER,false
2021-12-09T00:00:00Z,1.1341800000,1.1344900000,1.1332900000,1.1334300000,5990,OTHER,false
2021-12-09T04:00:00Z,1.1334500000,1.1337000000,1.1326700000,1.1326700000,3746,OTHER,false
2021-12-09T08:00:00Z,1.1326800000,1.1334000000,1.1315400000,1.1319100000,10982,LONDON,false
2021-12-09T12:00:00Z,1.1319200000,1.1323500000,1.1306900000,1.1316500000,15764,OTHER,false
2021-12-09T16:00:00Z,1.1316500000,1.1319300000,1.1278400000,1.1289800000,16999,OTHER,false
2021-12-09T20:00:00Z,1.1289900000,1.1295700000,1.1281900000,1.1292400000,8123,OTHER,false
2021-12-10T00:00:00Z,1.1291900000,1.1297200000,1.1287000000,1.1296800000,3923,OTHER,false
2021-12-10T04:00:00Z,1.1296800000,1.1302700000,1.1294400000,1.1294800000,3929,OTHER,false
2021-12-10T08:00:00Z,1.1294800000,1.1300900000,1.1280300000,1.1282400000,10685,LONDON,false
2021-12-10T12:00:00Z,1.1282300000,1.1309500000,1.1264900000,1.1293500000,15682,OTHER,false
2021-12-10T16:00:00Z,1.1293400000,1.1324300000,1.1270100000,1.1318800000,21456,OTHER,false
2021-12-10T20:00:00Z,1.1318800000,1.1322900000,1.1309900000,1.1316200000,3627,OTHER,false
2021-12-13T00:00:00Z,1.1307700000,1.1319000000,1.1302400000,1.1305200000,4015,OTHER,false
2021-12-13T04:00:00Z,1.1305500000,1.1305600000,1.1292400000,1.1297200000,3912,OTHER,false
2021-12-13T08:00:00Z,1.1297200000,1.1297800000,1.1259900000,1.1268100000,10526,LONDON,false
2021-12-13T12:00:00Z,1.1268100000,1.1292200000,1.1262600000,1.1284200000,12914,OTHER,false
2021-12-13T16:00:00Z,1.1284200000,1.1307100000,1.1273100000,1.1293100000,17069,OTHER,false
2021-12-13T20:00:00Z,1.1293100000,1.1300000000,1.1281400000,1.1284200000,5960,OTHER,false
2021-12-14T00:00:00Z,1.1280700000,1.1284900000,1.1273800000,1.1282200000,4430,OTHER,false
2021-12-14T04:00:00Z,1.1282200000,1.1283700000,1.1271200000,1.1277800000,3964,OTHER,false
2021-12-14T08:00:00Z,1.1277900000,1.1304200000,1.1266300000,1.1301000000,10175,LONDON,false
2021-12-14T12:00:00Z,1.1301100000,1.1323700000,1.1300500000,1.1308400000,14678,OTHER,false
2021-12-14T16:00:00Z,1.1308400000,1.1308700000,1.1265300000,1.1271900000,16168,OTHER,false
2021-12-14T20:00:00Z,1.1271900000,1.1272000000,1.1253700000,1.1258300000,5162,OTHER,false
2021-12-15T00:00:00Z,1.1257500000,1.1269900000,1.1253200000,1.1268000000,2963,OTHER,false
2021-12-15T04:00:00Z,1.1268100000,1.1272500000,1.1257500000,1.1269000000,3661,OTHER,false
2021-12-15T08:00:00Z,1.1269100000,1.1277400000,1.1262700000,1.1271700000,9682,LONDON,false
2021-12-15T12:00:00Z,1.1271700000,1.1277000000,1.1255600000,1.1273500000,11441,OTHER,false
2021-12-15T16:00:00Z,1.1273500000,1.1274600000,1.1247900000,1.1260000000,16363,OTHER,false
2021-12-15T20:00:00Z,1.1259900000,1.1299200000,1.1221700000,1.1291900000,27147,OTHER,false
2021-12-16T00:00:00Z,1.1290500000,1.1298000000,1.1281100000,1.1287000000,5186,OTHER,false
2021-12-16T04:00:00Z,1.1287000000,1.1291000000,1.1283600000,1.1285600000,3997,OTHER,false
2021-12-16T08:00:00Z,1.1285600000,1.1319000000,1.1283300000,1.1313100000,12883,LONDON,false
2021-12-16T12:00:00Z,1.1313200000,1.1359300000,1.1290300000,1.1359100000,20982,OTHER,false
2021-12-16T16:00:00Z,1.1359200000,1.1360200000,1.1298400000,1.1318100000,21722,OTHER,false
2021-12-16T20:00:00Z,1.1318100000,1.1336800000,1.1314800000,1.1329600000,7958,OTHER,false
2021-12-17T00:00:00Z,1.1329600000,1.1335100000,1.1320700000,1.1321100000,4558,OTHER,false
2021-12-17T04:00:00Z,1.1321100000,1.1348900000,1.1320000000,1.1348300000,4870,OTHER,false
2021-12-17T08:00:00Z,1.1348300000,1.1348800000,1.1317300000,1.1334500000,13357,LONDON,false
2021-12-17T12:00:00Z,1.1334500000,1.1334500000,1.1304900000,1.1307300000,13884,OTHER,false
2021-12-17T16:00:00Z,1.1307300000,1.1315900000,1.1266600000,1.1267900000,18388,OTHER,false
2021-12-17T20:00:00Z,1.1268200000,1.1271300000,1.1234400000,1.1237200000,8236,OTHER,false
2021-12-20T00:00:00Z,1.1235600000,1.1250000000,1.1234100000,1.1238500000,5122,OTHER,false
2021-12-20T04:00:00Z,1.1238500000,1.1254700000,1.1236500000,1.1254300000,4957,OTHER,false
2021-12-20T08:00:00Z,1.1254000000,1.1274100000,1.1247400000,1.1262000000,14618,LONDON,false
2021-12-20T12:00:00Z,1.1262000000,1.1298000000,1.1257000000,1.1293100000,13331,OTHER,false
2021-12-20T16:00:00Z,1.1293100000,1.1304000000,1.1278200000,1.1284300000,16472,OTHER,false
2021-12-20T20:00:00Z,1.1284100000,1.1287100000,1.1272200000,1.1276900000,6266,OTHER,false
2021-12-21T00:00:00Z,1.1274300000,1.1284700000,1.1272900000,1.1281600000,4297,OTHER,false
2021-12-21T04:00:00Z,1.1281200000,1.1286800000,1.1276100000,1.1280900000,3608,OTHER,false
2021-12-21T08:00:00Z,1.1280900000,1.1302700000,1.1276000000,1.1295100000,11850,LONDON,false
2021-12-21T12:00:00Z,1.1295100000,1.1301500000,1.1276100000,1.1290700000,12204,OTHER,false
2021-12-21T16:00:00Z,1.1290700000,1.1292100000,1.1260900000,1.1267000000,16575,OTHER,false
2021-12-21T20:00:00Z,1.1267300000,1.1287500000,1.1263900000,1.1282200000,5907,OTHER,false
2021-12-22T00:00:00Z,1.1282000000,1.1294100000,1.1273300000,1.1286700000,4138,OTHER,false
2021-12-22T04:00:00Z,1.1286800000,1.1287100000,1.1268300000,1.1270900000,3813,OTHER,false
2021-12-22T08:00:00Z,1.1270900000,1.1285300000,1.1264200000,1.1282600000,10160,LONDON,false
2021-12-22T12:00:00Z,1.1282700000,1.1314900000,1.1281200000,1.1311200000,12580,OTHER,false
2021-12-22T16:00:00Z,1.1311200000,1.1342300000,1.1304900000,1.1329000000,16292,OTHER,false
2021-12-22T20:00:00Z,1.1328600000,1.1339000000,1.1322800000,1.1325800000,5883,OTHER,false
2021-12-23T00:00:00Z,1.1324600000,1.1342200000,1.1316600000,1.1341900000,4342,OTHER,false
2021-12-23T04:00:00Z,1.1341800000,1.1341900000,1.1337200000,1.1337500000,2639,OTHER,false
2021-12-23T08:00:00Z,1.1337500000,1.1340900000,1.1310600000,1.1320700000,7936,LONDON,false
2021-12-23T12:00:00Z,1.1320400000,1.1330500000,1.1297600000,1.1299200000,12805,OTHER,false
2021-12-23T16:00:00Z,1.1298900000,1.1336700000,1.1290200000,1.1336500000,17310,OTHER,false
2021-12-23T20:00:00Z,1.1336700000,1.1337800000,1.1324800000,1.1326300000,4398,OTHER,false
2021-12-24T00:00:00Z,1.1326000000,1.1329100000,1.1304400000,1.1325300000,8377,OTHER,false
2021-12-24T04:00:00Z,1.1325300000,1.1334900000,1.1323800000,1.1330300000,7318,OTHER,false
2021-12-24T08:00:00Z,1.1330300000,1.1341500000,1.1327800000,1.1340500000,5142,LONDON,false
2021-12-24T12:00:00Z,1.1340500000,1.1343500000,1.1312700000,1.1321200000,11192,OTHER,false
2021-12-24T16:00:00Z,1.1321200000,1.1327600000,1.1306200000,1.1314900000,18370,OTHER,false
2021-12-24T20:00:00Z,1.1314800000,1.1325000000,1.1308300000,1.1319700000,3100,OTHER,false
2021-12-27T00:00:00Z,1.1302300000,1.1325300000,1.1302300000,1.1318400000,3913,OTHER,false
2021-12-27T04:00:00Z,1.1318100000,1.1325200000,1.1314100000,1.1315500000,3463,OTHER,false
2021-12-27T08:00:00Z,1.1315200000,1.1334200000,1.1302800000,1.1308800000,7825,LONDON,false
2021-12-27T12:00:00Z,1.1308600000,1.1323400000,1.1303500000,1.1311800000,8941,OTHER,false
2021-12-27T16:00:00Z,1.1311800000,1.1331500000,1.1310500000,1.1327000000,9676,OTHER,false
2021-12-27T20:00:00Z,1.1326900000,1.1330400000,1.1321500000,1.1326400000,3873,OTHER,false
2021-12-28T00:00:00Z,1.1326000000,1.1331400000,1.1319500000,1.1319700000,2760,OTHER,false
2021-12-28T04:00:00Z,1.1319700000,1.1328900000,1.1318000000,1.1328100000,2931,OTHER,false
2021-12-28T08:00:00Z,1.1328100000,1.1330900000,1.1315600000,1.1330300000,7414,LONDON,false
2021-12-28T12:00:00Z,1.1330300000,1.1333000000,1.1321100000,1.1321500000,8042,OTHER,false
2021-12-28T16:00:00Z,1.1321400000,1.1322900000,1.1289400000,1.1310400000,14321,OTHER,false
2021-12-28T20:00:00Z,1.1310400000,1.1314100000,1.1299000000,1.1307900000,4569,OTHER,false
2021-12-29T00:00:00Z,1.1307900000,1.1314100000,1.1297300000,1.1300400000,3681,OTHER,false
2021-12-29T04:00:00Z,1.1300200000,1.1309500000,1.1298100000,1.1305000000,3422,OTHER,false
2021-12-29T08:00:00Z,1.1304900000,1.1306100000,1.1273200000,1.1280100000,8832,LONDON,false
2021-12-29T12:00:00Z,1.1279900000,1.1321900000,1.1278100000,1.1317900000,13868,OTHER,false
2021-12-29T16:00:00Z,1.1317900000,1.1368700000,1.1312500000,1.1337500000,15555,OTHER,false
2021-12-29T20:00:00Z,1.1337400000,1.1352100000,1.1334400000,1.1347700000,5873,OTHER,false
2021-12-30T00:00:00Z,1.1344500000,1.1359900000,1.1341900000,1.1345900000,3233,OTHER,false
2021-12-30T04:00:00Z,1.1345800000,1.1347200000,1.1324500000,1.1325900000,3404,OTHER,false
2021-12-30T08:00:00Z,1.1325900000,1.1327000000,1.1299600000,1.1301600000,9603,LONDON,false
2021-12-30T12:00:00Z,1.1301600000,1.1344400000,1.1300400000,1.1304100000,13624,OTHER,false
2021-12-30T16:00:00Z,1.1304100000,1.1340200000,1.1298800000,1.1315000000,15774,OTHER,false
2021-12-30T20:00:00Z,1.1315000000,1.1330300000,1.1303800000,1.1325600000,4676,OTHER,false
2021-12-31T00:00:00Z,1.1324400000,1.1328500000,1.1318000000,1.1319700000,2702,OTHER,false
2021-12-31T04:00:00Z,1.1319800000,1.1325600000,1.1309300000,1.1310900000,2328,OTHER,false
2021-12-31T08:00:00Z,1.1310700000,1.1336300000,1.1303300000,1.1328100000,6119,LONDON,false
2021-12-31T12:00:00Z,1.1328200000,1.1353000000,1.1311900000,1.1347800000,11197,OTHER,false
2021-12-31T16:00:00Z,1.1347600000,1.1386100000,1.1337600000,1.1386000000,14627,OTHER,false
2021-12-31T20:00:00Z,1.1386000000,1.1386000000,1.1374500000,1.1375500000,2290,OTHER,false
2022-01-03T00:00:00Z,1.1369300000,1.1377800000,1.1349700000,1.1358800000,4319,OTHER,false
2022-01-03T04:00:00Z,1.1358800000,1.1358900000,1.1336000000,1.1338000000,3225,OTHER,false
2022-01-03T08:00:00Z,1.1338000000,1.1356700000,1.1334900000,1.1351800000,9107,LONDON,false
2022-01-03T12:00:00Z,1.1351800000,1.1366100000,1.1345600000,1.1350400000,13023,OTHER,false
2022-01-03T16:00:00Z,1.1350400000,1.1351900000,1.1279500000,1.1283700000,18794,OTHER,false
2022-01-03T20:00:00Z,1.1283700000,1.1300300000,1.1282900000,1.1297100000,5345,OTHER,false
2022-01-04T00:00:00Z,1.1296100000,1.1309000000,1.1292000000,1.1306600000,6416,OTHER,false
2022-01-04T04:00:00Z,1.1306600000,1.1309400000,1.1294800000,1.1304900000,4276,OTHER,false
2022-01-04T08:00:00Z,1.1304900000,1.1308100000,1.1283000000,1.1302200000,11915,LONDON,false
2022-01-04T12:00:00Z,1.1302200000,1.1305700000,1.1272300000,1.1280100000,14670,OTHER,false
2022-01-04T16:00:00Z,1.1280000000,1.1322600000,1.1277700000,1.1293700000,18954,OTHER,false
2022-01-04T20:00:00Z,1.1293800000,1.1294600000,1.1278200000,1.1286200000,6294,OTHER,false
2022-01-05T00:00:00Z,1.1285200000,1.1288600000,1.1276500000,1.1285700000,3130,OTHER,false
2022-01-05T04:00:00Z,1.1285700000,1.1296800000,1.1284800000,1.1293500000,3348,OTHER,false
2022-01-05T08:00:00Z,1.1293500000,1.1311100000,1.1292500000,1.1306000000,10035,LONDON,false
2022-01-05T12:00:00Z,1.1305900000,1.1328600000,1.1303300000,1.1323600000,15881,OTHER,false
2022-01-05T16:00:00Z,1.1323700000,1.1346600000,1.1320900000,1.1341200000,14995,OTHER,false
2022-01-05T20:00:00Z,1.1340800000,1.1344700000,1.1301800000,1.1313500000,13900,OTHER,false
2022-01-06T00:00:00Z,1.1311100000,1.1318700000,1.1304800000,1.1316400000,5557,OTHER,false
2022-01-06T04:00:00Z,1.1316400000,1.1320400000,1.1306800000,1.1308900000,5268,OTHER,false
2022-01-06T08:00:00Z,1.1308900000,1.1309500000,1.1284600000,1.1305500000,12054,LONDON,false
2022-01-06T12:00:00Z,1.1305300000,1.1326900000,1.1302400000,1.1311900000,16583,OTHER,false
2022-01-06T16:00:00Z,1.1311900000,1.1331600000,1.1290400000,1.1295800000,22125,OTHER,false
2022-01-06T20:00:00Z,1.1295700000,1.1299800000,1.1286200000,1.1297600000,5664,OTHER,false
2022-01-07T00:00:00Z,1.1296000000,1.1300900000,1.1290100000,1.1300600000,3302,OTHER,false
2022-01-07T04:00:00Z,1.1300600000,1.1303400000,1.1295200000,1.1302300000,2527,OTHER,false
2022-01-07T08:00:00Z,1.1302300000,1.1317300000,1.1298000000,1.1314900000,7779,LONDON,false
2022-01-07T12:00:00Z,1.1314900000,1.1322600000,1.1292200000,1.1301700000,13548,OTHER,false
2022-01-07T16:00:00Z,1.1301700000,1.1358200000,1.1299000000,1.1356400000,18706,OTHER,false
2022-01-07T20:00:00Z,1.1356000000,1.1364700000,1.1354700000,1.1359000000,3974,OTHER,false
2022-01-10T00:00:00Z,1.1355000000,1.1359900000,1.1349200000,1.1350200000,4535,OTHER,false
2022-01-10T04:00:00Z,1.1350300000,1.1352000000,1.1332000000,1.1335100000,2323,OTHER,false
2022-01-10T08:00:00Z,1.1334900000,1.1344700000,1.1320600000,1.1326100000,10320,LONDON,false
2022-01-10T12:00:00Z,1.1326400000,1.1336400000,1.1295100000,1.1297100000,13167,OTHER,false
2022-01-10T16:00:00Z,1.1297200000,1.1334900000,1.1285300000,1.1328600000,16980,OTHER,false
2022-01-10T20:00:00Z,1.1328400000,1.1331100000,1.1320000000,1.1325200000,6132,OTHER,false
2022-01-11T00:00:00Z,1.1323000000,1.1341500000,1.1318900000,1.1336300000,3650,OTHER,false
2022-01-11T04:00:00Z,1.1336400000,1.1344200000,1.1334600000,1.1338800000,2552,OTHER,false
2022-01-11T08:00:00Z,1.1338900000,1.1351700000,1.1328800000,1.1333500000,10766,LONDON,false
2022-01-11T12:00:00Z,1.1333600000,1.1343500000,1.1323000000,1.1326000000,11435,OTHER,false
2022-01-11T16:00:00Z,1.1326100000,1.1368600000,1.1313100000,1.1354200000,14922,OTHER,false
2022-01-11T20:00:00Z,1.1354200000,1.1375300000,1.1352100000,1.1366600000,6061,OTHER,false
2022-01-12T00:00:00Z,1.1365500000,1.1373400000,1.1362300000,1.1370100000,2767,OTHER,false
2022-01-12T04:00:00Z,1.1370000000,1.1378100000,1.1367700000,1.1373100000,2446,OTHER,false
2022-01-12T08:00:00Z,1.1373100000,1.1375000000,1.1355200000,1.1367100000,8078,LONDON,false
2022-01-12T12:00:00Z,1.1367200000,1.1415500000,1.1354500000,1.1409700000,13938,OTHER,false
2022-01-12T16:00:00Z,1.1410100000,1.1445000000,1.1394300000,1.1443800000,17975,OTHER,false
2022-01-12T20:00:00Z,1.1443800000,1.1452800000,1.1438300000,1.1441100000,6668,OTHER,false
2022-01-13T00:00:00Z,1.1440200000,1.1448200000,1.1435700000,1.1439000000,3140,OTHER,false
2022-01-13T04:00:00Z,1.1439000000,1.1446300000,1.1435900000,1.1441100000,2814,OTHER,false
2022-01-13T08:00:00Z,1.1441200000,1.1478400000,1.1438400000,1.1471400000,9466,LONDON,false
2022-01-13T12:00:00Z,1.1471400000,1.1477500000,1.1453200000,1.1471900000,13335,OTHER,false
2022-01-13T16:00:00Z,1.1472000000,1.1481700000,1.1447200000,1.1461200000,17537,OTHER,false
2022-01-13T20:00:00Z,1.1461300000,1.1466400000,1.1450800000,1.1453900000,6786,OTHER,false
2022-01-14T00:00:00Z,1.1453100000,1.1468000000,1.1451200000,1.1466100000,4393,OTHER,false
2022-01-14T04:00:00Z,1.1466200000,1.1482900000,1.1462500000,1.1478900000,4748,OTHER,false
2022-01-14T08:00:00Z,1.1479000000,1.1480600000,1.1457400000,1.1458300000,10945,LONDON,false
2022-01-14T12:00:00Z,1.1458300000,1.1461200000,1.1433200000,1.1438300000,13197,OTHER,false
2022-01-14T16:00:00Z,1.1438200000,1.1450000000,1.1398700000,1.1402400000,20770,OTHER,false
2022-01-14T20:00:00Z,1.1402400000,1.1417900000,1.1401500000,1.1415100000,5829,OTHER,false
2022-01-17T00:00:00Z,1.1411700000,1.1415900000,1.1400200000,1.1405000000,3922,OTHER,false
2022-01-17T04:00:00Z,1.1405100000,1.1422400000,1.1403800000,1.1418800000,2958,OTHER,false
2022-01-17T08:00:00Z,1.1418900000,1.1434200000,1.1412000000,1.1424000000,7318,LONDON,false
2022-01-17T12:00:00Z,1.1424000000,1.1426600000,1.1391500000,1.1401800000,9574,OTHER,false
2022-01-17T16:00:00Z,1.1401700000,1.1415900000,1.1395600000,1.1411800000,9234,OTHER,false
2022-01-17T20:00:00Z,1.1411800000,1.1413600000,1.1404300000,1.1406200000,1605,OTHER,false
2022-01-18T00:00:00Z,1.1406200000,1.1420700000,1.1404000000,1.1419000000,3193,OTHER,false
2022-01-18T04:00:00Z,1.1419000000,1.1421600000,1.1384800000,1.1397000000,7953,OTHER,false
2022-01-18T08:00:00Z,1.1397000000,1.1405700000,1.1385900000,1.1394700000,15081,LONDON,false
2022-01-18T12:00:00Z,1.1394700000,1.1399600000,1.1362900000,1.1378300000,14116,OTHER,false
2022-01-18T16:00:00Z,1.1378300000,1.1378900000,1.1320500000,1.1322700000,19243,OTHER,false
2022-01-18T20:00:00Z,1.1322700000,1.1334600000,1.1314700000,1.1325800000,8777,OTHER,false
2022-01-19T00:00:00Z,1.1324900000,1.1330100000,1.1316300000,1.1322300000,4047,OTHER,false
2022-01-19T04:00:00Z,1.1322500000,1.1333600000,1.1320300000,1.1330000000,3927,OTHER,false
2022-01-19T08:00:00Z,1.1330000000,1.1348200000,1.1327000000,1.1340100000,13063,LONDON,false
2022-01-19T12:00:00Z,1.1340100000,1.1350800000,1.1332900000,1.1344000000,11938,OTHER,false
2022-01-19T16:00:00Z,1.1344000000,1.1356900000,1.1335900000,1.1344000000,18231,OTHER,false
2022-01-19T20:00:00Z,1.1343900000,1.1354800000,1.1341200000,1.1342000000,6968,OTHER,false
2022-01-20T00:00:00Z,1.1339300000,1.1365300000,1.1339300000,1.1360000000,4209,OTHER,false
2022-01-20T04:00:00Z,1.1359900000,1.1361100000,1.1345200000,1.1349800000,4445,OTHER,false
2022-01-20T08:00:00Z,1.1349700000,1.1368900000,1.1343500000,1.1347600000,10945,LONDON,false
2022-01-20T12:00:00Z,1.1347600000,1.1357600000,1.1331000000,1.1351700000,13467,OTHER,false
2022-01-20T16:00:00Z,1.1351600000,1.1357600000,1.1326500000,1.1327200000,18054,OTHER,false
2022-01-20T20:00:00Z,1.1327200000,1.1329500000,1.1303100000,1.1310800000,8328,OTHER,false
2022-01-21T00:00:00Z,1.1309200000,1.1317700000,1.1301000000,1.1317100000,5451,OTHER,false
2022-01-21T04:00:00Z,1.1317100000,1.1334800000,1.1315600000,1.1325200000,4869,OTHER,false
2022-01-21T08:00:00Z,1.1325200000,1.1345200000,1.1322700000,1.1339300000,12322,LONDON,false
2022-01-21T12:00:00Z,1.1339300000,1.1351700000,1.1325500000,1.1349900000,12256,OTHER,false
2022-01-21T16:00:00Z,1.1350000000,1.1359700000,1.1336900000,1.1345700000,18991,OTHER,false
2022-01-21T20:00:00Z,1.1345700000,1.1349000000,1.1338000000,1.1342100000,6558,OTHER,false
2022-01-24T00:00:00Z,1.1337100000,1.1344700000,1.1332500000,1.1337000000,3954,OTHER,false
2022-01-24T04:00:00Z,1.1337000000,1.1337800000,1.1316300000,1.1317500000,3368,OTHER,false
2022-01-24T08:00:00Z,1.1317900000,1.1336300000,1.1309800000,1.1325200000,13190,LONDON,false
2022-01-24T12:00:00Z,1.1325300000,1.1328300000,1.1294900000,1.1295900000,15937,OTHER,false
2022-01-24T16:00:00Z,1.1295900000,1.1329200000,1.1290600000,1.1327900000,23001,OTHER,false
2022-01-24T20:00:00Z,1.1327900000,1.1335100000,1.1317900000,1.1325400000,11312,OTHER,false
2022-01-25T00:00:00Z,1.1322600000,1.1328000000,1.1316300000,1.1316700000,4455,OTHER,false
2022-01-25T04:00:00Z,1.1316700000,1.1318400000,1.1308100000,1.1310100000,3569,OTHER,false
2022-01-25T08:00:00Z,1.1310000000,1.1315900000,1.1284400000,1.1287900000,13853,LONDON,false
2022-01-25T12:00:00Z,1.1287900000,1.1291000000,1.1266400000,1.1275600000,14257,OTHER,false
2022-01-25T16:00:00Z,1.1275800000,1.1289100000,1.1263200000,1.1287600000,19265,OTHER,false
2022-01-25T20:00:00Z,1.1287600000,1.1306900000,1.1286200000,1.1300600000,7844,OTHER,false
2022-01-26T00:00:00Z,1.1299100000,1.1305900000,1.1292900000,1.1305500000,3641,OTHER,false
2022-01-26T04:00:00Z,1.1305500000,1.1310800000,1.1300600000,1.1304600000,4501,OTHER,false
2022-01-26T08:00:00Z,1.1304600000,1.1305200000,1.1283300000,1.1286800000,10335,LONDON,false
2022-01-26T12:00:00Z,1.1286800000,1.1288200000,1.1271700000,1.1282100000,12405,OTHER,false
2022-01-26T16:00:00Z,1.1282300000,1.1296300000,1.1273900000,1.1288000000,16592,OTHER,false
2022-01-26T20:00:00Z,1.1288400000,1.1300600000,1.1235400000,1.1240500000,27595,OTHER,false
2022-01-27T00:00:00Z,1.1240400000,1.1243100000,1.1230500000,1.1232800000,7107,OTHER,false
2022-01-27T04:00:00Z,1.1232500000,1.1233500000,1.1215400000,1.1220200000,7046,OTHER,false
2022-01-27T08:00:00Z,1.1220100000,1.1221400000,1.1193100000,1.1196500000,16073,LONDON,false
2022-01-27T12:00:00Z,1.1196500000,1.1201200000,1.1134900000,1.1149500000,21025,OTHER,false
2022-01-27T16:00:00Z,1.1149300000,1.1162200000,1.1131300000,1.1139100000,23122,OTHER,false
2022-01-27T20:00:00Z,1.1139000000,1.1149500000,1.1135700000,1.1144400000,9459,OTHER,false
2022-01-28T00:00:00Z,1.1142800000,1.1148400000,1.1135900000,1.1147400000,5511,OTHER,false
2022-01-28T04:00:00Z,1.1147300000,1.1155800000,1.1146400000,1.1154200000,4685,OTHER,false
2022-01-28T08:00:00Z,1.1154200000,1.1154900000,1.1121400000,1.1132600000,15575,LONDON,false
2022-01-28T12:00:00Z,1.1132600000,1.1168900000,1.1125400000,1.1168500000,19939,OTHER,false
2022-01-28T16:00:00Z,1.1168500000,1.1173700000,1.1138300000,1.1151200000,25007,OTHER,false
2022-01-28T20:00:00Z,1.1151200000,1.1156200000,1.1141000000,1.1146900000,7690,OTHER,false
2022-01-31T00:00:00Z,1.1140600000,1.1158000000,1.1137800000,1.1157800000,5393,OTHER,false
2022-01-31T04:00:00Z,1.1157800000,1.1165800000,1.1154600000,1.1165100000,4944,OTHER,false
2022-01-31T08:00:00Z,1.1165100000,1.1182300000,1.1160800000,1.1175000000,13275,LONDON,false
2022-01-31T12:00:00Z,1.1175000000,1.1193700000,1.1146200000,1.1193100000,17175,OTHER,false
2022-01-31T16:00:00Z,1.1193100000,1.1219500000,1.1183300000,1.1219200000,23998,OTHER,false
2022-01-31T20:00:00Z,1.1219200000,1.1247700000,1.1218600000,1.1233300000,9543,OTHER,false
2022-02-01T00:00:00Z,1.1231500000,1.1234000000,1.1220800000,1.1226000000,5061,OTHER,false
2022-02-01T04:00:00Z,1.1226000000,1.1245100000,1.1225600000,1.1240000000,6464,OTHER,false
2022-02-01T08:00:00Z,1.1240000000,1.1269400000,1.1234300000,1.1261200000,14812,LONDON,false
2022-02-01T12:00:00Z,1.1261200000,1.1278600000,1.1253500000,1.1265800000,14869,OTHER,false
2022-02-01T16:00:00Z,1.1265800000,1.1274400000,1.1234500000,1.1244800000,23484,OTHER,false
2022-02-01T20:00:00Z,1.1244800000,1.1273500000,1.1242700000,1.1271800000,8213,OTHER,false
2022-02-02T00:00:00Z,1.1271500000,1.1277000000,1.1267900000,1.1276400000,3482,OTHER,false
2022-02-02T04:00:00Z,1.1276500000,1.1277900000,1.1270500000,1.1273100000,3804,OTHER,false
2022-02-02T08:00:00Z,1.1273200000,1.1294200000,1.1266700000,1.1293200000,11753,LONDON,false
2022-02-02T12:00:00Z,1.1293100000,1.1330100000,1.1289700000,1.1311200000,17083,OTHER,false
2022-02-02T16:00:00Z,1.1311500000,1.1321200000,1.1292600000,1.1311300000,18868,OTHER,false
2022-02-02T20:00:00Z,1.1311200000,1.1314200000,1.1302000000,1.1303500000,6153,OTHER,false
2022-02-03T00:00:00Z,1.1301800000,1.1305100000,1.1293000000,1.1300200000,4051,OTHER,false
2022-02-03T04:00:00Z,1.1300200000,1.1308100000,1.1294700000,1.1300700000,4717,OTHER,false
2022-02-03T08:00:00Z,1.1300700000,1.1302600000,1.1283900000,1.1284200000,11562,LONDON,false
2022-02-03T12:00:00Z,1.1284200000,1.1365200000,1.1266500000,1.1365200000,27721,OTHER,false
2022-02-03T16:00:00Z,1.1366900000,1.1451300000,1.1361500000,1.1443600000,38630,OTHER,false
2022-02-03T20:00:00Z,1.1443600000,1.1449600000,1.1426100000,1.1439200000,10569,OTHER,false
2022-02-04T00:00:00Z,1.1438900000,1.1454100000,1.1431100000,1.1452100000,5673,OTHER,false
2022-02-04T04:00:00Z,1.1451900000,1.1471900000,1.1448700000,1.1459900000,7206,OTHER,false
2022-02-04T08:00:00Z,1.1459900000,1.1468800000,1.1439600000,1.1463000000,18400,LONDON,false
2022-02-04T12:00:00Z,1.1463000000,1.1483600000,1.1421600000,1.1436300000,27720,OTHER,false
2022-02-04T16:00:00Z,1.1436300000,1.1462500000,1.1411600000,1.1454200000,29373,OTHER,false
2022-02-04T20:00:00Z,1.1454200000,1.1464000000,1.1447200000,1.1451400000,8292,OTHER,false
2022-02-07T00:00:00Z,1.1457300000,1.1461400000,1.1439300000,1.1441400000,5347,OTHER,false
2022-02-07T04:00:00Z,1.1441400000,1.1442800000,1.1424400000,1.1430200000,6920,OTHER,false
2022-02-07T08:00:00Z,1.1430200000,1.1449300000,1.1415100000,1.1423100000,17011,LONDON,false
2022-02-07T12:00:00Z,1.1423200000,1.1458600000,1.1416000000,1.1440000000,18367,OTHER,false
2022-02-07T16:00:00Z,1.1439800000,1.1451100000,1.1417500000,1.1418700000,22304,OTHER,false
2022-02-07T20:00:00Z,1.1418600000,1.1443700000,1.1417300000,1.1441900000,6551,OTHER,false
2022-02-08T00:00:00Z,1.1441100000,1.1448600000,1.1432900000,1.1435400000,4770,OTHER,false
2022-02-08T04:00:00Z,1.1435400000,1.1435700000,1.1415200000,1.1417100000,5827,OTHER,false
2022-02-08T08:00:00Z,1.1417000000,1.1423600000,1.1395800000,1.1405900000,16403,LONDON,false
2022-02-08T12:00:00Z,1.1405700000,1.1433500000,1.1400200000,1.1408900000,16556,OTHER,false
2022-02-08T16:00:00Z,1.1408800000,1.1423700000,1.1403000000,1.1420700000,17170,OTHER,false
2022-02-08T20:00:00Z,1.1420600000,1.1423800000,1.1401400000,1.1416300000,6780,OTHER,false
2022-02-09T00:00:00Z,1.1412700000,1.1423400000,1.1411300000,1.1422800000,3744,OTHER,false
2022-02-09T04:00:00Z,1.1422800000,1.1432500000,1.1421700000,1.1422100000,4147,OTHER,false
2022-02-09T08:00:00Z,1.1422100000,1.1428000000,1.1402500000,1.1426500000,12337,LONDON,false
2022-02-09T12:00:00Z,1.1426500000,1.1445700000,1.1423000000,1.1435600000,14828,OTHER,false
2022-02-09T16:00:00Z,1.1435500000,1.1447900000,1.1425300000,1.1437500000,17898,OTHER,false
2022-02-09T20:00:00Z,1.1437500000,1.1440900000,1.1420200000,1.1423300000,7017,OTHER,false
2022-02-10T00:00:00Z,1.1421000000,1.1425400000,1.1413000000,1.1419400000,3812,OTHER,false
2022-02-10T04:00:00Z,1.1419300000,1.1431500000,1.1417800000,1.1425800000,3700,OTHER,false
2022-02-10T08:00:00Z,1.1425800000,1.1446200000,1.1419400000,1.1443100000,13023,LONDON,false
2022-02-10T12:00:00Z,1.1443100000,1.1445500000,1.1381900000,1.1407900000,19620,OTHER,false
2022-02-10T16:00:00Z,1.1407800000,1.1495000000,1.1374800000,1.1464500000,38399,OTHER,false
2022-02-10T20:00:00Z,1.1464500000,1.1474700000,1.1406700000,1.1427500000,20129,OTHER,false
2022-02-11T00:00:00Z,1.1426300000,1.1429100000,1.1386000000,1.1402500000,7146,OTHER,false
2022-02-11T04:00:00Z,1.1402400000,1.1407200000,1.1374200000,1.1386300000,5733,OTHER,false
2022-02-11T08:00:00Z,1.1386200000,1.1398100000,1.1369900000,1.1386000000,18957,LONDON,false
2022-02-11T12:00:00Z,1.1386000000,1.1418000000,1.1383500000,1.1390600000,17441,OTHER,false
2022-02-11T16:00:00Z,1.1390600000,1.1408100000,1.1380100000,1.1396700000,25045,OTHER,false
2022-02-11T20:00:00Z,1.1396500000,1.1399300000,1.1329700000,1.1347700000,35774,OTHER,false
2022-02-14T00:00:00Z,1.1337600000,1.1368800000,1.1336500000,1.1353500000,10800,OTHER,false
2022-02-14T04:00:00Z,1.1353400000,1.1353600000,1.1340200000,1.1351300000,6522,OTHER,false
2022-02-14T08:00:00Z,1.1351300000,1.1351900000,1.1303600000,1.1311600000,20541,LONDON,false
2022-02-14T12:00:00Z,1.1311600000,1.1342400000,1.1300600000,1.1315200000,24421,OTHER,false
2022-02-14T16:00:00Z,1.1315200000,1.1321300000,1.1291500000,1.1310400000,27340,OTHER,false
2022-02-14T20:00:00Z,1.1310300000,1.1314400000,1.1280000000,1.1305800000,19104,OTHER,false
2022-02-15T00:00:00Z,1.1303200000,1.1314700000,1.1299000000,1.1310500000,5178,OTHER,false
2022-02-15T04:00:00Z,1.1310600000,1.1322300000,1.1309000000,1.1317000000,6636,OTHER,false
2022-02-15T08:00:00Z,1.1317000000,1.1350000000,1.1309600000,1.1346300000,20049,LONDON,false
2022-02-15T12:00:00Z,1.1346300000,1.1359900000,1.1336500000,1.1356000000,22392,OTHER,false
2022-02-15T16:00:00Z,1.1356000000,1.1368300000,1.1320200000,1.1358900000,24784,OTHER,false
2022-02-15T20:00:00Z,1.1358700000,1.1364200000,1.1354300000,1.1358200000,8041,OTHER,false
2022-02-16T00:00:00Z,1.1356800000,1.1359800000,1.1348800000,1.1351900000,3730,OTHER,false
2022-02-16T04:00:00Z,1.1351900000,1.1355400000,1.1344800000,1.1353700000,4156,OTHER,false
2022-02-16T08:00:00Z,1.1353800000,1.1395100000,1.1353000000,1.1377500000,15807,LONDON,false
2022-02-16T12:00:00Z,1.1377600000,1.1388100000,1.1354500000,1.1362800000,18405,OTHER,false
2022-02-16T16:00:00Z,1.1363100000,1.1382600000,1.1353200000,1.1374200000,19009,OTHER,false
2022-02-16T20:00:00Z,1.1374300000,1.1395500000,1.1369900000,1.1372200000,16328,OTHER,false
2022-02-17T00:00:00Z,1.1371300000,1.1384300000,1.1366700000,1.1381700000,4796,OTHER,false
2022-02-17T04:00:00Z,1.1381600000,1.1384800000,1.1322900000,1.1356100000,15068,OTHER,false
2022-02-17T08:00:00Z,1.1356000000,1.1385700000,1.1342900000,1.1361400000,25037,LONDON,false
2022-02-17T12:00:00Z,1.1361400000,1.1379300000,1.1351300000,1.1359100000,19893,OTHER,false
2022-02-17T16:00:00Z,1.1359100000,1.1379400000,1.1350500000,1.1359000000,25511,OTHER,false
2022-02-17T20:00:00Z,1.1359000000,1.1367400000,1.1356700000,1.1360800000,8534,OTHER,false
2022-02-18T00:00:00Z,1.1358000000,1.1371400000,1.1356500000,1.1367700000,6239,OTHER,false
2022-02-18T04:00:00Z,1.1367700000,1.1371200000,1.1361200000,1.1365800000,5096,OTHER,false
2022-02-18T08:00:00Z,1.1365800000,1.1376900000,1.1363900000,1.1370800000,13776,LONDON,false
2022-02-18T12:00:00Z,1.1370900000,1.1372400000,1.1346700000,1.1349200000,16727,OTHER,false
2022-02-18T16:00:00Z,1.1349100000,1.1354000000,1.1313900000,1.1321900000,25276,OTHER,false
2022-02-18T20:00:00Z,1.1322000000,1.1335700000,1.1321800000,1.1322700000,9396,OTHER,false
2022-02-21T00:00:00Z,1.1314500000,1.1357300000,1.1312500000,1.1352900000,7932,OTHER,false
2022-02-21T04:00:00Z,1.1352900000,1.1368000000,1.1352600000,1.1362400000,4260,OTHER,false
2022-02-21T08:00:00Z,1.1362500000,1.1390700000,1.1353900000,1.1363600000,11861,LONDON,false
2022-02-21T12:00:00Z,1.1363600000,1.1366800000,1.1320400000,1.1329600000,13416,OTHER,false
2022-02-21T16:00:00Z,1.1329500000,1.1349000000,1.1324800000,1.1336500000,13279,OTHER,false
2022-02-21T20:00:00Z,1.1336400000,1.1342700000,1.1306400000,1.1309300000,5237,OTHER,false
2022-02-22T00:00:00Z,1.1307000000,1.1319700000,1.1295600000,1.1303800000,8107,OTHER,false
2022-02-22T04:00:00Z,1.1303800000,1.1309400000,1.1287800000,1.1306200000,8085,OTHER,false
2022-02-22T08:00:00Z,1.1306200000,1.1336700000,1.1292500000,1.1319300000,23191,LONDON,false
2022-02-22T12:00:00Z,1.1319400000,1.1367000000,1.1318500000,1.1341200000,25567,OTHER,false
2022-02-22T16:00:00Z,1.1341200000,1.1353800000,1.1324900000,1.1333800000,24185,OTHER,false
2022-02-22T20:00:00Z,1.1333600000,1.1341100000,1.1322000000,1.1324100000,13772,OTHER,false
2022-02-23T00:00:00Z,1.1324600000,1.1336100000,1.1320700000,1.1334900000,3918,OTHER,false
2022-02-23T04:00:00Z,1.1334800000,1.1339000000,1.1320200000,1.1325700000,3745,OTHER,false
2022-02-23T08:00:00Z,1.1325700000,1.1358800000,1.1316100000,1.1355400000,12890,LONDON,false
2022-02-23T12:00:00Z,1.1355400000,1.1358200000,1.1336600000,1.1351500000,13927,OTHER,false
2022-02-23T16:00:00Z,1.1351300000,1.1351800000,1.1305900000,1.1312600000,20501,OTHER,false
2022-02-23T20:00:00Z,1.1312300000,1.1312600000,1.1301200000,1.1305100000,9458,OTHER,false
2022-02-24T00:00:00Z,1.1302300000,1.1308600000,1.1274800000,1.1292800000,7599,OTHER,false
2022-02-24T04:00:00Z,1.1292900000,1.1293700000,1.1208100000,1.1237800000,26614,OTHER,false
2022-02-24T08:00:00Z,1.1237800000,1.1261900000,1.1209100000,1.1211200000,34934,LONDON,false
2022-02-24T12:00:00Z,1.1211100000,1.1212400000,1.1152900000,1.1161700000,37180,OTHER,false
2022-02-24T16:00:00Z,1.1161700000,1.1178900000,1.1106300000,1.1166500000,38967,OTHER,false
2022-02-24T20:00:00Z,1.1166500000,1.1221100000,1.1159800000,1.1191900000,25881,OTHER,false
2022-02-25T00:00:00Z,1.1190800000,1.1209200000,1.1185900000,1.1203500000,10567,OTHER,false
2022-02-25T04:00:00Z,1.1203300000,1.1228600000,1.1198700000,1.1225400000,10702,OTHER,false
2022-02-25T08:00:00Z,1.1225400000,1.1225500000,1.1169500000,1.1181500000,24552,LONDON,false
2022-02-25T12:00:00Z,1.1181600000,1.1241400000,1.1165900000,1.1236400000,27733,OTHER,false
2022-02-25T16:00:00Z,1.1236500000,1.1266800000,1.1218800000,1.1240900000,28043,OTHER,false
2022-02-25T20:00:00Z,1.1240900000,1.1273500000,1.1240900000,1.1271600000,11915,OTHER,false
2022-02-28T00:00:00Z,1.1129500000,1.1194300000,1.1124500000,1.1170800000,24777,OTHER,false
2022-02-28T04:00:00Z,1.1170900000,1.1173800000,1.1141700000,1.1156500000,14977,OTHER,false
2022-02-28T08:00:00Z,1.1156500000,1.1200000000,1.1154600000,1.1178100000,28758,LONDON,false
2022-02-28T12:00:00Z,1.1177800000,1.1231500000,1.1177700000,1.1212100000,25989,OTHER,false
2022-02-28T16:00:00Z,1.1212000000,1.1246400000,1.1197400000,1.1205000000,31058,OTHER,false
2022-02-28T20:00:00Z,1.1205100000,1.1223600000,1.1203500000,1.1217800000,12909,OTHER,false
2022-03-01T00:00:00Z,1.1217700000,1.1219400000,1.1201500000,1.1201700000,4533,OTHER,false
2022-03-01T04:00:00Z,1.1201700000,1.1205700000,1.1190700000,1.1196100000,6855,OTHER,false
2022-03-01T08:00:00Z,1.1196100000,1.1233100000,1.1189900000,1.1196300000,20428,LONDON,false
2022-03-01T12:00:00Z,1.1196200000,1.1198500000,1.1140600000,1.1160400000,29450,OTHER,false
2022-03-01T16:00:00Z,1.1160400000,1.1162100000,1.1089700000,1.1108900000,34560,OTHER,false
2022-03-01T20:00:00Z,1.1108800000,1.1137700000,1.1098600000,1.1122900000,18355,OTHER,false
2022-03-02T00:00:00Z,1.1124800000,1.1135300000,1.1115800000,1.1128000000,5694,OTHER,false
2022-03-02T04:00:00Z,1.1128000000,1.1131700000,1.1111100000,1.1114800000,7677,OTHER,false
2022-03-02T08:00:00Z,1.1114900000,1.1118000000,1.1058900000,1.1082100000,30398,LONDON,false
2022-03-02T12:00:00Z,1.1082100000,1.1119300000,1.1076000000,1.1104500000,28783,OTHER,false
2022-03-02T16:00:00Z,1.1104600000,1.1143400000,1.1057400000,1.1102200000,41504,OTHER,false
2022-03-02T20:00:00Z,1.1102200000,1.1134200000,1.1099800000,1.1118400000,15592,OTHER,false
2022-03-03T00:00:00Z,1.1116000000,1.1120500000,1.1094000000,1.1097700000,8868,OTHER,false
2022-03-03T04:00:00Z,1.1097700000,1.1106600000,1.1090100000,1.1101900000,7402,OTHER,false
2022-03-03T08:00:00Z,1.1101800000,1.1106200000,1.1071800000,1.1079800000,17496,LONDON,false
2022-03-03T12:00:00Z,1.1079800000,1.1096800000,1.1064800000,1.1085400000,18554,OTHER,false
2022-03-03T16:00:00Z,1.1085400000,1.1094900000,1.1033200000,1.1050900000,33988,OTHER,false
2022-03-03T20:00:00Z,1.1050800000,1.1066300000,1.1047000000,1.1065900000,13417,OTHER,false
2022-03-04T00:00:00Z,1.1065100000,1.1067900000,1.1009800000,1.1048300000,19950,OTHER,false
2022-03-04T04:00:00Z,1.1048500000,1.1049000000,1.1019400000,1.1028600000,15068,OTHER,false
2022-03-04T08:00:00Z,1.1028700000,1.1031700000,1.1008400000,1.1014100000,18652,LONDON,false
2022-03-04T12:00:00Z,1.1014200000,1.1019700000,1.0885200000,1.0908400000,28265,OTHER,false
2022-03-04T16:00:00Z,1.0908500000,1.0928100000,1.0896000000,1.0925900000,33775,OTHER,false
2022-03-04T20:00:00Z,1.0925800000,1.0940000000,1.0909900000,1.0930500000,13656,OTHER,false
2022-03-07T00:00:00Z,1.0925500000,1.0929500000,1.0820900000,1.0843200000,18544,OTHER,false
2022-03-07T04:00:00Z,1.0843200000,1.0887100000,1.0835600000,1.0876600000,19120,OTHER,false
2022-03-07T08:00:00Z,1.0876600000,1.0898000000,1.0849900000,1.0858200000,32965,LONDON,false
2022-03-07T12:00:00Z,1.0858200000,1.0925100000,1.0806000000,1.0897500000,38864,OTHER,false
2022-03-07T16:00:00Z,1.0897600000,1.0932400000,1.0848500000,1.0874700000,35275,OTHER,false
2022-03-07T20:00:00Z,1.0874800000,1.0900400000,1.0845800000,1.0853300000,21668,OTHER,false
2022-03-08T00:00:00Z,1.0851100000,1.0880300000,1.0847100000,1.0874700000,8651,OTHER,false
2022-03-08T04:00:00Z,1.0874600000,1.0884600000,1.0855800000,1.0859800000,13100,OTHER,false
2022-03-08T08:00:00Z,1.0859700000,1.0921700000,1.0850900000,1.0887600000,36997,LONDON,false
2022-03-08T12:00:00Z,1.0887600000,1.0921000000,1.0865400000,1.0915500000,29903,OTHER,false
2022-03-08T16:00:00Z,1.0915100000,1.0956500000,1.0872000000,1.0943100000,44873,OTHER,false
2022-03-08T20:00:00Z,1.0942400000,1.0958300000,1.0894100000,1.0901400000,25317,OTHER,false
2022-03-09T00:00:00Z,1.0896000000,1.0919700000,1.0889600000,1.0913700000,7843,OTHER,false
2022-03-09T04:00:00Z,1.0913600000,1.0929500000,1.0905000000,1.0916000000,8876,OTHER,false
2022-03-09T08:00:00Z,1.0916000000,1.0973000000,1.0909200000,1.0970200000,22279,LONDON,false
2022-03-09T12:00:00Z,1.0970200000,1.1016400000,1.0941800000,1.1014100000,25351,OTHER,false
2022-03-09T16:00:00Z,1.1014100000,1.1096100000,1.1004100000,1.1092000000,37648,OTHER,false
2022-03-09T20:00:00Z,1.1092000000,1.1094900000,1.1061500000,1.1075000000,14647,OTHER,false
2022-03-10T00:00:00Z,1.1072900000,1.1077700000,1.1041600000,1.1051200000,9835,OTHER,false
2022-03-10T04:00:00Z,1.1051300000,1.1062700000,1.1045100000,1.1059100000,7830,OTHER,false
2022-03-10T08:00:00Z,1.1059100000,1.1079900000,1.1026300000,1.1041000000,26429,LONDON,false
2022-03-10T12:00:00Z,1.1041100000,1.1121300000,1.1025700000,1.1064000000,36515,OTHER,false
2022-03-10T16:00:00Z,1.1063900000,1.1070000000,1.0980200000,1.0990400000,33968,OTHER,false
2022-03-10T20:00:00Z,1.0990400000,1.0994000000,1.0975800000,1.0985900000,11112,OTHER,false
2022-03-11T00:00:00Z,1.0984500000,1.1019000000,1.0979200000,1.0987500000,8196,OTHER,false
2022-03-11T04:00:00Z,1.0987500000,1.1010400000,1.0987300000,1.0999200000,10059,OTHER,false
2022-03-11T08:00:00Z,1.0999200000,1.1008900000,1.0960100000,1.0967700000,21232,LONDON,false
2022-03-11T12:00:00Z,1.0967400000,1.1043400000,1.0966000000,1.0998200000,31584,OTHER,false
2022-03-11T16:00:00Z,1.0998200000,1.1001700000,1.0913000000,1.0916100000,29920,OTHER,false
2022-03-11T20:00:00Z,1.0916100000,1.0921400000,1.0902100000,1.0913700000,12287,OTHER,false
2022-03-14T00:00:00Z,1.0915500000,1.0939000000,1.0909100000,1.0917400000,12445,OTHER,false
2022-03-14T04:00:00Z,1.0917300000,1.0918200000,1.0900400000,1.0911100000,10047,OTHER,false
2022-03-14T08:00:00Z,1.0911000000,1.0990000000,1.0909400000,1.0982400000,21360,LONDON,false
2022-03-14T12:00:00Z,1.0982100000,1.0984200000,1.0935000000,1.0942900000,23799,OTHER,false
2022-03-14T16:00:00Z,1.0942900000,1.0993800000,1.0939300000,1.0974900000,24552,OTHER,false
2022-03-14T20:00:00Z,1.0974800000,1.0976200000,1.0937000000,1.0944700000,10978,OTHER,false
2022-03-15T00:00:00Z,1.0941600000,1.0955700000,1.0930400000,1.0954200000,10606,OTHER,false
2022-03-15T04:00:00Z,1.0954300000,1.0985000000,1.0953300000,1.0982900000,12911,OTHER,false
2022-03-15T08:00:00Z,1.0982800000,1.1020000000,1.0966800000,1.1004800000,27067,LONDON,false
2022-03-15T12:00:00Z,1.1004800000,1.1004900000,1.0973900000,1.0997400000,23760,OTHER,false
2022-03-15T16:00:00Z,1.0997400000,1.0999700000,1.0936800000,1.0938500000,27915,OTHER,false
2022-03-15T20:00:00Z,1.0938500000,1.0956900000,1.0926000000,1.0948900000,9874,OTHER,false
2022-03-16T00:00:00Z,1.0949100000,1.0973600000,1.0949100000,1.0967000000,9265,OTHER,false
2022-03-16T04:00:00Z,1.0967000000,1.0978000000,1.0964800000,1.0977600000,7828,OTHER,false
2022-03-16T08:00:00Z,1.0977200000,1.1005300000,1.0955900000,1.0986800000,22740,LONDON,false
2022-03-16T12:00:00Z,1.0986800000,1.1024800000,1.0982200000,1.1000000000,25183,OTHER,false
2022-03-16T16:00:00Z,1.1000100000,1.1040000000,1.0982300000,1.0984100000,33202,OTHER,false
2022-03-16T20:00:00Z,1.0984000000,1.1047000000,1.0950000000,1.1031000000,29881,OTHER,false
2022-03-17T00:00:00Z,1.1030500000,1.1052100000,1.1007100000,1.1035500000,10896,OTHER,false
2022-03-17T04:00:00Z,1.1035700000,1.1042600000,1.1023300000,1.1023300000,8940,OTHER,false
2022-03-17T08:00:00Z,1.1023400000,1.1067000000,1.1022100000,1.1054100000,15829,LONDON,false
2022-03-17T12:00:00Z,1.1054100000,1.1070500000,1.1023100000,1.1069800000,23399,OTHER,false
2022-03-17T16:00:00Z,1.1070100000,1.1137600000,1.1067100000,1.1126800000,19517,OTHER,false
2022-03-17T20:00:00Z,1.1126800000,1.1127300000,1.1087800000,1.1090100000,7143,OTHER,false
2022-03-18T00:00:00Z,1.1089000000,1.1118600000,1.1085800000,1.1087700000,10182,OTHER,false
2022-03-18T04:00:00Z,1.1087800000,1.1090700000,1.1075300000,1.1084100000,8131,OTHER,false
2022-03-18T08:00:00Z,1.1084100000,1.1094400000,1.1053200000,1.1057300000,16801,LONDON,false
2022-03-18T12:00:00Z,1.1057300000,1.1060400000,1.1003100000,1.1025400000,22362,OTHER,false
2022-03-18T16:00:00Z,1.1025400000,1.1072000000,1.1024300000,1.1058600000,25794,OTHER,false
2022-03-18T20:00:00Z,1.1058400000,1.1059100000,1.1042200000,1.1050300000,8197,OTHER,false
2022-03-21T00:00:00Z,1.1050400000,1.1057200000,1.1037600000,1.1045200000,3381,OTHER,false
2022-03-21T04:00:00Z,1.1045000000,1.1051600000,1.1037700000,1.1041800000,3403,OTHER,false
2022-03-21T08:00:00Z,1.1041900000,1.1070200000,1.1034500000,1.1057100000,12345,LONDON,false
2022-03-21T12:00:00Z,1.1057100000,1.1058400000,1.1025700000,1.1033400000,16389,OTHER,false
2022-03-21T16:00:00Z,1.1033400000,1.1052300000,1.1018200000,1.1030700000,24911,OTHER,false
2022-03-21T20:00:00Z,1.1030800000,1.1031200000,1.1010200000,1.1018800000,9209,OTHER,false
2022-03-22T00:00:00Z,1.1017600000,1.1025100000,1.0980800000,1.0995500000,8681,OTHER,false
2022-03-22T04:00:00Z,1.0995600000,1.1005300000,1.0980700000,1.0981300000,10231,OTHER,false
2022-03-22T08:00:00Z,1.0981400000,1.1014500000,1.0961000000,1.0996400000,19310,LONDON,false
2022-03-22T12:00:00Z,1.0996400000,1.1043600000,1.0987200000,1.1041100000,23118,OTHER,false
2022-03-22T16:00:00Z,1.1041100000,1.1045800000,1.1011500000,1.1023300000,18303,OTHER,false
2022-03-22T20:00:00Z,1.1023200000,1.1032800000,1.1020300000,1.1029400000,6111,OTHER,false
2022-03-23T00:00:00Z,1.1027900000,1.1042700000,1.1020800000,1.1026100000,9239,OTHER,false
2022-03-23T04:00:00Z,1.1026200000,1.1040000000,1.1023700000,1.1037100000,7648,OTHER,false
2022-03-23T08:00:00Z,1.1037000000,1.1040000000,1.0988500000,1.0997100000,14900,LONDON,false
2022-03-23T12:00:00Z,1.0997000000,1.1007100000,1.0964100000,1.0966100000,20218,OTHER,false
2022-03-23T16:00:00Z,1.0966000000,1.1007300000,1.0966000000,1.1005800000,18980,OTHER,false
2022-03-23T20:00:00Z,1.1005900000,1.1012000000,1.1002400000,1.1006600000,6350,OTHER,false
2022-03-24T00:00:00Z,1.1005200000,1.1013400000,1.0982500000,1.0988500000,8774,OTHER,false
2022-03-24T04:00:00Z,1.0988600000,1.0991500000,1.0976400000,1.0977500000,7446,OTHER,false
2022-03-24T08:00:00Z,1.0977500000,1.1001000000,1.0972100000,1.0988100000,17324,LONDON,false
2022-03-24T12:00:00Z,1.0987900000,1.1001000000,1.0965800000,1.0973700000,20875,OTHER,false
2022-03-24T16:00:00Z,1.0973800000,1.1013500000,1.0971500000,1.0993900000,22470,OTHER,false
2022-03-24T20:00:00Z,1.0993900000,1.1005800000,1.0989300000,1.0998200000,6811,OTHER,false
2022-03-25T00:00:00Z,1.0995900000,1.1035500000,1.0995900000,1.1032300000,9782,OTHER,false
2022-03-25T04:00:00Z,1.1032600000,1.1038000000,1.1023400000,1.1028600000,9513,OTHER,false
2022-03-25T08:00:00Z,1.1028500000,1.1030700000,1.1000500000,1.1005300000,15379,LONDON,false
2022-03-25T12:00:00Z,1.1005300000,1.1022400000,1.0992000000,1.1011600000,17718,OTHER,false
2022-03-25T16:00:00Z,1.1011700000,1.1024700000,1.0980900000,1.0990900000,23456,OTHER,false
2022-03-25T20:00:00Z,1.0990900000,1.0996700000,1.0981800000,1.0985400000,7148,OTHER,false
2022-03-28T00:00:00Z,1.0984200000,1.0986500000,1.0967300000,1.0971000000,5266,OTHER,false
2022-03-28T04:00:00Z,1.0971000000,1.0975000000,1.0950100000,1.0954200000,14318,OTHER,false
2022-03-28T08:00:00Z,1.0954200000,1.0999700000,1.0944700000,1.0990900000,24313,LONDON,false
2022-03-28T12:00:00Z,1.0990900000,1.0993200000,1.0951300000,1.0956800000,25218,OTHER,false
2022-03-28T16:00:00Z,1.0956700000,1.0999400000,1.0946400000,1.0993800000,24881,OTHER,false
2022-03-28T20:00:00Z,1.0993800000,1.0999000000,1.0974700000,1.0985900000,10192,OTHER,false
2022-03-29T00:00:00Z,1.0983400000,1.0997600000,1.0969000000,1.0973500000,8579,OTHER,false
2022-03-29T04:00:00Z,1.0973500000,1.0997400000,1.0972800000,1.0985400000,12296,OTHER,false
2022-03-29T08:00:00Z,1.0985400000,1.1018300000,1.0979200000,1.0985200000,20210,LONDON,false
2022-03-29T12:00:00Z,1.0985200000,1.1128600000,1.0975100000,1.1113000000,37840,OTHER,false
2022-03-29T16:00:00Z,1.1113000000,1.1137100000,1.1078000000,1.1080200000,36105,OTHER,false
2022-03-29T20:00:00Z,1.1080200000,1.1094500000,1.1071600000,1.1085800000,11427,OTHER,false
2022-03-30T00:00:00Z,1.1085100000,1.1098500000,1.1079200000,1.1097400000,9140,OTHER,false
2022-03-30T04:00:00Z,1.1097300000,1.1121400000,1.1097000000,1.1110900000,17846,OTHER,false
2022-03-30T08:00:00Z,1.1110800000,1.1156400000,1.1105600000,1.1156400000,25698,LONDON,false
2022-03-30T12:00:00Z,1.1156300000,1.1161600000,1.1111500000,1.1124900000,23590,OTHER,false
2022-03-30T16:00:00Z,1.1124900000,1.1171000000,1.1119500000,1.1157300000,25256,OTHER,false
2022-03-30T20:00:00Z,1.1157300000,1.1162900000,1.1147800000,1.1157500000,8215,OTHER,false
2022-03-31T00:00:00Z,1.1157900000,1.1175200000,1.1154200000,1.1174000000,8965,OTHER,false
2022-03-31T04:00:00Z,1.1174400000,1.1184800000,1.1158000000,1.1160600000,10085,OTHER,false
2022-03-31T08:00:00Z,1.1160700000,1.1175800000,1.1112800000,1.1129500000,22456,LONDON,false
2022-03-31T12:00:00Z,1.1129600000,1.1132100000,1.1087800000,1.1102200000,23081,OTHER,false
2022-03-31T16:00:00Z,1.1102200000,1.1132500000,1.1068200000,1.1081400000,33898,OTHER,false
2022-03-31T20:00:00Z,1.1081400000,1.1093700000,1.1061300000,1.1066500000,12412,OTHER,false
2022-04-01T00:00:00Z,1.1065600000,1.1075700000,1.1059700000,1.1067400000,6876,OTHER,false
2022-04-01T04:00:00Z,1.1067400000,1.1073300000,1.1061400000,1.1064000000,8215,OTHER,false
2022-04-01T08:00:00Z,1.1064100000,1.1075500000,1.1042900000,1.1060400000,20725,LONDON,false
2022-04-01T12:00:00Z,1.1060300000,1.1067100000,1.1036400000,1.1044100000,20558,OTHER,false
2022-04-01T16:00:00Z,1.1044000000,1.1054100000,1.1028300000,1.1040200000,21084,OTHER,false
2022-04-01T20:00:00Z,1.1040200000,1.1052400000,1.1032800000,1.1044700000,8316,OTHER,false
2022-04-04T00:00:00Z,1.1033600000,1.1053300000,1.1033600000,1.1049400000,4436,OTHER,false
2022-04-04T04:00:00Z,1.1049000000,1.1054300000,1.1043200000,1.1047800000,5678,OTHER,false
2022-04-04T08:00:00Z,1.1047900000,1.1053900000,1.1019100000,1.1022200000,16744,LONDON,false
2022-04-04T12:00:00Z,1.1022200000,1.1032100000,1.0996100000,1.0999300000,15917,OTHER,false
2022-04-04T16:00:00Z,1.0999300000,1.1002600000,1.0974500000,1.0974900000,17836,OTHER,false
2022-04-04T20:00:00Z,1.0975100000,1.0977300000,1.0960800000,1.0971500000,8710,OTHER,false
2022-04-05T00:00:00Z,1.0968800000,1.0980100000,1.0967700000,1.0976300000,4539,OTHER,false
2022-04-05T04:00:00Z,1.0976300000,1.0977000000,1.0962300000,1.0964300000,6444,OTHER,false
2022-04-05T08:00:00Z,1.0964300000,1.0988600000,1.0962000000,1.0968100000,16562,LONDON,false
2022-04-05T12:00:00Z,1.0968000000,1.0985100000,1.0956400000,1.0964300000,16183,OTHER,false
2022-04-05T16:00:00Z,1.0964500000,1.0975800000,1.0912300000,1.0914000000,22923,OTHER,false
2022-04-05T20:00:00Z,1.0914100000,1.0921300000,1.0900000000,1.0904100000,8253,OTHER,false
2022-04-06T00:00:00Z,1.0902900000,1.0908300000,1.0893600000,1.0893800000,4003,OTHER,false
2022-04-06T04:00:00Z,1.0893900000,1.0903700000,1.0890600000,1.0897100000,9284,OTHER,false
2022-04-06T08:00:00Z,1.0896800000,1.0927000000,1.0874100000,1.0923100000,20526,LONDON,false
2022-04-06T12:00:00Z,1.0923000000,1.0938100000,1.0899500000,1.0933300000,18246,OTHER,false
2022-04-06T16:00:00Z,1.0933300000,1.0937200000,1.0903100000,1.0908300000,21013,OTHER,false
2022-04-06T20:00:00Z,1.0908200000,1.0929200000,1.0878800000,1.0895600000,24527,OTHER,false
2022-04-07T00:00:00Z,1.0895600000,1.0912300000,1.0888300000,1.0912000000,5697,OTHER,false
2022-04-07T04:00:00Z,1.0912000000,1.0915900000,1.0904100000,1.0914400000,7526,OTHER,false
2022-04-07T08:00:00Z,1.0914400000,1.0933900000,1.0875700000,1.0878300000,16663,LONDON,false
2022-04-07T12:00:00Z,1.0878300000,1.0926600000,1.0864900000,1.0913200000,21381,OTHER,false
2022-04-07T16:00:00Z,1.0913200000,1.0938200000,1.0876800000,1.0877400000,25112,OTHER,false
2022-04-07T20:00:00Z,1.0877400000,1.0892500000,1.0868000000,1.0877700000,11886,OTHER,false
2022-04-08T00:00:00Z,1.0876400000,1.0882400000,1.0857800000,1.0862200000,7695,OTHER,false
2022-04-08T04:00:00Z,1.0862200000,1.0869900000,1.0854600000,1.0854900000,9049,OTHER,false
2022-04-08T08:00:00Z,1.0854700000,1.0879000000,1.0847900000,1.0866900000,15539,LONDON,false
2022-04-08T12:00:00Z,1.0866800000,1.0892100000,1.0850400000,1.0853100000,15774,OTHER,false
2022-04-08T16:00:00Z,1.0853100000,1.0881500000,1.0836400000,1.0872200000,21125,OTHER,false
2022-04-08T20:00:00Z,1.0872200000,1.0885300000,1.0865000000,1.0874700000,8006,OTHER,false
2022-04-11T00:00:00Z,1.0915900000,1.0916000000,1.0880200000,1.0888500000,7036,OTHER,false
2022-04-11T04:00:00Z,1.0888400000,1.0894500000,1.0875100000,1.0885600000,10505,OTHER,false
2022-04-11T08:00:00Z,1.0885400000,1.0919500000,1.0874000000,1.0907400000,17863,LONDON,false
2022-04-11T12:00:00Z,1.0907400000,1.0933300000,1.0892300000,1.0905400000,14594,OTHER,false
2022-04-11T16:00:00Z,1.0905100000,1.0906300000,1.0872900000,1.0877800000,18099,OTHER,false
2022-04-11T20:00:00Z,1.0877800000,1.0894900000,1.0877600000,1.0882900000,9371,OTHER,false
2022-04-12T00:00:00Z,1.0882500000,1.0887200000,1.0871000000,1.0874400000,6228,OTHER,false
2022-04-12T04:00:00Z,1.0874500000,1.0883100000,1.0866300000,1.0879400000,8518,OTHER,false
2022-04-12T08:00:00Z,1.0879500000,1.0882000000,1.0853600000,1.0861800000,18267,LONDON,false
2022-04-12T12:00:00Z,1.0861800000,1.0903500000,1.0850700000,1.0895700000,20582,OTHER,false
2022-04-12T16:00:00Z,1.0895700000,1.0903100000,1.0832400000,1.0841800000,31276,OTHER,false
2022-04-12T20:00:00Z,1.0841500000,1.0845100000,1.0821600000,1.0826900000,13471,OTHER,false
2022-04-13T00:00:00Z,1.0825600000,1.0830800000,1.0811100000,1.0816200000,5216,OTHER,false
2022-04-13T04:00:00Z,1.0816300000,1.0840700000,1.0814800000,1.0833800000,9745,OTHER,false
2022-04-13T08:00:00Z,1.0833800000,1.0844900000,1.0815100000,1.0837100000,15130,LONDON,false
2022-04-13T12:00:00Z,1.0837100000,1.0847700000,1.0814900000,1.0817900000,18058,OTHER,false
2022-04-13T16:00:00Z,1.0817700000,1.0894200000,1.0809000000,1.0882100000,24975,OTHER,false
2022-04-13T20:00:00Z,1.0882100000,1.0892300000,1.0872100000,1.0890200000,10849,OTHER,false
2022-04-14T00:00:00Z,1.0889700000,1.0899900000,1.0873300000,1.0884800000,5533,OTHER,false
2022-04-14T04:00:00Z,1.0884900000,1.0912700000,1.0883100000,1.0912100000,8519,OTHER,false
2022-04-14T08:00:00Z,1.0912100000,1.0923300000,1.0903200000,1.0908300000,14269,LONDON,false
2022-04-14T12:00:00Z,1.0908300000,1.0917900000,1.0843700000,1.0847700000,23130,OTHER,false
2022-04-14T16:00:00Z,1.0847800000,1.0848900000,1.0757600000,1.0816400000,39503,OTHER,false
2022-04-14T20:00:00Z,1.0816300000,1.0834500000,1.0809000000,1.0828600000,9666,OTHER,false
2022-04-15T00:00:00Z,1.0827800000,1.0830300000,1.0798000000,1.0807500000,10420,OTHER,false
2022-04-15T04:00:00Z,1.0807400000,1.0814800000,1.0796100000,1.0805500000,17518,OTHER,false
2022-04-15T08:00:00Z,1.0805500000,1.0823600000,1.0802800000,1.0818600000,6758,LONDON,false
2022-04-15T12:00:00Z,1.0818600000,1.0820300000,1.0804500000,1.0813500000,13163,OTHER,false
2022-04-15T16:00:00Z,1.0813300000,1.0814200000,1.0805300000,1.0806100000,5033,OTHER,false
2022-04-15T20:00:00Z,1.0806200000,1.0814800000,1.0804000000,1.0811300000,3743,OTHER,false
2022-04-18T00:00:00Z,1.0799400000,1.0821300000,1.0793300000,1.0801300000,6864,OTHER,false
2022-04-18T04:00:00Z,1.0801300000,1.0812400000,1.0789500000,1.0792400000,9682,OTHER,false
2022-04-18T08:00:00Z,1.0792400000,1.0803700000,1.0782900000,1.0792200000,8029,LONDON,false
2022-04-18T12:00:00Z,1.0791900000,1.0814700000,1.0789500000,1.0804900000,8615,OTHER,false
2022-04-18T16:00:00Z,1.0804900000,1.0810600000,1.0770200000,1.0773000000,12760,OTHER,false
2022-04-18T20:00:00Z,1.0773000000,1.0786200000,1.0771700000,1.0781000000,7015,OTHER,false
2022-04-19T00:00:00Z,1.0780500000,1.0787700000,1.0773000000,1.0778800000,6155,OTHER,false
2022-04-19T04:00:00Z,1.0779100000,1.0784500000,1.0761200000,1.0772200000,9865,OTHER,false
2022-04-19T08:00:00Z,1.0772200000,1.0814100000,1.0766500000,1.0810800000,17272,LONDON,false
2022-04-19T12:00:00Z,1.0810900000,1.0811400000,1.0784800000,1.0794100000,15634,OTHER,false
2022-04-19T16:00:00Z,1.0794200000,1.0808200000,1.0782000000,1.0796200000,22958,OTHER,false
2022-04-19T20:00:00Z,1.0796200000,1.0803600000,1.0782500000,1.0787700000,9618,OTHER,false
2022-04-20T00:00:00Z,1.0787600000,1.0799500000,1.0782700000,1.0796400000,7737,OTHER,false
2022-04-20T04:00:00Z,1.0796400000,1.0822300000,1.0784000000,1.0820100000,12619,OTHER,false
2022-04-20T08:00:00Z,1.0820100000,1.0841300000,1.0805700000,1.0839600000,14433,LONDON,false
2022-04-20T12:00:00Z,1.0839500000,1.0866700000,1.0820800000,1.0829100000,19158,OTHER,false
2022-04-20T16:00:00Z,1.0829100000,1.0866200000,1.0822000000,1.0842900000,23078,OTHER,false
2022-04-20T20:00:00Z,1.0842700000,1.0857500000,1.0840100000,1.0853900000,11267,OTHER,false
2022-04-21T00:00:00Z,1.0849600000,1.0854200000,1.0831300000,1.0836200000,7626,OTHER,false
2022-04-21T04:00:00Z,1.0836200000,1.0844000000,1.0823900000,1.0832500000,9155,OTHER,false
2022-04-21T08:00:00Z,1.0832500000,1.0936400000,1.0832000000,1.0921200000,22390,LONDON,false
2022-04-21T12:00:00Z,1.0921300000,1.0925400000,1.0874800000,1.0891200000,17332,OTHER,false
2022-04-21T16:00:00Z,1.0891200000,1.0895900000,1.0833300000,1.0843500000,26026,OTHER,false
2022-04-21T20:00:00Z,1.0843600000,1.0858300000,1.0829900000,1.0833600000,16502,OTHER,false
2022-04-22T00:00:00Z,1.0836800000,1.0842700000,1.0831600000,1.0837100000,5535,OTHER,false
2022-04-22T04:00:00Z,1.0836800000,1.0850800000,1.0830300000,1.0845800000,10179,OTHER,false
2022-04-22T08:00:00Z,1.0845800000,1.0851900000,1.0790400000,1.0797800000,21306,LONDON,false
2022-04-22T12:00:00Z,1.0797800000,1.0825300000,1.0792000000,1.0819100000,16296,OTHER,false
2022-04-22T16:00:00Z,1.0819300000,1.0845000000,1.0770700000,1.0778900000,28819,OTHER,false
2022-04-22T20:00:00Z,1.0778900000,1.0801100000,1.0778000000,1.0800900000,11921,OTHER,false
2022-04-25T00:00:00Z,1.0807100000,1.0814500000,1.0795700000,1.0802000000,8240,OTHER,false
2022-04-25T04:00:00Z,1.0802000000,1.0804400000,1.0771900000,1.0773700000,11797,OTHER,false
2022-04-25T08:00:00Z,1.0773700000,1.0779100000,1.0706500000,1.0745000000,29082,LONDON,false
2022-04-25T12:00:00Z,1.0745000000,1.0758400000,1.0719200000,1.0742900000,26407,OTHER,false
2022-04-25T16:00:00Z,1.0742900000,1.0743700000,1.0696500000,1.0715300000,32432,OTHER,false
2022-04-25T20:00:00Z,1.0715300000,1.0718800000,1.0705000000,1.0712500000,14312,OTHER,false
2022-04-26T00:00:00Z,1.0710600000,1.0731100000,1.0706700000,1.0730000000,6661,OTHER,false
2022-04-26T04:00:00Z,1.0729900000,1.0738800000,1.0720500000,1.0727900000,11506,OTHER,false
2022-04-26T08:00:00Z,1.0727800000,1.0734300000,1.0672700000,1.0681300000,21638,LONDON,false
2022-04-26T12:00:00Z,1.0681300000,1.0697300000,1.0669200000,1.0679000000,17293,OTHER,false
2022-04-26T16:00:00Z,1.0679000000,1.0685200000,1.0642000000,1.0659200000,26356,OTHER,false
2022-04-26T20:00:00Z,1.0659200000,1.0661800000,1.0635300000,1.0637200000,12016,OTHER,false
2022-04-27T00:00:00Z,1.0636300000,1.0647800000,1.0634400000,1.0643500000,6494,OTHER,false
2022-04-27T04:00:00Z,1.0643400000,1.0653600000,1.0633300000,1.0649900000,11566,OTHER,false
2022-04-27T08:00:00Z,1.0649900000,1.0654700000,1.0585400000,1.0588600000,26358,LONDON,false
2022-04-27T12:00:00Z,1.0588400000,1.0622800000,1.0545000000,1.0555400000,25332,OTHER,false
2022-04-27T16:00:00Z,1.0555400000,1.0571300000,1.0514400000,1.0562600000,32354,OTHER,false
2022-04-27T20:00:00Z,1.0562900000,1.0572200000,1.0553500000,1.0557300000,15228,OTHER,false
2022-04-28T00:00:00Z,1.0557100000,1.0562300000,1.0530500000,1.0538500000,5461,OTHER,false
2022-04-28T04:00:00Z,1.0538500000,1.0553200000,1.0508700000,1.0517100000,16399,OTHER,false
2022-04-28T08:00:00Z,1.0517200000,1.0564600000,1.0481500000,1.0516300000,34431,LONDON,false
2022-04-28T12:00:00Z,1.0516300000,1.0538600000,1.0470900000,1.0485300000,30948,OTHER,false
2022-04-28T16:00:00Z,1.0485900000,1.0531100000,1.0481600000,1.0512500000,35793,OTHER,false
2022-04-28T20:00:00Z,1.0512300000,1.0515800000,1.0497200000,1.0498300000,11058,OTHER,false
2022-04-29T00:00:00Z,1.0497600000,1.0517000000,1.0490600000,1.0516300000,5162,OTHER,false
2022-04-29T04:00:00Z,1.0516100000,1.0529700000,1.0505100000,1.0516700000,10418,OTHER,false
2022-04-29T08:00:00Z,1.0516700000,1.0592700000,1.0516600000,1.0568900000,22970,LONDON,false
2022-04-29T12:00:00Z,1.0569200000,1.0580400000,1.0510100000,1.0531300000,24354,OTHER,false
2022-04-29T16:00:00Z,1.0531200000,1.0559300000,1.0518600000,1.0549500000,31979,OTHER,false
2022-04-29T20:00:00Z,1.0549600000,1.0578900000,1.0541500000,1.0546000000,16502,OTHER,false
2022-05-02T00:00:00Z,1.0542100000,1.0559900000,1.0526200000,1.0528900000,8300,OTHER,false
2022-05-02T04:00:00Z,1.0528900000,1.0533200000,1.0516800000,1.0518300000,10820,OTHER,false
2022-05-02T08:00:00Z,1.0518300000,1.0568100000,1.0510300000,1.0528700000,18323,LONDON,false
2022-05-02T12:00:00Z,1.0528700000,1.0533000000,1.0508200000,1.0510800000,13036,OTHER,false
2022-05-02T16:00:00Z,1.0510800000,1.0541500000,1.0502300000,1.0509100000,27177,OTHER,false
2022-05-02T20:00:00Z,1.0509100000,1.0511400000,1.0490200000,1.0507200000,14215,OTHER,false
2022-05-03T00:00:00Z,1.0507000000,1.0525600000,1.0498200000,1.0525100000,5109,OTHER,false
2022-05-03T04:00:00Z,1.0524800000,1.0526400000,1.0501600000,1.0501700000,8594,OTHER,false
2022-05-03T08:00:00Z,1.0501700000,1.0527700000,1.0494400000,1.0500500000,18297,LONDON,false
2022-05-03T12:00:00Z,1.0500400000,1.0577500000,1.0492200000,1.0567500000,20969,OTHER,false
2022-05-03T16:00:00Z,1.0567500000,1.0572200000,1.0511800000,1.0515500000,24784,OTHER,false
2022-05-03T20:00:00Z,1.0515600000,1.0540300000,1.0512600000,1.0520200000,11797,OTHER,false
2022-05-04T00:00:00Z,1.0518600000,1.0533900000,1.0517400000,1.0524300000,3523,OTHER,false
2022-05-04T04:00:00Z,1.0524400000,1.0533200000,1.0514000000,1.0516900000,5388,OTHER,false
2022-05-04T08:00:00Z,1.0516500000,1.0534700000,1.0506000000,1.0521800000,15230,LONDON,false
2022-05-04T12:00:00Z,1.0522100000,1.0555000000,1.0514500000,1.0553100000,16069,OTHER,false
2022-05-04T16:00:00Z,1.0553100000,1.0564100000,1.0524600000,1.0548500000,23181,OTHER,false
2022-05-04T20:00:00Z,1.0548800000,1.0630600000,1.0510800000,1.0621900000,46416,OTHER,false
2022-05-05T00:00:00Z,1.0619600000,1.0627400000,1.0603700000,1.0613900000,7119,OTHER,false
2022-05-05T04:00:00Z,1.0614000000,1.0641900000,1.0609900000,1.0612400000,11698,OTHER,false
2022-05-05T08:00:00Z,1.0612400000,1.0619600000,1.0581300000,1.0600400000,22062,LONDON,false
2022-05-05T12:00:00Z,1.0600400000,1.0607600000,1.0545800000,1.0553500000,27731,OTHER,false
2022-05-05T16:00:00Z,1.0553500000,1.0566000000,1.0492800000,1.0511000000,38791,OTHER,false
2022-05-05T20:00:00Z,1.0511000000,1.0550800000,1.0502400000,1.0541000000,23125,OTHER,false
2022-05-06T00:00:00Z,1.0541300000,1.0550900000,1.0533200000,1.0541200000,7288,OTHER,false
2022-05-06T04:00:00Z,1.0541200000,1.0545700000,1.0515800000,1.0532000000,14968,OTHER,false
2022-05-06T08:00:00Z,1.0532100000,1.0580200000,1.0482800000,1.0557000000,30927,LONDON,false
2022-05-06T12:00:00Z,1.0557000000,1.0598700000,1.0547400000,1.0553500000,31064,OTHER,false
2022-05-06T16:00:00Z,1.0553500000,1.0595700000,1.0553500000,1.0569100000,44522,OTHER,false
2022-05-06T20:00:00Z,1.0569000000,1.0574800000,1.0536600000,1.0543900000,18088,OTHER,false
2022-05-09T00:00:00Z,1.0538700000,1.0542500000,1.0517600000,1.0519000000,7731,OTHER,false
2022-05-09T04:00:00Z,1.0519000000,1.0526800000,1.0502500000,1.0512200000,13179,OTHER,false
2022-05-09T08:00:00Z,1.0512000000,1.0529500000,1.0495400000,1.0507700000,23440,LONDON,false
2022-05-09T12:00:00Z,1.0507700000,1.0573200000,1.0505000000,1.0562400000,25997,OTHER,false
2022-05-09T16:00:00Z,1.0562400000,1.0592500000,1.0516800000,1.0573500000,34007,OTHER,false
2022-05-09T20:00:00Z,1.0573400000,1.0575500000,1.0550800000,1.0557000000,19296,OTHER,false
2022-05-10T00:00:00Z,1.0557000000,1.0569000000,1.0551000000,1.0558800000,8844,OTHER,false
2022-05-10T04:00:00Z,1.0558900000,1.0581000000,1.0555300000,1.0575700000,17026,OTHER,false
2022-05-10T08:00:00Z,1.0575800000,1.0585100000,1.0551200000,1.0572300000,24464,LONDON,false
2022-05-10T12:00:00Z,1.0572100000,1.0575500000,1.0535900000,1.0551100000,22594,OTHER,false
2022-05-10T16:00:00Z,1.0551200000,1.0574700000,1.0525700000,1.0533900000,37161,OTHER,false
2022-05-10T20:00:00Z,1.0533800000,1.0541300000,1.0526700000,1.0528100000,16958,OTHER,false
2022-05-11T00:00:00Z,1.0528100000,1.0536900000,1.0524000000,1.0531500000,5395,OTHER,false
2022-05-11T04:00:00Z,1.0531500000,1.0543200000,1.0525600000,1.0541100000,9875,OTHER,false
2022-05-11T08:00:00Z,1.0541500000,1.0574300000,1.0537100000,1.0567700000,20075,LONDON,false
2022-05-11T12:00:00Z,1.0567700000,1.0575700000,1.0501700000,1.0521000000,28030,OTHER,false
2022-05-11T16:00:00Z,1.0521600000,1.0577000000,1.0517600000,1.0530600000,47750,OTHER,false
2022-05-11T20:00:00Z,1.0530800000,1.0535600000,1.0509200000,1.0509200000,23272,OTHER,false
2022-05-12T00:00:00Z,1.0509200000,1.0528400000,1.0507600000,1.0524200000,7764,OTHER,false
2022-05-12T04:00:00Z,1.0524200000,1.0529100000,1.0512100000,1.0518900000,12561,OTHER,false
2022-05-12T08:00:00Z,1.0518900000,1.0521000000,1.0440200000,1.0440700000,32137,LONDON,false
2022-05-12T12:00:00Z,1.0440700000,1.0446500000,1.0388500000,1.0416800000,29189,OTHER,false
2022-05-12T16:00:00Z,1.0416700000,1.0426200000,1.0354600000,1.0359400000,38877,OTHER,false
2022-05-12T20:00:00Z,1.0359400000,1.0382200000,1.0354000000,1.0377900000,18875,OTHER,false
2022-05-13T00:00:00Z,1.0377900000,1.0384200000,1.0373100000,1.0379700000,6204,OTHER,false
2022-05-13T04:00:00Z,1.0379600000,1.0398000000,1.0373900000,1.0397200000,10687,OTHER,false
2022-05-13T08:00:00Z,1.0397000000,1.0419600000,1.0383700000,1.0407900000,23551,LONDON,false
2022-05-13T12:00:00Z,1.0407900000,1.0408800000,1.0370900000,1.0376500000,20385,OTHER,false
2022-05-13T16:00:00Z,1.0376500000,1.0416100000,1.0349400000,1.0409100000,26886,OTHER,false
2022-05-13T20:00:00Z,1.0409000000,1.0416100000,1.0393800000,1.0407700000,10133,OTHER,false
2022-05-16T00:00:00Z,1.0395900000,1.0412600000,1.0394300000,1.0409700000,6601,OTHER,false
2022-05-16T04:00:00Z,1.0409700000,1.0416700000,1.0388700000,1.0400300000,13453,OTHER,false
2022-05-16T08:00:00Z,1.0400500000,1.0434400000,1.0394700000,1.0432800000,17623,LONDON,false
2022-05-16T12:00:00Z,1.0432800000,1.0438100000,1.0412700000,1.0422800000,14234,OTHER,false
2022-05-16T16:00:00Z,1.0422800000,1.0433100000,1.0390000000,1.0424900000,20483,OTHER,false
2022-05-16T20:00:00Z,1.0424900000,1.0443000000,1.0418000000,1.0431100000,9076,OTHER,false
2022-05-17T00:00:00Z,1.0431000000,1.0453900000,1.0427600000,1.0446100000,5865,OTHER,false
2022-05-17T04:00:00Z,1.0446100000,1.0449800000,1.0431900000,1.0440600000,8063,OTHER,false
2022-05-17T08:00:00Z,1.0440600000,1.0492100000,1.0440500000,1.0490500000,17105,LONDON,false
2022-05-17T12:00:00Z,1.0490600000,1.0556000000,1.0468600000,1.0543400000,23757,OTHER,false
2022-05-17T16:00:00Z,1.0543300000,1.0550800000,1.0525300000,1.0544100000,19820,OTHER,false
2022-05-17T20:00:00Z,1.0544100000,1.0555000000,1.0521000000,1.0546500000,21377,OTHER,false
2022-05-18T00:00:00Z,1.0546500000,1.0563900000,1.0543300000,1.0555200000,5661,OTHER,false
2022-05-18T04:00:00Z,1.0555200000,1.0557500000,1.0524700000,1.0530400000,8824,OTHER,false
2022-05-18T08:00:00Z,1.0530600000,1.0540900000,1.0494600000,1.0509500000,17894,LONDON,false
2022-05-18T12:00:00Z,1.0509500000,1.0529100000,1.0504900000,1.0521100000,15920,OTHER,false
2022-05-18T16:00:00Z,1.0521100000,1.0541800000,1.0482600000,1.0488400000,25366,OTHER,false
2022-05-18T20:00:00Z,1.0488100000,1.0488300000,1.0459900000,1.0460900000,14262,OTHER,false
2022-05-19T00:00:00Z,1.0460900000,1.0500100000,1.0459000000,1.0485700000,8518,OTHER,false
2022-05-19T04:00:00Z,1.0485700000,1.0506700000,1.0478900000,1.0496700000,10505,OTHER,false
2022-05-19T08:00:00Z,1.0496700000,1.0509100000,1.0464800000,1.0495200000,20433,LONDON,false
2022-05-19T12:00:00Z,1.0495100000,1.0545000000,1.0487400000,1.0536900000,23700,OTHER,false
2022-05-19T16:00:00Z,1.0537100000,1.0598800000,1.0536900000,1.0594300000,35713,OTHER,false
2022-05-19T20:00:00Z,1.0594300000,1.0607300000,1.0580700000,1.0585400000,16462,OTHER,false
2022-05-20T00:00:00Z,1.0581600000,1.0586600000,1.0567900000,1.0576400000,5571,OTHER,false
2022-05-20T04:00:00Z,1.0576600000,1.0581400000,1.0554700000,1.0573800000,9903,OTHER,false
2022-05-20T08:00:00Z,1.0574000000,1.0593500000,1.0554200000,1.0575400000,20334,LONDON,false
2022-05-20T12:00:00Z,1.0575200000,1.0599000000,1.0560900000,1.0563700000,15846,OTHER,false
2022-05-20T16:00:00Z,1.0563700000,1.0571200000,1.0539700000,1.0550400000,26354,OTHER,false
2022-05-20T20:00:00Z,1.0550400000,1.0567100000,1.0532800000,1.0558200000,15692,OTHER,false
2022-05-23T00:00:00Z,1.0560100000,1.0590700000,1.0556100000,1.0582600000,7089,OTHER,false
2022-05-23T04:00:00Z,1.0582500000,1.0594600000,1.0579600000,1.0590800000,7619,OTHER,false
2022-05-23T08:00:00Z,1.0590900000,1.0648500000,1.0588300000,1.0644700000,21508,LONDON,false
2022-05-23T12:00:00Z,1.0645500000,1.0687400000,1.0644700000,1.0649400000,20637,OTHER,false
2022-05-23T16:00:00Z,1.0649300000,1.0691000000,1.0644300000,1.0677200000,21999,OTHER,false
2022-05-23T20:00:00Z,1.0677200000,1.0697500000,1.0671600000,1.0688100000,10316,OTHER,false
2022-05-24T00:00:00Z,1.0687800000,1.0692800000,1.0666800000,1.0669900000,4820,OTHER,false
2022-05-24T04:00:00Z,1.0669900000,1.0675300000,1.0661100000,1.0664600000,5825,OTHER,false
2022-05-24T08:00:00Z,1.0664700000,1.0736200000,1.0662300000,1.0705000000,22792,LONDON,false
2022-05-24T12:00:00Z,1.0705000000,1.0727500000,1.0696000000,1.0707500000,17670,OTHER,false
2022-05-24T16:00:00Z,1.0707400000,1.0748900000,1.0703900000,1.0730600000,31614,OTHER,false
2022-05-24T20:00:00Z,1.0730500000,1.0738900000,1.0722300000,1.0733300000,13806,OTHER,false
2022-05-25T00:00:00Z,1.0732900000,1.0738200000,1.0717900000,1.0722900000,5176,OTHER,false
2022-05-25T04:00:00Z,1.0722800000,1.0723400000,1.0703300000,1.0705300000,8799,OTHER,false
2022-05-25T08:00:00Z,1.0705300000,1.0709600000,1.0666700000,1.0669800000,20103,LONDON,false
2022-05-25T12:00:00Z,1.0669500000,1.0679200000,1.0641800000,1.0651400000,20269,OTHER,false
2022-05-25T16:00:00Z,1.0651300000,1.0687300000,1.0647700000,1.0654400000,23568,OTHER,false
2022-05-25T20:00:00Z,1.0654600000,1.0694700000,1.0651900000,1.0679000000,18883,OTHER,false
2022-05-26T00:00:00Z,1.0677500000,1.0706600000,1.0669600000,1.0704000000,6982,OTHER,false
2022-05-26T04:00:00Z,1.0704200000,1.0705400000,1.0680100000,1.0682700000,10769,OTHER,false
2022-05-26T08:00:00Z,1.0682800000,1.0695600000,1.0662700000,1.0682400000,17336,LONDON,false
2022-05-26T12:00:00Z,1.0682400000,1.0723100000,1.0679500000,1.0699900000,19231,OTHER,false
2022-05-26T16:00:00Z,1.0699900000,1.0729400000,1.0692300000,1.0708000000,20493,OTHER,false
2022-05-26T20:00:00Z,1.0708000000,1.0731000000,1.0702100000,1.0723900000,9461,OTHER,false
2022-05-27T00:00:00Z,1.0723900000,1.0739800000,1.0713900000,1.0739400000,6315,OTHER,false
2022-05-27T04:00:00Z,1.0739700000,1.0765100000,1.0733900000,1.0754500000,8660,OTHER,false
2022-05-27T08:00:00Z,1.0754500000,1.0757100000,1.0725600000,1.0730500000,14219,LONDON,false
2022-05-27T12:00:00Z,1.0730400000,1.0731400000,1.0697400000,1.0716100000,17629,OTHER,false
2022-05-27T16:00:00Z,1.0716100000,1.0750200000,1.0701400000,1.0710100000,21981,OTHER,false
2022-05-27T20:00:00Z,1.0710100000,1.0734000000,1.0706400000,1.0730900000,7966,OTHER,false
2022-05-30T00:00:00Z,1.0732600000,1.0736000000,1.0724300000,1.0730000000,4170,OTHER,false
2022-05-30T04:00:00Z,1.0729700000,1.0760300000,1.0726600000,1.0758000000,7729,OTHER,false
2022-05-30T08:00:00Z,1.0758000000,1.0770100000,1.0740600000,1.0763300000,15028,LONDON,false
2022-05-30T12:00:00Z,1.0763300000,1.0780300000,1.0748500000,1.0752800000,12990,OTHER,false
2022-05-30T16:00:00Z,1.0752800000,1.0786500000,1.0750500000,1.0786200000,11869,OTHER,false
2022-05-30T20:00:00Z,1.0786300000,1.0786900000,1.0777000000,1.0778000000,3237,OTHER,false
2022-05-31T00:00:00Z,1.0775600000,1.0778800000,1.0743500000,1.0745200000,6167,OTHER,false
2022-05-31T04:00:00Z,1.0745100000,1.0758000000,1.0734200000,1.0745000000,10701,OTHER,false
2022-05-31T08:00:00Z,1.0745100000,1.0755500000,1.0725400000,1.0728200000,17663,LONDON,false
2022-05-31T12:00:00Z,1.0728600000,1.0738600000,1.0680000000,1.0682400000,25171,OTHER,false
2022-05-31T16:00:00Z,1.0682400000,1.0738200000,1.0679100000,1.0731000000,32920,OTHER,false
2022-05-31T20:00:00Z,1.0730900000,1.0746600000,1.0725700000,1.0732600000,12916,OTHER,false
2022-06-01T00:00:00Z,1.0732000000,1.0737600000,1.0726500000,1.0727800000,6706,OTHER,false
2022-06-01T04:00:00Z,1.0727800000,1.0728500000,1.0706900000,1.0714200000,10126,OTHER,false
2022-06-01T08:00:00Z,1.0714200000,1.0739000000,1.0705400000,1.0718000000,17339,LONDON,false
2022-06-01T12:00:00Z,1.0717700000,1.0728600000,1.0702200000,1.0726100000,14804,OTHER,false
2022-06-01T16:00:00Z,1.0726300000,1.0730800000,1.0627200000,1.0639200000,30183,OTHER,false
2022-06-01T20:00:00Z,1.0639000000,1.0660500000,1.0637300000,1.0648400000,12798,OTHER,false
2022-06-02T00:00:00Z,1.0645300000,1.0659800000,1.0640500000,1.0656300000,4940,OTHER,false
2022-06-02T04:00:00Z,1.0656600000,1.0658400000,1.0644800000,1.0657200000,7364,OTHER,false
2022-06-02T08:00:00Z,1.0657200000,1.0695400000,1.0649100000,1.0684200000,12868,LONDON,false
2022-06-02T12:00:00Z,1.0683900000,1.0715800000,1.0680700000,1.0703300000,15231,OTHER,false
2022-06-02T16:00:00Z,1.0703300000,1.0744700000,1.0692200000,1.0744100000,24441,OTHER,false
2022-06-02T20:00:00Z,1.0744100000,1.0749900000,1.0737700000,1.0746300000,9010,OTHER,false
2022-06-03T00:00:00Z,1.0744300000,1.0762700000,1.0734500000,1.0758800000,4378,OTHER,false
2022-06-03T04:00:00Z,1.0758700000,1.0763800000,1.0745800000,1.0745800000,6737,OTHER,false
2022-06-03T08:00:00Z,1.0745800000,1.0762500000,1.0744900000,1.0753700000,11200,LONDON,false
2022-06-03T12:00:00Z,1.0753700000,1.0755900000,1.0703900000,1.0716000000,18127,OTHER,false
2022-06-03T16:00:00Z,1.0715900000,1.0752200000,1.0710600000,1.0729100000,25326,OTHER,false
2022-06-03T20:00:00Z,1.0729100000,1.0729700000,1.0714200000,1.0716500000,7027,OTHER,false
2022-06-06T00:00:00Z,1.0714600000,1.0731900000,1.0712500000,1.0716000000,1841,OTHER,false
2022-06-06T04:00:00Z,1.0716000000,1.0728100000,1.0710000000,1.0727600000,3835,OTHER,false
2022-06-06T08:00:00Z,1.0727600000,1.0751600000,1.0718100000,1.0751000000,13982,LONDON,false
2022-06-06T12:00:00Z,1.0751000000,1.0751300000,1.0715800000,1.0723100000,11641,OTHER,false
2022-06-06T16:00:00Z,1.0723000000,1.0724000000,1.0684100000,1.0700800000,20156,OTHER,false
2022-06-06T20:00:00Z,1.0700700000,1.0703400000,1.0685400000,1.0695500000,8840,OTHER,false
2022-06-07T00:00:00Z,1.0695000000,1.0696400000,1.0679800000,1.0684300000,7123,OTHER,false
2022-06-07T04:00:00Z,1.0684300000,1.0700100000,1.0670700000,1.0682600000,10347,OTHER,false
2022-06-07T08:00:00Z,1.0682600000,1.0704700000,1.0665400000,1.0679600000,21710,LONDON,false
2022-06-07T12:00:00Z,1.0679700000,1.0692000000,1.0654400000,1.0656000000,16793,OTHER,false
2022-06-07T16:00:00Z,1.0655900000,1.0709800000,1.0652300000,1.0701300000,23939,OTHER,false
2022-06-07T20:00:00Z,1.0701300000,1.0714300000,1.0693100000,1.0704900000,8344,OTHER,false
2022-06-08T00:00:00Z,1.0703600000,1.0707300000,1.0685000000,1.0693200000,4930,OTHER,false
2022-06-08T04:00:00Z,1.0693200000,1.0695800000,1.0678100000,1.0678400000,9337,OTHER,false
2022-06-08T08:00:00Z,1.0678200000,1.0695100000,1.0676100000,1.0679200000,16254,LONDON,false
2022-06-08T12:00:00Z,1.0679100000,1.0740900000,1.0671500000,1.0731600000,19190,OTHER,false
2022-06-08T16:00:00Z,1.0731700000,1.0748500000,1.0724700000,1.0728700000,22701,OTHER,false
2022-06-08T20:00:00Z,1.0728700000,1.0728700000,1.0712400000,1.0715700000,9011,OTHER,false
2022-06-09T00:00:00Z,1.0715400000,1.0720600000,1.0709300000,1.0712000000,6421,OTHER,false
2022-06-09T04:00:00Z,1.0712100000,1.0733500000,1.0709600000,1.0726200000,7109,OTHER,false
2022-06-09T08:00:00Z,1.0726200000,1.0729700000,1.0694300000,1.0715200000,16119,LONDON,false
2022-06-09T12:00:00Z,1.0715300000,1.0773900000,1.0688300000,1.0734300000,29239,OTHER,false
2022-06-09T16:00:00Z,1.0734400000,1.0742900000,1.0645200000,1.0652500000,36650,OTHER,false
2022-06-09T20:00:00Z,1.0652500000,1.0655100000,1.0610700000,1.0615900000,12979,OTHER,false
2022-06-10T00:00:00Z,1.0614200000,1.0624000000,1.0610900000,1.0623800000,7345,OTHER,false
2022-06-10T04:00:00Z,1.0623700000,1.0635300000,1.0617100000,1.0630500000,6979,OTHER,false
2022-06-10T08:00:00Z,1.0630700000,1.0642400000,1.0607500000,1.0614900000,19184,LONDON,false
2022-06-10T12:00:00Z,1.0614800000,1.0618000000,1.0521000000,1.0522600000,26712,OTHER,false
2022-06-10T16:00:00Z,1.0522700000,1.0544400000,1.0506000000,1.0516900000,35532,OTHER,false
2022-06-10T20:00:00Z,1.0516900000,1.0533500000,1.0513700000,1.0520700000,13772,OTHER,false
2022-06-13T00:00:00Z,1.0513700000,1.0519500000,1.0480400000,1.0484800000,8928,OTHER,false
2022-06-13T04:00:00Z,1.0484900000,1.0494000000,1.0475700000,1.0490800000,9672,OTHER,false
2022-06-13T08:00:00Z,1.0490800000,1.0495400000,1.0456400000,1.0475300000,24533,LONDON,false
2022-06-13T12:00:00Z,1.0475200000,1.0481900000,1.0445100000,1.0465500000,25727,OTHER,false
2022-06-13T16:00:00Z,1.0465400000,1.0468400000,1.0418300000,1.0437400000,32410,OTHER,false
2022-06-13T20:00:00Z,1.0437400000,1.0458100000,1.0399600000,1.0407600000,24633,OTHER,false
2022-06-14T00:00:00Z,1.0407800000,1.0424500000,1.0401700000,1.0422700000,8522,OTHER,false
2022-06-14T04:00:00Z,1.0422600000,1.0436100000,1.0396900000,1.0425000000,15154,OTHER,false
2022-06-14T08:00:00Z,1.0424900000,1.0484800000,1.0417800000,1.0465400000,26430,LONDON,false
2022-06-14T12:00:00Z,1.0465500000,1.0468300000,1.0425500000,1.0449100000,29424,OTHER,false
2022-06-14T16:00:00Z,1.0449000000,1.0459800000,1.0406600000,1.0420300000,38216,OTHER,false
2022-06-14T20:00:00Z,1.0420200000,1.0443100000,1.0399800000,1.0415100000,19307,OTHER,false
2022-06-15T00:00:00Z,1.0414000000,1.0440800000,1.0399500000,1.0434600000,10428,OTHER,false
2022-06-15T04:00:00Z,1.0434700000,1.0451400000,1.0424500000,1.0427000000,15262,OTHER,false
2022-06-15T08:00:00Z,1.0427000000,1.0507600000,1.0424400000,1.0494300000,34085,LONDON,false
2022-06-15T12:00:00Z,1.0494300000,1.0497600000,1.0404000000,1.0414800000,31767,OTHER,false
2022-06-15T16:00:00Z,1.0414900000,1.0431900000,1.0380200000,1.0381900000,29832,OTHER,false
2022-06-15T20:00:00Z,1.0381800000,1.0469500000,1.0359100000,1.0443000000,51752,OTHER,false
2022-06-16T00:00:00Z,1.0441200000,1.0469100000,1.0433400000,1.0452700000,11945,OTHER,false
2022-06-16T04:00:00Z,1.0452600000,1.0458900000,1.0430600000,1.0438500000,17971,OTHER,false
2022-06-16T08:00:00Z,1.0438500000,1.0444100000,1.0381100000,1.0409200000,33096,LONDON,false
2022-06-16T12:00:00Z,1.0409300000,1.0436700000,1.0383800000,1.0428300000,42039,OTHER,false
2022-06-16T16:00:00Z,1.0428400000,1.0573000000,1.0428000000,1.0559900000,47503,OTHER,false
2022-06-16T20:00:00Z,1.0560100000,1.0600900000,1.0545900000,1.0548300000,24784,OTHER,false
2022-06-17T00:00:00Z,1.0545400000,1.0560200000,1.0535200000,1.0540900000,10247,OTHER,false
2022-06-17T04:00:00Z,1.0540900000,1.0542700000,1.0517100000,1.0527700000,24343,OTHER,false
2022-06-17T08:00:00Z,1.0527700000,1.0530800000,1.0493700000,1.0520200000,32819,LONDON,false
2022-06-17T12:00:00Z,1.0520200000,1.0535900000,1.0475800000,1.0494800000,28956,OTHER,false
2022-06-17T16:00:00Z,1.0494800000,1.0500000000,1.0444700000,1.0467600000,40186,OTHER,false
2022-06-17T20:00:00Z,1.0467600000,1.0502800000,1.0466800000,1.0496200000,13840,OTHER,false
2022-06-20T00:00:00Z,1.0474700000,1.0496900000,1.0472700000,1.0493400000,8236,OTHER,false
2022-06-20T04:00:00Z,1.0493400000,1.0530300000,1.0491100000,1.0522800000,13696,OTHER,false
2022-06-20T08:00:00Z,1.0522800000,1.0543000000,1.0510100000,1.0524400000,23184,LONDON,false
2022-06-20T12:00:00Z,1.0524500000,1.0545700000,1.0515100000,1.0517300000,18014,OTHER,false
2022-06-20T16:00:00Z,1.0517200000,1.0541900000,1.0507500000,1.0523400000,15968,OTHER,false
2022-06-20T20:00:00Z,1.0523500000,1.0523500000,1.0497900000,1.0510400000,3842,OTHER,false
2022-06-21T00:00:00Z,1.0510400000,1.0533200000,1.0505300000,1.0532800000,7896,OTHER,false
2022-06-21T04:00:00Z,1.0532800000,1.0542300000,1.0520900000,1.0522600000,10452,OTHER,false
2022-06-21T08:00:00Z,1.0522600000,1.0579000000,1.0513000000,1.0578100000,20809,LONDON,false
2022-06-21T12:00:00Z,1.0578100000,1.0582400000,1.0544700000,1.0551900000,22440,OTHER,false
2022-06-21T16:00:00Z,1.0551900000,1.0566600000,1.0528000000,1.0534400000,26838,OTHER,false
2022-06-21T20:00:00Z,1.0534400000,1.0540500000,1.0518700000,1.0531800000,10345,OTHER,false
2022-06-22T00:00:00Z,1.0529900000,1.0538700000,1.0510300000,1.0512700000,8086,OTHER,false
2022-06-22T04:00:00Z,1.0512700000,1.0515600000,1.0493600000,1.0496700000,13870,OTHER,false
2022-06-22T08:00:00Z,1.0496700000,1.0514000000,1.0469100000,1.0507900000,27992,LONDON,false
2022-06-22T12:00:00Z,1.0507900000,1.0535200000,1.0504300000,1.0530700000,24682,OTHER,false
2022-06-22T16:00:00Z,1.0530800000,1.0605400000,1.0530300000,1.0574800000,32246,OTHER,false
2022-06-22T20:00:00Z,1.0574700000,1.0584800000,1.0563300000,1.0567800000,10916,OTHER,false
2022-06-23T00:00:00Z,1.0563100000,1.0575200000,1.0560400000,1.0574200000,8685,OTHER,false
2022-06-23T04:00:00Z,1.0574300000,1.0581200000,1.0555800000,1.0568600000,18910,OTHER,false
2022-06-23T08:00:00Z,1.0567600000,1.0579200000,1.0482700000,1.0493900000,32353,LONDON,false
2022-06-23T12:00:00Z,1.0493900000,1.0521900000,1.0490400000,1.0504600000,26750,OTHER,false
2022-06-23T16:00:00Z,1.0504700000,1.0553800000,1.0494400000,1.0508300000,44722,OTHER,false
2022-06-23T20:00:00Z,1.0508400000,1.0533800000,1.0504400000,1.0521500000,16114,OTHER,false
2022-06-24T00:00:00Z,1.0522500000,1.0528000000,1.0511900000,1.0517000000,7166,OTHER,false
2022-06-24T04:00:00Z,1.0517000000,1.0543200000,1.0513700000,1.0539800000,10929,OTHER,false
2022-06-24T08:00:00Z,1.0539700000,1.0546500000,1.0518800000,1.0544500000,19972,LONDON,false
2022-06-24T12:00:00Z,1.0544400000,1.0554700000,1.0514400000,1.0523000000,22252,OTHER,false
2022-06-24T16:00:00Z,1.0523100000,1.0571100000,1.0515800000,1.0546100000,33907,OTHER,false
2022-06-24T20:00:00Z,1.0546100000,1.0559100000,1.0534700000,1.0553400000,9309,OTHER,false
2022-06-27T00:00:00Z,1.0545600000,1.0574500000,1.0545600000,1.0556000000,9162,OTHER,false
2022-06-27T04:00:00Z,1.0556000000,1.0566200000,1.0550300000,1.0564700000,15188,OTHER,false
2022-06-27T08:00:00Z,1.0564700000,1.0591100000,1.0554400000,1.0584100000,23032,LONDON,false
2022-06-27T12:00:00Z,1.0584100000,1.0588900000,1.0553700000,1.0567900000,20541,OTHER,false
2022-06-27T16:00:00Z,1.0568000000,1.0614900000,1.0568000000,1.0597600000,28557,OTHER,false
2022-06-27T20:00:00Z,1.0597600000,1.0599200000,1.0578100000,1.0582900000,12872,OTHER,false
2022-06-28T00:00:00Z,1.0581700000,1.0585700000,1.0570500000,1.0576300000,6579,OTHER,false
2022-06-28T04:00:00Z,1.0576300000,1.0586500000,1.0571100000,1.0575600000,15654,OTHER,false
2022-06-28T08:00:00Z,1.0575600000,1.0605800000,1.0570500000,1.0591900000,29658,LONDON,false
2022-06-28T12:00:00Z,1.0591900000,1.0596900000,1.0532800000,1.0538200000,24331,OTHER,false
2022-06-28T16:00:00Z,1.0538200000,1.0542300000,1.0503300000,1.0523300000,32180,OTHER,false
2022-06-28T20:00:00Z,1.0523300000,1.0534500000,1.0517000000,1.0518000000,13376,OTHER,false
2022-06-29T00:00:00Z,1.0517000000,1.0531100000,1.0514800000,1.0520900000,7113,OTHER,false
2022-06-29T04:00:00Z,1.0520800000,1.0535300000,1.0500900000,1.0504200000,17142,OTHER,false
2022-06-29T08:00:00Z,1.0504400000,1.0520600000,1.0485700000,1.0510700000,28575,LONDON,false
2022-06-29T12:00:00Z,1.0510700000,1.0535200000,1.0504900000,1.0521200000,28525,OTHER,false
2022-06-29T16:00:00Z,1.0521300000,1.0526700000,1.0444500000,1.0445900000,35176,OTHER,false
2022-06-29T20:00:00Z,1.0446000000,1.0454200000,1.0435200000,1.0441100000,11552,OTHER,false
2022-06-30T00:00:00Z,1.0439400000,1.0447300000,1.0434600000,1.0442300000,8557,OTHER,false
2022-06-30T04:00:00Z,1.0442200000,1.0457500000,1.0432600000,1.0453400000,12350,OTHER,false
2022-06-30T08:00:00Z,1.0453400000,1.0468800000,1.0429900000,1.0441100000,29968,LONDON,false
2022-06-30T12:00:00Z,1.0441300000,1.0442500000,1.0382300000,1.0397900000,29087,OTHER,false
2022-06-30T16:00:00Z,1.0397900000,1.0485400000,1.0397700000,1.0482400000,37401,OTHER,false
2022-06-30T20:00:00Z,1.0482400000,1.0489100000,1.0467700000,1.0482700000,17131,OTHER,false
2022-07-01T00:00:00Z,1.0482600000,1.0485400000,1.0466500000,1.0471200000,9198,OTHER,false
2022-07-01T04:00:00Z,1.0471500000,1.0473800000,1.0447000000,1.0453800000,17927,OTHER,false
2022-07-01T08:00:00Z,1.0453800000,1.0470700000,1.0432900000,1.0458700000,29286,LONDON,false
2022-07-01T12:00:00Z,1.0458700000,1.0474200000,1.0406600000,1.0406900000,28935,OTHER,false
2022-07-01T16:00:00Z,1.0406800000,1.0420100000,1.0365700000,1.0401500000,40282,OTHER,false
2022-07-01T20:00:00Z,1.0401100000,1.0432900000,1.0393500000,1.0426100000,12914,OTHER,false
2022-07-04T00:00:00Z,1.0414600000,1.0444300000,1.0414600000,1.0433900000,10209,OTHER,false
2022-07-04T04:00:00Z,1.0433900000,1.0439800000,1.0424100000,1.0427800000,13947,OTHER,false
2022-07-04T08:00:00Z,1.0427800000,1.0439100000,1.0420500000,1.0437600000,19717,LONDON,false
2022-07-04T12:00:00Z,1.0437700000,1.0462700000,1.0435100000,1.0451100000,17783,OTHER,false
2022-07-04T16:00:00Z,1.0451200000,1.0457500000,1.0416900000,1.0423500000,17061,OTHER,false
2022-07-04T20:00:00Z,1.0423500000,1.0425400000,1.0418600000,1.0422100000,3446,OTHER,false
2022-07-05T00:00:00Z,1.0419800000,1.0436000000,1.0407500000,1.0433900000,8640,OTHER,false
2022-07-05T04:00:00Z,1.0433800000,1.0438100000,1.0423100000,1.0437900000,14608,OTHER,false
2022-07-05T08:00:00Z,1.0437900000,1.0448800000,1.0305700000,1.0307200000,32290,LONDON,false
2022-07-05T12:00:00Z,1.0307300000,1.0324800000,1.0280200000,1.0291900000,33263,OTHER,false
2022-07-05T16:00:00Z,1.0291900000,1.0293600000,1.0234900000,1.0245200000,36859,OTHER,false
2022-07-05T20:00:00Z,1.0245200000,1.0271300000,1.0239700000,1.0265600000,14654,OTHER,false
2022-07-06T00:00:00Z,1.0264100000,1.0271400000,1.0253600000,1.0266200000,8922,OTHER,false
2022-07-06T04:00:00Z,1.0266200000,1.0271600000,1.0239300000,1.0247000000,16704,OTHER,false
2022-07-06T08:00:00Z,1.0246900000,1.0276900000,1.0226000000,1.0244500000,32312,LONDON,false
2022-07-06T12:00:00Z,1.0244500000,1.0244700000,1.0166200000,1.0187200000,34991,OTHER,false
2022-07-06T16:00:00Z,1.0187200000,1.0201500000,1.0161800000,1.0173100000,39690,OTHER,false
2022-07-06T20:00:00Z,1.0173000000,1.0198900000,1.0172100000,1.0181000000,25269,OTHER,false
2022-07-07T00:00:00Z,1.0179700000,1.0189000000,1.0176200000,1.0187000000,8501,OTHER,false
2022-07-07T04:00:00Z,1.0187000000,1.0209800000,1.0180500000,1.0201900000,15196,OTHER,false
2022-07-07T08:00:00Z,1.0201900000,1.0221300000,1.0181900000,1.0197900000,27755,LONDON,false
2022-07-07T12:00:00Z,1.0197900000,1.0217600000,1.0169400000,1.0170400000,32796,OTHER,false
2022-07-07T16:00:00Z,1.0170400000,1.0193600000,1.0151000000,1.0155200000,30415,OTHER,false
2022-07-07T20:00:00Z,1.0155100000,1.0168300000,1.0144100000,1.0158700000,11398,OTHER,false
2022-07-08T00:00:00Z,1.0156400000,1.0187000000,1.0156400000,1.0186900000,6855,OTHER,false
2022-07-08T04:00:00Z,1.0186800000,1.0191200000,1.0139300000,1.0154800000,16435,OTHER,false
2022-07-08T08:00:00Z,1.0154800000,1.0170100000,1.0071700000,1.0113700000,30976,LONDON,false
2022-07-08T12:00:00Z,1.0113700000,1.0168800000,1.0105100000,1.0143100000,33531,OTHER,false
2022-07-08T16:00:00Z,1.0143200000,1.0190500000,1.0134200000,1.0167600000,35566,OTHER,false
2022-07-08T20:00:00Z,1.0167600000,1.0183900000,1.0163500000,1.0183100000,8338,OTHER,false
2022-07-11T00:00:00Z,1.0169600000,1.0183100000,1.0153000000,1.0154400000,9065,OTHER,false
2022-07-11T04:00:00Z,1.0154400000,1.0156300000,1.0134900000,1.0151300000,13283,OTHER,false
2022-07-11T08:00:00Z,1.0151300000,1.0152300000,1.0105600000,1.0118500000,23777,LONDON,false
2022-07-11T12:00:00Z,1.0118400000,1.0125500000,1.0074800000,1.0081200000,25006,OTHER,false
2022-07-11T16:00:00Z,1.0081100000,1.0093200000,1.0052200000,1.0063800000,33557,OTHER,false
2022-07-11T20:00:00Z,1.0063600000,1.0073400000,1.0033700000,1.0039600000,15033,OTHER,false
2022-07-12T00:00:00Z,1.0039600000,1.0055400000,1.0032000000,1.0040100000,7671,OTHER,false
2022-07-12T04:00:00Z,1.0040100000,1.0041600000,1.0005400000,1.0015400000,21402,OTHER,false
2022-07-12T08:00:00Z,1.0015400000,1.0039300000,1.0002100000,1.0010200000,33887,LONDON,false
2022-07-12T12:00:00Z,1.0010200000,1.0069600000,0.9999600000,1.0052900000,30265,OTHER,false
2022-07-12T16:00:00Z,1.0052600000,1.0073900000,1.0033300000,1.0061900000,32139,OTHER,false
2022-07-12T20:00:00Z,1.0061900000,1.0064300000,1.0031500000,1.0036500000,14574,OTHER,false
2022-07-13T00:00:00Z,1.0034600000,1.0039600000,1.0024700000,1.0030300000,7960,OTHER,false
2022-07-13T04:00:00Z,1.0030400000,1.0046800000,1.0022600000,1.0036000000,14538,OTHER,false
2022-07-13T08:00:00Z,1.0035900000,1.0053100000,1.0006200000,1.0036900000,29813,LONDON,false
2022-07-13T12:00:00Z,1.0036900000,1.0100000000,0.9997700000,1.0020500000,30152,OTHER,false
2022-07-13T16:00:00Z,1.0020400000,1.0122200000,1.0008600000,1.0082200000,47450,OTHER,false
2022-07-13T20:00:00Z,1.0082300000,1.0087500000,1.0053700000,1.0057400000,20179,OTHER,false
2022-07-14T00:00:00Z,1.0055100000,1.0059800000,1.0021100000,1.0021800000,9611,OTHER,false
2022-07-14T04:00:00Z,1.0021800000,1.0040100000,1.0013600000,1.0023000000,15701,OTHER,false
2022-07-14T08:00:00Z,1.0023100000,1.0046400000,1.0005200000,1.0020200000,33009,LONDON,false
2022-07-14T12:00:00Z,1.0020200000,1.0050500000,1.0002200000,1.0002300000,34019,OTHER,false
2022-07-14T16:00:00Z,1.0002400000,1.0047800000,0.9952200000,0.9990700000,49795,OTHER,false
2022-07-14T20:00:00Z,0.9990900000,1.0037800000,0.9990900000,1.0017800000,22949,OTHER,false
2022-07-15T00:00:00Z,1.0015400000,1.0027800000,1.0011300000,1.0019300000,8967,OTHER,false
2022-07-15T04:00:00Z,1.0019300000,1.0040900000,1.0017600000,1.0030400000,11676,OTHER,false
2022-07-15T08:00:00Z,1.0030400000,1.0035800000,1.0007000000,1.0031100000,25499,LONDON,false
2022-07-15T12:00:00Z,1.0031000000,1.0076800000,1.0028500000,1.0072400000,27775,OTHER,false
2022-07-15T16:00:00Z,1.0072700000,1.0098100000,1.0041000000,1.0081200000,37173,OTHER,false
2022-07-15T20:00:00Z,1.0081400000,1.0094000000,1.0072500000,1.0085400000,10595,OTHER,false
2022-07-18T00:00:00Z,1.0081600000,1.0098600000,1.0073400000,1.0091600000,7339,OTHER,false
2022-07-18T04:00:00Z,1.0091700000,1.0114400000,1.0086800000,1.0091600000,11036,OTHER,false
2022-07-18T08:00:00Z,1.0091700000,1.0149100000,1.0081200000,1.0130700000,27219,LONDON,false
2022-07-18T12:00:00Z,1.0130700000,1.0175600000,1.0119500000,1.0136800000,25141,OTHER,false
2022-07-18T16:00:00Z,1.0136800000,1.0201400000,1.0123900000,1.0167100000,30782,OTHER,false
2022-07-18T20:00:00Z,1.0167200000,1.0177500000,1.0140800000,1.0141800000,15737,OTHER,false
2022-07-19T00:00:00Z,1.0140800000,1.0148700000,1.0128500000,1.0128600000,6466,OTHER,false
2022-07-19T04:00:00Z,1.0128700000,1.0143500000,1.0119300000,1.0128000000,11554,OTHER,false
2022-07-19T08:00:00Z,1.0128000000,1.0253200000,1.0127100000,1.0243700000,34023,LONDON,false
2022-07-19T12:00:00Z,1.0244000000,1.0269400000,1.0220200000,1.0229000000,34731,OTHER,false
2022-07-19T16:00:00Z,1.0228600000,1.0264100000,1.0228600000,1.0240600000,34417,OTHER,false
2022-07-19T20:00:00Z,1.0240600000,1.0244100000,1.0221100000,1.0224700000,14353,OTHER,false
2022-07-20T00:00:00Z,1.0224500000,1.0248700000,1.0222600000,1.0246200000,7206,OTHER,false
2022-07-20T04:00:00Z,1.0246500000,1.0248200000,1.0231100000,1.0243800000,9126,OTHER,false
2022-07-20T08:00:00Z,1.0243800000,1.0272900000,1.0219100000,1.0231700000,24014,LONDON,false
2022-07-20T12:00:00Z,1.0231600000,1.0252900000,1.0173100000,1.0211100000,32010,OTHER,false
2022-07-20T16:00:00Z,1.0210600000,1.0237900000,1.0183000000,1.0190800000,33208,OTHER,false
2022-07-20T20:00:00Z,1.0190500000,1.0193300000,1.0155200000,1.0180300000,18671,OTHER,false
2022-07-21T00:00:00Z,1.0176600000,1.0193600000,1.0170300000,1.0187000000,7185,OTHER,false
2022-07-21T04:00:00Z,1.0187000000,1.0225700000,1.0181500000,1.0223100000,13098,OTHER,false
2022-07-21T08:00:00Z,1.0223000000,1.0230700000,1.0170900000,1.0191300000,34289,LONDON,false
2022-07-21T12:00:00Z,1.0191400000,1.0278300000,1.0165800000,1.0264900000,40766,OTHER,false
2022-07-21T16:00:00Z,1.0264600000,1.0275100000,1.0153500000,1.0181500000,44141,OTHER,false
2022-07-21T20:00:00Z,1.0181400000,1.0233600000,1.0175000000,1.0230000000,16835,OTHER,false
2022-07-22T00:00:00Z,1.0228200000,1.0230600000,1.0203300000,1.0204300000,7321,OTHER,false
2022-07-22T04:00:00Z,1.0204400000,1.0208200000,1.0180200000,1.0180800000,12873,OTHER,false
2022-07-22T08:00:00Z,1.0180700000,1.0213500000,1.0129900000,1.0153200000,33238,LONDON,false
2022-07-22T12:00:00Z,1.0153200000,1.0197200000,1.0143200000,1.0187400000,35055,OTHER,false
2022-07-22T16:00:00Z,1.0187400000,1.0255300000,1.0179900000,1.0231900000,40161,OTHER,false
2022-07-22T20:00:00Z,1.0232100000,1.0237700000,1.0190300000,1.0210900000,19231,OTHER,false
2022-07-25T00:00:00Z,1.0211600000,1.0218700000,1.0182100000,1.0182200000,8923,OTHER,false
2022-07-25T04:00:00Z,1.0182100000,1.0213100000,1.0180900000,1.0207300000,14423,OTHER,false
2022-07-25T08:00:00Z,1.0207400000,1.0228800000,1.0178500000,1.0222200000,31526,LONDON,false
2022-07-25T12:00:00Z,1.0221900000,1.0258000000,1.0214600000,1.0245800000,28854,OTHER,false
2022-07-25T16:00:00Z,1.0245700000,1.0254800000,1.0203200000,1.0221300000,31270,OTHER,false
2022-07-25T20:00:00Z,1.0221200000,1.0228900000,1.0213500000,1.0218800000,10824,OTHER,false
2022-07-26T00:00:00Z,1.0218500000,1.0232900000,1.0214100000,1.0230300000,7077,OTHER,false
2022-07-26T04:00:00Z,1.0230300000,1.0250200000,1.0223300000,1.0225600000,11571,OTHER,false
2022-07-26T08:00:00Z,1.0225600000,1.0236200000,1.0202300000,1.0207900000,21445,LONDON,false
2022-07-26T12:00:00Z,1.0208000000,1.0208300000,1.0116100000,1.0148500000,29003,OTHER,false
2022-07-26T16:00:00Z,1.0148300000,1.0152900000,1.0107700000,1.0127100000,31862,OTHER,false
2022-07-26T20:00:00Z,1.0126900000,1.0132800000,1.0113800000,1.0115500000,13386,OTHER,false
2022-07-27T00:00:00Z,1.0113400000,1.0144200000,1.0110000000,1.0140400000,6150,OTHER,false
2022-07-27T04:00:00Z,1.0140300000,1.0152300000,1.0136900000,1.0150700000,10315,OTHER,false
2022-07-27T08:00:00Z,1.0150600000,1.0158600000,1.0127800000,1.0141900000,21355,LONDON,false
2022-07-27T12:00:00Z,1.0141900000,1.0172100000,1.0138600000,1.0143000000,22182,OTHER,false
2022-07-27T16:00:00Z,1.0143100000,1.0152500000,1.0096400000,1.0111100000,26874,OTHER,false
2022-07-27T20:00:00Z,1.0111200000,1.0221000000,1.0106500000,1.0197500000,37495,OTHER,false
2022-07-28T00:00:00Z,1.0200300000,1.0212500000,1.0180200000,1.0186100000,8941,OTHER,false
2022-07-28T04:00:00Z,1.0186100000,1.0223400000,1.0183400000,1.0202200000,13994,OTHER,false
2022-07-28T08:00:00Z,1.0202200000,1.0234400000,1.0185300000,1.0217500000,30203,LONDON,false
2022-07-28T12:00:00Z,1.0217600000,1.0217600000,1.0114200000,1.0163700000,35804,OTHER,false
2022-07-28T16:00:00Z,1.0163800000,1.0173700000,1.0126200000,1.0158000000,39112,OTHER,false
2022-07-28T20:00:00Z,1.0158000000,1.0199600000,1.0155300000,1.0196300000,13944,OTHER,false
2022-07-29T00:00:00Z,1.0195600000,1.0202900000,1.0187000000,1.0197900000,8031,OTHER,false
2022-07-29T04:00:00Z,1.0198000000,1.0224500000,1.0191200000,1.0209400000,14014,OTHER,false
2022-07-29T08:00:00Z,1.0209400000,1.0254200000,1.0202900000,1.0221900000,31365,LONDON,false
2022-07-29T12:00:00Z,1.0221600000,1.0245600000,1.0174300000,1.0177200000,28232,OTHER,false
2022-07-29T16:00:00Z,1.0177300000,1.0213200000,1.0146100000,1.0197100000,38656,OTHER,false
2022-07-29T20:00:00Z,1.0197000000,1.0227000000,1.0193700000,1.0225800000,10907,OTHER,false
2022-08-01T00:00:00Z,1.0207500000,1.0226300000,1.0205200000,1.0220400000,9190,OTHER,false
2022-08-01T04:00:00Z,1.0220400000,1.0241400000,1.0215800000,1.0224100000,13420,OTHER,false
2022-08-01T08:00:00Z,1.0224200000,1.0267700000,1.0213500000,1.0256000000,23978,LONDON,false
2022-08-01T12:00:00Z,1.0256000000,1.0270100000,1.0225200000,1.0236200000,25983,OTHER,false
2022-08-01T16:00:00Z,1.0236100000,1.0275200000,1.0226700000,1.0274200000,34271,OTHER,false
2022-08-01T20:00:00Z,1.0274200000,1.0274400000,1.0245500000,1.0261700000,14724,OTHER,false
2022-08-02T00:00:00Z,1.0260300000,1.0293600000,1.0251800000,1.0286500000,9762,OTHER,false
2022-08-02T04:00:00Z,1.0286500000,1.0286500000,1.0260800000,1.0271200000,21654,OTHER,false
2022-08-02T08:00:00Z,1.0271200000,1.0276900000,1.0215300000,1.0241000000,29978,LONDON,false
2022-08-02T12:00:00Z,1.0240600000,1.0245700000,1.0206900000,1.0212000000,25770,OTHER,false
2022-08-02T16:00:00Z,1.0212000000,1.0236000000,1.0180900000,1.0195200000,42713,OTHER,false
2022-08-02T20:00:00Z,1.0195100000,1.0196300000,1.0163000000,1.0165500000,19206,OTHER,false
2022-08-03T00:00:00Z,1.0165300000,1.0172300000,1.0150100000,1.0158200000,8709,OTHER,false
2022-08-03T04:00:00Z,1.0158200000,1.0193700000,1.0156800000,1.0186000000,15680,OTHER,false
2022-08-03T08:00:00Z,1.0186000000,1.0191400000,1.0154300000,1.0187800000,25536,LONDON,false
2022-08-03T12:00:00Z,1.0188000000,1.0210400000,1.0178700000,1.0186000000,27331,OTHER,false
2022-08-03T16:00:00Z,1.0185900000,1.0187500000,1.0122900000,1.0150200000,38081,OTHER,false
2022-08-03T20:00:00Z,1.0150000000,1.0174100000,1.0148400000,1.0166100000,15160,OTHER,false
2022-08-04T00:00:00Z,1.0167200000,1.0170500000,1.0153900000,1.0165300000,7818,OTHER,false
2022-08-04T04:00:00Z,1.0165300000,1.0176200000,1.0160100000,1.0164300000,9898,OTHER,false
2022-08-04T08:00:00Z,1.0164200000,1.0194100000,1.0156800000,1.0191700000,23128,LONDON,false
2022-08-04T12:00:00Z,1.0191700000,1.0198000000,1.0160500000,1.0188200000,30893,OTHER,false
2022-08-04T16:00:00Z,1.0188100000,1.0239500000,1.0173500000,1.0236700000,35288,OTHER,false
2022-08-04T20:00:00Z,1.0236600000,1.0253900000,1.0230700000,1.0244700000,12673,OTHER,false
2022-08-05T00:00:00Z,1.0243700000,1.0251800000,1.0231500000,1.0232400000,6422,OTHER,false
2022-08-05T04:00:00Z,1.0232400000,1.0239800000,1.0229300000,1.0235100000,9186,OTHER,false
2022-08-05T08:00:00Z,1.0235200000,1.0239400000,1.0218300000,1.0223800000,17666,LONDON,false
2022-08-05T12:00:00Z,1.0223900000,1.0238700000,1.0154200000,1.0158200000,23885,OTHER,false
2022-08-05T16:00:00Z,1.0158100000,1.0187600000,1.0141600000,1.0183000000,37641,OTHER,false
2022-08-05T20:00:00Z,1.0182700000,1.0193000000,1.0172300000,1.0177600000,14282,OTHER,false
2022-08-08T00:00:00Z,1.0171100000,1.0178800000,1.0159400000,1.0166400000,7808,OTHER,false
2022-08-08T04:00:00Z,1.0166400000,1.0186100000,1.0164300000,1.0185800000,8365,OTHER,false
2022-08-08T08:00:00Z,1.0185900000,1.0215100000,1.0171400000,1.0192100000,21014,LONDON,false
2022-08-08T12:00:00Z,1.0192000000,1.0202500000,1.0172900000,1.0198800000,19782,OTHER,false
2022-08-08T16:00:00Z,1.0199000000,1.0221900000,1.0190900000,1.0196200000,23535,OTHER,false
2022-08-08T20:00:00Z,1.0196100000,1.0205700000,1.0185300000,1.0194300000,13226,OTHER,false
2022-08-09T00:00:00Z,1.0194500000,1.0201000000,1.0188800000,1.0191400000,5403,OTHER,false
2022-08-09T04:00:00Z,1.0191400000,1.0197700000,1.0188400000,1.0194100000,5943,OTHER,false
2022-08-09T08:00:00Z,1.0194200000,1.0244700000,1.0192900000,1.0239600000,17276,LONDON,false
2022-08-09T12:00:00Z,1.0239400000,1.0247500000,1.0214900000,1.0237500000,19362,OTHER,false
2022-08-09T16:00:00Z,1.0237400000,1.0244300000,1.0214800000,1.0218500000,21223,OTHER,false
2022-08-09T20:00:00Z,1.0218500000,1.0220300000,1.0202600000,1.0212600000,9457,OTHER,false
2022-08-10T00:00:00Z,1.0212200000,1.0215100000,1.0203000000,1.0207700000,6221,OTHER,false
2022-08-10T04:00:00Z,1.0207700000,1.0219100000,1.0205300000,1.0213300000,5650,OTHER,false
2022-08-10T08:00:00Z,1.0213200000,1.0226000000,1.0202100000,1.0222400000,15450,LONDON,false
2022-08-10T12:00:00Z,1.0222400000,1.0345800000,1.0217200000,1.0324200000,25694,OTHER,false
2022-08-10T16:00:00Z,1.0324100000,1.0368800000,1.0305500000,1.0325100000,43960,OTHER,false
2022-08-10T20:00:00Z,1.0325200000,1.0328400000,1.0294700000,1.0298800000,19905,OTHER,false
2022-08-11T00:00:00Z,1.0298300000,1.0304700000,1.0293700000,1.0298100000,12197,OTHER,false
2022-08-11T04:00:00Z,1.0298000000,1.0298000000,1.0281300000,1.0283400000,12915,OTHER,false
2022-08-11T08:00:00Z,1.0283500000,1.0341300000,1.0275700000,1.0341000000,23258,LONDON,false
2022-08-11T12:00:00Z,1.0341100000,1.0351800000,1.0322100000,1.0347100000,27705,OTHER,false
2022-08-11T16:00:00Z,1.0347100000,1.0364500000,1.0323700000,1.0330100000,34110,OTHER,false
2022-08-11T20:00:00Z,1.0330100000,1.0332700000,1.0309600000,1.0319400000,16042,OTHER,false
2022-08-12T00:00:00Z,1.0317400000,1.0327300000,1.0306600000,1.0312800000,6787,OTHER,false
2022-08-12T04:00:00Z,1.0312900000,1.0322000000,1.0304900000,1.0317900000,9090,OTHER,false
2022-08-12T08:00:00Z,1.0317900000,1.0324300000,1.0288200000,1.0302300000,19922,LONDON,false
2022-08-12T12:00:00Z,1.0302400000,1.0308400000,1.0269000000,1.0270600000,22997,OTHER,false
2022-08-12T16:00:00Z,1.0270600000,1.0284300000,1.0238500000,1.0256500000,30861,OTHER,false
2022-08-12T20:00:00Z,1.0256500000,1.0268000000,1.0254200000,1.0256000000,8757,OTHER,false
2022-08-15T00:00:00Z,1.0254500000,1.0267400000,1.0253700000,1.0266300000,5673,OTHER,false
2022-08-15T04:00:00Z,1.0266300000,1.0268400000,1.0239800000,1.0250400000,9735,OTHER,false
2022-08-15T08:00:00Z,1.0250400000,1.0252400000,1.0200000000,1.0207100000,19390,LONDON,false
2022-08-15T12:00:00Z,1.0207200000,1.0214700000,1.0186100000,1.0200900000,23278,OTHER,false
2022-08-15T16:00:00Z,1.0200800000,1.0223300000,1.0171600000,1.0175900000,23673,OTHER,false
2022-08-15T20:00:00Z,1.0175900000,1.0178500000,1.0154400000,1.0159600000,9598,OTHER,false
2022-08-16T00:00:00Z,1.0157900000,1.0167100000,1.0147600000,1.0153700000,7461,OTHER,false
2022-08-16T04:00:00Z,1.0153800000,1.0169900000,1.0149000000,1.0159100000,10314,OTHER,false
2022-08-16T08:00:00Z,1.0159100000,1.0168900000,1.0134100000,1.0138600000,22425,LONDON,false
2022-08-16T12:00:00Z,1.0138800000,1.0146600000,1.0122400000,1.0143900000,22210,OTHER,false
2022-08-16T16:00:00Z,1.0144000000,1.0194900000,1.0143100000,1.0165900000,25827,OTHER,false
2022-08-16T20:00:00Z,1.0166000000,1.0180800000,1.0162200000,1.0170200000,11141,OTHER,false
2022-08-17T00:00:00Z,1.0169800000,1.0174900000,1.0163800000,1.0170700000,9348,OTHER,false
2022-08-17T04:00:00Z,1.0170600000,1.0184000000,1.0166500000,1.0181700000,9790,OTHER,false
2022-08-17T08:00:00Z,1.0181700000,1.0186700000,1.0149400000,1.0174100000,22510,LONDON,false
2022-08-17T12:00:00Z,1.0174100000,1.0184000000,1.0145700000,1.0158500000,24547,OTHER,false
2022-08-17T16:00:00Z,1.0158500000,1.0198600000,1.0153100000,1.0165100000,30066,OTHER,false
2022-08-17T20:00:00Z,1.0165300000,1.0203100000,1.0163000000,1.0180700000,22539,OTHER,false
2022-08-18T00:00:00Z,1.0177600000,1.0193000000,1.0172300000,1.0187800000,5258,OTHER,false
2022-08-18T04:00:00Z,1.0187800000,1.0191600000,1.0163100000,1.0167100000,9246,OTHER,false
2022-08-18T08:00:00Z,1.0167000000,1.0178600000,1.0146100000,1.0167000000,22898,LONDON,false
2022-08-18T12:00:00Z,1.0167300000,1.0188300000,1.0158200000,1.0169500000,23299,OTHER,false
2022-08-18T16:00:00Z,1.0170000000,1.0172100000,1.0088800000,1.0090300000,28745,OTHER,false
2022-08-18T20:00:00Z,1.0090300000,1.0099100000,1.0079200000,1.0087500000,14244,OTHER,false
2022-08-19T00:00:00Z,1.0086600000,1.0092400000,1.0074000000,1.0079200000,6407,OTHER,false
2022-08-19T04:00:00Z,1.0079200000,1.0087000000,1.0069500000,1.0076200000,9182,OTHER,false
2022-08-19T08:00:00Z,1.0076200000,1.0095500000,1.0074000000,1.0088700000,20114,LONDON,false
2022-08-19T12:00:00Z,1.0088700000,1.0089200000,1.0045600000,1.0065500000,21285,OTHER,false
2022-08-19T16:00:00Z,1.0065200000,1.0068600000,1.0032800000,1.0036000000,23738,OTHER,false
2022-08-19T20:00:00Z,1.0036100000,1.0046000000,1.0032100000,1.0039300000,8184,OTHER,false
2022-08-22T00:00:00Z,1.0034800000,1.0040400000,1.0024900000,1.0025900000,7466,OTHER,false
2022-08-22T04:00:00Z,1.0025900000,1.0046600000,1.0023500000,1.0038000000,10020,OTHER,false
2022-08-22T08:00:00Z,1.0038000000,1.0039600000,0.9988900000,1.0013800000,22101,LONDON,false
2022-08-22T12:00:00Z,1.0013800000,1.0018500000,0.9995300000,1.0006300000,20877,OTHER,false
2022-08-22T16:00:00Z,1.0006300000,1.0007600000,0.9927700000,0.9932000000,27501,OTHER,false
2022-08-22T20:00:00Z,0.9932000000,0.9946300000,0.9926300000,0.9943000000,9210,OTHER,false
2022-08-23T00:00:00Z,0.9942300000,0.9950100000,0.9930100000,0.9939700000,8040,OTHER,false
2022-08-23T04:00:00Z,0.9939700000,0.9949100000,0.9934400000,0.9934500000,10255,OTHER,false
2022-08-23T08:00:00Z,0.9934400000,0.9949800000,0.9900400000,0.9932400000,28756,LONDON,false
2022-08-23T12:00:00Z,0.9932300000,0.9940500000,0.9912800000,0.9923900000,22944,OTHER,false
2022-08-23T16:00:00Z,0.9924100000,1.0017900000,0.9920600000,0.9979300000,37349,OTHER,false
2022-08-23T20:00:00Z,0.9979300000,0.9980400000,0.9959800000,0.9969500000,11720,OTHER,false
2022-08-24T00:00:00Z,0.9968200000,0.9973400000,0.9952100000,0.9952700000,7486,OTHER,false
2022-08-24T04:00:00Z,0.9952700000,0.9960800000,0.9942900000,0.9957500000,10638,OTHER,false
2022-08-24T08:00:00Z,0.9957500000,0.9962200000,0.9934600000,0.9946200000,18350,LONDON,false
2022-08-24T12:00:00Z,0.9946200000,0.9958600000,0.9914700000,0.9928500000,24219,OTHER,false
2022-08-24T16:00:00Z,0.9928500000,0.9999000000,0.9910100000,0.9953300000,33569,OTHER,false
2022-08-24T20:00:00Z,0.9953300000,0.9975900000,0.9951500000,0.9966200000,11019,OTHER,false
2022-08-25T00:00:00Z,0.9964000000,0.9987700000,0.9960500000,0.9982500000,8301,OTHER,false
2022-08-25T04:00:00Z,0.9982600000,1.0008300000,0.9975900000,0.9999000000,11595,OTHER,false
2022-08-25T08:00:00Z,0.9999000000,1.0033400000,0.9987100000,1.0007200000,24531,LONDON,false
2022-08-25T12:00:00Z,1.0007400000,1.0011300000,0.9963300000,0.9969500000,23477,OTHER,false
2022-08-25T16:00:00Z,0.9969500000,1.0000700000,0.9949100000,0.9960800000,27625,OTHER,false
2022-08-25T20:00:00Z,0.9960800000,0.9979100000,0.9958600000,0.9974300000,10909,OTHER,false
2022-08-26T00:00:00Z,0.9972400000,0.9977000000,0.9962700000,0.9965600000,8326,OTHER,false
2022-08-26T04:00:00Z,0.9965500000,0.9974800000,0.9962200000,0.9962600000,8972,OTHER,false
2022-08-26T08:00:00Z,0.9962400000,0.9991500000,0.9946500000,0.9989100000,18148,LONDON,false
2022-08-26T12:00:00Z,0.9989100000,1.0033100000,0.9985700000,1.0032900000,22999,OTHER,false
2022-08-26T16:00:00Z,1.0032900000,1.0090100000,0.9975400000,0.9980000000,49226,OTHER,false
2022-08-26T20:00:00Z,0.9979900000,0.9983100000,0.9956700000,0.9964600000,13672,OTHER,false
2022-08-29T00:00:00Z,0.9964500000,0.9965600000,0.9928300000,0.9930200000,10030,OTHER,false
2022-08-29T04:00:00Z,0.9930300000,0.9937700000,0.9914700000,0.9916500000,12007,OTHER,false
2022-08-29T08:00:00Z,0.9916600000,0.9950700000,0.9914300000,0.9938500000,23338,LONDON,false
2022-08-29T12:00:00Z,0.9938500000,1.0029300000,0.9938000000,1.0008600000,28623,OTHER,false
2022-08-29T16:00:00Z,1.0008800000,1.0027200000,0.9981200000,1.0014700000,31119,OTHER,false
2022-08-29T20:00:00Z,1.0014900000,1.0022700000,0.9989800000,0.9997200000,13364,OTHER,false
2022-08-30T00:00:00Z,0.9992700000,1.0013200000,0.9989200000,1.0006000000,5404,OTHER,false
2022-08-30T04:00:00Z,1.0005700000,1.0010700000,0.9982000000,0.9999700000,12789,OTHER,false
2022-08-30T08:00:00Z,0.9999700000,1.0034200000,0.9982500000,1.0025000000,24376,LONDON,false
2022-08-30T12:00:00Z,1.0025000000,1.0054900000,1.0008600000,1.0011500000,24730,OTHER,false
2022-08-30T16:00:00Z,1.0011500000,1.0041400000,0.9982600000,1.0023800000,38294,OTHER,false
2022-08-30T20:00:00Z,1.0023900000,1.0031600000,1.0010400000,1.0013700000,16687,OTHER,false
2022-08-31T00:00:00Z,1.0012200000,1.0034600000,1.0010500000,1.0027300000,6002,OTHER,false
2022-08-31T04:00:00Z,1.0027400000,1.0044800000,1.0016400000,1.0040300000,9690,OTHER,false
2022-08-31T08:00:00Z,1.0040300000,1.0046000000,0.9974100000,0.9979300000,23205,LONDON,false
2022-08-31T12:00:00Z,0.9979400000,1.0018400000,0.9971400000,1.0008400000,28012,OTHER,false
2022-08-31T16:00:00Z,1.0008500000,1.0079000000,0.9995200000,1.0053500000,39166,OTHER,false
2022-08-31T20:00:00Z,1.0053400000,1.0057400000,1.0035500000,1.0054500000,18812,OTHER,false
2022-09-01T00:00:00Z,1.0051000000,1.0054500000,1.0020000000,1.0023400000,10200,OTHER,false
2022-09-01T04:00:00Z,1.0023400000,1.0032000000,1.0008800000,1.0014300000,11413,OTHER,false
2022-09-01T08:00:00Z,1.0014100000,1.0048700000,1.0007900000,1.0037100000,26080,LONDON,false
2022-09-01T12:00:00Z,1.0036900000,1.0046900000,0.9986000000,0.9988400000,24254,OTHER,false
2022-09-01T16:00:00Z,0.9988600000,0.9999800000,0.9911000000,0.9936700000,37629,OTHER,false
2022-09-01T20:00:00Z,0.9936800000,0.9960400000,0.9935500000,0.9944200000,15598,OTHER,false
2022-09-02T00:00:00Z,0.9944200000,0.9958700000,0.9940400000,0.9956200000,7050,OTHER,false
2022-09-02T04:00:00Z,0.9955900000,0.9967300000,0.9953600000,0.9966700000,9305,OTHER,false
2022-09-02T08:00:00Z,0.9966800000,0.9996600000,0.9964100000,0.9972900000,20167,LONDON,false
2022-09-02T12:00:00Z,0.9972900000,1.0029700000,0.9968000000,1.0010500000,28743,OTHER,false
2022-09-02T16:00:00Z,1.0010500000,1.0033800000,0.9962000000,0.9969500000,39745,OTHER,false
2022-09-02T20:00:00Z,0.9969500000,0.9973100000,0.9945200000,0.9957100000,18360,OTHER,false
2022-09-05T00:00:00Z,0.9928200000,0.9933200000,0.9902700000,0.9915500000,12891,OTHER,false
2022-09-05T04:00:00Z,0.9915500000,0.9924600000,0.9900500000,0.9905400000,14172,OTHER,false
2022-09-05T08:00:00Z,0.9905300000,0.9937200000,0.9877800000,0.9911200000,27647,LONDON,false
2022-09-05T12:00:00Z,0.9911300000,0.9944300000,0.9907100000,0.9923700000,21599,OTHER,false
2022-09-05T16:00:00Z,0.9923700000,0.9934800000,0.9917900000,0.9929200000,13227,OTHER,false
2022-09-05T20:00:00Z,0.9929200000,0.9936000000,0.9927400000,0.9931000000,2371,OTHER,false
2022-09-06T00:00:00Z,0.9924500000,0.9969200000,0.9913300000,0.9968400000,11193,OTHER,false
2022-09-06T04:00:00Z,0.9968600000,0.9970800000,0.9942600000,0.9946400000,15909,OTHER,false
2022-09-06T08:00:00Z,0.9946400000,0.9986500000,0.9944800000,0.9958100000,29649,LONDON,false
2022-09-06T12:00:00Z,0.9958100000,0.9960400000,0.9899300000,0.9900200000,27817,OTHER,false
2022-09-06T16:00:00Z,0.9900500000,0.9929100000,0.9864000000,0.9908600000,40175,OTHER,false
2022-09-06T20:00:00Z,0.9908800000,0.9911800000,0.9895400000,0.9903100000,15620,OTHER,false
2022-09-07T00:00:00Z,0.9903100000,0.9907100000,0.9883100000,0.9890500000,8296,OTHER,false
2022-09-07T04:00:00Z,0.9890400000,0.9896400000,0.9877000000,0.9892600000,16369,OTHER,false
2022-09-07T08:00:00Z,0.9893000000,0.9930100000,0.9887400000,0.9906600000,21821,LONDON,false
2022-09-07T12:00:00Z,0.9906800000,0.9914200000,0.9875600000,0.9893100000,25002,OTHER,false
2022-09-07T16:00:00Z,0.9893000000,0.9975700000,0.9883700000,0.9973500000,31907,OTHER,false
2022-09-07T20:00:00Z,0.9973600000,1.0010700000,0.9971400000,1.0005700000,15259,OTHER,false
2022-09-08T00:00:00Z,0.9996900000,1.0013200000,0.9982900000,0.9985400000,7896,OTHER,false
2022-09-08T04:00:00Z,0.9985300000,0.9994600000,0.9979400000,0.9990000000,12102,OTHER,false
2022-09-08T08:00:00Z,0.9990000000,1.0014600000,0.9976200000,0.9997900000,24585,LONDON,false
2022-09-08T12:00:00Z,0.9997900000,1.0030000000,0.9984600000,0.9999900000,32267,OTHER,false
2022-09-08T16:00:00Z,0.9999900000,1.0001700000,0.9930800000,0.9968900000,45061,OTHER,false
2022-09-08T20:00:00Z,0.9968900000,0.9999800000,0.9964800000,0.9998300000,18545,OTHER,false
2022-09-09T00:00:00Z,0.9998300000,1.0050900000,0.9991500000,1.0044100000,7482,OTHER,false
2022-09-09T04:00:00Z,1.0043800000,1.0084100000,1.0043800000,1.0072400000,12951,OTHER,false
2022-09-09T08:00:00Z,1.0072300000,1.0113400000,1.0058500000,1.0107300000,26342,LONDON,false
2022-09-09T12:00:00Z,1.0107200000,1.0107300000,1.0034700000,1.0044700000,26141,OTHER,false
2022-09-09T16:00:00Z,1.0044700000,1.0062800000,1.0032200000,1.0054100000,29011,OTHER,false
2022-09-09T20:00:00Z,1.0054200000,1.0055300000,1.0036800000,1.0045500000,8498,OTHER,false
2022-09-12T00:00:00Z,1.0101700000,1.0101700000,1.0059700000,1.0070400000,8406,OTHER,false
2022-09-12T04:00:00Z,1.0070300000,1.0095100000,1.0069100000,1.0078000000,11885,OTHER,false
2022-09-12T08:00:00Z,1.0078000000,1.0197900000,1.0077500000,1.0191900000,27696,LONDON,false
2022-09-12T12:00:00Z,1.0191900000,1.0191900000,1.0129200000,1.0141700000,27291,OTHER,false
2022-09-12T16:00:00Z,1.0141700000,1.0144500000,1.0104400000,1.0143800000,27025,OTHER,false
2022-09-12T20:00:00Z,1.0144000000,1.0144600000,1.0110900000,1.0121100000,12320,OTHER,false
2022-09-13T00:00:00Z,1.0120700000,1.0146500000,1.0117800000,1.0135000000,6297,OTHER,false
2022-09-13T04:00:00Z,1.0134900000,1.0138200000,1.0119500000,1.0128500000,8618,OTHER,false
2022-09-13T08:00:00Z,1.0128200000,1.0156300000,1.0127000000,1.0154500000,18224,LONDON,false
2022-09-13T12:00:00Z,1.0154400000,1.0187300000,1.0030500000,1.0037100000,28828,OTHER,false
2022-09-13T16:00:00Z,1.0037300000,1.0042700000,0.9989300000,0.9998500000,40329,OTHER,false
2022-09-13T20:00:00Z,0.9998500000,1.0006400000,0.9966300000,0.9968600000,16301,OTHER,false
2022-09-14T00:00:00Z,0.9967400000,0.9983500000,0.9955100000,0.9978700000,10382,OTHER,false
2022-09-14T04:00:00Z,0.9978700000,1.0001100000,0.9971500000,0.9995400000,14594,OTHER,false
2022-09-14T08:00:00Z,0.9995400000,1.0009800000,0.9959600000,0.9991500000,29764,LONDON,false
2022-09-14T12:00:00Z,0.9991200000,1.0023600000,0.9979800000,0.9997800000,31549,OTHER,false
2022-09-14T16:00:00Z,0.9997900000,1.0008400000,0.9970700000,0.9997400000,33136,OTHER,false
2022-09-14T20:00:00Z,0.9997400000,0.9999900000,0.9969200000,0.9981400000,12627,OTHER,false
2022-09-15T00:00:00Z,0.9978100000,0.9984200000,0.9971400000,0.9975800000,2760,OTHER,false
2022-09-15T04:00:00Z,0.9975600000,0.9982500000,0.9966200000,0.9967900000,4060,OTHER,false
2022-09-15T08:00:00Z,0.9967900000,0.9995600000,0.9955600000,0.9992400000,17428,LONDON,false
2022-09-15T12:00:00Z,0.9992400000,1.0018100000,0.9969100000,1.0007800000,22183,OTHER,false
2022-09-15T16:00:00Z,1.0007900000,1.0013800000,0.9981500000,1.0005700000,30321,OTHER,false
2022-09-15T20:00:00Z,1.0005800000,1.0015500000,0.9987900000,0.9996600000,13014,OTHER,false
2022-09-16T00:00:00Z,0.9997500000,1.0010800000,0.9985800000,1.0005900000,3157,OTHER,false
2022-09-16T04:00:00Z,1.0005600000,1.0012100000,0.9991000000,0.9995700000,5108,OTHER,false
2022-09-16T08:00:00Z,0.9995700000,0.9998800000,0.9944400000,0.9955000000,23696,LONDON,false
2022-09-16T12:00:00Z,0.9955000000,0.9989300000,0.9953300000,0.9955500000,21216,OTHER,false
2022-09-16T16:00:00Z,0.9955400000,1.0036700000,0.9953600000,1.0006900000,35968,OTHER,false
2022-09-16T20:00:00Z,1.0006900000,1.0014500000,0.9993200000,1.0012900000,12962,OTHER,false
2022-09-19T00:00:00Z,1.0004300000,1.0029100000,1.0003800000,1.0011100000,3735,OTHER,false
2022-09-19T04:00:00Z,1.0011100000,1.0012700000,0.9990600000,0.9992200000,3418,OTHER,false
2022-09-19T08:00:00Z,0.9992200000,0.9993400000,0.9965900000,0.9976100000,13572,LONDON,false
2022-09-19T12:00:00Z,0.9975900000,1.0005100000,0.9966800000,0.9983000000,19534,OTHER,false
2022-09-19T16:00:00Z,0.9983200000,1.0018300000,0.9975700000,1.0012400000,26309,OTHER,false
2022-09-19T20:00:00Z,1.0012500000,1.0027500000,1.0003000000,1.0024000000,12033,OTHER,false
2022-09-20T00:00:00Z,1.0019700000,1.0050600000,1.0019100000,1.0034900000,4597,OTHER,false
2022-09-20T04:00:00Z,1.0034700000,1.0037700000,1.0019600000,1.0022300000,5510,OTHER,false
2022-09-20T08:00:00Z,1.0022300000,1.0042200000,1.0000300000,1.0010100000,21623,LONDON,false
2022-09-20T12:00:00Z,1.0010000000,1.0018800000,0.9954900000,0.9971200000,24316,OTHER,false
2022-09-20T16:00:00Z,0.9971200000,0.9999500000,0.9959000000,0.9979900000,28984,OTHER,false
2022-09-20T20:00:00Z,0.9979900000,0.9983400000,0.9960100000,0.9971100000,15165,OTHER,false
2022-09-21T00:00:00Z,0.9969700000,0.9975300000,0.9957000000,0.9962200000,5168,OTHER,false
2022-09-21T04:00:00Z,0.9962200000,0.9971000000,0.9957100000,0.9959700000,5450,OTHER,false
2022-09-21T08:00:00Z,0.9959800000,0.9968500000,0.9884200000,0.9902000000,27809,LONDON,false
2022-09-21T12:00:00Z,0.9902000000,0.9937700000,0.9895500000,0.9913400000,19574,OTHER,false
2022-09-21T16:00:00Z,0.9913300000,0.9916500000,0.9866300000,0.9869600000,26921,OTHER,false
2022-09-21T20:00:00Z,0.9869700000,0.9910600000,0.9812700000,0.9837200000,40389,OTHER,false
2022-09-22T00:00:00Z,0.9836200000,0.9847700000,0.9807500000,0.9815500000,6676,OTHER,false
2022-09-22T04:00:00Z,0.9815500000,0.9837700000,0.9808700000,0.9828400000,12213,OTHER,false
2022-09-22T08:00:00Z,0.9828400000,0.9907400000,0.9813200000,0.9879200000,39542,LONDON,false
2022-09-22T12:00:00Z,0.9879000000,0.9887900000,0.9855500000,0.9877000000,34662,OTHER,false
2022-09-22T16:00:00Z,0.9876800000,0.9877500000,0.9812000000,0.9839700000,42665,OTHER,false
2022-09-22T20:00:00Z,0.9839500000,0.9852300000,0.9829800000,0.9839500000,18166,OTHER,false
2022-09-23T00:00:00Z,0.9828300000,0.9848500000,0.9824400000,0.9843200000,3840,OTHER,false
2022-09-23T04:00:00Z,0.9843400000,0.9852000000,0.9818400000,0.9823000000,5680,OTHER,false
2022-09-23T08:00:00Z,0.9823000000,0.9838300000,0.9750900000,0.9752800000,22517,LONDON,false
2022-09-23T12:00:00Z,0.9752800000,0.9771600000,0.9736400000,0.9755800000,38816,OTHER,false
2022-09-23T16:00:00Z,0.9755800000,0.9775000000,0.9702100000,0.9707400000,39028,OTHER,false
2022-09-23T20:00:00Z,0.9707400000,0.9718600000,0.9667800000,0.9688000000,17295,OTHER,false
2022-09-26T00:00:00Z,0.9671400000,0.9709000000,0.9552400000,0.9568900000,16524,OTHER,false
2022-09-26T04:00:00Z,0.9568900000,0.9663300000,0.9557700000,0.9628000000,22920,OTHER,false
2022-09-26T08:00:00Z,0.9627700000,0.9701200000,0.9620200000,0.9685000000,38716,LONDON,false
2022-09-26T12:00:00Z,0.9685000000,0.9697700000,0.9619000000,0.9669300000,38023,OTHER,false
2022-09-26T16:00:00Z,0.9669300000,0.9681800000,0.9607900000,0.9621500000,55658,OTHER,false
2022-09-26T20:00:00Z,0.9621000000,0.9627600000,0.9599400000,0.9608700000,25419,OTHER,false
2022-09-27T00:00:00Z,0.9608400000,0.9638600000,0.9583400000,0.9633900000,7403,OTHER,false
2022-09-27T04:00:00Z,0.9633800000,0.9645700000,0.9623100000,0.9636300000,8805,OTHER,false
2022-09-27T08:00:00Z,0.9636300000,0.9671100000,0.9621000000,0.9624200000,30530,LONDON,false
2022-09-27T12:00:00Z,0.9624100000,0.9652700000,0.9606400000,0.9622600000,31889,OTHER,false
2022-09-27T16:00:00Z,0.9622800000,0.9643800000,0.9569100000,0.9581300000,51058,OTHER,false
2022-09-27T20:00:00Z,0.9580800000,0.9601000000,0.9571000000,0.9592400000,24196,OTHER,false
2022-09-28T00:00:00Z,0.9592300000,0.9600600000,0.9567700000,0.9572300000,6864,OTHER,false
2022-09-28T04:00:00Z,0.9572200000,0.9576600000,0.9542600000,0.9550600000,15377,OTHER,false
2022-09-28T08:00:00Z,0.9550500000,0.9588700000,0.9535700000,0.9556200000,35257,LONDON,false
2022-09-28T12:00:00Z,0.9556700000,0.9602400000,0.9537900000,0.9585000000,53473,OTHER,false
2022-09-28T16:00:00Z,0.9585000000,0.9708100000,0.9575800000,0.9702200000,53413,OTHER,false
2022-09-28T20:00:00Z,0.9702200000,0.9750900000,0.9700800000,0.9734700000,23489,OTHER,false
2022-09-29T00:00:00Z,0.9731500000,0.9736500000,0.9689200000,0.9689200000,6587,OTHER,false
2022-09-29T04:00:00Z,0.9689200000,0.9699400000,0.9674100000,0.9685400000,9350,OTHER,false
2022-09-29T08:00:00Z,0.9685600000,0.9687500000,0.9635500000,0.9665500000,37038,LONDON,false
2022-09-29T12:00:00Z,0.9664600000,0.9746500000,0.9663800000,0.9687900000,43657,OTHER,false
2022-09-29T16:00:00Z,0.9687900000,0.9797800000,0.9684700000,0.9776100000,51051,OTHER,false
2022-09-29T20:00:00Z,0.9776100000,0.9815100000,0.9769500000,0.9814700000,24610,OTHER,false
2022-09-30T00:00:00Z,0.9814400000,0.9843600000,0.9811400000,0.9825100000,8283,OTHER,false
2022-09-30T04:00:00Z,0.9825000000,0.9829000000,0.9794300000,0.9799400000,11657,OTHER,false
2022-09-30T08:00:00Z,0.9799200000,0.9853900000,0.9790000000,0.9832800000,39956,LONDON,false
2022-09-30T12:00:00Z,0.9833500000,0.9837900000,0.9735600000,0.9754800000,41085,OTHER,false
2022-09-30T16:00:00Z,0.9754900000,0.9818500000,0.9734800000,0.9790100000,50280,OTHER,false
2022-09-30T20:00:00Z,0.9790100000,0.9815800000,0.9782700000,0.9799000000,23397,OTHER,false
2022-10-03T00:00:00Z,0.9774700000,0.9808500000,0.9774600000,0.9801200000,8897,OTHER,false
2022-10-03T04:00:00Z,0.9801200000,0.9828400000,0.9785100000,0.9785400000,10683,OTHER,false
2022-10-03T08:00:00Z,0.9785600000,0.9834400000,0.9784300000,0.9810900000,34478,LONDON,false
2022-10-03T12:00:00Z,0.9810800000,0.9812800000,0.9752600000,0.9765600000,28841,OTHER,false
2022-10-03T16:00:00Z,0.9765600000,0.9844700000,0.9758000000,0.9808000000,45477,OTHER,false
2022-10-03T20:00:00Z,0.9807900000,0.9829000000,0.9788100000,0.9824600000,22125,OTHER,false
2022-10-04T00:00:00Z,0.9823900000,0.9837800000,0.9810100000,0.9826700000,6903,OTHER,false
2022-10-04T04:00:00Z,0.9826700000,0.9845300000,0.9806000000,0.9833400000,10747,OTHER,false
2022-10-04T08:00:00Z,0.9833400000,0.9895900000,0.9825900000,0.9875000000,28526,LONDON,false
2022-10-04T12:00:00Z,0.9874700000,0.9934600000,0.9852700000,0.9924200000,33851,OTHER,false
2022-10-04T16:00:00Z,0.9924700000,0.9993700000,0.9909900000,0.9970100000,39451,OTHER,false
2022-10-04T20:00:00Z,0.9970200000,0.9999600000,0.9960400000,0.9984200000,24704,OTHER,false
2022-10-05T00:00:00Z,0.9983500000,0.9989600000,0.9970000000,0.9975500000,5251,OTHER,false
2022-10-05T04:00:00Z,0.9975500000,0.9990400000,0.9959200000,0.9966000000,11845,OTHER,false
2022-10-05T08:00:00Z,0.9965800000,0.9994900000,0.9922900000,0.9947500000,30549,LONDON,false
2022-10-05T12:00:00Z,0.9947400000,0.9951900000,0.9891800000,0.9911500000,28181,OTHER,false
2022-10-05T16:00:00Z,0.9911500000,0.9914200000,0.9834500000,0.9863200000,39904,OTHER,false
2022-10-05T20:00:00Z,0.9863200000,0.9897000000,0.9860200000,0.9875200000,21262,OTHER,false
2022-10-06T00:00:00Z,0.9874700000,0.9926200000,0.9862900000,0.9916800000,7459,OTHER,false
2022-10-06T04:00:00Z,0.9916600000,0.9926300000,0.9902900000,0.9920800000,9434,OTHER,false
2022-10-06T08:00:00Z,0.9920800000,0.9925900000,0.9875000000,0.9888600000,31905,LONDON,false
2022-10-06T12:00:00Z,0.9888700000,0.9902600000,0.9855600000,0.9868500000,36889,OTHER,false
2022-10-06T16:00:00Z,0.9868500000,0.9870400000,0.9788100000,0.9802500000,48524,OTHER,false
2022-10-06T20:00:00Z,0.9802200000,0.9816900000,0.9788900000,0.9791100000,26700,OTHER,false
2022-10-07T00:00:00Z,0.9787900000,0.9797600000,0.9784500000,0.9793200000,5406,OTHER,false
2022-10-07T04:00:00Z,0.9793300000,0.9811800000,0.9786500000,0.9791600000,7470,OTHER,false
2022-10-07T08:00:00Z,0.9791700000,0.9816800000,0.9765700000,0.9801800000,28890,LONDON,false
2022-10-07T12:00:00Z,0.9801700000,0.9811100000,0.9725900000,0.9750100000,29162,OTHER,false
2022-10-07T16:00:00Z,0.9750100000,0.9791200000,0.9741600000,0.9761000000,47466,OTHER,false
2022-10-07T20:00:00Z,0.9761100000,0.9769400000,0.9730700000,0.9738100000,18679,OTHER,false
2022-10-10T00:00:00Z,0.9731200000,0.9741400000,0.9724700000,0.9737700000,11186,OTHER,false
2022-10-10T04:00:00Z,0.9738100000,0.9753300000,0.9732400000,0.9739900000,13818,OTHER,false
2022-10-10T08:00:00Z,0.9739900000,0.9743600000,0.9681900000,0.9688500000,25765,LONDON,false
2022-10-10T12:00:00Z,0.9688700000,0.9719200000,0.9687100000,0.9714800000,27192,OTHER,false
2022-10-10T16:00:00Z,0.9714600000,0.9745500000,0.9685300000,0.9691900000,38997,OTHER,false
2022-10-10T20:00:00Z,0.9691800000,0.9724000000,0.9684700000,0.9702900000,21349,OTHER,false
2022-10-11T00:00:00Z,0.9700500000,0.9722800000,0.9693400000,0.9720300000,12704,OTHER,false
2022-10-11T04:00:00Z,0.9720200000,0.9721300000,0.9670600000,0.9677300000,20784,OTHER,false
2022-10-11T08:00:00Z,0.9677300000,0.9724900000,0.9674800000,0.9707700000,33844,LONDON,false
2022-10-11T12:00:00Z,0.9707800000,0.9738100000,0.9692000000,0.9719900000,33210,OTHER,false
2022-10-11T16:00:00Z,0.9719900000,0.9774700000,0.9690800000,0.9765500000,42397,OTHER,false
2022-10-11T20:00:00Z,0.9765500000,0.9766800000,0.9693800000,0.9707500000,25587,OTHER,false
2022-10-12T00:00:00Z,0.9705000000,0.9717900000,0.9690300000,0.9703100000,10759,OTHER,false
2022-10-12T04:00:00Z,0.9703100000,0.9734300000,0.9682600000,0.9715400000,22420,OTHER,false
2022-10-12T08:00:00Z,0.9715000000,0.9733100000,0.9695600000,0.9703800000,33739,LONDON,false
2022-10-12T12:00:00Z,0.9703900000,0.9720100000,0.9687200000,0.9705300000,31545,OTHER,false
2022-10-12T16:00:00Z,0.9705300000,0.9711300000,0.9667800000,0.9683700000,38039,OTHER,false
2022-10-12T20:00:00Z,0.9683700000,0.9720400000,0.9680800000,0.9702300000,22187,OTHER,false
2022-10-13T00:00:00Z,0.9701000000,0.9722100000,0.9697200000,0.9714300000,7289,OTHER,false
2022-10-13T04:00:00Z,0.9714400000,0.9714700000,0.9695000000,0.9704100000,12327,OTHER,false
2022-10-13T08:00:00Z,0.9704100000,0.9714300000,0.9685400000,0.9714100000,22299,LONDON,false
2022-10-13T12:00:00Z,0.9714200000,0.9753100000,0.9631400000,0.9668100000,41021,OTHER,false
2022-10-13T16:00:00Z,0.9667900000,0.9799200000,0.9645100000,0.9774600000,67798,OTHER,false
2022-10-13T20:00:00Z,0.9774500000,0.9806100000,0.9768400000,0.9777400000,30270,OTHER,false
2022-10-14T00:00:00Z,0.9771700000,0.9778700000,0.9761700000,0.9768000000,5922,OTHER,false
2022-10-14T04:00:00Z,0.9768200000,0.9808200000,0.9767700000,0.9781700000,10912,OTHER,false
2022-10-14T08:00:00Z,0.9781800000,0.9797200000,0.9744800000,0.9750400000,31531,LONDON,false
2022-10-14T12:00:00Z,0.9750600000,0.9776900000,0.9709100000,0.9773200000,36026,OTHER,false
2022-10-14T16:00:00Z,0.9773100000,0.9799800000,0.9707000000,0.9717700000,55140,OTHER,false
2022-10-14T20:00:00Z,0.9717700000,0.9732000000,0.9713900000,0.9723400000,21099,OTHER,false
2022-10-17T00:00:00Z,0.9718400000,0.9750700000,0.9717600000,0.9745600000,12154,OTHER,false
2022-10-17T04:00:00Z,0.9745600000,0.9752500000,0.9732600000,0.9736800000,17002,OTHER,false
2022-10-17T08:00:00Z,0.9736700000,0.9757100000,0.9720100000,0.9738600000,33505,LONDON,false
2022-10-17T12:00:00Z,0.9738800000,0.9784900000,0.9729600000,0.9775400000,29607,OTHER,false
2022-10-17T16:00:00Z,0.9775500000,0.9852200000,0.9772600000,0.9839400000,35110,OTHER,false
2022-10-17T20:00:00Z,0.9839400000,0.9851100000,0.9832300000,0.9840800000,18351,OTHER,false
2022-10-18T00:00:00Z,0.9838700000,0.9852500000,0.9836100000,0.9841200000,9021,OTHER,false
2022-10-18T04:00:00Z,0.9841300000,0.9866500000,0.9823200000,0.9857400000,19018,OTHER,false
2022-10-18T08:00:00Z,0.9857500000,0.9873800000,0.9824600000,0.9828600000,32360,LONDON,false
2022-10-18T12:00:00Z,0.9828600000,0.9858000000,0.9812700000,0.9854500000,32479,OTHER,false
2022-10-18T16:00:00Z,0.9854500000,0.9875700000,0.9821400000,0.9856100000,40147,OTHER,false
2022-10-18T20:00:00Z,0.9856000000,0.9863800000,0.9841800000,0.9857600000,23664,OTHER,false
2022-10-19T00:00:00Z,0.9854500000,0.9872400000,0.9849400000,0.9861200000,10348,OTHER,false
2022-10-19T04:00:00Z,0.9861100000,0.9864100000,0.9837200000,0.9840100000,15640,OTHER,false
2022-10-19T08:00:00Z,0.9840000000,0.9844100000,0.9812300000,0.9817100000,30881,LONDON,false
2022-10-19T12:00:00Z,0.9817100000,0.9824100000,0.9759200000,0.9779900000,31546,OTHER,false
2022-10-19T16:00:00Z,0.9780100000,0.9802700000,0.9765200000,0.9766000000,36730,OTHER,false
2022-10-19T20:00:00Z,0.9766100000,0.9778600000,0.9757400000,0.9772200000,20476,OTHER,false
2022-10-20T00:00:00Z,0.9771300000,0.9775600000,0.9758400000,0.9765000000,8954,OTHER,false
2022-10-20T04:00:00Z,0.9765000000,0.9785600000,0.9754400000,0.9778600000,19849,OTHER,false
2022-10-20T08:00:00Z,0.9778300000,0.9794700000,0.9771600000,0.9781700000,32680,LONDON,false
2022-10-20T12:00:00Z,0.9781700000,0.9837300000,0.9773000000,0.9802700000,34076,OTHER,false
2022-10-20T16:00:00Z,0.9802800000,0.9845600000,0.9779800000,0.9802700000,42236,OTHER,false
2022-10-20T20:00:00Z,0.9802700000,0.9802700000,0.9773400000,0.9786200000,22515,OTHER,false
2022-10-21T00:00:00Z,0.9784300000,0.9788700000,0.9767900000,0.9770600000,9346,OTHER,false
2022-10-21T04:00:00Z,0.9770900000,0.9783500000,0.9764800000,0.9771300000,14924,OTHER,false
2022-10-21T08:00:00Z,0.9771100000,0.9802500000,0.9752900000,0.9756300000,29025,LONDON,false
2022-10-21T12:00:00Z,0.9756300000,0.9777100000,0.9705000000,0.9757300000,35141,OTHER,false
2022-10-21T16:00:00Z,0.9757300000,0.9867900000,0.9751800000,0.9839000000,78213,OTHER,false
2022-10-21T20:00:00Z,0.9839000000,0.9869200000,0.9823800000,0.9862600000,28685,OTHER,false
2022-10-24T00:00:00Z,0.9861900000,0.9899200000,0.9830900000,0.9849400000,27439,OTHER,false
2022-10-24T04:00:00Z,0.9849400000,0.9849400000,0.9825100000,0.9847900000,23688,OTHER,false
2022-10-24T08:00:00Z,0.9847500000,0.9862000000,0.9816800000,0.9835000000,35968,LONDON,false
2022-10-24T12:00:00Z,0.9835000000,0.9857900000,0.9807000000,0.9843400000,39634,OTHER,false
2022-10-24T16:00:00Z,0.9843600000,0.9893800000,0.9826900000,0.9870900000,49686,OTHER,false
2022-10-24T20:00:00Z,0.9870800000,0.9881000000,0.9868400000,0.9873700000,12307,OTHER,false
2022-10-25T00:00:00Z,0.9871200000,0.9897200000,0.9867400000,0.9894300000,12459,OTHER,false
2022-10-25T04:00:00Z,0.9894300000,0.9898600000,0.9877300000,0.9878900000,20521,OTHER,false
2022-10-25T08:00:00Z,0.9878800000,0.9880300000,0.9852700000,0.9857200000,25598,LONDON,false
2022-10-25T12:00:00Z,0.9857200000,0.9875700000,0.9848200000,0.9874700000,25677,OTHER,false
2022-10-25T16:00:00Z,0.9874600000,0.9976900000,0.9873300000,0.9953600000,43107,OTHER,false
2022-10-25T20:00:00Z,0.9953700000,0.9969900000,0.9950700000,0.9964400000,17169,OTHER,false
2022-10-26T00:00:00Z,0.9962000000,0.9967300000,0.9943300000,0.9947100000,10765,OTHER,false
2022-10-26T04:00:00Z,0.9947100000,0.9960900000,0.9945000000,0.9954800000,13967,OTHER,false
2022-10-26T08:00:00Z,0.9954800000,1.0044900000,0.9951700000,1.0038500000,33417,LONDON,false
2022-10-26T12:00:00Z,1.0038300000,1.0047700000,0.9995800000,1.0004700000,34623,OTHER,false
2022-10-26T16:00:00Z,1.0004600000,1.0083600000,1.0001800000,1.0076300000,43322,OTHER,false
2022-10-26T20:00:00Z,1.0076300000,1.0088900000,1.0067100000,1.0082600000,19787,OTHER,false
2022-10-27T00:00:00Z,1.0074600000,1.0093300000,1.0070100000,1.0078100000,8425,OTHER,false
2022-10-27T04:00:00Z,1.0078000000,1.0084000000,1.0061800000,1.0070500000,11408,OTHER,false
2022-10-27T08:00:00Z,1.0070600000,1.0083900000,1.0054300000,1.0060200000,25952,LONDON,false
2022-10-27T12:00:00Z,1.0060100000,1.0062800000,0.9985400000,1.0006100000,33566,OTHER,false
2022-10-27T16:00:00Z,1.0006200000,1.0043900000,0.9970500000,0.9977900000,49892,OTHER,false
2022-10-27T20:00:00Z,0.9977800000,0.9995500000,0.9957400000,0.9963400000,17773,OTHER,false
2022-10-28T00:00:00Z,0.9963100000,0.9972100000,0.9958200000,0.9966600000,4911,OTHER,false
2022-10-28T04:00:00Z,0.9966500000,0.9998100000,0.9964000000,0.9984900000,13514,OTHER,false
2022-10-28T08:00:00Z,0.9984900000,0.9990900000,0.9926500000,0.9940700000,31757,LONDON,false
2022-10-28T12:00:00Z,0.9941000000,0.9975700000,0.9935500000,0.9969300000,32173,OTHER,false
2022-10-28T16:00:00Z,0.9969300000,0.9989900000,0.9928900000,0.9938500000,41100,OTHER,false
2022-10-28T20:00:00Z,0.9938400000,0.9967600000,0.9934200000,0.9965700000,10572,OTHER,false
2022-10-31T00:00:00Z,0.9955400000,0.9964900000,0.9943000000,0.9948300000,11069,OTHER,false
2022-10-31T04:00:00Z,0.9948100000,0.9965900000,0.9944300000,0.9948300000,9907,OTHER,false
2022-10-31T08:00:00Z,0.9948000000,0.9954800000,0.9914300000,0.9946400000,21511,LONDON,false
2022-10-31T12:00:00Z,0.9946500000,0.9946500000,0.9888300000,0.9890000000,26955,OTHER,false
2022-10-31T16:00:00Z,0.9890000000,0.9908100000,0.9873000000,0.9887100000,28434,OTHER,false
2022-10-31T20:00:00Z,0.9887100000,0.9896000000,0.9871100000,0.9882700000,10355,OTHER,false
2022-11-01T00:00:00Z,0.9882700000,0.9899900000,0.9880800000,0.9894900000,9663,OTHER,false
2022-11-01T04:00:00Z,0.9895000000,0.9927900000,0.9892600000,0.9925200000,13692,OTHER,false
2022-11-01T08:00:00Z,0.9924800000,0.9948000000,0.9908700000,0.9934100000,24982,LONDON,false
2022-11-01T12:00:00Z,0.9934000000,0.9954000000,0.9923400000,0.9935900000,28812,OTHER,false
2022-11-01T16:00:00Z,0.9936000000,0.9936900000,0.9853100000,0.9882200000,41104,OTHER,false
2022-11-01T20:00:00Z,0.9882000000,0.9886200000,0.9870800000,0.9874800000,13302,OTHER,false
2022-11-02T00:00:00Z,0.9874100000,0.9889100000,0.9869300000,0.9888200000,11414,OTHER,false
2022-11-02T04:00:00Z,0.9888000000,0.9899800000,0.9878800000,0.9887700000,12136,OTHER,false
2022-11-02T08:00:00Z,0.9887800000,0.9907000000,0.9871200000,0.9905000000,21050,LONDON,false
2022-11-02T12:00:00Z,0.9905000000,0.9915100000,0.9884300000,0.9894300000,25786,OTHER,false
2022-11-02T16:00:00Z,0.9894300000,0.9894600000,0.9858900000,0.9880200000,22707,OTHER,false
2022-11-02T20:00:00Z,0.9880300000,0.9976100000,0.9812800000,0.9816900000,40663,OTHER,false
2022-11-03T00:00:00Z,0.9814900000,0.9839800000,0.9809700000,0.9831100000,11134,OTHER,false
2022-11-03T04:00:00Z,0.9830900000,0.9839300000,0.9824300000,0.9826300000,10163,OTHER,false
2022-11-03T08:00:00Z,0.9826100000,0.9826100000,0.9747500000,0.9753400000,28425,LONDON,false
2022-11-03T12:00:00Z,0.9753400000,0.9763700000,0.9730200000,0.9744800000,37790,OTHER,false
2022-11-03T16:00:00Z,0.9745200000,0.9795000000,0.9742400000,0.9747300000,36169,OTHER,false
2022-11-03T20:00:00Z,0.9747200000,0.9761600000,0.9742500000,0.9749100000,11994,OTHER,false
2022-11-04T00:00:00Z,0.9749200000,0.9766600000,0.9742100000,0.9763900000,9764,OTHER,false
2022-11-04T04:00:00Z,0.9763900000,0.9790400000,0.9760300000,0.9775400000,11656,OTHER,false
2022-11-04T08:00:00Z,0.9775300000,0.9796300000,0.9757000000,0.9775500000,27249,LONDON,false
2022-11-04T12:00:00Z,0.9775500000,0.9881700000,0.9751300000,0.9866700000,44865,OTHER,false
2022-11-04T16:00:00Z,0.9866600000,0.9940600000,0.9860200000,0.9923300000,45726,OTHER,false
2022-11-04T20:00:00Z,0.9923100000,0.9966700000,0.9914700000,0.9959400000,16235,OTHER,false
2022-11-07T00:00:00Z,0.9900700000,0.9947100000,0.9898700000,0.9930400000,16786,OTHER,false
2022-11-07T04:00:00Z,0.9930400000,0.9955500000,0.9925100000,0.9944500000,13042,OTHER,false
2022-11-07T08:00:00Z,0.9944400000,1.0007300000,0.9924200000,0.9985600000,31542,LONDON,false
2022-11-07T12:00:00Z,0.9985600000,0.9998400000,0.9965900000,0.9994000000,29137,OTHER,false
2022-11-07T16:00:00Z,0.9994000000,1.0026600000,0.9981100000,1.0021900000,35735,OTHER,false
2022-11-07T20:00:00Z,1.0021900000,1.0034100000,1.0018800000,1.0021700000,12034,OTHER,false
2022-11-08T00:00:00Z,1.0016900000,1.0031100000,1.0010900000,1.0014100000,9049,OTHER,false
2022-11-08T04:00:00Z,1.0014000000,1.0015700000,0.9995400000,0.9995700000,8673,OTHER,false
2022-11-08T08:00:00Z,0.9995800000,1.0007800000,0.9971700000,1.0003500000,23993,LONDON,false
2022-11-08T12:00:00Z,1.0003600000,1.0009900000,0.9985300000,0.9999600000,19995,OTHER,false
2022-11-08T16:00:00Z,0.9999700000,1.0094300000,0.9998300000,1.0088400000,31656,OTHER,false
2022-11-08T20:00:00Z,1.0088400000,1.0096400000,1.0054200000,1.0072900000,21616,OTHER,false
2022-11-09T00:00:00Z,1.0071500000,1.0084300000,1.0059200000,1.0063100000,10004,OTHER,false
2022-11-09T04:00:00Z,1.0063400000,1.0088200000,1.0063200000,1.0068600000,11443,OTHER,false
2022-11-09T08:00:00Z,1.0068500000,1.0085300000,1.0040500000,1.0047000000,27085,LONDON,false
2022-11-09T12:00:00Z,1.0047000000,1.0064400000,1.0022800000,1.0028600000,29634,OTHER,false
2022-11-09T16:00:00Z,1.0028700000,1.0086300000,1.0011100000,1.0027100000,41672,OTHER,false
2022-11-09T20:00:00Z,1.0027300000,1.0031100000,0.9992700000,1.0012000000,21977,OTHER,false
2022-11-10T00:00:00Z,1.0009400000,1.0028900000,1.0002400000,1.0023800000,7008,OTHER,false
2022-11-10T04:00:00Z,1.0023800000,1.0038500000,1.0010200000,1.0034600000,11742,OTHER,false
2022-11-10T08:00:00Z,1.0034600000,1.0043000000,0.9959600000,0.9961200000,25784,LONDON,false
2022-11-10T12:00:00Z,0.9961200000,1.0159700000,0.9935500000,1.0122300000,36940,OTHER,false
2022-11-10T16:00:00Z,1.0122400000,1.0185300000,1.0109500000,1.0142700000,61124,OTHER,false
2022-11-10T20:00:00Z,1.0143100000,1.0222000000,1.0142900000,1.0209300000,25045,OTHER,false
2022-11-11T00:00:00Z,1.0206200000,1.0206200000,1.0162900000,1.0166100000,14256,OTHER,false
2022-11-11T04:00:00Z,1.0166000000,1.0222900000,1.0166000000,1.0219100000,17794,OTHER,false
2022-11-11T08:00:00Z,1.0219100000,1.0273900000,1.0208200000,1.0269200000,36717,LONDON,false
2022-11-11T12:00:00Z,1.0269200000,1.0324300000,1.0254100000,1.0311800000,37568,OTHER,false
2022-11-11T16:00:00Z,1.0311900000,1.0345100000,1.0266000000,1.0342000000,41033,OTHER,false
2022-11-11T20:00:00Z,1.0342100000,1.0364200000,1.0338000000,1.0353000000,17667,OTHER,false
2022-11-14T00:00:00Z,1.0339300000,1.0349900000,1.0310900000,1.0327500000,18858,OTHER,false
2022-11-14T04:00:00Z,1.0327700000,1.0334400000,1.0298000000,1.0300400000,17694,OTHER,false
2022-11-14T08:00:00Z,1.0300500000,1.0350700000,1.0300400000,1.0312700000,28959,LONDON,false
2022-11-14T12:00:00Z,1.0312600000,1.0336300000,1.0271400000,1.0317900000,32122,OTHER,false
2022-11-14T16:00:00Z,1.0318300000,1.0351100000,1.0297400000,1.0335500000,37857,OTHER,false
2022-11-14T20:00:00Z,1.0335600000,1.0358800000,1.0325000000,1.0326000000,15132,OTHER,false
2022-11-15T00:00:00Z,1.0325600000,1.0330100000,1.0312200000,1.0319500000,11160,OTHER,false
2022-11-15T04:00:00Z,1.0319600000,1.0335100000,1.0313500000,1.0332100000,12189,OTHER,false
2022-11-15T08:00:00Z,1.0331800000,1.0418100000,1.0327800000,1.0400500000,34470,LONDON,false
2022-11-15T12:00:00Z,1.0406000000,1.0481900000,1.0392200000,1.0438600000,39691,OTHER,false
2022-11-15T16:00:00Z,1.0439300000,1.0444700000,1.0348000000,1.0385000000,52335,OTHER,false
2022-11-15T20:00:00Z,1.0385000000,1.0388800000,1.0280100000,1.0348200000,47292,OTHER,false
2022-11-16T00:00:00Z,1.0346600000,1.0361300000,1.0330500000,1.0343500000,18724,OTHER,false
2022-11-16T04:00:00Z,1.0343800000,1.0386900000,1.0337400000,1.0373400000,23782,OTHER,false
2022-11-16T08:00:00Z,1.0373400000,1.0425400000,1.0365900000,1.0420000000,33018,LONDON,false
2022-11-16T12:00:00Z,1.0420000000,1.0438700000,1.0384000000,1.0390900000,32157,OTHER,false
2022-11-16T16:00:00Z,1.0390900000,1.0412700000,1.0371300000,1.0383800000,39600,OTHER,false
2022-11-16T20:00:00Z,1.0384000000,1.0404900000,1.0354700000,1.0394100000,18484,OTHER,false
2022-11-17T00:00:00Z,1.0393300000,1.0398100000,1.0373900000,1.0377300000,10735,OTHER,false
2022-11-17T04:00:00Z,1.0377500000,1.0383500000,1.0359500000,1.0380300000,12962,OTHER,false
2022-11-17T08:00:00Z,1.0380300000,1.0406700000,1.0356700000,1.0363500000,24110,LONDON,false
2022-11-17T12:00:00Z,1.0363600000,1.0370200000,1.0310500000,1.0312300000,38173,OTHER,false
2022-11-17T16:00:00Z,1.0312400000,1.0356900000,1.0305300000,1.0350300000,35346,OTHER,false
2022-11-17T20:00:00Z,1.0350300000,1.0369600000,1.0348500000,1.0363600000,14703,OTHER,false
2022-11-18T00:00:00Z,1.0358300000,1.0378100000,1.0357200000,1.0367700000,11235,OTHER,false
2022-11-18T04:00:00Z,1.0367700000,1.0390900000,1.0361000000,1.0371800000,11959,OTHER,false
2022-11-18T08:00:00Z,1.0371900000,1.0396000000,1.0342300000,1.0381700000,26541,LONDON,false
2022-11-18T12:00:00Z,1.0381800000,1.0386700000,1.0356600000,1.0364700000,25529,OTHER,false
2022-11-18T16:00:00Z,1.0364600000,1.0371900000,1.0326400000,1.0333200000,30377,OTHER,false
2022-11-18T20:00:00Z,1.0333200000,1.0337400000,1.0313400000,1.0320000000,14069,OTHER,false
2022-11-21T00:00:00Z,1.0319500000,1.0333200000,1.0299900000,1.0311800000,10006,OTHER,false
2022-11-21T04:00:00Z,1.0311800000,1.0311900000,1.0272200000,1.0282200000,14147,OTHER,false
2022-11-21T08:00:00Z,1.0282600000,1.0287200000,1.0226100000,1.0226800000,28243,LONDON,false
2022-11-21T12:00:00Z,1.0226900000,1.0256200000,1.0226200000,1.0254500000,24537,OTHER,false
2022-11-21T16:00:00Z,1.0254300000,1.0262800000,1.0222800000,1.0232500000,27928,OTHER,false
2022-11-21T20:00:00Z,1.0232300000,1.0248600000,1.0230600000,1.0240600000,14222,OTHER,false
2022-11-22T00:00:00Z,1.0238400000,1.0268300000,1.0237500000,1.0260500000,9294,OTHER,false
2022-11-22T04:00:00Z,1.0260400000,1.0267600000,1.0246000000,1.0253200000,11584,OTHER,false
2022-11-22T08:00:00Z,1.0253200000,1.0286600000,1.0246000000,1.0268900000,24653,LONDON,false
2022-11-22T12:00:00Z,1.0268700000,1.0290900000,1.0256100000,1.0260500000,24090,OTHER,false
2022-11-22T16:00:00Z,1.0260500000,1.0296000000,1.0254000000,1.0296000000,25077,OTHER,false
2022-11-22T20:00:00Z,1.0295900000,1.0308200000,1.0289700000,1.0303500000,10758,OTHER,false
2022-11-23T00:00:00Z,1.0301200000,1.0321200000,1.0297800000,1.0311000000,7938,OTHER,false
2022-11-23T04:00:00Z,1.0310900000,1.0331000000,1.0307700000,1.0327400000,7961,OTHER,false
2022-11-23T08:00:00Z,1.0327200000,1.0348800000,1.0302100000,1.0325100000,22927,LONDON,false
2022-11-23T12:00:00Z,1.0325100000,1.0340700000,1.0296300000,1.0331900000,24053,OTHER,false
2022-11-23T16:00:00Z,1.0331900000,1.0384000000,1.0326800000,1.0364000000,36195,OTHER,false
2022-11-23T20:00:00Z,1.0364000000,1.0405200000,1.0359500000,1.0394100000,23733,OTHER,false
2022-11-24T00:00:00Z,1.0394100000,1.0425300000,1.0391800000,1.0423500000,10219,OTHER,false
2022-11-24T04:00:00Z,1.0423600000,1.0448500000,1.0417600000,1.0433800000,10047,OTHER,false
2022-11-24T08:00:00Z,1.0434100000,1.0439900000,1.0399900000,1.0419400000,22801,LONDON,false
2022-11-24T12:00:00Z,1.0419400000,1.0429300000,1.0381900000,1.0423000000,23823,OTHER,false
2022-11-24T16:00:00Z,1.0423000000,1.0427700000,1.0401700000,1.0409000000,17523,OTHER,false
2022-11-24T20:00:00Z,1.0409000000,1.0414300000,1.0401200000,1.0411400000,4540,OTHER,false
2022-11-25T00:00:00Z,1.0406700000,1.0415100000,1.0395900000,1.0409500000,9186,OTHER,false
2022-11-25T04:00:00Z,1.0409500000,1.0429300000,1.0404300000,1.0411400000,11904,OTHER,false
2022-11-25T08:00:00Z,1.0411300000,1.0428400000,1.0382200000,1.0393600000,22108,LONDON,false
2022-11-25T12:00:00Z,1.0393700000,1.0421700000,1.0361300000,1.0372700000,21321,OTHER,false
2022-11-25T16:00:00Z,1.0372800000,1.0411800000,1.0354800000,1.0405900000,24866,OTHER,false
2022-11-25T20:00:00Z,1.0406000000,1.0414600000,1.0385200000,1.0393900000,12730,OTHER,false
2022-11-28T00:00:00Z,1.0366400000,1.0383900000,1.0341100000,1.0348300000,13506,OTHER,false
2022-11-28T04:00:00Z,1.0348400000,1.0365000000,1.0343400000,1.0351000000,14322,OTHER,false
2022-11-28T08:00:00Z,1.0351100000,1.0456700000,1.0348200000,1.0447700000,28223,LONDON,false
2022-11-28T12:00:00Z,1.0447700000,1.0496900000,1.0438800000,1.0462900000,28734,OTHER,false
2022-11-28T16:00:00Z,1.0463000000,1.0463000000,1.0368100000,1.0369800000,34757,OTHER,false
2022-11-28T20:00:00Z,1.0369700000,1.0373100000,1.0330200000,1.0338100000,14654,OTHER,false
2022-11-29T00:00:00Z,1.0336800000,1.0362400000,1.0334000000,1.0359600000,10037,OTHER,false
2022-11-29T04:00:00Z,1.0359500000,1.0394100000,1.0346900000,1.0386900000,13954,OTHER,false
2022-11-29T08:00:00Z,1.0386900000,1.0392800000,1.0350700000,1.0364900000,29664,LONDON,false
2022-11-29T12:00:00Z,1.0364500000,1.0393500000,1.0324900000,1.0330300000,25793,OTHER,false
2022-11-29T16:00:00Z,1.0330300000,1.0373000000,1.0325600000,1.0340200000,35472,OTHER,false
2022-11-29T20:00:00Z,1.0340100000,1.0346600000,1.0319900000,1.0328700000,15856,OTHER,false
2022-11-30T00:00:00Z,1.0327600000,1.0353100000,1.0318500000,1.0347900000,8404,OTHER,false
2022-11-30T04:00:00Z,1.0347900000,1.0361000000,1.0340200000,1.0348400000,5205,OTHER,false
2022-11-30T08:00:00Z,1.0348800000,1.0381600000,1.0335600000,1.0358100000,19587,LONDON,false
2022-11-30T12:00:00Z,1.0358100000,1.0391900000,1.0346600000,1.0359100000,24978,OTHER,false
2022-11-30T16:00:00Z,1.0359000000,1.0399500000,1.0289900000,1.0315100000,40603,OTHER,false
2022-11-30T20:00:00Z,1.0315000000,1.0428800000,1.0305900000,1.0405500000,40888,OTHER,false
2022-12-01T00:00:00Z,1.0408000000,1.0447500000,1.0398400000,1.0425900000,12317,OTHER,false
2022-12-01T04:00:00Z,1.0425700000,1.0451600000,1.0418700000,1.0445800000,7603,OTHER,false
2022-12-01T08:00:00Z,1.0445500000,1.0464000000,1.0393000000,1.0441500000,29908,LONDON,false
2022-12-01T12:00:00Z,1.0441400000,1.0513400000,1.0417600000,1.0489400000,29169,OTHER,false
2022-12-01T16:00:00Z,1.0489700000,1.0533500000,1.0469600000,1.0507600000,47391,OTHER,false
2022-12-01T20:00:00Z,1.0507400000,1.0530500000,1.0496000000,1.0524700000,21316,OTHER,false
2022-12-02T00:00:00Z,1.0519400000,1.0539400000,1.0506200000,1.0513400000,9065,OTHER,false
2022-12-02T04:00:00Z,1.0513500000,1.0528700000,1.0504900000,1.0523100000,9369,OTHER,false
2022-12-02T08:00:00Z,1.0523100000,1.0544900000,1.0513100000,1.0529900000,28650,LONDON,false
2022-12-02T12:00:00Z,1.0530100000,1.0544700000,1.0428100000,1.0462100000,31643,OTHER,false
2022-12-02T16:00:00Z,1.0462300000,1.0534100000,1.0445100000,1.0525500000,45096,OTHER,false
2022-12-02T20:00:00Z,1.0525800000,1.0541800000,1.0510500000,1.0540700000,15928,OTHER,false
2022-12-05T00:00:00Z,1.0530600000,1.0574000000,1.0529600000,1.0567800000,10287,OTHER,false
2022-12-05T04:00:00Z,1.0568000000,1.0584800000,1.0556900000,1.0582900000,9270,OTHER,false
2022-12-05T08:00:00Z,1.0582900000,1.0582900000,1.0530400000,1.0559300000,23082,LONDON,false
2022-12-05T12:00:00Z,1.0559300000,1.0595000000,1.0518400000,1.0565700000,24033,OTHER,false
2022-12-05T16:00:00Z,1.0565700000,1.0568500000,1.0490000000,1.0495400000,36676,OTHER,false
2022-12-05T20:00:00Z,1.0495300000,1.0506300000,1.0480300000,1.0490800000,13227,OTHER,false
2022-12-06T00:00:00Z,1.0491400000,1.0518700000,1.0483500000,1.0510400000,7186,OTHER,false
2022-12-06T04:00:00Z,1.0510400000,1.0515100000,1.0483200000,1.0494000000,11156,OTHER,false
2022-12-06T08:00:00Z,1.0494000000,1.0509600000,1.0475700000,1.0494200000,26223,LONDON,false
2022-12-06T12:00:00Z,1.0493600000,1.0532900000,1.0491600000,1.0513600000,23439,OTHER,false
2022-12-06T16:00:00Z,1.0513600000,1.0528900000,1.0479600000,1.0482200000,34877,OTHER,false
2022-12-06T20:00:00Z,1.0481900000,1.0482600000,1.0459300000,1.0464200000,13085,OTHER,false
2022-12-07T00:00:00Z,1.0464100000,1.0473800000,1.0455100000,1.0472500000,6885,OTHER,false
2022-12-07T04:00:00Z,1.0472400000,1.0476500000,1.0458100000,1.0466500000,8112,OTHER,false
2022-12-07T08:00:00Z,1.0466800000,1.0484400000,1.0443100000,1.0475900000,26105,LONDON,false
2022-12-07T12:00:00Z,1.0476000000,1.0547300000,1.0472700000,1.0542500000,26339,OTHER,false
2022-12-07T16:00:00Z,1.0542600000,1.0549800000,1.0488200000,1.0518100000,40555,OTHER,false
2022-12-07T20:00:00Z,1.0518200000,1.0528600000,1.0502600000,1.0503600000,15104,OTHER,false
2022-12-08T00:00:00Z,1.0503100000,1.0515300000,1.0494800000,1.0501700000,8101,OTHER,false
2022-12-08T04:00:00Z,1.0501900000,1.0507400000,1.0493900000,1.0503700000,9819,OTHER,false
2022-12-08T08:00:00Z,1.0503400000,1.0530800000,1.0489500000,1.0494800000,18981,LONDON,false
2022-12-08T12:00:00Z,1.0494800000,1.0532000000,1.0490900000,1.0520400000,21514,OTHER,false
2022-12-08T16:00:00Z,1.0520500000,1.0565100000,1.0517200000,1.0544200000,31192,OTHER,false
2022-12-08T20:00:00Z,1.0544200000,1.0563700000,1.0538300000,1.0552300000,15760,OTHER,false
2022-12-09T00:00:00Z,1.0553600000,1.0585400000,1.0546600000,1.0578800000,8989,OTHER,false
2022-12-09T04:00:00Z,1.0579300000,1.0586800000,1.0566100000,1.0576900000,9399,OTHER,false
2022-12-09T08:00:00Z,1.0577000000,1.0588100000,1.0546800000,1.0557300000,19378,LONDON,false
2022-12-09T12:00:00Z,1.0557600000,1.0568800000,1.0504300000,1.0538700000,24984,OTHER,false
2022-12-09T16:00:00Z,1.0539300000,1.0558200000,1.0519100000,1.0545700000,34894,OTHER,false
2022-12-09T20:00:00Z,1.0545600000,1.0556100000,1.0528700000,1.0533400000,13671,OTHER,false
2022-12-12T00:00:00Z,1.0527600000,1.0538500000,1.0505800000,1.0512300000,8059,OTHER,false
2022-12-12T04:00:00Z,1.0512500000,1.0520300000,1.0506100000,1.0516400000,7907,OTHER,false
2022-12-12T08:00:00Z,1.0516300000,1.0564900000,1.0508500000,1.0559500000,21856,LONDON,false
2022-12-12T12:00:00Z,1.0559400000,1.0577700000,1.0553500000,1.0571700000,18002,OTHER,false
2022-12-12T16:00:00Z,1.0571700000,1.0580300000,1.0517600000,1.0534300000,28520,OTHER,false
2022-12-12T20:00:00Z,1.0534300000,1.0538700000,1.0510800000,1.0537800000,14317,OTHER,false
2022-12-13T00:00:00Z,1.0535100000,1.0549400000,1.0528800000,1.0546500000,6575,OTHER,false
2022-12-13T04:00:00Z,1.0546400000,1.0554200000,1.0531100000,1.0550900000,9706,OTHER,false
2022-12-13T08:00:00Z,1.0551600000,1.0560700000,1.0531200000,1.0543100000,20366,LONDON,false
2022-12-13T12:00:00Z,1.0543100000,1.0661600000,1.0528000000,1.0646700000,29112,OTHER,false
2022-12-13T16:00:00Z,1.0646500000,1.0673400000,1.0610700000,1.0614600000,52268,OTHER,false
2022-12-13T20:00:00Z,1.0614600000,1.0641200000,1.0610400000,1.0631900000,21914,OTHER,false
2022-12-14T00:00:00Z,1.0631900000,1.0639100000,1.0620300000,1.0634700000,11122,OTHER,false
2022-12-14T04:00:00Z,1.0634500000,1.0638600000,1.0619900000,1.0626100000,6737,OTHER,false
2022-12-14T08:00:00Z,1.0626100000,1.0665000000,1.0619000000,1.0662200000,24603,LONDON,false
2022-12-14T12:00:00Z,1.0662300000,1.0672200000,1.0636300000,1.0646600000,25122,OTHER,false
2022-12-14T16:00:00Z,1.0646500000,1.0667600000,1.0631700000,1.0651400000,30042,OTHER,false
2022-12-14T20:00:00Z,1.0651400000,1.0695100000,1.0620400000,1.0681900000,46815,OTHER,false
2022-12-15T00:00:00Z,1.0681100000,1.0682700000,1.0659900000,1.0662100000,7503,OTHER,false
2022-12-15T04:00:00Z,1.0662200000,1.0665000000,1.0645700000,1.0658300000,8238,OTHER,false
2022-12-15T08:00:00Z,1.0658300000,1.0660900000,1.0605700000,1.0621900000,23791,LONDON,false
2022-12-15T12:00:00Z,1.0621900000,1.0668000000,1.0606800000,1.0652600000,29195,OTHER,false
2022-12-15T16:00:00Z,1.0652500000,1.0736300000,1.0592900000,1.0599100000,49746,OTHER,false
2022-12-15T20:00:00Z,1.0599900000,1.0638400000,1.0592200000,1.0625900000,14445,OTHER,false
2022-12-16T00:00:00Z,1.0623600000,1.0647100000,1.0620000000,1.0641700000,7946,OTHER,false
2022-12-16T04:00:00Z,1.0641800000,1.0662500000,1.0640700000,1.0645700000,9557,OTHER,false
2022-12-16T08:00:00Z,1.0645400000,1.0663100000,1.0610000000,1.0611300000,22012,LONDON,false
2022-12-16T12:00:00Z,1.0611200000,1.0639700000,1.0609200000,1.0634200000,20807,OTHER,false
2022-12-16T16:00:00Z,1.0634400000,1.0648900000,1.0597600000,1.0605200000,39056,OTHER,false
2022-12-16T20:00:00Z,1.0605200000,1.0617400000,1.0584900000,1.0589100000,11734,OTHER,false
2022-12-19T00:00:00Z,1.0581200000,1.0606500000,1.0581200000,1.0606400000,8993,OTHER,false
2022-12-19T04:00:00Z,1.0606400000,1.0612900000,1.0601200000,1.0607600000,8284,OTHER,false
2022-12-19T08:00:00Z,1.0607600000,1.0658000000,1.0603700000,1.0617700000,21928,LONDON,false
2022-12-19T12:00:00Z,1.0618100000,1.0635200000,1.0597200000,1.0606100000,25063,OTHER,false
2022-12-19T16:00:00Z,1.0606100000,1.0631100000,1.0575600000,1.0625000000,29408,OTHER,false
2022-12-19T20:00:00Z,1.0625100000,1.0626400000,1.0600600000,1.0606400000,15454,OTHER,false
2022-12-20T00:00:00Z,1.0603100000,1.0612900000,1.0597400000,1.0605300000,7655,OTHER,false
2022-12-20T04:00:00Z,1.0605300000,1.0651500000,1.0578800000,1.0586300000,27921,OTHER,false
2022-12-20T08:00:00Z,1.0586200000,1.0638100000,1.0583000000,1.0637200000,39760,LONDON,false
2022-12-20T12:00:00Z,1.0636800000,1.0646100000,1.0593900000,1.0615700000,26104,OTHER,false
2022-12-20T16:00:00Z,1.0615500000,1.0658700000,1.0598500000,1.0615100000,39122,OTHER,false
2022-12-20T20:00:00Z,1.0615000000,1.0629300000,1.0599400000,1.0621800000,14339,OTHER,false
2022-12-21T00:00:00Z,1.0623200000,1.0627900000,1.0613300000,1.0619800000,9222,OTHER,false
2022-12-21T04:00:00Z,1.0619700000,1.0625800000,1.0606700000,1.0617600000,7179,OTHER,false
2022-12-21T08:00:00Z,1.0617600000,1.0637500000,1.0609700000,1.0614400000,19646,LONDON,false
2022-12-21T12:00:00Z,1.0614400000,1.0645100000,1.0604500000,1.0628600000,22347,OTHER,false
2022-12-21T16:00:00Z,1.0628500000,1.0633700000,1.0590400000,1.0600700000,30253,OTHER,false
2022-12-21T20:00:00Z,1.0600700000,1.0620200000,1.0593200000,1.0604000000,14495,OTHER,false
2022-12-22T00:00:00Z,1.0602800000,1.0629900000,1.0602800000,1.0629500000,6696,OTHER,false
2022-12-22T04:00:00Z,1.0629500000,1.0648500000,1.0625400000,1.0640100000,8511,OTHER,false
2022-12-22T08:00:00Z,1.0640000000,1.0659500000,1.0626100000,1.0646400000,17995,LONDON,false
2022-12-22T12:00:00Z,1.0646400000,1.0656400000,1.0603400000,1.0611100000,23731,OTHER,false
2022-12-22T16:00:00Z,1.0611000000,1.0618600000,1.0582200000,1.0584100000,30443,OTHER,false
2022-12-22T20:00:00Z,1.0584100000,1.0603300000,1.0573300000,1.0597100000,16731,OTHER,false
2022-12-23T00:00:00Z,1.0594800000,1.0604100000,1.0586500000,1.0601500000,7457,OTHER,false
2022-12-23T04:00:00Z,1.0601600000,1.0612400000,1.0601600000,1.0603500000,8136,OTHER,false
2022-12-23T08:00:00Z,1.0603400000,1.0630800000,1.0596200000,1.0609800000,15660,LONDON,false
2022-12-23T12:00:00Z,1.0609800000,1.0633000000,1.0594500000,1.0608100000,21642,OTHER,false
2022-12-23T16:00:00Z,1.0607800000,1.0632200000,1.0592000000,1.0620100000,38008,OTHER,false
2022-12-23T20:00:00Z,1.0620100000,1.0622700000,1.0605300000,1.0616300000,9324,OTHER,false
2022-12-26T08:00:00Z,1.0628200000,1.0630800000,1.0614100000,1.0622200000,1393,LONDON,false
2022-12-26T12:00:00Z,1.0622200000,1.0632300000,1.0616100000,1.0627200000,1272,OTHER,false
2022-12-26T16:00:00Z,1.0627100000,1.0632400000,1.0621700000,1.0628000000,849,OTHER,false
2022-12-26T20:00:00Z,1.0627900000,1.0636600000,1.0623700000,1.0635200000,1352,OTHER,false
2022-12-27T00:00:00Z,1.0635600000,1.0653000000,1.0627700000,1.0651900000,5026,OTHER,false
2022-12-27T04:00:00Z,1.0651700000,1.0660400000,1.0635100000,1.0655300000,4555,OTHER,false
2022-12-27T08:00:00Z,1.0655600000,1.0667600000,1.0638200000,1.0660400000,10529,LONDON,false
2022-12-27T12:00:00Z,1.0660700000,1.0669600000,1.0619200000,1.0627500000,13794,OTHER,false
2022-12-27T16:00:00Z,1.0627500000,1.0660500000,1.0611600000,1.0637100000,19253,OTHER,false
2022-12-27T20:00:00Z,1.0637100000,1.0656400000,1.0635400000,1.0639000000,10185,OTHER,false
2022-12-28T00:00:00Z,1.0638900000,1.0642500000,1.0624300000,1.0642000000,6664,OTHER,false
2022-12-28T04:00:00Z,1.0642100000,1.0647100000,1.0631800000,1.0645900000,7778,OTHER,false
2022-12-28T08:00:00Z,1.0646200000,1.0654600000,1.0627800000,1.0637100000,14855,LONDON,false
2022-12-28T12:00:00Z,1.0637100000,1.0657800000,1.0629300000,1.0641800000,17254,OTHER,false
2022-12-28T16:00:00Z,1.0641800000,1.0674400000,1.0611500000,1.0629100000,26647,OTHER,false
2022-12-28T20:00:00Z,1.0629100000,1.0635800000,1.0606300000,1.0611500000,11152,OTHER,false
2022-12-29T00:00:00Z,1.0609100000,1.0637300000,1.0605500000,1.0628100000,6780,OTHER,false
2022-12-29T04:00:00Z,1.0627700000,1.0632600000,1.0619000000,1.0624700000,5200,OTHER,false
2022-12-29T08:00:00Z,1.0625100000,1.0658300000,1.0611000000,1.0656400000,13375,LONDON,false
2022-12-29T12:00:00Z,1.0656400000,1.0667300000,1.0631500000,1.0654900000,18741,OTHER,false
2022-12-29T16:00:00Z,1.0655200000,1.0690400000,1.0636200000,1.0681900000,31358,OTHER,false
2022-12-29T20:00:00Z,1.0682000000,1.0683600000,1.0659800000,1.0661000000,13905,OTHER,false
2022-12-30T00:00:00Z,1.0660700000,1.0669500000,1.0654100000,1.0660300000,6173,OTHER,false
2022-12-30T04:00:00Z,1.0660300000,1.0663200000,1.0642000000,1.0643300000,6152,OTHER,false
2022-12-30T08:00:00Z,1.0643200000,1.0674700000,1.0638600000,1.0654600000,18442,LONDON,false
2022-12-30T12:00:00Z,1.0654800000,1.0698700000,1.0645000000,1.0668400000,22637,OTHER,false
2022-12-30T16:00:00Z,1.0668500000,1.0711500000,1.0659300000,1.0710500000,38494,OTHER,false
2022-12-30T20:00:00Z,1.0711200000,1.0713300000,1.0691600000,1.0697600000,20121,OTHER,false
2023-01-02T04:00:00Z,1.0701600000,1.0701700000,1.0690900000,1.0696700000,340,OTHER,false
2023-01-02T08:00:00Z,1.0697100000,1.0700500000,1.0663600000,1.0678400000,5790,LONDON,false
2023-01-02T12:00:00Z,1.0678800000,1.0689800000,1.0674900000,1.0678800000,3224,OTHER,false
2023-01-02T16:00:00Z,1.0678700000,1.0681900000,1.0651000000,1.0660700000,5026,OTHER,false
2023-01-02T20:00:00Z,1.0660400000,1.0672700000,1.0649900000,1.0666500000,2361,OTHER,false
2023-01-03T00:00:00Z,1.0664200000,1.0683000000,1.0649300000,1.0659700000,10675,OTHER,false
2023-01-03T04:00:00Z,1.0659600000,1.0680200000,1.0657500000,1.0663700000,12043,OTHER,false
2023-01-03T08:00:00Z,1.0663700000,1.0667700000,1.0533900000,1.0547600000,34129,LONDON,false
2023-01-03T12:00:00Z,1.0547900000,1.0570000000,1.0519600000,1.0560400000,28042,OTHER,false
2023-01-03T16:00:00Z,1.0560400000,1.0597400000,1.0537200000,1.0546100000,37222,OTHER,false
2023-01-03T20:00:00Z,1.0546300000,1.0568900000,1.0543300000,1.0547000000,17090,OTHER,false
2023-01-04T00:00:00Z,1.0546500000,1.0569100000,1.0540200000,1.0566700000,12432,OTHER,false
2023-01-04T04:00:00Z,1.0566700000,1.0578400000,1.0561200000,1.0569300000,8863,OTHER,false
2023-01-04T08:00:00Z,1.0569300000,1.0635400000,1.0559400000,1.0610900000,30127,LONDON,false
2023-01-04T12:00:00Z,1.0610900000,1.0624400000,1.0594900000,1.0610500000,24248,OTHER,false
2023-01-04T16:00:00Z,1.0610600000,1.0628600000,1.0581200000,1.0607400000,40632,OTHER,false
2023-01-04T20:00:00Z,1.0607400000,1.0612900000,1.0585100000,1.0603000000,24349,OTHER,false
2023-01-05T00:00:00Z,1.0601500000,1.0631500000,1.0597300000,1.0620400000,9561,OTHER,false
2023-01-05T04:00:00Z,1.0620200000,1.0620200000,1.0601700000,1.0610600000,10443,OTHER,false
2023-01-05T08:00:00Z,1.0610700000,1.0629100000,1.0590200000,1.0623500000,22575,LONDON,false
2023-01-05T12:00:00Z,1.0623800000,1.0626000000,1.0551400000,1.0552400000,26874,OTHER,false
2023-01-05T16:00:00Z,1.0552400000,1.0567500000,1.0515000000,1.0529900000,38802,OTHER,false
2023-01-05T20:00:00Z,1.0529900000,1.0543300000,1.0515200000,1.0520700000,17968,OTHER,false
2023-01-06T00:00:00Z,1.0520500000,1.0532600000,1.0517800000,1.0525000000,8372,OTHER,false
2023-01-06T04:00:00Z,1.0525100000,1.0536200000,1.0510600000,1.0514300000,8577,OTHER,false
2023-01-06T08:00:00Z,1.0514800000,1.0531000000,1.0496800000,1.0507500000,21228,LONDON,false
2023-01-06T12:00:00Z,1.0507500000,1.0545000000,1.0483200000,1.0542600000,28211,OTHER,false
2023-01-06T16:00:00Z,1.0542600000,1.0638200000,1.0501100000,1.0637700000,45357,OTHER,false
2023-01-06T20:00:00Z,1.0637800000,1.0648100000,1.0629500000,1.0642700000,14269,OTHER,false
2023-01-09T00:00:00Z,1.0639400000,1.0671900000,1.0636000000,1.0666700000,9379,OTHER,false
2023-01-09T04:00:00Z,1.0666700000,1.0683100000,1.0665900000,1.0677200000,10022,OTHER,false
2023-01-09T08:00:00Z,1.0677200000,1.0699700000,1.0659900000,1.0672400000,24194,LONDON,false
2023-01-09T12:00:00Z,1.0672700000,1.0731900000,1.0661400000,1.0725200000,23124,OTHER,false
2023-01-09T16:00:00Z,1.0725300000,1.0760700000,1.0711500000,1.0750300000,31095,OTHER,false
2023-01-09T20:00:00Z,1.0750300000,1.0754200000,1.0730100000,1.0731800000,17472,OTHER,false
2023-01-10T00:00:00Z,1.0729300000,1.0739700000,1.0720400000,1.0736200000,10145,OTHER,false
2023-01-10T04:00:00Z,1.0736200000,1.0744100000,1.0721200000,1.0742700000,9486,OTHER,false
2023-01-10T08:00:00Z,1.0743000000,1.0751800000,1.0722200000,1.0746100000,20909,LONDON,false
2023-01-10T12:00:00Z,1.0746100000,1.0746100000,1.0712100000,1.0721700000,19561,OTHER,false
2023-01-10T16:00:00Z,1.0721900000,1.0759300000,1.0721600000,1.0733400000,38630,OTHER,false
2023-01-10T20:00:00Z,1.0733400000,1.0744100000,1.0727500000,1.0733400000,13128,OTHER,false
2023-01-11T00:00:00Z,1.0732900000,1.0745100000,1.0725200000,1.0731000000,8248,OTHER,false
2023-01-11T04:00:00Z,1.0730800000,1.0756800000,1.0726300000,1.0747800000,5942,OTHER,false
2023-01-11T08:00:00Z,1.0748000000,1.0757500000,1.0725500000,1.0741700000,18590,LONDON,false
2023-01-11T12:00:00Z,1.0741700000,1.0755500000,1.0728200000,1.0749900000,18496,OTHER,false
2023-01-11T16:00:00Z,1.0749900000,1.0776500000,1.0736400000,1.0746800000,25841,OTHER,false
2023-01-11T20:00:00Z,1.0746700000,1.0767100000,1.0735000000,1.0755600000,13096,OTHER,false
2023-01-12T00:00:00Z,1.0753500000,1.0774600000,1.0749000000,1.0766700000,10033,OTHER,false
2023-01-12T04:00:00Z,1.0766700000,1.0775200000,1.0761500000,1.0762800000,6894,OTHER,false
2023-01-12T08:00:00Z,1.0762800000,1.0773500000,1.0742700000,1.0765500000,18493,LONDON,false
2023-01-12T12:00:00Z,1.0765400000,1.0838600000,1.0730200000,1.0829100000,30151,OTHER,false
2023-01-12T16:00:00Z,1.0829100000,1.0849000000,1.0751500000,1.0848700000,54600,OTHER,false
2023-01-12T20:00:00Z,1.0848700000,1.0867000000,1.0839700000,1.0851500000,21067,OTHER,false
2023-01-13T00:00:00Z,1.0849700000,1.0867800000,1.0838500000,1.0855400000,10534,OTHER,false
2023-01-13T04:00:00Z,1.0855500000,1.0856300000,1.0831400000,1.0837200000,9297,OTHER,false
2023-01-13T08:00:00Z,1.0837200000,1.0864500000,1.0833200000,1.0842600000,24708,LONDON,false
2023-01-13T12:00:00Z,1.0842500000,1.0851800000,1.0792600000,1.0793700000,25216,OTHER,false
2023-01-13T16:00:00Z,1.0793800000,1.0838800000,1.0780500000,1.0828300000,32997,OTHER,false
2023-01-13T20:00:00Z,1.0828300000,1.0835800000,1.0818200000,1.0832300000,11101,OTHER,false
2023-01-16T00:00:00Z,1.0829500000,1.0872000000,1.0819300000,1.0868000000,9510,OTHER,false
2023-01-16T04:00:00Z,1.0868000000,1.0874200000,1.0850800000,1.0860500000,7895,OTHER,false
2023-01-16T08:00:00Z,1.0860300000,1.0860600000,1.0801600000,1.0821000000,19483,LONDON,false
2023-01-16T12:00:00Z,1.0821000000,1.0836700000,1.0806000000,1.0815900000,14923,OTHER,false
2023-01-16T16:00:00Z,1.0815900000,1.0829300000,1.0811800000,1.0813900000,11879,OTHER,false
2023-01-16T20:00:00Z,1.0813800000,1.0824700000,1.0810900000,1.0821000000,2081,OTHER,false
2023-01-17T00:00:00Z,1.0819700000,1.0833700000,1.0814100000,1.0817100000,8939,OTHER,false
2023-01-17T04:00:00Z,1.0816900000,1.0832700000,1.0806000000,1.0831100000,7849,OTHER,false
2023-01-17T08:00:00Z,1.0831000000,1.0838800000,1.0811000000,1.0817200000,20945,LONDON,false
2023-01-17T12:00:00Z,1.0817400000,1.0858100000,1.0808800000,1.0842600000,26546,OTHER,false
2023-01-17T16:00:00Z,1.0842700000,1.0869400000,1.0774500000,1.0782200000,36087,OTHER,false
2023-01-17T20:00:00Z,1.0782200000,1.0803800000,1.0779900000,1.0787600000,13640,OTHER,false
2023-01-18T00:00:00Z,1.0787900000,1.0796300000,1.0782400000,1.0796200000,7025,OTHER,false
2023-01-18T04:00:00Z,1.0796200000,1.0799300000,1.0766100000,1.0779700000,21030,OTHER,false
2023-01-18T08:00:00Z,1.0779400000,1.0871500000,1.0779300000,1.0869900000,31770,LONDON,false
2023-01-18T12:00:00Z,1.0869900000,1.0870000000,1.0811400000,1.0858300000,27996,OTHER,false
2023-01-18T16:00:00Z,1.0858400000,1.0887400000,1.0787400000,1.0795900000,42672,OTHER,false
2023-01-18T20:00:00Z,1.0796000000,1.0799100000,1.0786800000,1.0793600000,17294,OTHER,false
2023-01-19T00:00:00Z,1.0790300000,1.0798200000,1.0782500000,1.0787600000,9721,OTHER,false
2023-01-19T04:00:00Z,1.0787700000,1.0805600000,1.0782200000,1.0791600000,8764,OTHER,false
2023-01-19T08:00:00Z,1.0791700000,1.0829300000,1.0782500000,1.0824900000,20594,LONDON,false
2023-01-19T12:00:00Z,1.0825000000,1.0838200000,1.0795500000,1.0809600000,25689,OTHER,false
2023-01-19T16:00:00Z,1.0809500000,1.0825300000,1.0783600000,1.0816500000,31673,OTHER,false
2023-01-19T20:00:00Z,1.0816400000,1.0840100000,1.0813100000,1.0829400000,16569,OTHER,false
2023-01-20T00:00:00Z,1.0829100000,1.0843700000,1.0826400000,1.0836200000,5544,OTHER,false
2023-01-20T04:00:00Z,1.0836300000,1.0844000000,1.0825200000,1.0835300000,5999,OTHER,false
2023-01-20T08:00:00Z,1.0835400000,1.0859100000,1.0820700000,1.0831000000,18025,LONDON,false
2023-01-20T12:00:00Z,1.0831100000,1.0847400000,1.0802400000,1.0806500000,19789,OTHER,false
2023-01-20T16:00:00Z,1.0806500000,1.0847800000,1.0804600000,1.0843800000,26559,OTHER,false
2023-01-20T20:00:00Z,1.0843700000,1.0858600000,1.0833800000,1.0855700000,13502,OTHER,false
2023-01-23T00:00:00Z,1.0862200000,1.0899600000,1.0859000000,1.0894900000,7534,OTHER,false
2023-01-23T04:00:00Z,1.0894900000,1.0903000000,1.0888900000,1.0892200000,6657,OTHER,false
2023-01-23T08:00:00Z,1.0892200000,1.0926700000,1.0887400000,1.0911800000,20633,LONDON,false
2023-01-23T12:00:00Z,1.0911800000,1.0915300000,1.0853200000,1.0858900000,21733,OTHER,false
2023-01-23T16:00:00Z,1.0858900000,1.0876000000,1.0846400000,1.0862400000,28007,OTHER,false
2023-01-23T20:00:00Z,1.0862500000,1.0873200000,1.0847800000,1.0871500000,14715,OTHER,false
2023-01-24T00:00:00Z,1.0870500000,1.0882600000,1.0867000000,1.0880900000,3975,OTHER,false
2023-01-24T04:00:00Z,1.0880700000,1.0883000000,1.0869400000,1.0878400000,4013,OTHER,false
2023-01-24T08:00:00Z,1.0878400000,1.0898000000,1.0851900000,1.0860900000,17860,LONDON,false
2023-01-24T12:00:00Z,1.0860500000,1.0880800000,1.0852200000,1.0866000000,18034,OTHER,false
2023-01-24T16:00:00Z,1.0866000000,1.0887100000,1.0835200000,1.0883300000,32235,OTHER,false
2023-01-24T20:00:00Z,1.0883300000,1.0889000000,1.0874100000,1.0887900000,10575,OTHER,false
2023-01-25T00:00:00Z,1.0885600000,1.0894200000,1.0879100000,1.0893000000,6457,OTHER,false
2023-01-25T04:00:00Z,1.0893100000,1.0902800000,1.0891900000,1.0897600000,5287,OTHER,false
2023-01-25T08:00:00Z,1.0897700000,1.0911300000,1.0867600000,1.0881300000,17073,LONDON,false
2023-01-25T12:00:00Z,1.0881400000,1.0884900000,1.0857400000,1.0872100000,18894,OTHER,false
2023-01-25T16:00:00Z,1.0872100000,1.0923600000,1.0868500000,1.0899300000,29111,OTHER,false
2023-01-25T20:00:00Z,1.0899300000,1.0918400000,1.0899300000,1.0914700000,12376,OTHER,false
2023-01-26T00:00:00Z,1.0915200000,1.0924600000,1.0907100000,1.0919200000,5336,OTHER,false
2023-01-26T04:00:00Z,1.0919000000,1.0921700000,1.0908900000,1.0918800000,5236,OTHER,false
2023-01-26T08:00:00Z,1.0918500000,1.0929400000,1.0892600000,1.0895700000,16755,LONDON,false
2023-01-26T12:00:00Z,1.0895700000,1.0908500000,1.0872900000,1.0902700000,18506,OTHER,false
2023-01-26T16:00:00Z,1.0902800000,1.0917700000,1.0850600000,1.0864700000,29776,OTHER,false
2023-01-26T20:00:00Z,1.0864400000,1.0894600000,1.0863700000,1.0891700000,8775,OTHER,false
2023-01-27T00:00:00Z,1.0890900000,1.0900300000,1.0884900000,1.0889500000,6063,OTHER,false
2023-01-27T04:00:00Z,1.0889400000,1.0890000000,1.0865700000,1.0873900000,5609,OTHER,false
2023-01-27T08:00:00Z,1.0873800000,1.0892400000,1.0865800000,1.0883900000,13341,LONDON,false
2023-01-27T12:00:00Z,1.0883900000,1.0895400000,1.0859400000,1.0862400000,15562,OTHER,false
2023-01-27T16:00:00Z,1.0862400000,1.0879100000,1.0837800000,1.0866600000,29661,OTHER,false
2023-01-27T20:00:00Z,1.0866500000,1.0873100000,1.0856400000,1.0867300000,9501,OTHER,false
2023-01-30T00:00:00Z,1.0861800000,1.0875300000,1.0857900000,1.0873600000,5080,OTHER,false
2023-01-30T04:00:00Z,1.0873700000,1.0879300000,1.0864400000,1.0869300000,9541,OTHER,false
2023-01-30T08:00:00Z,1.0869300000,1.0904100000,1.0853100000,1.0901900000,18116,LONDON,false
2023-01-30T12:00:00Z,1.0902000000,1.0913800000,1.0886200000,1.0886200000,16984,OTHER,false
2023-01-30T16:00:00Z,1.0886400000,1.0899700000,1.0857500000,1.0857800000,23977,OTHER,false
2023-01-30T20:00:00Z,1.0857800000,1.0860700000,1.0839300000,1.0850000000,11111,OTHER,false
2023-01-31T00:00:00Z,1.0848000000,1.0860100000,1.0845300000,1.0857600000,6554,OTHER,false
2023-01-31T04:00:00Z,1.0857600000,1.0859000000,1.0833200000,1.0834700000,5628,OTHER,false
2023-01-31T08:00:00Z,1.0834900000,1.0849800000,1.0801700000,1.0829600000,18550,LONDON,false
2023-01-31T12:00:00Z,1.0829500000,1.0863400000,1.0820300000,1.0851200000,21118,OTHER,false
2023-01-31T16:00:00Z,1.0851300000,1.0867800000,1.0833600000,1.0865200000,29052,OTHER,false
2023-01-31T20:00:00Z,1.0865300000,1.0875000000,1.0859900000,1.0861400000,9932,OTHER,false
2023-02-01T00:00:00Z,1.0860700000,1.0865400000,1.0857100000,1.0857300000,4410,OTHER,false
2023-02-01T04:00:00Z,1.0857200000,1.0874900000,1.0852300000,1.0871700000,3786,OTHER,false
2023-02-01T08:00:00Z,1.0871700000,1.0888600000,1.0865800000,1.0883300000,14754,LONDON,false
2023-02-01T12:00:00Z,1.0882500000,1.0910000000,1.0879200000,1.0904200000,15979,OTHER,false
2023-02-01T16:00:00Z,1.0904100000,1.0924700000,1.0887700000,1.0907900000,23348,OTHER,false
2023-02-01T20:00:00Z,1.0908000000,1.1001400000,1.0888500000,1.0988600000,39371,OTHER,false
2023-02-02T00:00:00Z,1.0987000000,1.1032900000,1.0983800000,1.1013400000,10708,OTHER,false
2023-02-02T04:00:00Z,1.1013100000,1.1025500000,1.1012000000,1.1020200000,7800,OTHER,false
2023-02-02T08:00:00Z,1.1020100000,1.1021800000,1.0988800000,1.0998700000,17946,LONDON,false
2023-02-02T12:00:00Z,1.0998700000,1.1004300000,1.0943800000,1.0945200000,29602,OTHER,false
2023-02-02T16:00:00Z,1.0945200000,1.0966500000,1.0885300000,1.0908400000,37057,OTHER,false
2023-02-02T20:00:00Z,1.0908900000,1.0922900000,1.0905300000,1.0909900000,19203,OTHER,false
2023-02-03T00:00:00Z,1.0908100000,1.0911500000,1.0891200000,1.0893700000,6110,OTHER,false
2023-02-03T04:00:00Z,1.0893700000,1.0898500000,1.0887200000,1.0893700000,6301,OTHER,false
2023-02-03T08:00:00Z,1.0893800000,1.0931000000,1.0882000000,1.0930100000,17829,LONDON,false
2023-02-03T12:00:00Z,1.0929900000,1.0940200000,1.0826500000,1.0839900000,25728,OTHER,false
2023-02-03T16:00:00Z,1.0839800000,1.0876200000,1.0809400000,1.0824700000,44130,OTHER,false
2023-02-03T20:00:00Z,1.0824700000,1.0824900000,1.0792300000,1.0793200000,16149,OTHER,false
2023-02-06T00:00:00Z,1.0780000000,1.0797800000,1.0778600000,1.0785100000,11647,OTHER,false
2023-02-06T04:00:00Z,1.0785100000,1.0798900000,1.0782200000,1.0796800000,10093,OTHER,false
2023-02-06T08:00:00Z,1.0796800000,1.0798000000,1.0765200000,1.0766700000,19123,LONDON,false
2023-02-06T12:00:00Z,1.0766700000,1.0783200000,1.0756800000,1.0758100000,19035,OTHER,false
2023-02-06T16:00:00Z,1.0758100000,1.0766200000,1.0709500000,1.0713200000,27622,OTHER,false
2023-02-06T20:00:00Z,1.0713200000,1.0737300000,1.0710300000,1.0724900000,11554,OTHER,false
2023-02-07T00:00:00Z,1.0724200000,1.0742500000,1.0720300000,1.0741200000,7509,OTHER,false
2023-02-07T04:00:00Z,1.0741200000,1.0742700000,1.0728600000,1.0740400000,9301,OTHER,false
2023-02-07T08:00:00Z,1.0740400000,1.0743800000,1.0697100000,1.0711000000,22412,LONDON,false
2023-02-07T12:00:00Z,1.0710900000,1.0722700000,1.0685900000,1.0695400000,21225,OTHER,false
2023-02-07T16:00:00Z,1.0695400000,1.0766400000,1.0669200000,1.0760300000,33719,OTHER,false
2023-02-07T20:00:00Z,1.0760300000,1.0762800000,1.0687400000,1.0726700000,32991,OTHER,false
2023-02-08T00:00:00Z,1.0723300000,1.0735000000,1.0718200000,1.0726400000,5561,OTHER,false
2023-02-08T04:00:00Z,1.0726400000,1.0734900000,1.0723800000,1.0733700000,5567,OTHER,false
2023-02-08T08:00:00Z,1.0733700000,1.0760900000,1.0724000000,1.0755300000,18555,LONDON,false
2023-02-08T12:00:00Z,1.0755300000,1.0755800000,1.0725800000,1.0731700000,16635,OTHER,false
2023-02-08T16:00:00Z,1.0731700000,1.0743300000,1.0713700000,1.0728500000,28064,OTHER,false
2023-02-08T20:00:00Z,1.0728600000,1.0739200000,1.0709400000,1.0712900000,13773,OTHER,false
2023-02-09T00:00:00Z,1.0709500000,1.0726000000,1.0708300000,1.0724700000,9713,OTHER,false
2023-02-09T04:00:00Z,1.0724700000,1.0738300000,1.0723700000,1.0735700000,7109,OTHER,false
2023-02-09T08:00:00Z,1.0735700000,1.0769000000,1.0724100000,1.0763800000,19207,LONDON,false
2023-02-09T12:00:00Z,1.0763800000,1.0790200000,1.0758700000,1.0789900000,18283,OTHER,false
2023-02-09T16:00:00Z,1.0789900000,1.0790800000,1.0739100000,1.0748700000,23114,OTHER,false
2023-02-09T20:00:00Z,1.0748700000,1.0748800000,1.0731700000,1.0738600000,13245,OTHER,false
2023-02-10T00:00:00Z,1.0736100000,1.0742000000,1.0725700000,1.0733600000,6590,OTHER,false
2023-02-10T04:00:00Z,1.0732900000,1.0734300000,1.0717300000,1.0726000000,8217,OTHER,false
2023-02-10T08:00:00Z,1.0726000000,1.0752900000,1.0704200000,1.0706800000,26608,LONDON,false
2023-02-10T12:00:00Z,1.0706700000,1.0711400000,1.0681300000,1.0696000000,19456,OTHER,false
2023-02-10T16:00:00Z,1.0695900000,1.0706900000,1.0666400000,1.0668400000,25927,OTHER,false
2023-02-10T20:00:00Z,1.0668400000,1.0680800000,1.0667700000,1.0678200000,7310,OTHER,false
2023-02-13T00:00:00Z,1.0680300000,1.0681300000,1.0655500000,1.0666900000,9829,OTHER,false
2023-02-13T04:00:00Z,1.0667000000,1.0671000000,1.0660500000,1.0669600000,7490,OTHER,false
2023-02-13T08:00:00Z,1.0669600000,1.0689900000,1.0663300000,1.0677200000,15403,LONDON,false
2023-02-13T12:00:00Z,1.0677200000,1.0696600000,1.0673400000,1.0680800000,13277,OTHER,false
2023-02-13T16:00:00Z,1.0680800000,1.0727500000,1.0676500000,1.0718400000,19924,OTHER,false
2023-02-13T20:00:00Z,1.0718400000,1.0730000000,1.0711700000,1.0724300000,7389,OTHER,false
2023-02-14T00:00:00Z,1.0718800000,1.0736800000,1.0718200000,1.0728700000,6640,OTHER,false
2023-02-14T04:00:00Z,1.0728700000,1.0739900000,1.0725400000,1.0738400000,6816,OTHER,false
2023-02-14T08:00:00Z,1.0738300000,1.0767000000,1.0728900000,1.0761500000,16183,LONDON,false
2023-02-14T12:00:00Z,1.0761400000,1.0804500000,1.0718400000,1.0760700000,27221,OTHER,false
2023-02-14T16:00:00Z,1.0761100000,1.0772000000,1.0706800000,1.0727900000,51354,OTHER,false
2023-02-14T20:00:00Z,1.0727700000,1.0745400000,1.0723300000,1.0735200000,15911,OTHER,false
2023-02-15T00:00:00Z,1.0736000000,1.0744500000,1.0732000000,1.0739700000,6487,OTHER,false
2023-02-15T04:00:00Z,1.0739700000,1.0739900000,1.0713700000,1.0715200000,8424,OTHER,false
2023-02-15T08:00:00Z,1.0715200000,1.0729900000,1.0700000000,1.0725800000,18764,LONDON,false
2023-02-15T12:00:00Z,1.0725700000,1.0733100000,1.0674100000,1.0683100000,20880,OTHER,false
2023-02-15T16:00:00Z,1.0683100000,1.0689200000,1.0661900000,1.0666900000,29599,OTHER,false
2023-02-15T20:00:00Z,1.0666900000,1.0691500000,1.0660600000,1.0686400000,8812,OTHER,false
2023-02-16T00:00:00Z,1.0686200000,1.0708000000,1.0679600000,1.0704900000,12844,OTHER,false
2023-02-16T04:00:00Z,1.0704800000,1.0714900000,1.0701100000,1.0705500000,7421,OTHER,false
2023-02-16T08:00:00Z,1.0705400000,1.0722500000,1.0689100000,1.0700500000,16466,LONDON,false
2023-02-16T12:00:00Z,1.0700500000,1.0712800000,1.0669900000,1.0679500000,21743,OTHER,false
2023-02-16T16:00:00Z,1.0679400000,1.0696100000,1.0654600000,1.0693000000,31752,OTHER,false
2023-02-16T20:00:00Z,1.0692900000,1.0697600000,1.0669400000,1.0671600000,15276,OTHER,false
2023-02-17T00:00:00Z,1.0672000000,1.0674200000,1.0652300000,1.0653400000,6554,OTHER,false
2023-02-17T04:00:00Z,1.0653400000,1.0655700000,1.0632800000,1.0638400000,7766,OTHER,false
2023-02-17T08:00:00Z,1.0638400000,1.0661300000,1.0629600000,1.0637000000,16831,LONDON,false
2023-02-17T12:00:00Z,1.0636900000,1.0644700000,1.0612800000,1.0641300000,17122,OTHER,false
2023-02-17T16:00:00Z,1.0641300000,1.0693900000,1.0636800000,1.0678600000,29716,OTHER,false
2023-02-17T20:00:00Z,1.0678900000,1.0698500000,1.0677600000,1.0693500000,10043,OTHER,false
2023-02-20T00:00:00Z,1.0684800000,1.0693200000,1.0673000000,1.0675900000,7647,OTHER,false
2023-02-20T04:00:00Z,1.0675900000,1.0693400000,1.0675400000,1.0690900000,6721,OTHER,false
2023-02-20T08:00:00Z,1.0691000000,1.0704700000,1.0679200000,1.0679400000,12238,LONDON,false
2023-02-20T12:00:00Z,1.0679400000,1.0692300000,1.0670400000,1.0680600000,10425,OTHER,false
2023-02-20T16:00:00Z,1.0680600000,1.0693900000,1.0678400000,1.0685600000,7705,OTHER,false
2023-02-20T20:00:00Z,1.0685800000,1.0687500000,1.0682100000,1.0685300000,1997,OTHER,false
2023-02-21T00:00:00Z,1.0683700000,1.0688500000,1.0667400000,1.0673700000,6950,OTHER,false
2023-02-21T04:00:00Z,1.0673700000,1.0675200000,1.0662000000,1.0673800000,6243,OTHER,false
2023-02-21T08:00:00Z,1.0673800000,1.0688100000,1.0642800000,1.0662500000,19259,LONDON,false
2023-02-21T12:00:00Z,1.0662500000,1.0669600000,1.0645800000,1.0652900000,18192,OTHER,false
2023-02-21T16:00:00Z,1.0652900000,1.0698300000,1.0643900000,1.0660700000,28102,OTHER,false
2023-02-21T20:00:00Z,1.0660700000,1.0661400000,1.0637500000,1.0646500000,8152,OTHER,false
2023-02-22T00:00:00Z,1.0644500000,1.0664000000,1.0642600000,1.0657700000,12494,OTHER,false
2023-02-22T04:00:00Z,1.0657700000,1.0662600000,1.0651300000,1.0657600000,6087,OTHER,false
2023-02-22T08:00:00Z,1.0657600000,1.0663600000,1.0635700000,1.0637500000,14897,LONDON,false
2023-02-22T12:00:00Z,1.0637500000,1.0650600000,1.0624600000,1.0646300000,18261,OTHER,false
2023-02-22T16:00:00Z,1.0646300000,1.0660500000,1.0617300000,1.0628200000,25347,OTHER,false
2023-02-22T20:00:00Z,1.0628300000,1.0636100000,1.0599200000,1.0604500000,18535,OTHER,false
2023-02-23T00:00:00Z,1.0603600000,1.0621600000,1.0600500000,1.0619700000,4322,OTHER,false
2023-02-23T04:00:00Z,1.0619700000,1.0624700000,1.0614500000,1.0622500000,4598,OTHER,false
2023-02-23T08:00:00Z,1.0622500000,1.0627800000,1.0587400000,1.0591000000,15857,LONDON,false
2023-02-23T12:00:00Z,1.0590700000,1.0621100000,1.0586000000,1.0607700000,20084,OTHER,false
2023-02-23T16:00:00Z,1.0607900000,1.0616500000,1.0577100000,1.0585400000,29310,OTHER,false
2023-02-23T20:00:00Z,1.0585400000,1.0603300000,1.0581000000,1.0597100000,11504,OTHER,false
2023-02-24T00:00:00Z,1.0592600000,1.0614300000,1.0590000000,1.0601300000,9439,OTHER,false
2023-02-24T04:00:00Z,1.0601200000,1.0606300000,1.0594700000,1.0597500000,6941,OTHER,false
2023-02-24T08:00:00Z,1.0597700000,1.0602300000,1.0580000000,1.0585800000,16874,LONDON,false
2023-02-24T12:00:00Z,1.0585700000,1.0596200000,1.0543800000,1.0553900000,24184,OTHER,false
2023-02-24T16:00:00Z,1.0553900000,1.0560700000,1.0536200000,1.0547200000,36312,OTHER,false
2023-02-24T20:00:00Z,1.0547200000,1.0555700000,1.0543800000,1.0544600000,11880,OTHER,false
2023-02-27T00:00:00Z,1.0545900000,1.0559300000,1.0542900000,1.0559200000,6742,OTHER,false
2023-02-27T04:00:00Z,1.0558900000,1.0559900000,1.0538900000,1.0539500000,6640,OTHER,false
2023-02-27T08:00:00Z,1.0539500000,1.0561400000,1.0533000000,1.0551200000,17222,LONDON,false
2023-02-27T12:00:00Z,1.0551200000,1.0583400000,1.0548800000,1.0582900000,15991,OTHER,false
2023-02-27T16:00:00Z,1.0582900000,1.0619900000,1.0576000000,1.0601300000,22594,OTHER,false
2023-02-27T20:00:00Z,1.0601300000,1.0612900000,1.0598800000,1.0609600000,9769,OTHER,false
2023-02-28T00:00:00Z,1.0608400000,1.0614800000,1.0586100000,1.0586500000,6100,OTHER,false
2023-02-28T04:00:00Z,1.0586700000,1.0598700000,1.0582100000,1.0584800000,5951,OTHER,false
2023-02-28T08:00:00Z,1.0584700000,1.0625400000,1.0582100000,1.0606000000,16589,LONDON,false
2023-02-28T12:00:00Z,1.0606000000,1.0631900000,1.0605700000,1.0631300000,14387,OTHER,false
2023-02-28T16:00:00Z,1.0631300000,1.0645400000,1.0595300000,1.0605600000,25596,OTHER,false
2023-02-28T20:00:00Z,1.0605400000,1.0606800000,1.0573900000,1.0574100000,7818,OTHER,false
2023-03-01T00:00:00Z,1.0575100000,1.0585100000,1.0565400000,1.0584300000,10000,OTHER,false
2023-03-01T04:00:00Z,1.0584400000,1.0595500000,1.0581400000,1.0591000000,6283,OTHER,false
2023-03-01T08:00:00Z,1.0591100000,1.0657600000,1.0589400000,1.0642400000,20747,LONDON,false
2023-03-01T12:00:00Z,1.0642300000,1.0691600000,1.0640000000,1.0671500000,19959,OTHER,false
2023-03-01T16:00:00Z,1.0671500000,1.0679800000,1.0643400000,1.0665300000,29315,OTHER,false
2023-03-01T20:00:00Z,1.0665400000,1.0671300000,1.0646500000,1.0669400000,8228,OTHER,false
2023-03-02T00:00:00Z,1.0668300000,1.0672800000,1.0646600000,1.0651400000,6757,OTHER,false
2023-03-02T04:00:00Z,1.0651400000,1.0656800000,1.0637300000,1.0641400000,6878,OTHER,false
2023-03-02T08:00:00Z,1.0641300000,1.0644800000,1.0619200000,1.0623900000,18129,LONDON,false
2023-03-02T12:00:00Z,1.0624000000,1.0631300000,1.0581900000,1.0586100000,24030,OTHER,false
2023-03-02T16:00:00Z,1.0585900000,1.0614700000,1.0576600000,1.0579800000,27410,OTHER,false
2023-03-02T20:00:00Z,1.0579900000,1.0606500000,1.0576500000,1.0597200000,13336,OTHER,false
2023-03-03T00:00:00Z,1.0596600000,1.0614400000,1.0593600000,1.0608400000,5794,OTHER,false
2023-03-03T04:00:00Z,1.0608500000,1.0614900000,1.0601900000,1.0609100000,5695,OTHER,false
2023-03-03T08:00:00Z,1.0609200000,1.0629200000,1.0607400000,1.0610100000,16356,LONDON,false
2023-03-03T12:00:00Z,1.0609900000,1.0629700000,1.0600500000,1.0622500000,16830,OTHER,false
2023-03-03T16:00:00Z,1.0622500000,1.0629600000,1.0588400000,1.0624900000,28270,OTHER,false
2023-03-03T20:00:00Z,1.0624900000,1.0638700000,1.0620100000,1.0632800000,10402,OTHER,false
2023-03-06T00:00:00Z,1.0622800000,1.0638100000,1.0621700000,1.0636400000,5976,OTHER,false
2023-03-06T04:00:00Z,1.0636400000,1.0650100000,1.0628100000,1.0648500000,6081,OTHER,false
2023-03-06T08:00:00Z,1.0648600000,1.0657400000,1.0628100000,1.0629200000,15338,LONDON,false
2023-03-06T12:00:00Z,1.0629300000,1.0658300000,1.0622200000,1.0654700000,16461,OTHER,false
2023-03-06T16:00:00Z,1.0654700000,1.0694500000,1.0650300000,1.0685200000,22921,OTHER,false
2023-03-06T20:00:00Z,1.0685100000,1.0686000000,1.0668400000,1.0683000000,9513,OTHER,false
2023-03-07T00:00:00Z,1.0681900000,1.0688800000,1.0669100000,1.0686500000,6408,OTHER,false
2023-03-07T04:00:00Z,1.0686400000,1.0693200000,1.0681400000,1.0685400000,5752,OTHER,false
2023-03-07T08:00:00Z,1.0685300000,1.0694500000,1.0655700000,1.0656900000,17257,LONDON,false
2023-03-07T12:00:00Z,1.0656900000,1.0672000000,1.0650200000,1.0656400000,16182,OTHER,false
2023-03-07T16:00:00Z,1.0656200000,1.0661200000,1.0566000000,1.0567300000,43631,OTHER,false
2023-03-07T20:00:00Z,1.0567400000,1.0573900000,1.0546000000,1.0549500000,13280,OTHER,false
2023-03-08T00:00:00Z,1.0548500000,1.0553000000,1.0542100000,1.0544700000,4896,OTHER,false
2023-03-08T04:00:00Z,1.0544800000,1.0547000000,1.0524400000,1.0531100000,5957,OTHER,false
2023-03-08T08:00:00Z,1.0531100000,1.0548700000,1.0530500000,1.0535600000,13960,LONDON,false
2023-03-08T12:00:00Z,1.0535600000,1.0549300000,1.0534100000,1.0541200000,14675,OTHER,false
2023-03-08T16:00:00Z,1.0541200000,1.0574000000,1.0529200000,1.0545200000,29362,OTHER,false
2023-03-08T20:00:00Z,1.0545200000,1.0550700000,1.0539600000,1.0544200000,10124,OTHER,false
2023-03-09T00:00:00Z,1.0543400000,1.0553400000,1.0538000000,1.0540500000,4137,OTHER,false
2023-03-09T04:00:00Z,1.0540600000,1.0555500000,1.0539400000,1.0552400000,3358,OTHER,false
2023-03-09T08:00:00Z,1.0552400000,1.0569800000,1.0548200000,1.0558500000,8066,LONDON,false
2023-03-09T12:00:00Z,1.0558600000,1.0581400000,1.0552600000,1.0574300000,16116,OTHER,false
2023-03-09T16:00:00Z,1.0574200000,1.0586500000,1.0563700000,1.0577200000,20377,OTHER,false
2023-03-09T20:00:00Z,1.0577200000,1.0591300000,1.0572500000,1.0581400000,13644,OTHER,false
2023-03-10T00:00:00Z,1.0581500000,1.0599300000,1.0574400000,1.0594600000,6256,OTHER,false
2023-03-10T04:00:00Z,1.0594600000,1.0598500000,1.0579000000,1.0586700000,11100,OTHER,false
2023-03-10T08:00:00Z,1.0586600000,1.0606800000,1.0574000000,1.0581400000,18020,LONDON,false
2023-03-10T12:00:00Z,1.0581300000,1.0644200000,1.0577800000,1.0621700000,26888,OTHER,false
2023-03-10T16:00:00Z,1.0621800000,1.0700800000,1.0612100000,1.0668500000,49426,OTHER,false
2023-03-10T20:00:00Z,1.0668500000,1.0672800000,1.0636100000,1.0638100000,19656,OTHER,false
2023-03-13T00:00:00Z,1.0693400000,1.0702400000,1.0663900000,1.0668600000,24822,OTHER,false
2023-03-13T04:00:00Z,1.0668400000,1.0736900000,1.0668000000,1.0720400000,21026,OTHER,false
2023-03-13T08:00:00Z,1.0720300000,1.0737200000,1.0662600000,1.0670400000,35123,LONDON,false
2023-03-13T12:00:00Z,1.0670500000,1.0721200000,1.0650400000,1.0699400000,52721,OTHER,false
2023-03-13T16:00:00Z,1.0699100000,1.0748600000,1.0696800000,1.0738400000,41338,OTHER,false
2023-03-13T20:00:00Z,1.0738700000,1.0742800000,1.0721000000,1.0728600000,16548,OTHER,false
2023-03-14T00:00:00Z,1.0727400000,1.0730400000,1.0705200000,1.0708500000,13764,OTHER,false
2023-03-14T04:00:00Z,1.0708500000,1.0712900000,1.0697100000,1.0707600000,10490,OTHER,false
2023-03-14T08:00:00Z,1.0707600000,1.0715700000,1.0679000000,1.0711400000,30175,LONDON,false
2023-03-14T12:00:00Z,1.0711200000,1.0748800000,1.0698100000,1.0708100000,41817,OTHER,false
2023-03-14T16:00:00Z,1.0708200000,1.0743000000,1.0705200000,1.0733000000,31129,OTHER,false
2023-03-14T20:00:00Z,1.0733000000,1.0749600000,1.0726100000,1.0730900000,12432,OTHER,false
2023-03-15T00:00:00Z,1.0731000000,1.0739400000,1.0725000000,1.0738100000,8627,OTHER,false
2023-03-15T04:00:00Z,1.0738300000,1.0759900000,1.0736000000,1.0738200000,9938,OTHER,false
2023-03-15T08:00:00Z,1.0738300000,1.0744400000,1.0665700000,1.0678100000,24549,LONDON,false
2023-03-15T12:00:00Z,1.0678100000,1.0684400000,1.0522400000,1.0545200000,52512,OTHER,false
2023-03-15T16:00:00Z,1.0545200000,1.0564900000,1.0516000000,1.0556900000,37238,OTHER,false
2023-03-15T20:00:00Z,1.0556900000,1.0592500000,1.0547300000,1.0576600000,22914,OTHER,false
2023-03-16T00:00:00Z,1.0575700000,1.0599100000,1.0573100000,1.0593800000,16374,OTHER,false
2023-03-16T04:00:00Z,1.0593800000,1.0615500000,1.0587400000,1.0607200000,11542,OTHER,false
2023-03-16T08:00:00Z,1.0607300000,1.0635700000,1.0592800000,1.0617400000,25746,LONDON,false
2023-03-16T12:00:00Z,1.0617300000,1.0621300000,1.0550700000,1.0606600000,37316,OTHER,false
2023-03-16T16:00:00Z,1.0607300000,1.0626800000,1.0572900000,1.0592200000,43067,OTHER,false
2023-03-16T20:00:00Z,1.0592200000,1.0620500000,1.0591700000,1.0611500000,11496,OTHER,false
2023-03-17T00:00:00Z,1.0611500000,1.0631900000,1.0608100000,1.0626000000,11368,OTHER,false
2023-03-17T04:00:00Z,1.0626000000,1.0650700000,1.0625700000,1.0648700000,9721,OTHER,false
2023-03-17T08:00:00Z,1.0648700000,1.0670100000,1.0640300000,1.0647000000,19028,LONDON,false
2023-03-17T12:00:00Z,1.0646800000,1.0647000000,1.0612200000,1.0625600000,23075,OTHER,false
2023-03-17T16:00:00Z,1.0625600000,1.0675900000,1.0624800000,1.0672900000,26329,OTHER,false
2023-03-17T20:00:00Z,1.0672900000,1.0685400000,1.0658600000,1.0665300000,9591,OTHER,false
2023-03-20T00:00:00Z,1.0683000000,1.0689900000,1.0665300000,1.0674800000,13804,OTHER,false
2023-03-20T04:00:00Z,1.0675000000,1.0684500000,1.0664400000,1.0679400000,11040,OTHER,false
2023-03-20T08:00:00Z,1.0679400000,1.0681100000,1.0631300000,1.0674500000,35693,LONDON,false
2023-03-20T12:00:00Z,1.0674500000,1.0730900000,1.0670900000,1.0723800000,23733,OTHER,false
2023-03-20T16:00:00Z,1.0723800000,1.0729600000,1.0706900000,1.0716100000,18214,OTHER,false
2023-03-20T20:00:00Z,1.0716100000,1.0725800000,1.0714200000,1.0717700000,10460,OTHER,false
2023-03-21T00:00:00Z,1.0717700000,1.0725900000,1.0715100000,1.0716900000,10448,OTHER,false
2023-03-21T04:00:00Z,1.0716900000,1.0722400000,1.0709700000,1.0715700000,5534,OTHER,false
2023-03-21T08:00:00Z,1.0715800000,1.0749600000,1.0704100000,1.0746200000,17732,LONDON,false
2023-03-21T12:00:00Z,1.0746200000,1.0788600000,1.0740100000,1.0776900000,17971,OTHER,false
2023-03-21T16:00:00Z,1.0776900000,1.0783000000,1.0760800000,1.0764300000,18372,OTHER,false
2023-03-21T20:00:00Z,1.0764500000,1.0774200000,1.0756300000,1.0766700000,5220,OTHER,false
2023-03-22T00:00:00Z,1.0766700000,1.0776900000,1.0765900000,1.0772600000,8122,OTHER,false
2023-03-22T04:00:00Z,1.0772700000,1.0775300000,1.0765300000,1.0772600000,6861,OTHER,false
2023-03-22T08:00:00Z,1.0772500000,1.0793100000,1.0759200000,1.0786700000,16275,LONDON,false
2023-03-22T12:00:00Z,1.0786700000,1.0800300000,1.0776000000,1.0781500000,14780,OTHER,false
2023-03-22T16:00:00Z,1.0781500000,1.0800500000,1.0775800000,1.0793500000,13520,OTHER,false
2023-03-22T20:00:00Z,1.0793900000,1.0912500000,1.0793000000,1.0857400000,34886,OTHER,false
2023-03-23T00:00:00Z,1.0857400000,1.0888300000,1.0856900000,1.0886300000,9435,OTHER,false
2023-03-23T04:00:00Z,1.0886300000,1.0911400000,1.0882200000,1.0904700000,10965,OTHER,false
2023-03-23T08:00:00Z,1.0904700000,1.0929900000,1.0880700000,1.0885800000,22627,LONDON,false
2023-03-23T12:00:00Z,1.0885800000,1.0893900000,1.0866900000,1.0887000000,20708,OTHER,false
2023-03-23T16:00:00Z,1.0887100000,1.0907900000,1.0864200000,1.0868800000,19420,OTHER,false
2023-03-23T20:00:00Z,1.0868800000,1.0876800000,1.0824200000,1.0832000000,17429,OTHER,false
2023-03-24T00:00:00Z,1.0832000000,1.0838400000,1.0820500000,1.0825000000,10935,OTHER,false
2023-03-24T04:00:00Z,1.0825000000,1.0837200000,1.0817300000,1.0833600000,10342,OTHER,false
2023-03-24T08:00:00Z,1.0833600000,1.0835400000,1.0721500000,1.0725800000,26148,LONDON,false
2023-03-24T12:00:00Z,1.0725800000,1.0765800000,1.0712400000,1.0757000000,32051,OTHER,false
2023-03-24T16:00:00Z,1.0757300000,1.0767700000,1.0741600000,1.0761600000,21956,OTHER,false
2023-03-24T20:00:00Z,1.0761600000,1.0766500000,1.0754100000,1.0760100000,5780,OTHER,false
2023-03-27T00:00:00Z,1.0770600000,1.0779800000,1.0760900000,1.0761000000,8075,OTHER,false
2023-03-27T04:00:00Z,1.0761000000,1.0774900000,1.0757600000,1.0767900000,9408,OTHER,false
2023-03-27T08:00:00Z,1.0767900000,1.0782200000,1.0745100000,1.0766700000,18197,LONDON,false
2023-03-27T12:00:00Z,1.0766600000,1.0780900000,1.0756600000,1.0773100000,15121,OTHER,false
2023-03-27T16:00:00Z,1.0773200000,1.0794900000,1.0770200000,1.0791100000,16299,OTHER,false
2023-03-27T20:00:00Z,1.0791100000,1.0800100000,1.0786200000,1.0797700000,6582,OTHER,false
2023-03-28T00:00:00Z,1.0797400000,1.0817900000,1.0793400000,1.0815700000,4713,OTHER,false
2023-03-28T04:00:00Z,1.0815700000,1.0819400000,1.0810000000,1.0812300000,8573,OTHER,false
2023-03-28T08:00:00Z,1.0812200000,1.0834200000,1.0806300000,1.0812300000,15034,LONDON,false
2023-03-28T12:00:00Z,1.0812300000,1.0846900000,1.0810200000,1.0839500000,14771,OTHER,false
2023-03-28T16:00:00Z,1.0839500000,1.0846100000,1.0816500000,1.0842000000,16752,OTHER,false
2023-03-28T20:00:00Z,1.0842300000,1.0848600000,1.0835700000,1.0844400000,5569,OTHER,false
2023-03-29T00:00:00Z,1.0845400000,1.0847600000,1.0836200000,1.0847100000,6720,OTHER,false
2023-03-29T04:00:00Z,1.0847200000,1.0849500000,1.0833800000,1.0837500000,7549,OTHER,false
2023-03-29T08:00:00Z,1.0838300000,1.0840900000,1.0817800000,1.0832900000,13079,LONDON,false
2023-03-29T12:00:00Z,1.0832900000,1.0871700000,1.0832300000,1.0853700000,15473,OTHER,false
2023-03-29T16:00:00Z,1.0853700000,1.0858500000,1.0823600000,1.0827800000,19362,OTHER,false
2023-03-29T20:00:00Z,1.0827800000,1.0848300000,1.0825900000,1.0844400000,7579,OTHER,false
2023-03-30T00:00:00Z,1.0843200000,1.0848300000,1.0835500000,1.0837600000,7600,OTHER,false
2023-03-30T04:00:00Z,1.0837600000,1.0841400000,1.0826400000,1.0839100000,6105,OTHER,false
2023-03-30T08:00:00Z,1.0839400000,1.0879400000,1.0823700000,1.0873200000,17749,LONDON,false
2023-03-30T12:00:00Z,1.0874000000,1.0911100000,1.0859100000,1.0910300000,15323,OTHER,false
2023-03-30T16:00:00Z,1.0910300000,1.0926300000,1.0894600000,1.0905000000,17799,OTHER,false
2023-03-30T20:00:00Z,1.0905000000,1.0907900000,1.0892200000,1.0905000000,5441,OTHER,false
2023-03-31T00:00:00Z,1.0904400000,1.0917100000,1.0901600000,1.0915700000,4988,OTHER,false
2023-03-31T04:00:00Z,1.0915600000,1.0925700000,1.0901200000,1.0903400000,7823,OTHER,false
2023-03-31T08:00:00Z,1.0903400000,1.0910800000,1.0873000000,1.0889500000,14430,LONDON,false
2023-03-31T12:00:00Z,1.0889300000,1.0896100000,1.0864200000,1.0887200000,15825,OTHER,false
2023-03-31T16:00:00Z,1.0887300000,1.0901800000,1.0857600000,1.0869400000,20136,OTHER,false
2023-03-31T20:00:00Z,1.0869400000,1.0871200000,1.0836300000,1.0842900000,8091,OTHER,false
2023-04-03T00:00:00Z,1.0839800000,1.0842900000,1.0798700000,1.0813800000,9440,OTHER,false
2023-04-03T04:00:00Z,1.0813900000,1.0816900000,1.0788200000,1.0793100000,10084,OTHER,false
2023-04-03T08:00:00Z,1.0793100000,1.0849800000,1.0789200000,1.0842900000,14727,LONDON,false
2023-04-03T12:00:00Z,1.0842800000,1.0877900000,1.0842800000,1.0865100000,15159,OTHER,false
2023-04-03T16:00:00Z,1.0865100000,1.0916700000,1.0864500000,1.0888700000,21544,OTHER,false
2023-04-03T20:00:00Z,1.0888700000,1.0908200000,1.0880100000,1.0903100000,7417,OTHER,false
2023-04-04T00:00:00Z,1.0901500000,1.0909900000,1.0899000000,1.0901000000,4950,OTHER,false
2023-04-04T04:00:00Z,1.0901000000,1.0901500000,1.0887900000,1.0894500000,7956,OTHER,false
2023-04-04T08:00:00Z,1.0894500000,1.0938400000,1.0883000000,1.0917100000,14774,LONDON,false
2023-04-04T12:00:00Z,1.0917200000,1.0936100000,1.0886900000,1.0891300000,15418,OTHER,false
2023-04-04T16:00:00Z,1.0891200000,1.0973300000,1.0888500000,1.0946300000,24781,OTHER,false
2023-04-04T20:00:00Z,1.0946300000,1.0958100000,1.0943700000,1.0956000000,5506,OTHER,false
2023-04-05T00:00:00Z,1.0954700000,1.0969600000,1.0944300000,1.0960600000,5154,OTHER,false
2023-04-05T04:00:00Z,1.0960500000,1.0964300000,1.0953700000,1.0955000000,7244,OTHER,false
2023-04-05T08:00:00Z,1.0955000000,1.0968200000,1.0940900000,1.0951300000,12647,LONDON,false
2023-04-05T12:00:00Z,1.0951400000,1.0963100000,1.0935000000,1.0957900000,15640,OTHER,false
2023-04-05T16:00:00Z,1.0957800000,1.0966800000,1.0896200000,1.0896800000,22483,OTHER,false
2023-04-05T20:00:00Z,1.0896900000,1.0909800000,1.0891100000,1.0905600000,5394,OTHER,false
2023-04-06T00:00:00Z,1.0906300000,1.0910200000,1.0893000000,1.0893900000,5692,OTHER,false
2023-04-06T04:00:00Z,1.0893900000,1.0896000000,1.0884600000,1.0892800000,5092,OTHER,false
2023-04-06T08:00:00Z,1.0892800000,1.0917300000,1.0889700000,1.0899500000,12353,LONDON,false
2023-04-06T12:00:00Z,1.0899400000,1.0919000000,1.0889700000,1.0892200000,12590,OTHER,false
2023-04-06T16:00:00Z,1.0892200000,1.0937700000,1.0886000000,1.0934300000,15560,OTHER,false
2023-04-06T20:00:00Z,1.0934300000,1.0936200000,1.0916300000,1.0919200000,4549,OTHER,false
2023-04-07T00:00:00Z,1.0919800000,1.0924000000,1.0914100000,1.0915500000,2622,OTHER,false
2023-04-07T04:00:00Z,1.0915500000,1.0921600000,1.0914600000,1.0914700000,2736,OTHER,false
2023-04-07T08:00:00Z,1.0914800000,1.0919700000,1.0911500000,1.0915600000,3198,LONDON,false
2023-04-07T12:00:00Z,1.0915600000,1.0921800000,1.0875700000,1.0903600000,7412,OTHER,false
2023-04-07T16:00:00Z,1.0903500000,1.0915600000,1.0893400000,1.0910000000,5588,OTHER,false
2023-04-07T20:00:00Z,1.0909400000,1.0910400000,1.0897300000,1.0898400000,2160,OTHER,false
2023-04-10T00:00:00Z,1.0895300000,1.0914700000,1.0895300000,1.0903400000,4715,OTHER,false
2023-04-10T04:00:00Z,1.0903500000,1.0906800000,1.0894700000,1.0896400000,5540,OTHER,false
2023-04-10T08:00:00Z,1.0896400000,1.0917300000,1.0891000000,1.0912000000,5863,LONDON,false
2023-04-10T12:00:00Z,1.0912000000,1.0916700000,1.0847100000,1.0848900000,11299,OTHER,false
2023-04-10T16:00:00Z,1.0849000000,1.0857400000,1.0831300000,1.0847700000,11951,OTHER,false
2023-04-10T20:00:00Z,1.0848000000,1.0863200000,1.0848000000,1.0861300000,5683,OTHER,false
2023-04-11T00:00:00Z,1.0859900000,1.0878900000,1.0845800000,1.0877600000,6271,OTHER,false
2023-04-11T04:00:00Z,1.0877700000,1.0887800000,1.0867000000,1.0882600000,7823,OTHER,false
2023-04-11T08:00:00Z,1.0882500000,1.0910300000,1.0881000000,1.0907000000,13144,LONDON,false
2023-04-11T12:00:00Z,1.0907000000,1.0926800000,1.0902200000,1.0912100000,12959,OTHER,false
2023-04-11T16:00:00Z,1.0912100000,1.0928200000,1.0897400000,1.0898900000,13296,OTHER,false
2023-04-11T20:00:00Z,1.0898900000,1.0917000000,1.0896200000,1.0913100000,4576,OTHER,false
2023-04-12T00:00:00Z,1.0912200000,1.0927700000,1.0906000000,1.0925300000,3221,OTHER,false
2023-04-12T04:00:00Z,1.0925300000,1.0928800000,1.0916500000,1.0925600000,6136,OTHER,false
2023-04-12T08:00:00Z,1.0925600000,1.0937300000,1.0916100000,1.0923800000,10509,LONDON,false
2023-04-12T12:00:00Z,1.0923500000,1.0990000000,1.0919700000,1.0964000000,15108,OTHER,false
2023-04-12T16:00:00Z,1.0964100000,1.1000000000,1.0958300000,1.0996300000,20375,OTHER,false
2023-04-12T20:00:00Z,1.0996200000,1.1000400000,1.0986400000,1.0991400000,6558,OTHER,false
2023-04-13T00:00:00Z,1.0990300000,1.1005100000,1.0986600000,1.1002100000,3631,OTHER,false
2023-04-13T04:00:00Z,1.1002200000,1.1003400000,1.0983800000,1.0990000000,5119,OTHER,false
2023-04-13T08:00:00Z,1.0989800000,1.1025200000,1.0976600000,1.1014800000,11424,LONDON,false
2023-04-13T12:00:00Z,1.1014800000,1.1053700000,1.1008400000,1.1048900000,15628,OTHER,false
2023-04-13T16:00:00Z,1.1049000000,1.1067800000,1.1043400000,1.1055700000,17214,OTHER,false
2023-04-13T20:00:00Z,1.1055900000,1.1059900000,1.1044000000,1.1047300000,5253,OTHER,false
2023-04-14T00:00:00Z,1.1046200000,1.1059000000,1.1043600000,1.1054500000,3555,OTHER,false
2023-04-14T04:00:00Z,1.1054500000,1.1075200000,1.1053100000,1.1069100000,6195,OTHER,false
2023-04-14T08:00:00Z,1.1069200000,1.1075900000,1.1053900000,1.1059100000,10141,LONDON,false
2023-04-14T12:00:00Z,1.1059100000,1.1074000000,1.1018600000,1.1034700000,16990,OTHER,false
2023-04-14T16:00:00Z,1.1034200000,1.1036500000,1.0972400000,1.0977800000,24134,OTHER,false
2023-04-14T20:00:00Z,1.0977800000,1.0999300000,1.0975400000,1.0994600000,6741,OTHER,false
2023-04-17T00:00:00Z,1.0988600000,1.0994300000,1.0972700000,1.0972700000,3942,OTHER,false
2023-04-17T04:00:00Z,1.0973100000,1.0984800000,1.0961700000,1.0984600000,6729,OTHER,false
2023-04-17T08:00:00Z,1.0984600000,1.0999800000,1.0964200000,1.0965000000,11328,LONDON,false
2023-04-17T12:00:00Z,1.0965000000,1.0985000000,1.0951600000,1.0953700000,13356,OTHER,false
2023-04-17T16:00:00Z,1.0953700000,1.0957100000,1.0909300000,1.0911900000,18800,OTHER,false
2023-04-17T20:00:00Z,1.0911900000,1.0931300000,1.0911800000,1.0928700000,5135,OTHER,false
2023-04-18T00:00:00Z,1.0926900000,1.0929100000,1.0920200000,1.0925200000,2869,OTHER,false
2023-04-18T04:00:00Z,1.0925200000,1.0939000000,1.0923400000,1.0937000000,6591,OTHER,false
2023-04-18T08:00:00Z,1.0937000000,1.0982900000,1.0934400000,1.0981200000,12256,LONDON,false
2023-04-18T12:00:00Z,1.0981200000,1.0983000000,1.0954600000,1.0955800000,13082,OTHER,false
2023-04-18T16:00:00Z,1.0955800000,1.0971200000,1.0943000000,1.0970300000,15610,OTHER,false
2023-04-18T20:00:00Z,1.0970400000,1.0974900000,1.0967300000,1.0972300000,5353,OTHER,false
2023-04-19T00:00:00Z,1.0972800000,1.0982900000,1.0963500000,1.0982700000,5240,OTHER,false
2023-04-19T04:00:00Z,1.0982600000,1.0984000000,1.0964900000,1.0968600000,5564,OTHER,false
2023-04-19T08:00:00Z,1.0968600000,1.0972500000,1.0946500000,1.0955400000,15420,LONDON,false
2023-04-19T12:00:00Z,1.0955200000,1.0963300000,1.0917400000,1.0949800000,14867,OTHER,false
2023-04-19T16:00:00Z,1.0949800000,1.0979400000,1.0947400000,1.0965700000,14947,OTHER,false
2023-04-19T20:00:00Z,1.0965800000,1.0966800000,1.0951600000,1.0955800000,5777,OTHER,false
2023-04-20T00:00:00Z,1.0954500000,1.0959100000,1.0947000000,1.0956700000,3431,OTHER,false
2023-04-20T04:00:00Z,1.0956600000,1.0961700000,1.0949500000,1.0959200000,5848,OTHER,false
2023-04-20T08:00:00Z,1.0959200000,1.0978500000,1.0950000000,1.0971400000,13050,LONDON,false
2023-04-20T12:00:00Z,1.0971500000,1.0985000000,1.0933500000,1.0977700000,15985,OTHER,false
2023-04-20T16:00:00Z,1.0977600000,1.0989800000,1.0963400000,1.0967300000,17051,OTHER,false
2023-04-20T20:00:00Z,1.0967300000,1.0972700000,1.0956400000,1.0969800000,6369,OTHER,false
2023-04-21T00:00:00Z,1.0969800000,1.0972400000,1.0961800000,1.0970200000,3115,OTHER,false
2023-04-21T04:00:00Z,1.0970200000,1.0973200000,1.0958700000,1.0960500000,4420,OTHER,false
2023-04-21T08:00:00Z,1.0960600000,1.0972200000,1.0937900000,1.0959600000,12941,LONDON,false
2023-04-21T12:00:00Z,1.0959600000,1.0990200000,1.0949000000,1.0988200000,11233,OTHER,false
2023-04-21T16:00:00Z,1.0988100000,1.0993800000,1.0942600000,1.0979200000,19423,OTHER,false
2023-04-21T20:00:00Z,1.0979200000,1.0992800000,1.0972200000,1.0989400000,6095,OTHER,false
2023-04-24T00:00:00Z,1.0988500000,1.0996100000,1.0984200000,1.0994800000,2851,OTHER,false
2023-04-24T04:00:00Z,1.0994900000,1.0994900000,1.0979600000,1.0980500000,5265,OTHER,false
2023-04-24T08:00:00Z,1.0980500000,1.1009500000,1.0965900000,1.1008600000,11068,LONDON,false
2023-04-24T12:00:00Z,1.1008600000,1.1025100000,1.0999100000,1.1023200000,11959,OTHER,false
2023-04-24T16:00:00Z,1.1023000000,1.1037000000,1.1013000000,1.1034000000,14076,OTHER,false
2023-04-24T20:00:00Z,1.1034100000,1.1050100000,1.1033600000,1.1044600000,4789,OTHER,false
2023-04-25T00:00:00Z,1.1045700000,1.1066600000,1.1040600000,1.1059200000,3967,OTHER,false
2023-04-25T04:00:00Z,1.1059200000,1.1067000000,1.1050800000,1.1051300000,5874,OTHER,false
2023-04-25T08:00:00Z,1.1051300000,1.1056500000,1.1024700000,1.1039700000,13393,LONDON,false
2023-04-25T12:00:00Z,1.1039800000,1.1044100000,1.1009600000,1.1017300000,11143,OTHER,false
2023-04-25T16:00:00Z,1.1017300000,1.1018800000,1.0965300000,1.0968100000,17485,OTHER,false
2023-04-25T20:00:00Z,1.0968100000,1.0976300000,1.0964100000,1.0974600000,7833,OTHER,false
2023-04-26T00:00:00Z,1.0973000000,1.0980400000,1.0960400000,1.0978200000,4982,OTHER,false
2023-04-26T04:00:00Z,1.0978300000,1.0981900000,1.0968300000,1.0981300000,6160,OTHER,false
2023-04-26T08:00:00Z,1.0981300000,1.1043100000,1.0979900000,1.1041900000,14347,LONDON,false
2023-04-26T12:00:00Z,1.1042000000,1.1062700000,1.1031300000,1.1053800000,18891,OTHER,false
2023-04-26T16:00:00Z,1.1053800000,1.1095600000,1.1033000000,1.1041100000,22053,OTHER,false
2023-04-26T20:00:00Z,1.1041100000,1.1042200000,1.1032400000,1.1041600000,7403,OTHER,false
2023-04-27T00:00:00Z,1.1038200000,1.1047500000,1.1031900000,1.1045800000,4274,OTHER,false
2023-04-27T04:00:00Z,1.1045600000,1.1055000000,1.1039000000,1.1050700000,5696,OTHER,false
2023-04-27T08:00:00Z,1.1050700000,1.1063500000,1.1040100000,1.1053000000,12548,LONDON,false
2023-04-27T12:00:00Z,1.1053000000,1.1057500000,1.1000700000,1.1013100000,16601,OTHER,false
2023-04-27T16:00:00Z,1.1013100000,1.1026900000,1.0992200000,1.1008700000,19908,OTHER,false
2023-04-27T20:00:00Z,1.1008700000,1.1029900000,1.1005500000,1.1028400000,6370,OTHER,false
2023-04-28T00:00:00Z,1.1028100000,1.1039500000,1.1019900000,1.1034600000,4866,OTHER,false
2023-04-28T04:00:00Z,1.1034600000,1.1034700000,1.1008200000,1.1013700000,10655,OTHER,false
2023-04-28T08:00:00Z,1.1013700000,1.1036500000,1.0976800000,1.0991400000,18797,LONDON,false
2023-04-28T12:00:00Z,1.0991400000,1.0998600000,1.0962400000,1.0984600000,16475,OTHER,false
2023-04-28T16:00:00Z,1.0984600000,1.1045000000,1.0982700000,1.1030900000,24454,OTHER,false
2023-04-28T20:00:00Z,1.1030900000,1.1031100000,1.1012100000,1.1016300000,7311,OTHER,false
2023-05-01T00:00:00Z,1.1011900000,1.1021900000,1.1004500000,1.1005500000,4345,OTHER,false
2023-05-01T04:00:00Z,1.1005500000,1.1014400000,1.1000700000,1.1006400000,5125,OTHER,false
2023-05-01T08:00:00Z,1.1006400000,1.1009000000,1.0991500000,1.0992200000,8160,LONDON,false
2023-05-01T12:00:00Z,1.0992300000,1.1033900000,1.0988400000,1.1033000000,8561,OTHER,false
2023-05-01T16:00:00Z,1.1033000000,1.1035700000,1.0964400000,1.0967600000,17580,OTHER,false
2023-05-01T20:00:00Z,1.0967600000,1.0976200000,1.0965400000,1.0975900000,6927,OTHER,false
2023-05-02T00:00:00Z,1.0975500000,1.0979100000,1.0963100000,1.0978900000,4329,OTHER,false
2023-05-02T04:00:00Z,1.0978800000,1.0994400000,1.0978500000,1.0984700000,6376,OTHER,false
2023-05-02T08:00:00Z,1.0984700000,1.1006600000,1.0960000000,1.0971700000,14076,LONDON,false
2023-05-02T12:00:00Z,1.0973100000,1.0981900000,1.0948200000,1.0955300000,12111,OTHER,false
2023-05-02T16:00:00Z,1.0955400000,1.1003200000,1.0942200000,1.0999900000,22124,OTHER,false
2023-05-02T20:00:00Z,1.0999900000,1.1008000000,1.0994700000,1.0999300000,5710,OTHER,false
2023-05-03T00:00:00Z,1.0998300000,1.1020600000,1.0996900000,1.1017300000,3947,OTHER,false
2023-05-03T04:00:00Z,1.1017400000,1.1029900000,1.1012900000,1.1021800000,4673,OTHER,false
2023-05-03T08:00:00Z,1.1021800000,1.1046900000,1.1014300000,1.1039700000,10781,LONDON,false
2023-05-03T12:00:00Z,1.1039500000,1.1047000000,1.1021600000,1.1038500000,12315,OTHER,false
2023-05-03T16:00:00Z,1.1038700000,1.1059400000,1.1028800000,1.1047000000,15953,OTHER,false
2023-05-03T20:00:00Z,1.1047000000,1.1091600000,1.1037300000,1.1060000000,26259,OTHER,false
2023-05-04T00:00:00Z,1.1060600000,1.1087300000,1.1052700000,1.1075800000,6831,OTHER,false
2023-05-04T04:00:00Z,1.1075800000,1.1087700000,1.1071300000,1.1081500000,7074,OTHER,false
2023-05-04T08:00:00Z,1.1081500000,1.1091800000,1.1037100000,1.1040100000,13501,LONDON,false
2023-05-04T12:00:00Z,1.1040300000,1.1083700000,1.1001300000,1.1009500000,19431,OTHER,false
2023-05-04T16:00:00Z,1.1009400000,1.1055500000,1.0986200000,1.1024700000,31227,OTHER,false
2023-05-04T20:00:00Z,1.1024800000,1.1031600000,1.1011300000,1.1013800000,8149,OTHER,false
2023-05-05T00:00:00Z,1.1010500000,1.1029600000,1.1008700000,1.1025000000,2782,OTHER,false
2023-05-05T04:00:00Z,1.1025000000,1.1045000000,1.1025000000,1.1041800000,5056,OTHER,false
2023-05-05T08:00:00Z,1.1041800000,1.1047900000,1.1024100000,1.1028300000,11550,LONDON,false
2023-05-05T12:00:00Z,1.1028300000,1.1031900000,1.0966700000,1.0975900000,14621,OTHER,false
2023-05-05T16:00:00Z,1.0976000000,1.1036700000,1.0976000000,1.1032200000,18983,OTHER,false
2023-05-05T20:00:00Z,1.1032200000,1.1034700000,1.1009600000,1.1018200000,7438,OTHER,false
2023-05-08T00:00:00Z,1.1022600000,1.1025300000,1.1014200000,1.1024200000,3815,OTHER,false
2023-05-08T04:00:00Z,1.1024300000,1.1044300000,1.1018700000,1.1043600000,5105,OTHER,false
2023-05-08T08:00:00Z,1.1043800000,1.1053800000,1.1035900000,1.1036200000,9530,LONDON,false
2023-05-08T12:00:00Z,1.1036600000,1.1051500000,1.1023000000,1.1037100000,10742,OTHER,false
2023-05-08T16:00:00Z,1.1037100000,1.1044400000,1.1011700000,1.1027200000,10812,OTHER,false
2023-05-08T20:00:00Z,1.1027500000,1.1029300000,1.1000100000,1.1004300000,5940,OTHER,false
2023-05-09T00:00:00Z,1.1003300000,1.1005000000,1.0985000000,1.0989800000,5354,OTHER,false
2023-05-09T04:00:00Z,1.0989800000,1.0995400000,1.0985000000,1.0988900000,4364,OTHER,false
2023-05-09T08:00:00Z,1.0988700000,1.1000800000,1.0972800000,1.0978900000,12388,LONDON,false
2023-05-09T12:00:00Z,1.0978900000,1.0984400000,1.0949900000,1.0950100000,10295,OTHER,false
2023-05-09T16:00:00Z,1.0950100000,1.0964500000,1.0941100000,1.0955300000,13848,OTHER,false
2023-05-09T20:00:00Z,1.0955300000,1.0972500000,1.0954400000,1.0960400000,6138,OTHER,false
2023-05-10T00:00:00Z,1.0960600000,1.0972100000,1.0945000000,1.0969200000,4723,OTHER,false
2023-05-10T04:00:00Z,1.0969300000,1.0977300000,1.0968200000,1.0972200000,4116,OTHER,false
2023-05-10T08:00:00Z,1.0972200000,1.0982500000,1.0950100000,1.0952100000,11506,LONDON,false
2023-05-10T12:00:00Z,1.0951800000,1.1005800000,1.0941700000,1.1000800000,15624,OTHER,false
2023-05-10T16:00:00Z,1.1000700000,1.1007000000,1.0964200000,1.0970400000,21774,OTHER,false
2023-05-10T20:00:00Z,1.0970400000,1.0984900000,1.0961700000,1.0983000000,7241,OTHER,false
2023-05-11T00:00:00Z,1.0981800000,1.0993100000,1.0977100000,1.0992700000,3632,OTHER,false
2023-05-11T04:00:00Z,1.0992700000,1.0998100000,1.0969700000,1.0975400000,5751,OTHER,false
2023-05-11T08:00:00Z,1.0975400000,1.0982400000,1.0918200000,1.0928500000,15509,LONDON,false
2023-05-11T12:00:00Z,1.0928600000,1.0948000000,1.0918000000,1.0932900000,18643,OTHER,false
2023-05-11T16:00:00Z,1.0932900000,1.0933200000,1.0900200000,1.0925200000,20342,OTHER,false
2023-05-11T20:00:00Z,1.0925300000,1.0925800000,1.0910800000,1.0916500000,5579,OTHER,false
2023-05-12T00:00:00Z,1.0914900000,1.0921500000,1.0911500000,1.0921400000,3277,OTHER,false
2023-05-12T04:00:00Z,1.0921400000,1.0926900000,1.0915000000,1.0926200000,5500,OTHER,false
2023-05-12T08:00:00Z,1.0926300000,1.0935600000,1.0904500000,1.0913500000,13035,LONDON,false
2023-05-12T12:00:00Z,1.0913500000,1.0917400000,1.0881400000,1.0886900000,12610,OTHER,false
2023-05-12T16:00:00Z,1.0886900000,1.0897500000,1.0848600000,1.0851900000,18536,OTHER,false
2023-05-12T20:00:00Z,1.0851700000,1.0856800000,1.0847800000,1.0849800000,8284,OTHER,false
2023-05-15T00:00:00Z,1.0853000000,1.0855600000,1.0845400000,1.0853000000,3933,OTHER,false
2023-05-15T04:00:00Z,1.0853000000,1.0864300000,1.0852300000,1.0863100000,5083,OTHER,false
2023-05-15T08:00:00Z,1.0863100000,1.0880200000,1.0860100000,1.0868600000,11083,LONDON,false
2023-05-15T12:00:00Z,1.0868600000,1.0890900000,1.0855600000,1.0879100000,12323,OTHER,false
2023-05-15T16:00:00Z,1.0879000000,1.0882000000,1.0863900000,1.0878900000,13509,OTHER,false
2023-05-15T20:00:00Z,1.0878900000,1.0878900000,1.0872800000,1.0874100000,5158,OTHER,false
2023-05-16T00:00:00Z,1.0873600000,1.0882000000,1.0871500000,1.0881800000,2394,OTHER,false
2023-05-16T04:00:00Z,1.0881800000,1.0884600000,1.0868300000,1.0882200000,4465,OTHER,false
2023-05-16T08:00:00Z,1.0882200000,1.0897900000,1.0863000000,1.0891100000,13174,LONDON,false
2023-05-16T12:00:00Z,1.0891100000,1.0904700000,1.0868100000,1.0881700000,13388,OTHER,false
2023-05-16T16:00:00Z,1.0881700000,1.0889200000,1.0854900000,1.0866900000,18957,OTHER,false
2023-05-16T20:00:00Z,1.0867200000,1.0871200000,1.0858200000,1.0861600000,6719,OTHER,false
2023-05-17T00:00:00Z,1.0861700000,1.0871800000,1.0857300000,1.0870500000,2904,OTHER,false
2023-05-17T04:00:00Z,1.0870500000,1.0873600000,1.0862200000,1.0864800000,4775,OTHER,false
2023-05-17T08:00:00Z,1.0864800000,1.0865300000,1.0827200000,1.0829100000,13746,LONDON,false
2023-05-17T12:00:00Z,1.0828800000,1.0841500000,1.0813800000,1.0823900000,12499,OTHER,false
2023-05-17T16:00:00Z,1.0823900000,1.0845400000,1.0810300000,1.0841900000,17814,OTHER,false
2023-05-17T20:00:00Z,1.0842000000,1.0849200000,1.0836400000,1.0838100000,7908,OTHER,false
2023-05-18T00:00:00Z,1.0837700000,1.0845200000,1.0834800000,1.0842200000,2920,OTHER,false
2023-05-18T04:00:00Z,1.0842200000,1.0848000000,1.0832700000,1.0833000000,5604,OTHER,false
2023-05-18T08:00:00Z,1.0833100000,1.0835900000,1.0809200000,1.0816600000,11903,LONDON,false
2023-05-18T12:00:00Z,1.0816700000,1.0820000000,1.0785300000,1.0790100000,12396,OTHER,false
2023-05-18T16:00:00Z,1.0790200000,1.0795100000,1.0762800000,1.0763200000,17185,OTHER,false
2023-05-18T20:00:00Z,1.0763000000,1.0774800000,1.0762500000,1.0771100000,6749,OTHER,false
2023-05-19T00:00:00Z,1.0768600000,1.0780100000,1.0764300000,1.0773900000,3409,OTHER,false
2023-05-19T04:00:00Z,1.0773800000,1.0775900000,1.0759900000,1.0763700000,5967,OTHER,false
2023-05-19T08:00:00Z,1.0763700000,1.0794600000,1.0761600000,1.0788200000,12400,LONDON,false
2023-05-19T12:00:00Z,1.0788200000,1.0823600000,1.0787700000,1.0806000000,15098,OTHER,false
2023-05-19T16:00:00Z,1.0805800000,1.0826700000,1.0782200000,1.0820800000,24567,OTHER,false
2023-05-19T20:00:00Z,1.0820900000,1.0828800000,1.0797700000,1.0804800000,7718,OTHER,false
2023-05-22T00:00:00Z,1.0804500000,1.0824900000,1.0804500000,1.0823500000,3811,OTHER,false
2023-05-22T04:00:00Z,1.0823600000,1.0829900000,1.0817800000,1.0818600000,7368,OTHER,false
2023-05-22T08:00:00Z,1.0818600000,1.0824200000,1.0795600000,1.0810400000,14144,LONDON,false
2023-05-22T12:00:00Z,1.0810300000,1.0831400000,1.0808300000,1.0819300000,13198,OTHER,false
2023-05-22T16:00:00Z,1.0819300000,1.0824400000,1.0796200000,1.0809900000,18004,OTHER,false
2023-05-22T20:00:00Z,1.0809900000,1.0821700000,1.0808200000,1.0813100000,7309,OTHER,false
2023-05-23T00:00:00Z,1.0811000000,1.0820500000,1.0806100000,1.0811600000,4378,OTHER,false
2023-05-23T04:00:00Z,1.0811600000,1.0811900000,1.0802700000,1.0810400000,6319,OTHER,false
2023-05-23T08:00:00Z,1.0810400000,1.0813000000,1.0784900000,1.0803300000,15401,LONDON,false
2023-05-23T12:00:00Z,1.0803300000,1.0803800000,1.0763200000,1.0763800000,14321,OTHER,false
2023-05-23T16:00:00Z,1.0764000000,1.0795600000,1.0760200000,1.0766900000,21383,OTHER,false
2023-05-23T20:00:00Z,1.0766900000,1.0780900000,1.0764200000,1.0770900000,6844,OTHER,false
2023-05-24T00:00:00Z,1.0769300000,1.0775100000,1.0763700000,1.0772500000,5371,OTHER,false
2023-05-24T04:00:00Z,1.0772500000,1.0782400000,1.0767700000,1.0780100000,6421,OTHER,false
2023-05-24T08:00:00Z,1.0780100000,1.0794900000,1.0770300000,1.0777700000,16692,LONDON,false
2023-05-24T12:00:00Z,1.0777700000,1.0801400000,1.0748200000,1.0789500000,16623,OTHER,false
2023-05-24T16:00:00Z,1.0789500000,1.0794100000,1.0749600000,1.0756000000,20815,OTHER,false
2023-05-24T20:00:00Z,1.0756100000,1.0765900000,1.0749300000,1.0750500000,10807,OTHER,false
2023-05-25T00:00:00Z,1.0748600000,1.0756600000,1.0742200000,1.0750500000,4359,OTHER,false
2023-05-25T04:00:00Z,1.0750300000,1.0753500000,1.0733000000,1.0734300000,5939,OTHER,false
2023-05-25T08:00:00Z,1.0734300000,1.0744000000,1.0714100000,1.0723000000,14489,LONDON,false
2023-05-25T12:00:00Z,1.0722900000,1.0740400000,1.0714800000,1.0718400000,16889,OTHER,false
2023-05-25T16:00:00Z,1.0718300000,1.0732500000,1.0707400000,1.0712600000,21129,OTHER,false
2023-05-25T20:00:00Z,1.0712600000,1.0729400000,1.0711500000,1.0725100000,8448,OTHER,false
2023-05-26T00:00:00Z,1.0724200000,1.0727600000,1.0719000000,1.0725400000,3861,OTHER,false
2023-05-26T04:00:00Z,1.0725300000,1.0740900000,1.0724300000,1.0739900000,5542,OTHER,false
2023-05-26T08:00:00Z,1.0739900000,1.0744500000,1.0725400000,1.0731700000,13130,LONDON,false
2023-05-26T12:00:00Z,1.0731500000,1.0758700000,1.0725700000,1.0742000000,15293,OTHER,false
2023-05-26T16:00:00Z,1.0742000000,1.0750600000,1.0701800000,1.0719600000,21963,OTHER,false
2023-05-26T20:00:00Z,1.0719600000,1.0732900000,1.0718700000,1.0725800000,6190,OTHER,false
2023-05-29T00:00:00Z,1.0717800000,1.0728600000,1.0715900000,1.0719800000,3391,OTHER,false
2023-05-29T04:00:00Z,1.0719800000,1.0736400000,1.0718400000,1.0736200000,4268,OTHER,false
2023-05-29T08:00:00Z,1.0736200000,1.0743600000,1.0715400000,1.0724100000,7210,LONDON,false
2023-05-29T12:00:00Z,1.0723900000,1.0723900000,1.0709900000,1.0714900000,6281,OTHER,false
2023-05-29T16:00:00Z,1.0714900000,1.0715800000,1.0706100000,1.0712800000,4375,OTHER,false
2023-05-29T20:00:00Z,1.0712900000,1.0715100000,1.0705500000,1.0709300000,1287,OTHER,false
2023-05-30T00:00:00Z,1.0708200000,1.0719800000,1.0704200000,1.0713700000,4450,OTHER,false
2023-05-30T04:00:00Z,1.0713800000,1.0726400000,1.0701200000,1.0708200000,6827,OTHER,false
2023-05-30T08:00:00Z,1.0708100000,1.0708400000,1.0672600000,1.0704700000,17322,LONDON,false
2023-05-30T12:00:00Z,1.0704700000,1.0746700000,1.0697100000,1.0722400000,17548,OTHER,false
2023-05-30T16:00:00Z,1.0722400000,1.0740900000,1.0716300000,1.0720900000,18601,OTHER,false
2023-05-30T20:00:00Z,1.0720800000,1.0734700000,1.0714300000,1.0734600000,7371,OTHER,false
2023-05-31T00:00:00Z,1.0733000000,1.0735600000,1.0723800000,1.0735100000,3527,OTHER,false
2023-05-31T04:00:00Z,1.0735100000,1.0735500000,1.0694300000,1.0698200000,7304,OTHER,false
2023-05-31T08:00:00Z,1.0698200000,1.0699000000,1.0658700000,1.0659800000,16912,LONDON,false
2023-05-31T12:00:00Z,1.0659600000,1.0687500000,1.0659600000,1.0680800000,12250,OTHER,false
2023-05-31T16:00:00Z,1.0680800000,1.0705300000,1.0635300000,1.0638000000,25895,OTHER,false
2023-05-31T20:00:00Z,1.0638000000,1.0692100000,1.0635500000,1.0688500000,11186,OTHER,false
2023-06-01T00:00:00Z,1.0687200000,1.0697400000,1.0680100000,1.0686500000,4490,OTHER,false
2023-06-01T04:00:00Z,1.0686500000,1.0693900000,1.0680100000,1.0681800000,7841,OTHER,false
2023-06-01T08:00:00Z,1.0681500000,1.0686900000,1.0661900000,1.0686600000,12574,LONDON,false
2023-06-01T12:00:00Z,1.0687200000,1.0715600000,1.0682900000,1.0708200000,15292,OTHER,false
2023-06-01T16:00:00Z,1.0708100000,1.0764100000,1.0703000000,1.0759900000,19875,OTHER,false
2023-06-01T20:00:00Z,1.0760100000,1.0768600000,1.0755800000,1.0761500000,6253,OTHER,false
2023-06-02T00:00:00Z,1.0761700000,1.0765400000,1.0755000000,1.0761800000,3318,OTHER,false
2023-06-02T04:00:00Z,1.0761800000,1.0769100000,1.0758600000,1.0763100000,5175,OTHER,false
2023-06-02T08:00:00Z,1.0763200000,1.0779100000,1.0760100000,1.0774300000,9710,LONDON,false
2023-06-02T12:00:00Z,1.0774200000,1.0777000000,1.0734600000,1.0747400000,15599,OTHER,false
2023-06-02T16:00:00Z,1.0747400000,1.0771100000,1.0708800000,1.0710100000,19549,OTHER,false
2023-06-02T20:00:00Z,1.0710100000,1.0715800000,1.0705200000,1.0706000000,5790,OTHER,false
2023-06-05T00:00:00Z,1.0707100000,1.0709100000,1.0690300000,1.0693700000,6033,OTHER,false
2023-06-05T04:00:00Z,1.0693700000,1.0704600000,1.0690800000,1.0699900000,9255,OTHER,false
2023-06-05T08:00:00Z,1.0699900000,1.0703900000,1.0683400000,1.0696100000,16074,LONDON,false
2023-06-05T12:00:00Z,1.0696100000,1.0699100000,1.0674700000,1.0678900000,8187,OTHER,false
2023-06-05T16:00:00Z,1.0678700000,1.0722500000,1.0677900000,1.0711500000,17199,OTHER,false
2023-06-05T20:00:00Z,1.0711600000,1.0717500000,1.0707500000,1.0712500000,5177,OTHER,false
2023-06-06T00:00:00Z,1.0710900000,1.0716900000,1.0707300000,1.0716000000,3209,OTHER,false
2023-06-06T04:00:00Z,1.0716000000,1.0724800000,1.0712900000,1.0723400000,5269,OTHER,false
2023-06-06T08:00:00Z,1.0723400000,1.0732900000,1.0695100000,1.0699300000,14430,LONDON,false
2023-06-06T12:00:00Z,1.0699400000,1.0701100000,1.0667100000,1.0670700000,10849,OTHER,false
2023-06-06T16:00:00Z,1.0670700000,1.0697900000,1.0669200000,1.0688400000,12575,OTHER,false
2023-06-06T20:00:00Z,1.0688400000,1.0696300000,1.0682300000,1.0692300000,4483,OTHER,false
2023-06-07T00:00:00Z,1.0691500000,1.0704400000,1.0691200000,1.0700400000,2755,OTHER,false
2023-06-07T04:00:00Z,1.0700400000,1.0701400000,1.0688700000,1.0690500000,5488,OTHER,false
2023-06-07T08:00:00Z,1.0690600000,1.0693400000,1.0668300000,1.0693100000,9912,LONDON,false
2023-06-07T12:00:00Z,1.0693300000,1.0723100000,1.0690200000,1.0716100000,10443,OTHER,false
2023-06-07T16:00:00Z,1.0715900000,1.0739800000,1.0692900000,1.0693300000,18311,OTHER,false
2023-06-07T20:00:00Z,1.0693300000,1.0705400000,1.0691100000,1.0698200000,6476,OTHER,false
2023-06-08T00:00:00Z,1.0697500000,1.0710000000,1.0691300000,1.0708500000,3624,OTHER,false
2023-06-08T04:00:00Z,1.0708600000,1.0713700000,1.0702700000,1.0711600000,5205,OTHER,false
2023-06-08T08:00:00Z,1.0711600000,1.0730000000,1.0701000000,1.0726800000,9993,LONDON,false
2023-06-08T12:00:00Z,1.0726800000,1.0759100000,1.0720900000,1.0746900000,13004,OTHER,false
2023-06-08T16:00:00Z,1.0746800000,1.0787100000,1.0741900000,1.0784800000,16154,OTHER,false
2023-06-08T20:00:00Z,1.0784600000,1.0785700000,1.0773700000,1.0781400000,5307,OTHER,false
2023-06-09T00:00:00Z,1.0782300000,1.0785100000,1.0777900000,1.0782000000,3335,OTHER,false
2023-06-09T04:00:00Z,1.0782000000,1.0785100000,1.0774700000,1.0775400000,5118,OTHER,false
2023-06-09T08:00:00Z,1.0775500000,1.0784100000,1.0759300000,1.0763400000,9474,LONDON,false
2023-06-09T12:00:00Z,1.0763300000,1.0784200000,1.0756600000,1.0767100000,11456,OTHER,false
2023-06-09T16:00:00Z,1.0767200000,1.0775300000,1.0743500000,1.0748300000,14662,OTHER,false
2023-06-09T20:00:00Z,1.0748200000,1.0752300000,1.0743000000,1.0749500000,4294,OTHER,false
2023-06-12T00:00:00Z,1.0744800000,1.0751500000,1.0743100000,1.0745300000,3769,OTHER,false
2023-06-12T04:00:00Z,1.0745200000,1.0745900000,1.0733000000,1.0741000000,7643,OTHER,false
2023-06-12T08:00:00Z,1.0740900000,1.0784000000,1.0740500000,1.0777100000,11853,LONDON,false
2023-06-12T12:00:00Z,1.0777100000,1.0790200000,1.0760600000,1.0766200000,11334,OTHER,false
2023-06-12T16:00:00Z,1.0766200000,1.0771600000,1.0743100000,1.0748700000,13716,OTHER,false
2023-06-12T20:00:00Z,1.0748700000,1.0763400000,1.0745100000,1.0757900000,5035,OTHER,false
2023-06-13T00:00:00Z,1.0756700000,1.0766900000,1.0750900000,1.0760500000,3248,OTHER,false
2023-06-13T04:00:00Z,1.0760500000,1.0783000000,1.0759200000,1.0782200000,5256,OTHER,false
2023-06-13T08:00:00Z,1.0782200000,1.0808300000,1.0781500000,1.0807300000,13072,LONDON,false
2023-06-13T12:00:00Z,1.0807400000,1.0823600000,1.0784100000,1.0814300000,15870,OTHER,false
2023-06-13T16:00:00Z,1.0814200000,1.0818200000,1.0778000000,1.0802400000,20095,OTHER,false
2023-06-13T20:00:00Z,1.0802400000,1.0804400000,1.0782900000,1.0792500000,6375,OTHER,false
2023-06-14T00:00:00Z,1.0792300000,1.0793100000,1.0785800000,1.0790100000,3462,OTHER,false
2023-06-14T04:00:00Z,1.0790100000,1.0796100000,1.0784800000,1.0789700000,4237,OTHER,false
2023-06-14T08:00:00Z,1.0789700000,1.0804800000,1.0774000000,1.0802100000,9003,LONDON,false
2023-06-14T12:00:00Z,1.0802100000,1.0833400000,1.0796500000,1.0831200000,10789,OTHER,false
2023-06-14T16:00:00Z,1.0831200000,1.0864000000,1.0827400000,1.0862400000,11476,OTHER,false
2023-06-14T20:00:00Z,1.0862300000,1.0862900000,1.0801200000,1.0830800000,23340,OTHER,false
2023-06-15T00:00:00Z,1.0830300000,1.0844400000,1.0821400000,1.0838100000,3137,OTHER,false
2023-06-15T04:00:00Z,1.0838100000,1.0838100000,1.0808200000,1.0811600000,7319,OTHER,false
2023-06-15T08:00:00Z,1.0811500000,1.0837400000,1.0803900000,1.0832900000,11469,LONDON,false
2023-06-15T12:00:00Z,1.0832900000,1.0881100000,1.0814600000,1.0864000000,15969,OTHER,false
2023-06-15T16:00:00Z,1.0863100000,1.0945200000,1.0858400000,1.0943800000,17845,OTHER,false
2023-06-15T20:00:00Z,1.0943800000,1.0952800000,1.0939600000,1.0945400000,5665,OTHER,false
2023-06-16T00:00:00Z,1.0942500000,1.0951000000,1.0939800000,1.0941900000,4322,OTHER,false
2023-06-16T04:00:00Z,1.0942000000,1.0948400000,1.0935500000,1.0938900000,6755,OTHER,false
2023-06-16T08:00:00Z,1.0938900000,1.0962500000,1.0933900000,1.0950500000,12227,LONDON,false
2023-06-16T12:00:00Z,1.0950500000,1.0970600000,1.0939800000,1.0951000000,10571,OTHER,false
2023-06-16T16:00:00Z,1.0951000000,1.0967100000,1.0917600000,1.0933900000,18795,OTHER,false
2023-06-16T20:00:00Z,1.0933900000,1.0945500000,1.0932100000,1.0940600000,5968,OTHER,false
2023-06-19T00:00:00Z,1.0927300000,1.0946300000,1.0927300000,1.0936800000,4032,OTHER,false
2023-06-19T04:00:00Z,1.0936800000,1.0940700000,1.0932300000,1.0934800000,5792,OTHER,false
2023-06-19T08:00:00Z,1.0934800000,1.0941400000,1.0925200000,1.0929500000,10891,LONDON,false
2023-06-19T12:00:00Z,1.0929600000,1.0929700000,1.0907300000,1.0926000000,9061,OTHER,false
2023-06-19T16:00:00Z,1.0926100000,1.0928900000,1.0912200000,1.0916100000,8086,OTHER,false
2023-06-19T20:00:00Z,1.0916100000,1.0922700000,1.0915700000,1.0922500000,1632,OTHER,false
2023-06-20T00:00:00Z,1.0919700000,1.0926400000,1.0916300000,1.0920300000,3668,OTHER,false
2023-06-20T04:00:00Z,1.0920300000,1.0923700000,1.0910500000,1.0913900000,7321,OTHER,false
2023-06-20T08:00:00Z,1.0913700000,1.0946300000,1.0911800000,1.0938000000,14270,LONDON,false
2023-06-20T12:00:00Z,1.0938000000,1.0940100000,1.0912000000,1.0919500000,12844,OTHER,false
2023-06-20T16:00:00Z,1.0919200000,1.0924600000,1.0891800000,1.0915000000,18285,OTHER,false
2023-06-20T20:00:00Z,1.0915000000,1.0918300000,1.0909800000,1.0917800000,5380,OTHER,false
2023-06-21T00:00:00Z,1.0917600000,1.0922300000,1.0912100000,1.0916100000,3963,OTHER,false
2023-06-21T04:00:00Z,1.0916000000,1.0921200000,1.0911700000,1.0916200000,5868,OTHER,false
2023-06-21T08:00:00Z,1.0916200000,1.0933800000,1.0905600000,1.0925000000,14376,LONDON,false
2023-06-21T12:00:00Z,1.0925000000,1.0929900000,1.0908200000,1.0925300000,13233,OTHER,false
2023-06-21T16:00:00Z,1.0925000000,1.0973700000,1.0910500000,1.0970700000,19823,OTHER,false
2023-06-21T20:00:00Z,1.0970600000,1.0990800000,1.0967200000,1.0985600000,7638,OTHER,false
2023-06-22T00:00:00Z,1.0985600000,1.0992400000,1.0981500000,1.0988600000,4509,OTHER,false
2023-06-22T04:00:00Z,1.0988500000,1.0995100000,1.0986700000,1.0987200000,4252,OTHER,false
2023-06-22T08:00:00Z,1.0987400000,1.1003800000,1.0979700000,1.0993000000,10856,LONDON,false
2023-06-22T12:00:00Z,1.0992900000,1.1012200000,1.0980100000,1.0982500000,15099,OTHER,false
2023-06-22T16:00:00Z,1.0982400000,1.0989200000,1.0948600000,1.0954600000,18154,OTHER,false
2023-06-22T20:00:00Z,1.0954700000,1.0961700000,1.0950100000,1.0955100000,6933,OTHER,false
2023-06-23T00:00:00Z,1.0955100000,1.0958600000,1.0952600000,1.0955200000,3863,OTHER,false
2023-06-23T04:00:00Z,1.0955200000,1.0956200000,1.0929000000,1.0933100000,7000,OTHER,false
2023-06-23T08:00:00Z,1.0933100000,1.0934100000,1.0848700000,1.0849200000,18950,LONDON,false
2023-06-23T12:00:00Z,1.0849200000,1.0895700000,1.0844400000,1.0887300000,13036,OTHER,false
2023-06-23T16:00:00Z,1.0887300000,1.0902900000,1.0879000000,1.0885800000,17412,OTHER,false
2023-06-23T20:00:00Z,1.0886000000,1.0896300000,1.0886000000,1.0889800000,7113,OTHER,false
2023-06-26T00:00:00Z,1.0904700000,1.0909400000,1.0893200000,1.0905300000,5428,OTHER,false
2023-06-26T04:00:00Z,1.0905300000,1.0909800000,1.0900000000,1.0902500000,6223,OTHER,false
2023-06-26T08:00:00Z,1.0902500000,1.0911100000,1.0887300000,1.0892100000,12928,LONDON,false
2023-06-26T12:00:00Z,1.0891900000,1.0920200000,1.0890800000,1.0917500000,11846,OTHER,false
2023-06-26T16:00:00Z,1.0917500000,1.0920100000,1.0900000000,1.0908700000,16255,OTHER,false
2023-06-26T20:00:00Z,1.0908800000,1.0915400000,1.0904100000,1.0905300000,6002,OTHER,false
2023-06-27T00:00:00Z,1.0905200000,1.0911900000,1.0901800000,1.0904400000,3779,OTHER,false
2023-06-27T04:00:00Z,1.0904400000,1.0935100000,1.0903700000,1.0923300000,9085,OTHER,false
2023-06-27T08:00:00Z,1.0923300000,1.0943900000,1.0916200000,1.0939500000,14668,LONDON,false
2023-06-27T12:00:00Z,1.0939600000,1.0972200000,1.0926200000,1.0965300000,16488,OTHER,false
2023-06-27T16:00:00Z,1.0965300000,1.0976900000,1.0942400000,1.0958900000,23379,OTHER,false
2023-06-27T20:00:00Z,1.0958900000,1.0964000000,1.0955100000,1.0959900000,7421,OTHER,false
2023-06-28T00:00:00Z,1.0960300000,1.0962600000,1.0952700000,1.0954600000,5198,OTHER,false
2023-06-28T04:00:00Z,1.0954600000,1.0956200000,1.0942100000,1.0948700000,8303,OTHER,false
2023-06-28T08:00:00Z,1.0948700000,1.0960800000,1.0936100000,1.0952900000,10049,LONDON,false
2023-06-28T12:00:00Z,1.0952900000,1.0962300000,1.0926000000,1.0927800000,15807,OTHER,false
2023-06-28T16:00:00Z,1.0927800000,1.0944600000,1.0896800000,1.0910900000,28663,OTHER,false
2023-06-28T20:00:00Z,1.0910900000,1.0924000000,1.0909900000,1.0912400000,6305,OTHER,false
2023-06-29T00:00:00Z,1.0912300000,1.0918700000,1.0901200000,1.0907000000,3926,OTHER,false
2023-06-29T04:00:00Z,1.0907000000,1.0914400000,1.0880700000,1.0885500000,9433,OTHER,false
2023-06-29T08:00:00Z,1.0885600000,1.0921900000,1.0884200000,1.0914300000,18410,LONDON,false
2023-06-29T12:00:00Z,1.0914600000,1.0941500000,1.0873200000,1.0881100000,19464,OTHER,false
2023-06-29T16:00:00Z,1.0881200000,1.0896800000,1.0860200000,1.0870700000,26742,OTHER,false
2023-06-29T20:00:00Z,1.0870700000,1.0875200000,1.0862200000,1.0863100000,8214,OTHER,false
2023-06-30T00:00:00Z,1.0863200000,1.0874000000,1.0860800000,1.0872100000,4148,OTHER,false
2023-06-30T04:00:00Z,1.0872200000,1.0875500000,1.0860300000,1.0869800000,7156,OTHER,false
2023-06-30T08:00:00Z,1.0869900000,1.0875600000,1.0835400000,1.0838600000,12654,LONDON,false
2023-06-30T12:00:00Z,1.0838600000,1.0897700000,1.0835700000,1.0897100000,14215,OTHER,false
2023-06-30T16:00:00Z,1.0897100000,1.0931900000,1.0896200000,1.0918400000,25759,OTHER,false
2023-06-30T20:00:00Z,1.0918400000,1.0922900000,1.0907600000,1.0909200000,7201,OTHER,false
2023-07-03T00:00:00Z,1.0909000000,1.0913000000,1.0900400000,1.0901300000,3073,OTHER,false
2023-07-03T04:00:00Z,1.0901300000,1.0918200000,1.0900900000,1.0917700000,4323,OTHER,false
2023-07-03T08:00:00Z,1.0917700000,1.0918200000,1.0870200000,1.0886400000,11671,LONDON,false
2023-07-03T12:00:00Z,1.0886400000,1.0910300000,1.0876200000,1.0908900000,11620,OTHER,false
2023-07-03T16:00:00Z,1.0909000000,1.0934000000,1.0901700000,1.0915700000,20336,OTHER,false
2023-07-03T20:00:00Z,1.0916000000,1.0916400000,1.0908500000,1.0910300000,3110,OTHER,false
2023-07-04T00:00:00Z,1.0910200000,1.0915200000,1.0908300000,1.0909600000,1882,OTHER,false
2023-07-04T04:00:00Z,1.0909600000,1.0916300000,1.0900600000,1.0900700000,3417,OTHER,false
2023-07-04T08:00:00Z,1.0900800000,1.0914800000,1.0892100000,1.0895600000,8583,LONDON,false
2023-07-04T12:00:00Z,1.0895600000,1.0903900000,1.0889700000,1.0900700000,7897,OTHER,false
2023-07-04T16:00:00Z,1.0900600000,1.0907500000,1.0892000000,1.0894500000,7671,OTHER,false
2023-07-04T20:00:00Z,1.0894600000,1.0897300000,1.0876700000,1.0878400000,2178,OTHER,false
2023-07-05T00:00:00Z,1.0879000000,1.0890500000,1.0875000000,1.0886800000,2700,OTHER,false
2023-07-05T04:00:00Z,1.0886700000,1.0887100000,1.0874900000,1.0875900000,3406,OTHER,false
2023-07-05T08:00:00Z,1.0875900000,1.0907900000,1.0866400000,1.0888100000,14545,LONDON,false
2023-07-05T12:00:00Z,1.0888000000,1.0902100000,1.0875500000,1.0894300000,12836,OTHER,false
2023-07-05T16:00:00Z,1.0894300000,1.0901400000,1.0859200000,1.0860900000,15749,OTHER,false
2023-07-05T20:00:00Z,1.0860900000,1.0865400000,1.0851000000,1.0853400000,5264,OTHER,false
2023-07-06T00:00:00Z,1.0853300000,1.0857000000,1.0846300000,1.0849000000,2722,OTHER,false
2023-07-06T04:00:00Z,1.0849000000,1.0853100000,1.0833700000,1.0843400000,4850,OTHER,false
2023-07-06T08:00:00Z,1.0843300000,1.0875500000,1.0841700000,1.0864100000,13335,LONDON,false
2023-07-06T12:00:00Z,1.0864300000,1.0900700000,1.0858500000,1.0873900000,21204,OTHER,false
2023-07-06T16:00:00Z,1.0873900000,1.0887800000,1.0833600000,1.0872500000,27424,OTHER,false
2023-07-06T20:00:00Z,1.0872300000,1.0892900000,1.0872200000,1.0888300000,4583,OTHER,false
2023-07-07T00:00:00Z,1.0885300000,1.0894900000,1.0882400000,1.0885300000,2711,OTHER,false
2023-07-07T04:00:00Z,1.0885100000,1.0895100000,1.0883400000,1.0891200000,3411,OTHER,false
2023-07-07T08:00:00Z,1.0891600000,1.0900300000,1.0867100000,1.0877600000,11437,LONDON,false
2023-07-07T12:00:00Z,1.0877600000,1.0931600000,1.0870100000,1.0911800000,21856,OTHER,false
2023-07-07T16:00:00Z,1.0911700000,1.0972800000,1.0895400000,1.0971800000,28857,OTHER,false
2023-07-07T20:00:00Z,1.0971700000,1.0973400000,1.0963300000,1.0968000000,6430,OTHER,false
2023-07-10T00:00:00Z,1.0959000000,1.0969800000,1.0954100000,1.0964200000,3498,OTHER,false
2023-07-10T04:00:00Z,1.0964200000,1.0969500000,1.0952600000,1.0953100000,4998,OTHER,false
2023-07-10T08:00:00Z,1.0953100000,1.0965600000,1.0945200000,1.0964800000,8985,LONDON,false
2023-07-10T12:00:00Z,1.0964800000,1.0973400000,1.0943600000,1.0947000000,10772,OTHER,false
2023-07-10T16:00:00Z,1.0947100000,1.0992900000,1.0947100000,1.0989300000,15421,OTHER,false
2023-07-10T20:00:00Z,1.0989300000,1.1001500000,1.0987500000,1.1000700000,4813,OTHER,false
2023-07-11T00:00:00Z,1.1000800000,1.1008800000,1.0994600000,1.1006700000,2412,OTHER,false
2023-07-11T04:00:00Z,1.1006800000,1.1020200000,1.1005800000,1.1019800000,4420,OTHER,false
2023-07-11T08:00:00Z,1.1019800000,1.1027000000,1.1002200000,1.1002700000,12011,LONDON,false
2023-07-11T12:00:00Z,1.1002700000,1.1012700000,1.0976900000,1.0982000000,14103,OTHER,false
2023-07-11T16:00:00Z,1.0981900000,1.1002900000,1.0978300000,1.1002300000,13632,OTHER,false
2023-07-11T20:00:00Z,1.1002200000,1.1009200000,1.0997700000,1.1007900000,4736,OTHER,false
2023-07-12T00:00:00Z,1.1007400000,1.1021600000,1.0997200000,1.1018700000,2921,OTHER,false
2023-07-12T04:00:00Z,1.1018700000,1.1036900000,1.1018500000,1.1036200000,5539,OTHER,false
2023-07-12T08:00:00Z,1.1036200000,1.1036200000,1.1020500000,1.1022300000,9133,LONDON,false
2023-07-12T12:00:00Z,1.1022200000,1.1072000000,1.1013600000,1.1058200000,20025,OTHER,false
2023-07-12T16:00:00Z,1.1058300000,1.1133500000,1.1056300000,1.1132100000,30965,OTHER,false
2023-07-12T20:00:00Z,1.1131900000,1.1140400000,1.1124600000,1.1129200000,6902,OTHER,false
2023-07-13T00:00:00Z,1.1125100000,1.1145100000,1.1125100000,1.1138100000,3549,OTHER,false
2023-07-13T04:00:00Z,1.1138100000,1.1148800000,1.1136500000,1.1141100000,4948,OTHER,false
2023-07-13T08:00:00Z,1.1141100000,1.1170100000,1.1129600000,1.1161000000,16280,LONDON,false
2023-07-13T12:00:00Z,1.1161000000,1.1189300000,1.1155200000,1.1179700000,18972,OTHER,false
2023-07-13T16:00:00Z,1.1179900000,1.1208900000,1.1176300000,1.1205900000,21999,OTHER,false
2023-07-13T20:00:00Z,1.1205800000,1.1227900000,1.1202300000,1.1225200000,7708,OTHER,false
2023-07-14T00:00:00Z,1.1225700000,1.1229600000,1.1202800000,1.1222700000,4480,OTHER,false
2023-07-14T04:00:00Z,1.1222700000,1.1242900000,1.1222200000,1.1233200000,6006,OTHER,false
2023-07-14T08:00:00Z,1.1233200000,1.1235800000,1.1204300000,1.1231300000,11959,LONDON,false
2023-07-14T12:00:00Z,1.1231300000,1.1245000000,1.1209900000,1.1225800000,14077,OTHER,false
2023-07-14T16:00:00Z,1.1225800000,1.1244400000,1.1215000000,1.1239500000,23095,OTHER,false
2023-07-14T20:00:00Z,1.1239900000,1.1239900000,1.1226500000,1.1230300000,4117,OTHER,false
2023-07-17T00:00:00Z,1.1228800000,1.1234500000,1.1219500000,1.1224600000,2652,OTHER,false
2023-07-17T04:00:00Z,1.1224600000,1.1228400000,1.1214500000,1.1227000000,4389,OTHER,false
2023-07-17T08:00:00Z,1.1227000000,1.1248800000,1.1222100000,1.1238000000,10436,LONDON,false
2023-07-17T12:00:00Z,1.1238000000,1.1245000000,1.1220900000,1.1235600000,10852,OTHER,false
2023-07-17T16:00:00Z,1.1235600000,1.1238300000,1.1203300000,1.1233000000,12335,OTHER,false
2023-07-17T20:00:00Z,1.1233000000,1.1246100000,1.1231400000,1.1231400000,5751,OTHER,false
2023-07-18T00:00:00Z,1.1231400000,1.1246400000,1.1230800000,1.1241800000,2659,OTHER,false
2023-07-18T04:00:00Z,1.1241900000,1.1256400000,1.1238500000,1.1251800000,6763,OTHER,false
2023-07-18T08:00:00Z,1.1251800000,1.1275800000,1.1228100000,1.1236900000,16438,LONDON,false
2023-07-18T12:00:00Z,1.1237300000,1.1269800000,1.1223100000,1.1239700000,18575,OTHER,false
2023-07-18T16:00:00Z,1.1239800000,1.1246000000,1.1208900000,1.1214800000,25710,OTHER,false
2023-07-18T20:00:00Z,1.1214800000,1.1231500000,1.1209400000,1.1228000000,6199,OTHER,false
2023-07-19T00:00:00Z,1.1226300000,1.1232700000,1.1223200000,1.1229600000,3086,OTHER,false
2023-07-19T04:00:00Z,1.1229600000,1.1231300000,1.1216300000,1.1221800000,5620,OTHER,false
2023-07-19T08:00:00Z,1.1221700000,1.1237300000,1.1195800000,1.1232300000,18787,LONDON,false
2023-07-19T12:00:00Z,1.1232100000,1.1240200000,1.1208800000,1.1217100000,12863,OTHER,false
2023-07-19T16:00:00Z,1.1217100000,1.1224700000,1.1174400000,1.1192100000,22494,OTHER,false
2023-07-19T20:00:00Z,1.1192100000,1.1205000000,1.1190200000,1.1198600000,6314,OTHER,false
2023-07-20T00:00:00Z,1.1199100000,1.1220200000,1.1194100000,1.1218200000,3928,OTHER,false
2023-07-20T04:00:00Z,1.1218100000,1.1229000000,1.1215600000,1.1221400000,6302,OTHER,false
2023-07-20T08:00:00Z,1.1221400000,1.1223200000,1.1198100000,1.1208600000,12426,LONDON,false
2023-07-20T12:00:00Z,1.1208600000,1.1216700000,1.1177200000,1.1182700000,15328,OTHER,false
2023-07-20T16:00:00Z,1.1182600000,1.1188600000,1.1118500000,1.1124000000,23183,OTHER,false
2023-07-20T20:00:00Z,1.1124100000,1.1134800000,1.1122000000,1.1129000000,6523,OTHER,false
2023-07-21T00:00:00Z,1.1129100000,1.1138200000,1.1123400000,1.1137500000,3607,OTHER,false
2023-07-21T04:00:00Z,1.1137400000,1.1141700000,1.1131000000,1.1139600000,5924,OTHER,false
2023-07-21T08:00:00Z,1.1139600000,1.1144900000,1.1121600000,1.1128300000,14060,LONDON,false
2023-07-21T12:00:00Z,1.1128300000,1.1134400000,1.1117300000,1.1128400000,14555,OTHER,false
2023-07-21T16:00:00Z,1.1128400000,1.1138100000,1.1108000000,1.1123500000,14501,OTHER,false
2023-07-21T20:00:00Z,1.1123500000,1.1130300000,1.1119200000,1.1124600000,4381,OTHER,false
2023-07-24T00:00:00Z,1.1121300000,1.1132800000,1.1120300000,1.1129800000,3280,OTHER,false
2023-07-24T04:00:00Z,1.1129800000,1.1131100000,1.1117000000,1.1120200000,4701,OTHER,false
2023-07-24T08:00:00Z,1.1119900000,1.1147000000,1.1065300000,1.1071000000,23193,LONDON,false
2023-07-24T12:00:00Z,1.1071000000,1.1109000000,1.1069600000,1.1087700000,12795,OTHER,false
2023-07-24T16:00:00Z,1.1087700000,1.1104900000,1.1069100000,1.1081500000,18571,OTHER,false
2023-07-24T20:00:00Z,1.1081500000,1.1084500000,1.1060300000,1.1064100000,5001,OTHER,false
2023-07-25T00:00:00Z,1.1063600000,1.1070100000,1.1059800000,1.1067300000,2895,OTHER,false
2023-07-25T04:00:00Z,1.1067300000,1.1081600000,1.1067100000,1.1070300000,5858,OTHER,false
2023-07-25T08:00:00Z,1.1070300000,1.1086900000,1.1052600000,1.1064800000,14858,LONDON,false
2023-07-25T12:00:00Z,1.1064800000,1.1067600000,1.1039000000,1.1048400000,12679,OTHER,false
2023-07-25T16:00:00Z,1.1048400000,1.1054900000,1.1020600000,1.1042300000,17436,OTHER,false
2023-07-25T20:00:00Z,1.1042200000,1.1055300000,1.1035500000,1.1049700000,6289,OTHER,false
2023-07-26T00:00:00Z,1.1050000000,1.1056700000,1.1044200000,1.1045700000,2897,OTHER,false
2023-07-26T04:00:00Z,1.1045700000,1.1053100000,1.1037800000,1.1048200000,4743,OTHER,false
2023-07-26T08:00:00Z,1.1048100000,1.1077700000,1.1047600000,1.1075700000,12636,LONDON,false
2023-07-26T12:00:00Z,1.1075700000,1.1086100000,1.1057400000,1.1068300000,10241,OTHER,false
2023-07-26T16:00:00Z,1.1068300000,1.1082300000,1.1057800000,1.1071900000,14756,OTHER,false
2023-07-26T20:00:00Z,1.1071800000,1.1106500000,1.1056200000,1.1085200000,31643,OTHER,false
2023-07-27T00:00:00Z,1.1085600000,1.1089100000,1.1073800000,1.1086100000,3703,OTHER,false
2023-07-27T04:00:00Z,1.1086100000,1.1117900000,1.1086100000,1.1095900000,6650,OTHER,false
2023-07-27T08:00:00Z,1.1095900000,1.1139300000,1.1088000000,1.1139100000,13545,LONDON,false
2023-07-27T12:00:00Z,1.1139200000,1.1149700000,1.1047300000,1.1059300000,27309,OTHER,false
2023-07-27T16:00:00Z,1.1059000000,1.1065100000,1.0984000000,1.0990200000,40135,OTHER,false
2023-07-27T20:00:00Z,1.0990500000,1.1010600000,1.0965900000,1.0976500000,19400,OTHER,false
2023-07-28T00:00:00Z,1.0976200000,1.0983600000,1.0973700000,1.0980200000,3589,OTHER,false
2023-07-28T04:00:00Z,1.0980200000,1.0988100000,1.0959600000,1.0972900000,17383,OTHER,false
2023-07-28T08:00:00Z,1.0972900000,1.0991300000,1.0943700000,1.0959700000,28952,LONDON,false
2023-07-28T12:00:00Z,1.0959900000,1.1033400000,1.0956400000,1.1009300000,21616,OTHER,false
2023-07-28T16:00:00Z,1.1009400000,1.1047700000,1.0993100000,1.1025500000,26788,OTHER,false
2023-07-28T20:00:00Z,1.1025500000,1.1029700000,1.1011600000,1.1014100000,8613,OTHER,false
2023-07-31T00:00:00Z,1.1023000000,1.1027900000,1.1010100000,1.1022100000,3894,OTHER,false
2023-07-31T04:00:00Z,1.1022100000,1.1026400000,1.1005900000,1.1006000000,6286,OTHER,false
2023-07-31T08:00:00Z,1.1006000000,1.1035900000,1.1005400000,1.1033900000,13333,LONDON,false
2023-07-31T12:00:00Z,1.1034000000,1.1040300000,1.1019000000,1.1028200000,13432,OTHER,false
2023-07-31T16:00:00Z,1.1028300000,1.1045900000,1.1003900000,1.1006700000,22128,OTHER,false
2023-07-31T20:00:00Z,1.1006500000,1.1011400000,1.0993200000,1.0996400000,4800,OTHER,false
2023-08-01T00:00:00Z,1.0996600000,1.1002900000,1.0988300000,1.0988900000,2566,OTHER,false
2023-08-01T04:00:00Z,1.0988800000,1.0991000000,1.0980100000,1.0990300000,4430,OTHER,false
2023-08-01T08:00:00Z,1.0989800000,1.1000300000,1.0970200000,1.0974400000,12599,LONDON,false
2023-08-01T12:00:00Z,1.0974500000,1.0984600000,1.0952500000,1.0956400000,14178,OTHER,false
2023-08-01T16:00:00Z,1.0956500000,1.0989100000,1.0956000000,1.0972000000,24330,OTHER,false
2023-08-01T20:00:00Z,1.0972000000,1.0985200000,1.0962800000,1.0984200000,5878,OTHER,false
2023-08-02T00:00:00Z,1.0981600000,1.1018700000,1.0975600000,1.0996200000,6964,OTHER,false
2023-08-02T04:00:00Z,1.0996200000,1.1007000000,1.0980000000,1.0989200000,6107,OTHER,false
2023-08-02T08:00:00Z,1.0989200000,1.1000700000,1.0976200000,1.0984400000,13877,LONDON,false
2023-08-02T12:00:00Z,1.0984300000,1.0987200000,1.0957600000,1.0959800000,18395,OTHER,false
2023-08-02T16:00:00Z,1.0959800000,1.0968000000,1.0917800000,1.0950600000,26942,OTHER,false
2023-08-02T20:00:00Z,1.0950600000,1.0957600000,1.0934900000,1.0937900000,4730,OTHER,false
2023-08-03T00:00:00Z,1.0937100000,1.0945500000,1.0930600000,1.0939900000,3308,OTHER,false
2023-08-03T04:00:00Z,1.0939800000,1.0949100000,1.0922500000,1.0923300000,4951,OTHER,false
2023-08-03T08:00:00Z,1.0923400000,1.0943000000,1.0912400000,1.0924800000,18142,LONDON,false
2023-08-03T12:00:00Z,1.0924800000,1.0956400000,1.0921700000,1.0938100000,23146,OTHER,false
2023-08-03T16:00:00Z,1.0938100000,1.0962800000,1.0915600000,1.0955300000,26072,OTHER,false
2023-08-03T20:00:00Z,1.0955300000,1.0957000000,1.0938500000,1.0948000000,4940,OTHER,false
2023-08-04T00:00:00Z,1.0949000000,1.0955500000,1.0929300000,1.0955400000,2803,OTHER,false
2023-08-04T04:00:00Z,1.0955400000,1.0961600000,1.0949300000,1.0950000000,4974,OTHER,false
2023-08-04T08:00:00Z,1.0950100000,1.0958400000,1.0937900000,1.0940400000,9208,LONDON,false
2023-08-04T12:00:00Z,1.0940400000,1.0998000000,1.0934900000,1.0989800000,22191,OTHER,false
2023-08-04T16:00:00Z,1.0989400000,1.1042100000,1.0985900000,1.1034000000,30949,OTHER,false
2023-08-04T20:00:00Z,1.1034000000,1.1039100000,1.1003600000,1.1005500000,8231,OTHER,false
2023-08-07T00:00:00Z,1.1011100000,1.1016000000,1.1000200000,1.1009900000,3661,OTHER,false
2023-08-07T04:00:00Z,1.1009800000,1.1009900000,1.0991800000,1.0996500000,5005,OTHER,false
2023-08-07T08:00:00Z,1.0996500000,1.0997300000,1.0970800000,1.0974800000,10917,LONDON,false
2023-08-07T12:00:00Z,1.0974800000,1.0996400000,1.0965500000,1.0995700000,11552,OTHER,false
2023-08-07T16:00:00Z,1.0995800000,1.1011800000,1.0985900000,1.1000700000,15883,OTHER,false
2023-08-07T20:00:00Z,1.1000700000,1.1010200000,1.0995600000,1.1002100000,5806,OTHER,false
2023-08-08T00:00:00Z,1.1002600000,1.1005600000,1.0989400000,1.0992000000,2469,OTHER,false
2023-08-08T04:00:00Z,1.0991800000,1.0992600000,1.0976800000,1.0992200000,5691,OTHER,false
2023-08-08T08:00:00Z,1.0992200000,1.1011200000,1.0974000000,1.0985400000,13286,LONDON,false
2023-08-08T12:00:00Z,1.0985400000,1.0986500000,1.0934600000,1.0942900000,19608,OTHER,false
2023-08-08T16:00:00Z,1.0943000000,1.0957700000,1.0929200000,1.0948400000,15361,OTHER,false
2023-08-08T20:00:00Z,1.0948400000,1.0962200000,1.0948100000,1.0955600000,4596,OTHER,false
2023-08-09T00:00:00Z,1.0955600000,1.0965200000,1.0944500000,1.0957700000,2362,OTHER,false
2023-08-09T04:00:00Z,1.0957700000,1.0970700000,1.0955000000,1.0966800000,4435,OTHER,false
2023-08-09T08:00:00Z,1.0967000000,1.0988800000,1.0967000000,1.0983800000,11706,LONDON,false
2023-08-09T12:00:00Z,1.0983800000,1.0987200000,1.0962100000,1.0981600000,10262,OTHER,false
2023-08-09T16:00:00Z,1.0981700000,1.0995400000,1.0971500000,1.0978400000,15706,OTHER,false
2023-08-09T20:00:00Z,1.0978400000,1.0991600000,1.0970900000,1.0973400000,4756,OTHER,false
2023-08-10T00:00:00Z,1.0973900000,1.0978700000,1.0965100000,1.0970900000,2488,OTHER,false
2023-08-10T04:00:00Z,1.0970900000,1.0988100000,1.0967600000,1.0979400000,4158,OTHER,false
2023-08-10T08:00:00Z,1.0979400000,1.1026500000,1.0978600000,1.1018700000,13861,LONDON,false
2023-08-10T12:00:00Z,1.1018700000,1.1065300000,1.1010000000,1.1041300000,23233,OTHER,false
2023-08-10T16:00:00Z,1.1041300000,1.1045800000,1.1007700000,1.1013500000,32681,OTHER,false
2023-08-10T20:00:00Z,1.1013400000,1.1014200000,1.0976300000,1.0980500000,16123,OTHER,false
2023-08-11T00:00:00Z,1.0979900000,1.0989200000,1.0976000000,1.0987900000,1984,OTHER,false
2023-08-11T04:00:00Z,1.0987900000,1.0997900000,1.0983700000,1.0985000000,4155,OTHER,false
2023-08-11T08:00:00Z,1.0985000000,1.1003200000,1.0984100000,1.0999500000,9620,LONDON,false
2023-08-11T12:00:00Z,1.0999500000,1.1004900000,1.0966000000,1.0968300000,17778,OTHER,false
2023-08-11T16:00:00Z,1.0968000000,1.0983800000,1.0945900000,1.0946600000,25038,OTHER,false
2023-08-11T20:00:00Z,1.0946600000,1.0955400000,1.0943100000,1.0945100000,7569,OTHER,false
2023-08-14T00:00:00Z,1.0949200000,1.0951400000,1.0935800000,1.0936900000,3116,OTHER,false
2023-08-14T04:00:00Z,1.0937100000,1.0940700000,1.0929000000,1.0935600000,6168,OTHER,false
2023-08-14T08:00:00Z,1.0935900000,1.0960200000,1.0926100000,1.0946300000,14521,LONDON,false
2023-08-14T12:00:00Z,1.0946300000,1.0953100000,1.0902200000,1.0905800000,13064,OTHER,false
2023-08-14T16:00:00Z,1.0905800000,1.0936000000,1.0874400000,1.0928300000,26856,OTHER,false
2023-08-14T20:00:00Z,1.0928200000,1.0931000000,1.0902700000,1.0905200000,6790,OTHER,false
2023-08-15T00:00:00Z,1.0902800000,1.0909400000,1.0900600000,1.0906900000,3575,OTHER,false
2023-08-15T04:00:00Z,1.0906900000,1.0917400000,1.0900500000,1.0910300000,5231,OTHER,false
2023-08-15T08:00:00Z,1.0910300000,1.0934300000,1.0906500000,1.0927800000,17146,LONDON,false
2023-08-15T12:00:00Z,1.0927800000,1.0945000000,1.0896700000,1.0922000000,23926,OTHER,false
2023-08-15T16:00:00Z,1.0922000000,1.0952500000,1.0915000000,1.0917900000,29801,OTHER,false
2023-08-15T20:00:00Z,1.0918000000,1.0921100000,1.0899000000,1.0904300000,6997,OTHER,false
2023-08-16T00:00:00Z,1.0904200000,1.0905600000,1.0895200000,1.0902800000,2836,OTHER,false
2023-08-16T04:00:00Z,1.0902700000,1.0913500000,1.0898800000,1.0913400000,5870,OTHER,false
2023-08-16T08:00:00Z,1.0913400000,1.0934600000,1.0910700000,1.0928300000,12388,LONDON,false
2023-08-16T12:00:00Z,1.0928300000,1.0932600000,1.0902400000,1.0902500000,13065,OTHER,false
2023-08-16T16:00:00Z,1.0902400000,1.0923400000,1.0886100000,1.0886800000,23981,OTHER,false
2023-08-16T20:00:00Z,1.0886800000,1.0900400000,1.0871600000,1.0878800000,11213,OTHER,false
2023-08-17T00:00:00Z,1.0878900000,1.0883300000,1.0866100000,1.0869500000,3148,OTHER,false
2023-08-17T04:00:00Z,1.0869500000,1.0870700000,1.0861400000,1.0868600000,5323,OTHER,false
2023-08-17T08:00:00Z,1.0868600000,1.0886800000,1.0862800000,1.0873100000,14194,LONDON,false
2023-08-17T12:00:00Z,1.0873000000,1.0918500000,1.0863700000,1.0906400000,23120,OTHER,false
2023-08-17T16:00:00Z,1.0906400000,1.0918000000,1.0866900000,1.0878000000,32097,OTHER,false
2023-08-17T20:00:00Z,1.0878000000,1.0878500000,1.0856100000,1.0871700000,13787,OTHER,false
2023-08-18T00:00:00Z,1.0871600000,1.0892000000,1.0858700000,1.0889700000,3706,OTHER,false
2023-08-18T04:00:00Z,1.0889700000,1.0893800000,1.0880500000,1.0882500000,5334,OTHER,false
2023-08-18T08:00:00Z,1.0882200000,1.0887300000,1.0863700000,1.0867200000,18437,LONDON,false
2023-08-18T12:00:00Z,1.0867400000,1.0876400000,1.0845100000,1.0855500000,19045,OTHER,false
2023-08-18T16:00:00Z,1.0855600000,1.0881500000,1.0853100000,1.0873200000,27116,OTHER,false
2023-08-18T20:00:00Z,1.0873200000,1.0881400000,1.0867700000,1.0869600000,10258,OTHER,false
2023-08-21T00:00:00Z,1.0867100000,1.0884200000,1.0863400000,1.0879800000,2198,OTHER,false
2023-08-21T04:00:00Z,1.0879800000,1.0883700000,1.0869100000,1.0881200000,4934,OTHER,false
2023-08-21T08:00:00Z,1.0881300000,1.0889900000,1.0872400000,1.0886000000,16133,LONDON,false
2023-08-21T12:00:00Z,1.0886000000,1.0913700000,1.0885700000,1.0898500000,19952,OTHER,false
2023-08-21T16:00:00Z,1.0898500000,1.0904400000,1.0875400000,1.0901700000,25250,OTHER,false
2023-08-21T20:00:00Z,1.0901700000,1.0903500000,1.0892700000,1.0894900000,7164,OTHER,false
2023-08-22T00:00:00Z,1.0894900000,1.0901500000,1.0886400000,1.0900300000,2155,OTHER,false
2023-08-22T04:00:00Z,1.0900400000,1.0917000000,1.0897900000,1.0908900000,4547,OTHER,false
2023-08-22T08:00:00Z,1.0909000000,1.0930500000,1.0904700000,1.0910000000,14434,LONDON,false
2023-08-22T12:00:00Z,1.0910000000,1.0912400000,1.0864600000,1.0866100000,18813,OTHER,false
2023-08-22T16:00:00Z,1.0866100000,1.0871300000,1.0832900000,1.0849400000,28467,OTHER,false
2023-08-22T20:00:00Z,1.0849400000,1.0855400000,1.0843500000,1.0845200000,6700,OTHER,false
2023-08-23T00:00:00Z,1.0844800000,1.0853400000,1.0839800000,1.0847000000,1988,OTHER,false
2023-08-23T04:00:00Z,1.0847000000,1.0860700000,1.0844600000,1.0860700000,5260,OTHER,false
2023-08-23T08:00:00Z,1.0860700000,1.0871500000,1.0811500000,1.0819200000,24763,LONDON,false
2023-08-23T12:00:00Z,1.0819300000,1.0820500000,1.0802600000,1.0804300000,13909,OTHER,false
2023-08-23T16:00:00Z,1.0804300000,1.0868300000,1.0803500000,1.0863000000,25468,OTHER,false
2023-08-23T20:00:00Z,1.0863000000,1.0870100000,1.0855900000,1.0862700000,6865,OTHER,false
2023-08-24T00:00:00Z,1.0863100000,1.0875000000,1.0858900000,1.0869700000,4269,OTHER,false
2023-08-24T04:00:00Z,1.0869700000,1.0871000000,1.0858500000,1.0869500000,4114,OTHER,false
2023-08-24T08:00:00Z,1.0869400000,1.0876700000,1.0852200000,1.0862100000,11000,LONDON,false
2023-08-24T12:00:00Z,1.0862100000,1.0863600000,1.0814200000,1.0820900000,14312,OTHER,false
2023-08-24T16:00:00Z,1.0821000000,1.0848800000,1.0818000000,1.0821300000,20877,OTHER,false
2023-08-24T20:00:00Z,1.0821300000,1.0824000000,1.0805000000,1.0809600000,6099,OTHER,false
2023-08-25T00:00:00Z,1.0808600000,1.0815000000,1.0792300000,1.0794100000,3545,OTHER,false
2023-08-25T04:00:00Z,1.0794200000,1.0795000000,1.0776500000,1.0782300000,4761,OTHER,false
2023-08-25T08:00:00Z,1.0782200000,1.0792100000,1.0766100000,1.0786500000,13106,LONDON,false
2023-08-25T12:00:00Z,1.0786400000,1.0817400000,1.0784800000,1.0812900000,11525,OTHER,false
2023-08-25T16:00:00Z,1.0812900000,1.0842000000,1.0765600000,1.0796400000,45189,OTHER,false
2023-08-25T20:00:00Z,1.0796400000,1.0812600000,1.0790900000,1.0794400000,7965,OTHER,false
2023-08-28T00:00:00Z,1.0795800000,1.0804600000,1.0792800000,1.0802200000,3008,OTHER,false
2023-08-28T04:00:00Z,1.0802200000,1.0811200000,1.0801400000,1.0807700000,3904,OTHER,false
2023-08-28T08:00:00Z,1.0807700000,1.0820900000,1.0799400000,1.0800600000,8480,LONDON,false
2023-08-28T12:00:00Z,1.0800600000,1.0822300000,1.0800200000,1.0810300000,12551,OTHER,false
2023-08-28T16:00:00Z,1.0810400000,1.0814200000,1.0799000000,1.0807600000,18573,OTHER,false
2023-08-28T20:00:00Z,1.0807600000,1.0820100000,1.0803900000,1.0818200000,5911,OTHER,false
2023-08-29T00:00:00Z,1.0818600000,1.0831300000,1.0809200000,1.0823300000,3278,OTHER,false
2023-08-29T04:00:00Z,1.0823400000,1.0838300000,1.0823000000,1.0824300000,3772,OTHER,false
2023-08-29T08:00:00Z,1.0824400000,1.0829800000,1.0808100000,1.0810300000,10627,LONDON,false
2023-08-29T12:00:00Z,1.0810200000,1.0816300000,1.0786200000,1.0792400000,13988,OTHER,false
2023-08-29T16:00:00Z,1.0792300000,1.0864200000,1.0782200000,1.0862900000,38440,OTHER,false
2023-08-29T20:00:00Z,1.0862900000,1.0892000000,1.0860600000,1.0879300000,10204,OTHER,false
2023-08-30T00:00:00Z,1.0879600000,1.0884800000,1.0866800000,1.0869800000,3869,OTHER,false
2023-08-30T04:00:00Z,1.0869800000,1.0872200000,1.0860600000,1.0860600000,5179,OTHER,false
2023-08-30T08:00:00Z,1.0860600000,1.0876900000,1.0855100000,1.0867300000,13553,LONDON,false
2023-08-30T12:00:00Z,1.0867500000,1.0925800000,1.0866100000,1.0921200000,23847,OTHER,false
2023-08-30T16:00:00Z,1.0921200000,1.0945500000,1.0913200000,1.0925900000,31035,OTHER,false
2023-08-30T20:00:00Z,1.0925900000,1.0932900000,1.0916600000,1.0922700000,7561,OTHER,false
2023-08-31T00:00:00Z,1.0922800000,1.0933900000,1.0917300000,1.0933100000,2463,OTHER,false
2023-08-31T04:00:00Z,1.0932900000,1.0939400000,1.0918100000,1.0918700000,3646,OTHER,false
2023-08-31T08:00:00Z,1.0918700000,1.0924300000,1.0877200000,1.0877900000,17674,LONDON,false
2023-08-31T12:00:00Z,1.0877900000,1.0885100000,1.0857500000,1.0874400000,25671,OTHER,false
2023-08-31T16:00:00Z,1.0874400000,1.0874800000,1.0835300000,1.0838700000,29469,OTHER,false
2023-08-31T20:00:00Z,1.0838900000,1.0854100000,1.0836400000,1.0842700000,9472,OTHER,false
2023-09-01T00:00:00Z,1.0842800000,1.0845100000,1.0835000000,1.0837800000,3115,OTHER,false
2023-09-01T04:00:00Z,1.0837800000,1.0854100000,1.0837600000,1.0846600000,4942,OTHER,false
2023-09-01T08:00:00Z,1.0846700000,1.0859700000,1.0828600000,1.0848600000,15745,LONDON,false
2023-09-01T12:00:00Z,1.0848600000,1.0881800000,1.0832400000,1.0863800000,23750,OTHER,false
2023-09-01T16:00:00Z,1.0863800000,1.0881400000,1.0780100000,1.0783900000,49221,OTHER,false
2023-09-01T20:00:00Z,1.0784000000,1.0789200000,1.0771500000,1.0772800000,7221,OTHER,false
2023-09-04T00:00:00Z,1.0773800000,1.0780600000,1.0771200000,1.0778700000,2502,OTHER,false
2023-09-04T04:00:00Z,1.0778600000,1.0787200000,1.0774800000,1.0786700000,3524,OTHER,false
2023-09-04T08:00:00Z,1.0786900000,1.0807000000,1.0783700000,1.0797800000,11466,LONDON,false
2023-09-04T12:00:00Z,1.0797900000,1.0808900000,1.0792500000,1.0797500000,9743,OTHER,false
2023-09-04T16:00:00Z,1.0797500000,1.0805500000,1.0783400000,1.0794000000,7584,OTHER,false
2023-09-04T20:00:00Z,1.0794000000,1.0797000000,1.0792500000,1.0793400000,1136,OTHER,false
2023-09-05T00:00:00Z,1.0796100000,1.0797700000,1.0785600000,1.0792800000,1692,OTHER,false
2023-09-05T04:00:00Z,1.0793000000,1.0798300000,1.0780600000,1.0792200000,3985,OTHER,false
2023-09-05T08:00:00Z,1.0792300000,1.0793500000,1.0741900000,1.0748300000,21097,LONDON,false
2023-09-05T12:00:00Z,1.0748300000,1.0757100000,1.0716600000,1.0744100000,21084,OTHER,false
2023-09-05T16:00:00Z,1.0744200000,1.0748900000,1.0706200000,1.0729600000,31537,OTHER,false
2023-09-05T20:00:00Z,1.0729700000,1.0731500000,1.0718700000,1.0720900000,5971,OTHER,false
2023-09-06T00:00:00Z,1.0722000000,1.0727800000,1.0715100000,1.0719200000,2808,OTHER,false
2023-09-06T04:00:00Z,1.0719200000,1.0736100000,1.0713200000,1.0735900000,4584,OTHER,false
2023-09-06T08:00:00Z,1.0735900000,1.0747900000,1.0723200000,1.0734100000,18699,LONDON,false
2023-09-06T12:00:00Z,1.0734100000,1.0748900000,1.0724700000,1.0737000000,15694,OTHER,false
2023-09-06T16:00:00Z,1.0736900000,1.0740300000,1.0702400000,1.0721000000,34491,OTHER,false
2023-09-06T20:00:00Z,1.0721000000,1.0729600000,1.0720200000,1.0726800000,7125,OTHER,false
2023-09-07T00:00:00Z,1.0723300000,1.0727600000,1.0718900000,1.0722200000,2058,OTHER,false
2023-09-07T04:00:00Z,1.0722200000,1.0731800000,1.0718000000,1.0719400000,3321,OTHER,false
2023-09-07T08:00:00Z,1.0719300000,1.0725700000,1.0707700000,1.0710500000,15327,LONDON,false
2023-09-07T12:00:00Z,1.0710500000,1.0717900000,1.0686100000,1.0693400000,19208,OTHER,false
2023-09-07T16:00:00Z,1.0693200000,1.0710100000,1.0686400000,1.0704100000,25688,OTHER,false
2023-09-07T20:00:00Z,1.0704100000,1.0709600000,1.0693800000,1.0694800000,7181,OTHER,false
2023-09-08T00:00:00Z,1.0696500000,1.0715000000,1.0692400000,1.0714200000,2820,OTHER,false
2023-09-08T04:00:00Z,1.0714200000,1.0723300000,1.0704600000,1.0713500000,4462,OTHER,false
2023-09-08T08:00:00Z,1.0713500000,1.0728300000,1.0707700000,1.0711900000,14825,LONDON,false
2023-09-08T12:00:00Z,1.0711900000,1.0713700000,1.0694200000,1.0702500000,16321,OTHER,false
2023-09-08T16:00:00Z,1.0702500000,1.0743800000,1.0699600000,1.0704500000,24151,OTHER,false
2023-09-08T20:00:00Z,1.0704500000,1.0710800000,1.0697200000,1.0699300000,6959,OTHER,false
2023-09-11T00:00:00Z,1.0714700000,1.0721000000,1.0698000000,1.0713300000,3967,OTHER,false
2023-09-11T04:00:00Z,1.0713100000,1.0737700000,1.0710100000,1.0735600000,5300,OTHER,false
2023-09-11T08:00:00Z,1.0735600000,1.0741400000,1.0722400000,1.0728600000,14309,LONDON,false
2023-09-11T12:00:00Z,1.0728500000,1.0734400000,1.0715500000,1.0727600000,14566,OTHER,false
2023-09-11T16:00:00Z,1.0727500000,1.0759400000,1.0722400000,1.0751200000,21336,OTHER,false
2023-09-11T20:00:00Z,1.0751200000,1.0752400000,1.0744300000,1.0750000000,6358,OTHER,false
2023-09-12T00:00:00Z,1.0742700000,1.0752200000,1.0735600000,1.0743900000,1903,OTHER,false
2023-09-12T04:00:00Z,1.0743900000,1.0768800000,1.0737300000,1.0739100000,5213,OTHER,false
2023-09-12T08:00:00Z,1.0739100000,1.0740900000,1.0712200000,1.0714600000,12954,LONDON,false
2023-09-12T12:00:00Z,1.0714500000,1.0726100000,1.0705800000,1.0707300000,14357,OTHER,false
2023-09-12T16:00:00Z,1.0707300000,1.0737600000,1.0705500000,1.0723300000,17718,OTHER,false
2023-09-12T20:00:00Z,1.0723200000,1.0764700000,1.0723200000,1.0752900000,8892,OTHER,false
2023-09-13T00:00:00Z,1.0753800000,1.0764100000,1.0748500000,1.0759000000,3001,OTHER,false
2023-09-13T04:00:00Z,1.0759000000,1.0764700000,1.0744400000,1.0752400000,3821,OTHER,false
2023-09-13T08:00:00Z,1.0752400000,1.0754700000,1.0731200000,1.0735200000,14557,LONDON,false
2023-09-13T12:00:00Z,1.0735200000,1.0761800000,1.0710700000,1.0747900000,26402,OTHER,false
2023-09-13T16:00:00Z,1.0747900000,1.0756000000,1.0727200000,1.0740800000,30985,OTHER,false
2023-09-13T20:00:00Z,1.0740700000,1.0749200000,1.0728000000,1.0728300000,8423,OTHER,false
2023-09-14T00:00:00Z,1.0728100000,1.0742000000,1.0726900000,1.0739600000,2391,OTHER,false
2023-09-14T04:00:00Z,1.0739800000,1.0748900000,1.0731700000,1.0747200000,4768,OTHER,false
2023-09-14T08:00:00Z,1.0747200000,1.0752200000,1.0732200000,1.0734000000,11543,LONDON,false
2023-09-14T12:00:00Z,1.0734000000,1.0747300000,1.0655000000,1.0676700000,30913,OTHER,false
2023-09-14T16:00:00Z,1.0676900000,1.0697300000,1.0645000000,1.0648600000,41559,OTHER,false
2023-09-14T20:00:00Z,1.0648500000,1.0650900000,1.0631900000,1.0642000000,9199,OTHER,false
2023-09-15T00:00:00Z,1.0642600000,1.0643700000,1.0631400000,1.0642300000,2711,OTHER,false
2023-09-15T04:00:00Z,1.0642300000,1.0653600000,1.0633200000,1.0653500000,4866,OTHER,false
2023-09-15T08:00:00Z,1.0653500000,1.0668900000,1.0648900000,1.0665800000,14579,LONDON,false
2023-09-15T12:00:00Z,1.0665700000,1.0669300000,1.0645200000,1.0650500000,14451,OTHER,false
2023-09-15T16:00:00Z,1.0650600000,1.0687900000,1.0649800000,1.0672400000,29426,OTHER,false
2023-09-15T20:00:00Z,1.0672400000,1.0676500000,1.0656800000,1.0659100000,6789,OTHER,false
2023-09-18T00:00:00Z,1.0658700000,1.0671900000,1.0657700000,1.0671500000,2038,OTHER,false
2023-09-18T04:00:00Z,1.0671500000,1.0673800000,1.0661100000,1.0668800000,2979,OTHER,false
2023-09-18T08:00:00Z,1.0668800000,1.0677800000,1.0656400000,1.0664000000,11004,LONDON,false
2023-09-18T12:00:00Z,1.0664000000,1.0674900000,1.0656100000,1.0656900000,13317,OTHER,false
2023-09-18T16:00:00Z,1.0657000000,1.0698900000,1.0654600000,1.0692200000,18525,OTHER,false
2023-09-18T20:00:00Z,1.0692200000,1.0698100000,1.0678000000,1.0690700000,6053,OTHER,false
2023-09-19T00:00:00Z,1.0691300000,1.0696500000,1.0669100000,1.0688400000,2110,OTHER,false
2023-09-19T04:00:00Z,1.0688500000,1.0689500000,1.0679000000,1.0679800000,2491,OTHER,false
2023-09-19T08:00:00Z,1.0679800000,1.0695400000,1.0675200000,1.0686400000,11816,LONDON,false
2023-09-19T12:00:00Z,1.0686100000,1.0718100000,1.0682200000,1.0699800000,15344,OTHER,false
2023-09-19T16:00:00Z,1.0699800000,1.0701500000,1.0678400000,1.0684800000,19217,OTHER,false
2023-09-19T20:00:00Z,1.0684800000,1.0691800000,1.0676200000,1.0679000000,6965,OTHER,false
2023-09-20T00:00:00Z,1.0677500000,1.0686000000,1.0675500000,1.0684800000,1980,OTHER,false
2023-09-20T04:00:00Z,1.0685000000,1.0689700000,1.0677800000,1.0678600000,2644,OTHER,false
2023-09-20T08:00:00Z,1.0678600000,1.0697000000,1.0672900000,1.0696300000,13906,LONDON,false
2023-09-20T12:00:00Z,1.0696300000,1.0705000000,1.0692200000,1.0698100000,10838,OTHER,false
2023-09-20T16:00:00Z,1.0698000000,1.0737000000,1.0697200000,1.0735300000,18844,OTHER,false
2023-09-20T20:00:00Z,1.0735300000,1.0735500000,1.0650100000,1.0660800000,32054,OTHER,false
2023-09-21T00:00:00Z,1.0659700000,1.0663900000,1.0629800000,1.0631000000,3965,OTHER,false
2023-09-21T04:00:00Z,1.0630900000,1.0641300000,1.0616400000,1.0637100000,6555,OTHER,false
2023-09-21T08:00:00Z,1.0637200000,1.0663900000,1.0632800000,1.0655600000,17364,LONDON,false
2023-09-21T12:00:00Z,1.0655600000,1.0664700000,1.0624800000,1.0642100000,24145,OTHER,false
2023-09-21T16:00:00Z,1.0642100000,1.0673600000,1.0637800000,1.0655700000,28233,OTHER,false
2023-09-21T20:00:00Z,1.0655700000,1.0671000000,1.0655600000,1.0660400000,9725,OTHER,false
2023-09-22T00:00:00Z,1.0658000000,1.0663700000,1.0647600000,1.0657500000,2680,OTHER,false
2023-09-22T04:00:00Z,1.0657500000,1.0657500000,1.0640900000,1.0654800000,5162,OTHER,false
2023-09-22T08:00:00Z,1.0654800000,1.0668000000,1.0614900000,1.0646400000,19971,LONDON,false
2023-09-22T12:00:00Z,1.0646400000,1.0660700000,1.0633800000,1.0655700000,8224,OTHER,false
2023-09-22T16:00:00Z,1.0655700000,1.0671800000,1.0641800000,1.0655600000,11522,OTHER,false
2023-09-22T20:00:00Z,1.0655500000,1.0661500000,1.0639100000,1.0642800000,4010,OTHER,false
2023-09-25T00:00:00Z,1.0649800000,1.0655200000,1.0642000000,1.0654600000,2266,OTHER,false
2023-09-25T04:00:00Z,1.0654600000,1.0654800000,1.0642900000,1.0648900000,2465,OTHER,false
2023-09-25T08:00:00Z,1.0649000000,1.0653000000,1.0624000000,1.0625800000,8078,LONDON,false
2023-09-25T12:00:00Z,1.0625700000,1.0643600000,1.0619200000,1.0621900000,7194,OTHER,false
2023-09-25T16:00:00Z,1.0621900000,1.0624300000,1.0575300000,1.0588900000,12385,OTHER,false
2023-09-25T20:00:00Z,1.0588900000,1.0598800000,1.0585400000,1.0591900000,3314,OTHER,false
2023-09-26T00:00:00Z,1.0592800000,1.0596300000,1.0580500000,1.0584200000,2786,OTHER,false
2023-09-26T04:00:00Z,1.0584100000,1.0592900000,1.0578100000,1.0592600000,3077,OTHER,false
2023-09-26T08:00:00Z,1.0592600000,1.0600000000,1.0570000000,1.0595900000,8667,LONDON,false
2023-09-26T12:00:00Z,1.0596000000,1.0609100000,1.0589500000,1.0605800000,7775,OTHER,false
2023-09-26T16:00:00Z,1.0605800000,1.0606500000,1.0567400000,1.0569200000,12413,OTHER,false
2023-09-26T20:00:00Z,1.0569000000,1.0576100000,1.0561800000,1.0571900000,3819,OTHER,false
2023-09-27T00:00:00Z,1.0568200000,1.0573800000,1.0555800000,1.0559600000,2499,OTHER,false
2023-09-27T04:00:00Z,1.0559700000,1.0569800000,1.0557200000,1.0560000000,3745,OTHER,false
2023-09-27T08:00:00Z,1.0560000000,1.0574000000,1.0554700000,1.0559800000,6865,LONDON,false
2023-09-27T12:00:00Z,1.0559900000,1.0563600000,1.0534200000,1.0546800000,9589,OTHER,false
2023-09-27T16:00:00Z,1.0546700000,1.0548800000,1.0500500000,1.0503100000,16216,OTHER,false
2023-09-27T20:00:00Z,1.0502800000,1.0518600000,1.0488100000,1.0501500000,8865,OTHER,false
2023-09-28T00:00:00Z,1.0500900000,1.0515200000,1.0493200000,1.0515000000,2408,OTHER,false
2023-09-28T04:00:00Z,1.0514900000,1.0516000000,1.0496600000,1.0504100000,3568,OTHER,false
2023-09-28T08:00:00Z,1.0504400000,1.0524200000,1.0490900000,1.0516700000,10814,LONDON,false
2023-09-28T12:00:00Z,1.0517000000,1.0557400000,1.0515200000,1.0518300000,15460,OTHER,false
2023-09-28T16:00:00Z,1.0518200000,1.0579000000,1.0517900000,1.0558000000,20143,OTHER,false
2023-09-28T20:00:00Z,1.0557900000,1.0567200000,1.0549900000,1.0564000000,6331,OTHER,false
2023-09-29T00:00:00Z,1.0564600000,1.0567500000,1.0554400000,1.0563900000,2006,OTHER,false
2023-09-29T04:00:00Z,1.0563900000,1.0582600000,1.0561900000,1.0580200000,2795,OTHER,false
2023-09-29T08:00:00Z,1.0580200000,1.0616700000,1.0574000000,1.0609400000,10939,LONDON,false
2023-09-29T12:00:00Z,1.0609000000,1.0617000000,1.0588200000,1.0600000000,13598,OTHER,false
2023-09-29T16:00:00Z,1.0599800000,1.0607400000,1.0570000000,1.0577700000,20839,OTHER,false
2023-09-29T20:00:00Z,1.0577600000,1.0579900000,1.0564100000,1.0573500000,7512,OTHER,false
2023-10-02T00:00:00Z,1.0565100000,1.0571500000,1.0557400000,1.0564100000,3448,OTHER,false
2023-10-02T04:00:00Z,1.0564100000,1.0571300000,1.0564000000,1.0568800000,2066,OTHER,false
2023-10-02T08:00:00Z,1.0568700000,1.0591700000,1.0560000000,1.0562000000,9631,LONDON,false
2023-10-02T12:00:00Z,1.0561900000,1.0562700000,1.0525000000,1.0529600000,10865,OTHER,false
2023-10-02T16:00:00Z,1.0529500000,1.0532600000,1.0488400000,1.0489200000,20085,OTHER,false
2023-10-02T20:00:00Z,1.0489200000,1.0505200000,1.0476800000,1.0476800000,5928,OTHER,false
2023-10-03T00:00:00Z,1.0477000000,1.0482600000,1.0464000000,1.0472400000,3199,OTHER,false
2023-10-03T04:00:00Z,1.0472000000,1.0474800000,1.0459900000,1.0463300000,4150,OTHER,false
2023-10-03T08:00:00Z,1.0463300000,1.0493400000,1.0460900000,1.0485300000,9860,LONDON,false
2023-10-03T12:00:00Z,1.0485100000,1.0491000000,1.0462200000,1.0466100000,11326,OTHER,false
2023-10-03T16:00:00Z,1.0466100000,1.0485500000,1.0448000000,1.0462400000,32280,OTHER,false
2023-10-03T20:00:00Z,1.0462400000,1.0479700000,1.0459700000,1.0465500000,7520,OTHER,false
2023-10-04T00:00:00Z,1.0466500000,1.0475500000,1.0451800000,1.0471400000,2430,OTHER,false
2023-10-04T04:00:00Z,1.0471400000,1.0471900000,1.0457200000,1.0469900000,4113,OTHER,false
2023-10-04T08:00:00Z,1.0470100000,1.0488800000,1.0451400000,1.0486100000,9592,LONDON,false
2023-10-04T12:00:00Z,1.0486200000,1.0532300000,1.0484800000,1.0525400000,15543,OTHER,false
2023-10-04T16:00:00Z,1.0525400000,1.0526000000,1.0483100000,1.0512400000,20038,OTHER,false
2023-10-04T20:00:00Z,1.0512200000,1.0519500000,1.0497700000,1.0503700000,6064,OTHER,false
2023-10-05T00:00:00Z,1.0506100000,1.0521900000,1.0500500000,1.0520200000,2398,OTHER,false
2023-10-05T04:00:00Z,1.0520100000,1.0528900000,1.0520100000,1.0520700000,4210,OTHER,false
2023-10-05T08:00:00Z,1.0520800000,1.0526100000,1.0501400000,1.0504300000,11494,LONDON,false
2023-10-05T12:00:00Z,1.0504300000,1.0529800000,1.0500200000,1.0514800000,18147,OTHER,false
2023-10-05T16:00:00Z,1.0514800000,1.0540100000,1.0507900000,1.0535900000,32630,OTHER,false
2023-10-05T20:00:00Z,1.0535900000,1.0551700000,1.0529100000,1.0548900000,10169,OTHER,false
2023-10-06T00:00:00Z,1.0539900000,1.0550700000,1.0537900000,1.0541700000,3897,OTHER,false
2023-10-06T04:00:00Z,1.0541700000,1.0547300000,1.0538300000,1.0540600000,5682,OTHER,false
2023-10-06T08:00:00Z,1.0540400000,1.0553300000,1.0531500000,1.0548300000,12730,LONDON,false
2023-10-06T12:00:00Z,1.0548300000,1.0568600000,1.0482200000,1.0496500000,24167,OTHER,false
2023-10-06T16:00:00Z,1.0496300000,1.0600200000,1.0488400000,1.0579100000,39457,OTHER,false
2023-10-06T20:00:00Z,1.0579200000,1.0599800000,1.0577300000,1.0585200000,6777,OTHER,false
2023-10-09T00:00:00Z,1.0549100000,1.0574400000,1.0548700000,1.0573500000,8019,OTHER,false
2023-10-09T04:00:00Z,1.0573500000,1.0574100000,1.0547900000,1.0550200000,6570,OTHER,false
2023-10-09T08:00:00Z,1.0550200000,1.0558700000,1.0519600000,1.0541700000,17069,LONDON,false
2023-10-09T12:00:00Z,1.0541700000,1.0545300000,1.0522400000,1.0533200000,14931,OTHER,false
2023-10-09T16:00:00Z,1.0533200000,1.0557700000,1.0532700000,1.0535600000,25108,OTHER,false
2023-10-09T20:00:00Z,1.0535600000,1.0572200000,1.0535200000,1.0565700000,6481,OTHER,false
2023-10-10T00:00:00Z,1.0560500000,1.0583600000,1.0555800000,1.0572700000,6349,OTHER,false
2023-10-10T04:00:00Z,1.0572700000,1.0580700000,1.0560600000,1.0561600000,8496,OTHER,false
2023-10-10T08:00:00Z,1.0561600000,1.0609700000,1.0554500000,1.0604500000,21790,LONDON,false
2023-10-10T12:00:00Z,1.0604300000,1.0611200000,1.0571900000,1.0593500000,21545,OTHER,false
2023-10-10T16:00:00Z,1.0593200000,1.0619900000,1.0584800000,1.0617200000,20539,OTHER,false
2023-10-10T20:00:00Z,1.0617200000,1.0618600000,1.0592300000,1.0605200000,10493,OTHER,false
2023-10-11T00:00:00Z,1.0595200000,1.0614300000,1.0594200000,1.0610600000,3709,OTHER,false
2023-10-11T04:00:00Z,1.0610600000,1.0612300000,1.0601200000,1.0602900000,5448,OTHER,false
2023-10-11T08:00:00Z,1.0602900000,1.0628400000,1.0593400000,1.0608600000,19778,LONDON,false
2023-10-11T12:00:00Z,1.0608500000,1.0614800000,1.0580900000,1.0614500000,23497,OTHER,false
2023-10-11T16:00:00Z,1.0614500000,1.0634800000,1.0599500000,1.0607300000,26299,OTHER,false
2023-10-11T20:00:00Z,1.0607300000,1.0620200000,1.0585000000,1.0618200000,11318,OTHER,false
2023-10-12T00:00:00Z,1.0619800000,1.0627800000,1.0603000000,1.0622400000,4100,OTHER,false
2023-10-12T04:00:00Z,1.0622400000,1.0631900000,1.0620200000,1.0630900000,5677,OTHER,false
2023-10-12T08:00:00Z,1.0630900000,1.0639800000,1.0619400000,1.0626500000,12560,LONDON,false
2023-10-12T12:00:00Z,1.0626400000,1.0627900000,1.0571900000,1.0581900000,22991,OTHER,false
2023-10-12T16:00:00Z,1.0581900000,1.0586300000,1.0544500000,1.0548600000,32987,OTHER,false
2023-10-12T20:00:00Z,1.0548600000,1.0549200000,1.0525800000,1.0527200000,14163,OTHER,false
2023-10-13T00:00:00Z,1.0528000000,1.0539500000,1.0524900000,1.0538900000,4099,OTHER,false
2023-10-13T04:00:00Z,1.0538900000,1.0550100000,1.0537500000,1.0549800000,6438,OTHER,false
2023-10-13T08:00:00Z,1.0549900000,1.0558600000,1.0531600000,1.0553900000,15988,LONDON,false
2023-10-13T12:00:00Z,1.0553900000,1.0555000000,1.0514100000,1.0537700000,20348,OTHER,false
2023-10-13T16:00:00Z,1.0537700000,1.0541300000,1.0495400000,1.0509200000,24924,OTHER,false
2023-10-13T20:00:00Z,1.0509200000,1.0515900000,1.0501100000,1.0507000000,7222,OTHER,false
2023-10-16T00:00:00Z,1.0508400000,1.0525100000,1.0502300000,1.0517300000,5495,OTHER,false
2023-10-16T04:00:00Z,1.0517500000,1.0526800000,1.0517500000,1.0525800000,4684,OTHER,false
2023-10-16T08:00:00Z,1.0525900000,1.0542800000,1.0522700000,1.0540600000,14486,LONDON,false
2023-10-16T12:00:00Z,1.0540400000,1.0545900000,1.0526000000,1.0541600000,14009,OTHER,false
2023-10-16T16:00:00Z,1.0541700000,1.0555400000,1.0525500000,1.0547200000,18282,OTHER,false
2023-10-16T20:00:00Z,1.0547200000,1.0562700000,1.0543600000,1.0559200000,6492,OTHER,false
2023-10-17T00:00:00Z,1.0559900000,1.0561800000,1.0552700000,1.0555400000,4538,OTHER,false
2023-10-17T04:00:00Z,1.0555500000,1.0555700000,1.0545400000,1.0547300000,5538,OTHER,false
2023-10-17T08:00:00Z,1.0547300000,1.0554700000,1.0532700000,1.0535600000,11976,LONDON,false
2023-10-17T12:00:00Z,1.0536200000,1.0579100000,1.0535900000,1.0547200000,19676,OTHER,false
2023-10-17T16:00:00Z,1.0547100000,1.0594700000,1.0539700000,1.0579300000,24383,OTHER,false
2023-10-17T20:00:00Z,1.0579400000,1.0581000000,1.0563900000,1.0576900000,7410,OTHER,false
2023-10-18T00:00:00Z,1.0576500000,1.0577100000,1.0560200000,1.0564200000,4223,OTHER,false
2023-10-18T04:00:00Z,1.0564200000,1.0578700000,1.0561200000,1.0575500000,5835,OTHER,false
2023-10-18T08:00:00Z,1.0575500000,1.0594000000,1.0570300000,1.0582800000,13262,LONDON,false
2023-10-18T12:00:00Z,1.0582800000,1.0586500000,1.0549100000,1.0556800000,14498,OTHER,false
2023-10-18T16:00:00Z,1.0556900000,1.0564000000,1.0522900000,1.0536700000,21955,OTHER,false
2023-10-18T20:00:00Z,1.0536700000,1.0553700000,1.0531500000,1.0535400000,10193,OTHER,false
2023-10-19T00:00:00Z,1.0536300000,1.0539700000,1.0532100000,1.0538700000,4162,OTHER,false
2023-10-19T04:00:00Z,1.0538600000,1.0541800000,1.0530400000,1.0533500000,6367,OTHER,false
2023-10-19T08:00:00Z,1.0533500000,1.0548000000,1.0528100000,1.0535500000,13268,LONDON,false
2023-10-19T12:00:00Z,1.0535500000,1.0579600000,1.0534900000,1.0576100000,15869,OTHER,false
2023-10-19T16:00:00Z,1.0576200000,1.0616400000,1.0555700000,1.0596200000,38725,OTHER,false
2023-10-19T20:00:00Z,1.0596200000,1.0606400000,1.0577900000,1.0581400000,18416,OTHER,false
2023-10-20T00:00:00Z,1.0579500000,1.0586100000,1.0573400000,1.0575800000,4657,OTHER,false
2023-10-20T04:00:00Z,1.0575700000,1.0579600000,1.0568000000,1.0575100000,6173,OTHER,false
2023-10-20T08:00:00Z,1.0575100000,1.0595000000,1.0564700000,1.0587600000,13710,LONDON,false
2023-10-20T12:00:00Z,1.0587600000,1.0598700000,1.0564900000,1.0583300000,13203,OTHER,false
2023-10-20T16:00:00Z,1.0583400000,1.0600500000,1.0571900000,1.0589100000,19470,OTHER,false
2023-10-20T20:00:00Z,1.0589200000,1.0603300000,1.0586000000,1.0593100000,8486,OTHER,false
2023-10-23T00:00:00Z,1.0591800000,1.0596900000,1.0583800000,1.0586900000,4504,OTHER,false
2023-10-23T04:00:00Z,1.0586800000,1.0587100000,1.0573100000,1.0576200000,4854,OTHER,false
2023-10-23T08:00:00Z,1.0576100000,1.0610500000,1.0571400000,1.0602500000,13814,LONDON,false
2023-10-23T12:00:00Z,1.0602500000,1.0618700000,1.0590600000,1.0609700000,14881,OTHER,false
2023-10-23T16:00:00Z,1.0609600000,1.0664700000,1.0590900000,1.0664600000,19811,OTHER,false
2023-10-23T20:00:00Z,1.0664500000,1.0677800000,1.0659600000,1.0669300000,9716,OTHER,false
2023-10-24T00:00:00Z,1.0668600000,1.0673400000,1.0660900000,1.0672100000,4693,OTHER,false
2023-10-24T04:00:00Z,1.0672100000,1.0686800000,1.0667700000,1.0678900000,6270,OTHER,false
2023-10-24T08:00:00Z,1.0678900000,1.0694700000,1.0643900000,1.0650100000,17555,LONDON,false
2023-10-24T12:00:00Z,1.0649700000,1.0651000000,1.0612200000,1.0615800000,14720,OTHER,false
2023-10-24T16:00:00Z,1.0615700000,1.0624300000,1.0582900000,1.0586600000,24104,OTHER,false
2023-10-24T20:00:00Z,1.0586700000,1.0594100000,1.0584400000,1.0588600000,7136,OTHER,false
2023-10-25T00:00:00Z,1.0589500000,1.0598600000,1.0583300000,1.0592400000,5438,OTHER,false
2023-10-25T04:00:00Z,1.0592400000,1.0606300000,1.0591500000,1.0606000000,7197,OTHER,false
2023-10-25T08:00:00Z,1.0606100000,1.0606500000,1.0578200000,1.0585100000,11099,LONDON,false
2023-10-25T12:00:00Z,1.0585000000,1.0585000000,1.0565800000,1.0574800000,12773,OTHER,false
2023-10-25T16:00:00Z,1.0574900000,1.0595500000,1.0566700000,1.0574400000,23472,OTHER,false
2023-10-25T20:00:00Z,1.0574400000,1.0576400000,1.0565300000,1.0566400000,10265,OTHER,false
2023-10-26T00:00:00Z,1.0566800000,1.0569000000,1.0557500000,1.0559500000,4294,OTHER,false
2023-10-26T04:00:00Z,1.0559400000,1.0561200000,1.0541200000,1.0545400000,6780,OTHER,false
2023-10-26T08:00:00Z,1.0545400000,1.0552300000,1.0532800000,1.0545200000,13164,LONDON,false
2023-10-26T12:00:00Z,1.0545200000,1.0558700000,1.0521800000,1.0558600000,18964,OTHER,false
2023-10-26T16:00:00Z,1.0559900000,1.0560300000,1.0524900000,1.0528300000,22171,OTHER,false
2023-10-26T20:00:00Z,1.0528500000,1.0564500000,1.0528100000,1.0561500000,9722,OTHER,false
2023-10-27T00:00:00Z,1.0556400000,1.0565600000,1.0552800000,1.0557700000,4275,OTHER,false
2023-10-27T04:00:00Z,1.0557600000,1.0567600000,1.0552200000,1.0567000000,4514,OTHER,false
2023-10-27T08:00:00Z,1.0567000000,1.0569800000,1.0552000000,1.0561900000,9416,LONDON,false
2023-10-27T12:00:00Z,1.0561900000,1.0569300000,1.0535300000,1.0555900000,12422,OTHER,false
2023-10-27T16:00:00Z,1.0555900000,1.0596900000,1.0555400000,1.0582800000,23151,OTHER,false
2023-10-27T20:00:00Z,1.0582900000,1.0583000000,1.0557300000,1.0564000000,11756,OTHER,false
2023-10-30T00:00:00Z,1.0564700000,1.0566800000,1.0555000000,1.0563600000,5131,OTHER,false
2023-10-30T04:00:00Z,1.0563500000,1.0565600000,1.0558200000,1.0561400000,3276,OTHER,false
2023-10-30T08:00:00Z,1.0561500000,1.0586000000,1.0547000000,1.0582300000,11226,LONDON,false
2023-10-30T12:00:00Z,1.0582300000,1.0614800000,1.0573300000,1.0609300000,15355,OTHER,false
2023-10-30T16:00:00Z,1.0609400000,1.0625000000,1.0590800000,1.0611300000,15909,OTHER,false
2023-10-30T20:00:00Z,1.0611400000,1.0621500000,1.0610100000,1.0614000000,4522,OTHER,false
2023-10-31T00:00:00Z,1.0614000000,1.0617000000,1.0603100000,1.0609500000,5038,OTHER,false
2023-10-31T04:00:00Z,1.0609600000,1.0611100000,1.0590400000,1.0598500000,7125,OTHER,false
2023-10-31T08:00:00Z,1.0598500000,1.0674900000,1.0594100000,1.0668400000,15562,LONDON,false
2023-10-31T12:00:00Z,1.0668400000,1.0670400000,1.0601200000,1.0603900000,23250,OTHER,false
2023-10-31T16:00:00Z,1.0603800000,1.0615600000,1.0557500000,1.0574900000,27169,OTHER,false
2023-10-31T20:00:00Z,1.0574900000,1.0585500000,1.0570400000,1.0575200000,6260,OTHER,false
2023-11-01T00:00:00Z,1.0576900000,1.0580400000,1.0567000000,1.0568900000,5447,OTHER,false
2023-11-01T04:00:00Z,1.0568800000,1.0573700000,1.0565100000,1.0567800000,6010,OTHER,false
2023-11-01T08:00:00Z,1.0567800000,1.0577500000,1.0545300000,1.0549100000,11271,LONDON,false
2023-11-01T12:00:00Z,1.0549100000,1.0557400000,1.0521500000,1.0530900000,19348,OTHER,false
2023-11-01T16:00:00Z,1.0532200000,1.0570800000,1.0527400000,1.0533600000,23466,OTHER,false
2023-11-01T20:00:00Z,1.0533700000,1.0575700000,1.0516600000,1.0568700000,30573,OTHER,false
2023-11-02T00:00:00Z,1.0568300000,1.0601900000,1.0568300000,1.0597600000,7298,OTHER,false
2023-11-02T04:00:00Z,1.0597500000,1.0602000000,1.0593200000,1.0597100000,4840,OTHER,false
2023-11-02T08:00:00Z,1.0597000000,1.0624600000,1.0591100000,1.0623600000,14904,LONDON,false
2023-11-02T12:00:00Z,1.0623700000,1.0667500000,1.0620900000,1.0647700000,23084,OTHER,false
2023-11-02T16:00:00Z,1.0647600000,1.0647900000,1.0610400000,1.0628200000,17125,OTHER,false
2023-11-02T20:00:00Z,1.0628100000,1.0632200000,1.0614100000,1.0620000000,6724,OTHER,false
2023-11-03T00:00:00Z,1.0620000000,1.0622400000,1.0614500000,1.0621900000,3700,OTHER,false
2023-11-03T04:00:00Z,1.0621800000,1.0631400000,1.0621100000,1.0629700000,3648,OTHER,false
2023-11-03T08:00:00Z,1.0629700000,1.0648300000,1.0619700000,1.0647900000,11050,LONDON,false
2023-11-03T12:00:00Z,1.0647800000,1.0724400000,1.0640600000,1.0714800000,29476,OTHER,false
2023-11-03T16:00:00Z,1.0716100000,1.0746600000,1.0693400000,1.0736500000,26434,OTHER,false
2023-11-03T20:00:00Z,1.0736500000,1.0739700000,1.0722300000,1.0729200000,4716,OTHER,false
2023-11-06T00:00:00Z,1.0721500000,1.0733200000,1.0716600000,1.0728200000,4745,OTHER,false
2023-11-06T04:00:00Z,1.0728300000,1.0738700000,1.0726200000,1.0736000000,4305,OTHER,false
2023-11-06T08:00:00Z,1.0735400000,1.0756100000,1.0731500000,1.0747100000,10718,LONDON,false
2023-11-06T12:00:00Z,1.0747100000,1.0755700000,1.0735100000,1.0737300000,8111,OTHER,false
2023-11-06T16:00:00Z,1.0737300000,1.0749100000,1.0726000000,1.0735500000,9602,OTHER,false
2023-11-06T20:00:00Z,1.0735400000,1.0736800000,1.0715700000,1.0716800000,4940,OTHER,false
2023-11-07T00:00:00Z,1.0717200000,1.0722100000,1.0707800000,1.0710200000,2698,OTHER,false
2023-11-07T04:00:00Z,1.0710200000,1.0713600000,1.0704900000,1.0710300000,3398,OTHER,false
2023-11-07T08:00:00Z,1.0710400000,1.0711500000,1.0682900000,1.0683600000,8468,LONDON,false
2023-11-07T12:00:00Z,1.0683400000,1.0697300000,1.0665500000,1.0676000000,10183,OTHER,false
2023-11-07T16:00:00Z,1.0676200000,1.0692600000,1.0664000000,1.0677100000,13545,OTHER,false
2023-11-07T20:00:00Z,1.0677200000,1.0704600000,1.0675900000,1.0699300000,6404,OTHER,false
2023-11-08T00:00:00Z,1.0699200000,1.0700400000,1.0686300000,1.0691600000,2512,OTHER,false
2023-11-08T04:00:00Z,1.0691700000,1.0699000000,1.0685200000,1.0686000000,3032,OTHER,false
2023-11-08T08:00:00Z,1.0686000000,1.0687900000,1.0660200000,1.0665100000,8357,LONDON,false
2023-11-08T12:00:00Z,1.0665000000,1.0677700000,1.0659300000,1.0669200000,8524,OTHER,false
2023-11-08T16:00:00Z,1.0669200000,1.0715900000,1.0668900000,1.0707700000,13733,OTHER,false
2023-11-08T20:00:00Z,1.0707700000,1.0714000000,1.0699700000,1.0708300000,5858,OTHER,false
2023-11-09T00:00:00Z,1.0706000000,1.0714400000,1.0702300000,1.0711800000,2577,OTHER,false
2023-11-09T04:00:00Z,1.0711600000,1.0715600000,1.0702100000,1.0702600000,2194,OTHER,false
2023-11-09T08:00:00Z,1.0702500000,1.0709700000,1.0693500000,1.0697500000,6869,LONDON,false
2023-11-09T12:00:00Z,1.0697600000,1.0708700000,1.0680200000,1.0707300000,8949,OTHER,false
2023-11-09T16:00:00Z,1.0707400000,1.0725300000,1.0699800000,1.0704600000,13111,OTHER,false
2023-11-09T20:00:00Z,1.0704600000,1.0705500000,1.0659900000,1.0667400000,19355,OTHER,false
2023-11-10T00:00:00Z,1.0667400000,1.0674800000,1.0661100000,1.0671700000,2857,OTHER,false
2023-11-10T04:00:00Z,1.0671700000,1.0674200000,1.0665800000,1.0669000000,2229,OTHER,false
2023-11-10T08:00:00Z,1.0669000000,1.0679900000,1.0656000000,1.0677100000,7636,LONDON,false
2023-11-10T12:00:00Z,1.0677200000,1.0692600000,1.0669200000,1.0688600000,12076,OTHER,false
2023-11-10T16:00:00Z,1.0688700000,1.0689500000,1.0662400000,1.0679100000,20182,OTHER,false
2023-11-10T20:00:00Z,1.0679100000,1.0687400000,1.0672900000,1.0684500000,7664,OTHER,false
2023-11-13T00:00:00Z,1.0675100000,1.0690400000,1.0675100000,1.0686500000,5580,OTHER,false
2023-11-13T04:00:00Z,1.0686500000,1.0688800000,1.0681300000,1.0685700000,2844,OTHER,false
2023-11-13T08:00:00Z,1.0685600000,1.0701300000,1.0683600000,1.0689600000,8403,LONDON,false
2023-11-13T12:00:00Z,1.0689500000,1.0699500000,1.0664800000,1.0672500000,9911,OTHER,false
2023-11-13T16:00:00Z,1.0672600000,1.0706000000,1.0667900000,1.0695700000,14911,OTHER,false
2023-11-13T20:00:00Z,1.0695600000,1.0705800000,1.0689900000,1.0698100000,5905,OTHER,false
2023-11-14T00:00:00Z,1.0691600000,1.0702200000,1.0691600000,1.0698600000,3753,OTHER,false
2023-11-14T04:00:00Z,1.0698400000,1.0701900000,1.0692800000,1.0695600000,2682,OTHER,false
2023-11-14T08:00:00Z,1.0695600000,1.0717600000,1.0694200000,1.0715700000,9204,LONDON,false
2023-11-14T12:00:00Z,1.0715700000,1.0800000000,1.0714700000,1.0789200000,21266,OTHER,false
2023-11-14T16:00:00Z,1.0789200000,1.0873500000,1.0788600000,1.0872800000,35384,OTHER,false
2023-11-14T20:00:00Z,1.0872800000,1.0887200000,1.0867600000,1.0878200000,7439,OTHER,false
2023-11-15T00:00:00Z,1.0878400000,1.0882700000,1.0865500000,1.0871800000,5016,OTHER,false
2023-11-15T04:00:00Z,1.0871900000,1.0883600000,1.0870600000,1.0872600000,4561,OTHER,false
2023-11-15T08:00:00Z,1.0872800000,1.0879200000,1.0843800000,1.0852000000,15366,LONDON,false
2023-11-15T12:00:00Z,1.0851900000,1.0885500000,1.0839800000,1.0858800000,17627,OTHER,false
2023-11-15T16:00:00Z,1.0858900000,1.0868700000,1.0831400000,1.0853900000,24735,OTHER,false
2023-11-15T20:00:00Z,1.0853900000,1.0854400000,1.0841000000,1.0846100000,6246,OTHER,false
2023-11-16T00:00:00Z,1.0846200000,1.0855600000,1.0841700000,1.0843700000,5331,OTHER,false
2023-11-16T04:00:00Z,1.0843700000,1.0843800000,1.0829900000,1.0837900000,4719,OTHER,false
2023-11-16T08:00:00Z,1.0837600000,1.0860700000,1.0833800000,1.0851000000,8533,LONDON,false
2023-11-16T12:00:00Z,1.0850900000,1.0881400000,1.0839000000,1.0881000000,11512,OTHER,false
2023-11-16T16:00:00Z,1.0880900000,1.0895300000,1.0846300000,1.0859700000,19714,OTHER,false
2023-11-16T20:00:00Z,1.0859800000,1.0865400000,1.0844700000,1.0851300000,4719,OTHER,false
2023-11-17T00:00:00Z,1.0851900000,1.0856800000,1.0841700000,1.0852700000,3104,OTHER,false
2023-11-17T04:00:00Z,1.0852800000,1.0856800000,1.0847800000,1.0853000000,2881,OTHER,false
2023-11-17T08:00:00Z,1.0853200000,1.0858200000,1.0824700000,1.0852800000,10628,LONDON,false
2023-11-17T12:00:00Z,1.0852900000,1.0877400000,1.0851500000,1.0871000000,12752,OTHER,false
2023-11-17T16:00:00Z,1.0870800000,1.0893200000,1.0858500000,1.0890100000,15674,OTHER,false
2023-11-17T20:00:00Z,1.0890100000,1.0913700000,1.0888200000,1.0912800000,4465,OTHER,false
2023-11-20T00:00:00Z,1.0900800000,1.0912500000,1.0897300000,1.0908100000,3743,OTHER,false
2023-11-20T04:00:00Z,1.0908100000,1.0935700000,1.0907900000,1.0918600000,5332,OTHER,false
2023-11-20T08:00:00Z,1.0918900000,1.0940000000,1.0912900000,1.0936500000,10391,LONDON,false
2023-11-20T12:00:00Z,1.0936800000,1.0936800000,1.0920500000,1.0926400000,8599,OTHER,false
2023-11-20T16:00:00Z,1.0926400000,1.0951400000,1.0918700000,1.0937600000,11126,OTHER,false
2023-11-20T20:00:00Z,1.0937500000,1.0951700000,1.0936800000,1.0939600000,5979,OTHER,false
2023-11-21T00:00:00Z,1.0939800000,1.0957100000,1.0935300000,1.0952200000,3961,OTHER,false
2023-11-21T04:00:00Z,1.0951900000,1.0964900000,1.0948000000,1.0956000000,4471,OTHER,false
2023-11-21T08:00:00Z,1.0955900000,1.0963700000,1.0942500000,1.0943600000,9676,LONDON,false
2023-11-21T12:00:00Z,1.0943600000,1.0961200000,1.0938900000,1.0944800000,8804,OTHER,false
2023-11-21T16:00:00Z,1.0944900000,1.0959200000,1.0918700000,1.0920800000,15242,OTHER,false
2023-11-21T20:00:00Z,1.0920700000,1.0921400000,1.0900000000,1.0910100000,7132,OTHER,false
2023-11-22T00:00:00Z,1.0906700000,1.0922700000,1.0905300000,1.0913400000,4048,OTHER,false
2023-11-22T04:00:00Z,1.0913300000,1.0920000000,1.0905000000,1.0907300000,3265,OTHER,false
2023-11-22T08:00:00Z,1.0907300000,1.0919600000,1.0882500000,1.0902400000,9274,LONDON,false
2023-11-22T12:00:00Z,1.0902300000,1.0917500000,1.0891200000,1.0895900000,13443,OTHER,false
2023-11-22T16:00:00Z,1.0896200000,1.0898400000,1.0852200000,1.0878600000,19232,OTHER,false
2023-11-22T20:00:00Z,1.0878300000,1.0889200000,1.0877500000,1.0888200000,3392,OTHER,false
2023-11-23T00:00:00Z,1.0888200000,1.0895600000,1.0880900000,1.0894700000,1819,OTHER,false
2023-11-23T04:00:00Z,1.0894700000,1.0911400000,1.0894400000,1.0910300000,1959,OTHER,false
2023-11-23T08:00:00Z,1.0910300000,1.0930400000,1.0895300000,1.0923000000,7430,LONDON,false
2023-11-23T12:00:00Z,1.0923000000,1.0923900000,1.0896700000,1.0901500000,4835,OTHER,false
2023-11-23T16:00:00Z,1.0901500000,1.0910400000,1.0887100000,1.0905800000,4221,OTHER,false
2023-11-23T20:00:00Z,1.0905700000,1.0907200000,1.0901800000,1.0901800000,1180,OTHER,false
2023-11-24T00:00:00Z,1.0899600000,1.0910000000,1.0899400000,1.0901700000,2131,OTHER,false
2023-11-24T04:00:00Z,1.0901600000,1.0911900000,1.0894800000,1.0911600000,2188,OTHER,false
2023-11-24T08:00:00Z,1.0911700000,1.0920600000,1.0901500000,1.0902700000,4625,LONDON,false
2023-11-24T12:00:00Z,1.0902400000,1.0928000000,1.0901800000,1.0921800000,5100,OTHER,false
2023-11-24T16:00:00Z,1.0921800000,1.0945200000,1.0917100000,1.0940500000,7403,OTHER,false
2023-11-24T20:00:00Z,1.0940500000,1.0948500000,1.0934500000,1.0936200000,5076,OTHER,false
2023-11-27T00:00:00Z,1.0938600000,1.0949500000,1.0926600000,1.0946600000,3046,OTHER,false
2023-11-27T04:00:00Z,1.0946600000,1.0950400000,1.0938000000,1.0949300000,2652,OTHER,false
2023-11-27T08:00:00Z,1.0949300000,1.0959000000,1.0939200000,1.0948300000,5232,LONDON,false
2023-11-27T12:00:00Z,1.0948200000,1.0956200000,1.0943300000,1.0943700000,6411,OTHER,false
2023-11-27T16:00:00Z,1.0943700000,1.0944800000,1.0924900000,1.0934200000,9518,OTHER,false
2023-11-27T20:00:00Z,1.0934200000,1.0957300000,1.0932200000,1.0953400000,3848,OTHER,false
2023-11-28T00:00:00Z,1.0953500000,1.0961500000,1.0946800000,1.0957600000,2771,OTHER,false
2023-11-28T04:00:00Z,1.0957600000,1.0962500000,1.0949900000,1.0951100000,2113,OTHER,false
2023-11-28T08:00:00Z,1.0951000000,1.0954900000,1.0934300000,1.0953600000,5751,LONDON,false
2023-11-28T12:00:00Z,1.0953700000,1.0973800000,1.0945300000,1.0972100000,7007,OTHER,false
2023-11-28T16:00:00Z,1.0972100000,1.1008700000,1.0964000000,1.0986800000,14706,OTHER,false
2023-11-28T20:00:00Z,1.0987000000,1.0995100000,1.0973200000,1.0992200000,5816,OTHER,false
2023-11-29T00:00:00Z,1.0990300000,1.1016900000,1.0986600000,1.1005800000,3922,OTHER,false
2023-11-29T04:00:00Z,1.1005800000,1.1008200000,1.0996700000,1.1001900000,2964,OTHER,false
2023-11-29T08:00:00Z,1.1001900000,1.1004400000,1.0971700000,1.0974300000,7810,LONDON,false
2023-11-29T12:00:00Z,1.0974300000,1.0994700000,1.0968900000,1.0972500000,9641,OTHER,false
2023-11-29T16:00:00Z,1.0972600000,1.0990700000,1.0960000000,1.0975800000,11403,OTHER,false
2023-11-29T20:00:00Z,1.0975900000,1.0994700000,1.0968100000,1.0968600000,4267,OTHER,false
2023-11-30T00:00:00Z,1.0969000000,1.0983700000,1.0965500000,1.0969500000,3637,OTHER,false
2023-11-30T04:00:00Z,1.0969500000,1.0977700000,1.0965100000,1.0972100000,4487,OTHER,false
2023-11-30T08:00:00Z,1.0972100000,1.0981700000,1.0920000000,1.0924800000,11001,LONDON,false
2023-11-30T12:00:00Z,1.0924900000,1.0949500000,1.0909000000,1.0915800000,11834,OTHER,false
2023-11-30T16:00:00Z,1.0915700000,1.0922400000,1.0888300000,1.0890200000,18509,OTHER,false
2023-11-30T20:00:00Z,1.0890200000,1.0900000000,1.0879300000,1.0886600000,6679,OTHER,false
2023-12-01T00:00:00Z,1.0884500000,1.0910300000,1.0876400000,1.0906900000,4124,OTHER,false
2023-12-01T04:00:00Z,1.0906900000,1.0912800000,1.0898200000,1.0911100000,4010,OTHER,false
2023-12-01T08:00:00Z,1.0910900000,1.0912100000,1.0886000000,1.0897900000,9790,LONDON,false
2023-12-01T12:00:00Z,1.0897900000,1.0903800000,1.0866400000,1.0867600000,10193,OTHER,false
2023-12-01T16:00:00Z,1.0867400000,1.0885400000,1.0828900000,1.0881700000,19023,OTHER,false
2023-12-01T20:00:00Z,1.0882000000,1.0892900000,1.0870000000,1.0882300000,7903,OTHER,false
2023-12-04T00:00:00Z,1.0873800000,1.0894400000,1.0866900000,1.0873400000,7369,OTHER,false
2023-12-04T04:00:00Z,1.0872900000,1.0885900000,1.0868300000,1.0869300000,5062,OTHER,false
2023-12-04T08:00:00Z,1.0869400000,1.0880800000,1.0849800000,1.0874700000,10302,LONDON,false
2023-12-04T12:00:00Z,1.0874600000,1.0878900000,1.0853400000,1.0854700000,9529,OTHER,false
2023-12-04T16:00:00Z,1.0854600000,1.0855100000,1.0804000000,1.0825700000,14755,OTHER,false
2023-12-04T20:00:00Z,1.0825900000,1.0836600000,1.0815100000,1.0835100000,5448,OTHER,false
2023-12-05T00:00:00Z,1.0835300000,1.0846300000,1.0824400000,1.0839200000,4162,OTHER,false
2023-12-05T04:00:00Z,1.0839300000,1.0847400000,1.0834900000,1.0847300000,4302,OTHER,false
2023-12-05T08:00:00Z,1.0847400000,1.0847400000,1.0804200000,1.0832200000,10272,LONDON,false
2023-12-05T12:00:00Z,1.0831800000,1.0839700000,1.0812400000,1.0828500000,10503,OTHER,false
2023-12-05T16:00:00Z,1.0828700000,1.0838800000,1.0782100000,1.0791900000,17697,OTHER,false
2023-12-05T20:00:00Z,1.0792000000,1.0798500000,1.0778200000,1.0795600000,6122,OTHER,false
2023-12-06T00:00:00Z,1.0795700000,1.0798600000,1.0784300000,1.0792000000,3718,OTHER,false
2023-12-06T04:00:00Z,1.0792000000,1.0801700000,1.0788100000,1.0801200000,4325,OTHER,false
2023-12-06T08:00:00Z,1.0801200000,1.0801300000,1.0775100000,1.0791300000,9182,LONDON,false
2023-12-06T12:00:00Z,1.0791300000,1.0799900000,1.0772400000,1.0798000000,11151,OTHER,false
2023-12-06T16:00:00Z,1.0798000000,1.0804800000,1.0780700000,1.0781500000,13140,OTHER,false
2023-12-06T20:00:00Z,1.0781400000,1.0784300000,1.0758700000,1.0763600000,5564,OTHER,false
2023-12-07T00:00:00Z,1.0762800000,1.0772200000,1.0760300000,1.0767300000,3885,OTHER,false
2023-12-07T04:00:00Z,1.0767300000,1.0770900000,1.0757100000,1.0761600000,4417,OTHER,false
2023-12-07T08:00:00Z,1.0761700000,1.0784700000,1.0755200000,1.0779500000,11447,LONDON,false
2023-12-07T12:00:00Z,1.0779700000,1.0797900000,1.0759300000,1.0790300000,13238,OTHER,false
2023-12-07T16:00:00Z,1.0790200000,1.0817500000,1.0767200000,1.0813800000,16270,OTHER,false
2023-12-07T20:00:00Z,1.0813400000,1.0813800000,1.0790100000,1.0793400000,6917,OTHER,false
2023-12-08T00:00:00Z,1.0792000000,1.0800600000,1.0785300000,1.0788200000,5871,OTHER,false
2023-12-08T04:00:00Z,1.0788100000,1.0795600000,1.0782400000,1.0783900000,5242,OTHER,false
2023-12-08T08:00:00Z,1.0783900000,1.0791100000,1.0772400000,1.0776800000,10060,LONDON,false
2023-12-08T12:00:00Z,1.0776600000,1.0789700000,1.0723500000,1.0747000000,12516,OTHER,false
2023-12-08T16:00:00Z,1.0747100000,1.0785900000,1.0730500000,1.0756100000,16206,OTHER,false
2023-12-08T20:00:00Z,1.0756400000,1.0766600000,1.0752900000,1.0757300000,5353,OTHER,false
2023-12-11T00:00:00Z,1.0758300000,1.0773900000,1.0754100000,1.0767600000,4683,OTHER,false
2023-12-11T04:00:00Z,1.0767600000,1.0768200000,1.0761000000,1.0768000000,3436,OTHER,false
2023-12-11T08:00:00Z,1.0767800000,1.0771000000,1.0751500000,1.0766900000,8385,LONDON,false
2023-12-11T12:00:00Z,1.0766700000,1.0778900000,1.0752500000,1.0763700000,9088,OTHER,false
2023-12-11T16:00:00Z,1.0763700000,1.0763800000,1.0741500000,1.0744100000,10944,OTHER,false
2023-12-11T20:00:00Z,1.0744000000,1.0769700000,1.0742800000,1.0764200000,5662,OTHER,false
2023-12-12T00:00:00Z,1.0764300000,1.0769500000,1.0754800000,1.0764800000,3112,OTHER,false
2023-12-12T04:00:00Z,1.0764700000,1.0770800000,1.0761200000,1.0769100000,3536,OTHER,false
2023-12-12T08:00:00Z,1.0769200000,1.0797700000,1.0768500000,1.0793600000,7953,LONDON,false
2023-12-12T12:00:00Z,1.0793600000,1.0828200000,1.0773500000,1.0776900000,11784,OTHER,false
2023-12-12T16:00:00Z,1.0776600000,1.0800400000,1.0767200000,1.0788100000,13545,OTHER,false
2023-12-12T20:00:00Z,1.0788100000,1.0799000000,1.0786900000,1.0793800000,6053,OTHER,false
2023-12-13T00:00:00Z,1.0794000000,1.0799700000,1.0789600000,1.0793400000,2969,OTHER,false
2023-12-13T04:00:00Z,1.0793500000,1.0794000000,1.0784000000,1.0790000000,3282,OTHER,false
2023-12-13T08:00:00Z,1.0790100000,1.0792800000,1.0780300000,1.0787600000,8341,LONDON,false
2023-12-13T12:00:00Z,1.0787300000,1.0803700000,1.0773200000,1.0800600000,9447,OTHER,false
2023-12-13T16:00:00Z,1.0800400000,1.0809200000,1.0782700000,1.0784100000,10616,OTHER,false
2023-12-13T20:00:00Z,1.0783900000,1.0896600000,1.0780100000,1.0874100000,16981,OTHER,false
2023-12-14T00:00:00Z,1.0873600000,1.0898300000,1.0866000000,1.0896500000,6390,OTHER,false
2023-12-14T04:00:00Z,1.0896500000,1.0915400000,1.0893000000,1.0893800000,6408,OTHER,false
2023-12-14T08:00:00Z,1.0893800000,1.0913000000,1.0880000000,1.0904300000,13366,LONDON,false
2023-12-14T12:00:00Z,1.0904000000,1.0951400000,1.0898300000,1.0944000000,16262,OTHER,false
2023-12-14T16:00:00Z,1.0943200000,1.1009200000,1.0936000000,1.1005000000,18659,OTHER,false
2023-12-14T20:00:00Z,1.1004900000,1.1005900000,1.0979800000,1.0991700000,8075,OTHER,false
2023-12-15T00:00:00Z,1.0991800000,1.0996200000,1.0977000000,1.0984600000,4950,OTHER,false
2023-12-15T04:00:00Z,1.0984700000,1.1003900000,1.0983700000,1.0984300000,5584,OTHER,false
2023-12-15T08:00:00Z,1.0984400000,1.0999200000,1.0946300000,1.0960400000,12253,LONDON,false
2023-12-15T12:00:00Z,1.0960500000,1.0969600000,1.0904000000,1.0916200000,50159,OTHER,false
2023-12-15T16:00:00Z,1.0916300000,1.0928600000,1.0901400000,1.0910200000,75822,OTHER,false
2023-12-15T20:00:00Z,1.0910200000,1.0910900000,1.0888500000,1.0893900000,41691,OTHER,false
2023-12-18T00:00:00Z,1.0896800000,1.0901400000,1.0891800000,1.0897400000,15779,OTHER,false
2023-12-18T04:00:00Z,1.0897400000,1.0915800000,1.0897000000,1.0915200000,14988,OTHER,false
2023-12-18T08:00:00Z,1.0915200000,1.0930000000,1.0911500000,1.0919600000,34393,LONDON,false
2023-12-18T12:00:00Z,1.0919600000,1.0929000000,1.0907100000,1.0921600000,38394,OTHER,false
2023-12-18T16:00:00Z,1.0921500000,1.0931200000,1.0910600000,1.0927500000,49531,OTHER,false
2023-12-18T20:00:00Z,1.0927400000,1.0928000000,1.0912800000,1.0922800000,23671,OTHER,false
2023-12-19T00:00:00Z,1.0923500000,1.0926000000,1.0910800000,1.0918700000,16459,OTHER,false
2023-12-19T04:00:00Z,1.0918700000,1.0929200000,1.0914900000,1.0928100000,21301,OTHER,false
2023-12-19T08:00:00Z,1.0928100000,1.0949500000,1.0922900000,1.0941400000,39179,LONDON,false
2023-12-19T12:00:00Z,1.0941400000,1.0974100000,1.0930500000,1.0962200000,43178,OTHER,false
2023-12-19T16:00:00Z,1.0962200000,1.0987600000,1.0958900000,1.0974900000,56584,OTHER,false
2023-12-19T20:00:00Z,1.0974900000,1.0980400000,1.0969200000,1.0979800000,22295,OTHER,false
2023-12-20T00:00:00Z,1.0980300000,1.0983300000,1.0967800000,1.0969800000,12962,OTHER,false
2023-12-20T04:00:00Z,1.0969700000,1.0972700000,1.0964200000,1.0964800000,13160,OTHER,false
2023-12-20T08:00:00Z,1.0964900000,1.0971400000,1.0950800000,1.0964400000,39413,LONDON,false
2023-12-20T12:00:00Z,1.0964400000,1.0965300000,1.0933700000,1.0960500000,42051,OTHER,false
2023-12-20T16:00:00Z,1.0960500000,1.0975900000,1.0949400000,1.0957900000,58642,OTHER,false
2023-12-20T20:00:00Z,1.0957800000,1.0963900000,1.0929000000,1.0939700000,38961,OTHER,false
2023-12-21T00:00:00Z,1.0938200000,1.0953600000,1.0934800000,1.0952400000,15869,OTHER,false
2023-12-21T04:00:00Z,1.0952400000,1.0956000000,1.0945000000,1.0954600000,13278,OTHER,false
2023-12-21T08:00:00Z,1.0954600000,1.0954900000,1.0935200000,1.0943800000,29238,LONDON,false
2023-12-21T12:00:00Z,1.0943800000,1.1002400000,1.0939900000,1.0991200000,51323,OTHER,false
2023-12-21T16:00:00Z,1.0991200000,1.1001400000,1.0975300000,1.0986200000,73141,OTHER,false
2023-12-21T20:00:00Z,1.0986100000,1.1012100000,1.0978300000,1.1009800000,34122,OTHER,false
2023-12-22T00:00:00Z,1.1010100000,1.1012600000,1.0983800000,1.0998000000,13257,OTHER,false
2023-12-22T04:00:00Z,1.0998000000,1.1005000000,1.0995500000,1.0996800000,14753,OTHER,false
2023-12-22T08:00:00Z,1.0996800000,1.1013500000,1.0993700000,1.1004300000,31652,LONDON,false
2023-12-22T12:00:00Z,1.1004300000,1.1038000000,1.1001500000,1.1029000000,48804,OTHER,false
2023-12-22T16:00:00Z,1.1029000000,1.1040500000,1.0999900000,1.1015500000,64578,OTHER,false
2023-12-22T20:00:00Z,1.1015500000,1.1019300000,1.1001900000,1.1013200000,25661,OTHER,false
2023-12-25T00:00:00Z,1.1011900000,1.1016200000,1.1011900000,1.1013500000,624,OTHER,false
2023-12-26T00:00:00Z,1.1002800000,1.1023100000,1.0999800000,1.1022100000,7476,OTHER,false
2023-12-26T04:00:00Z,1.1022100000,1.1028900000,1.1019600000,1.1026600000,9188,OTHER,false
2023-12-26T08:00:00Z,1.1026600000,1.1026800000,1.1009700000,1.1014300000,11519,LONDON,false
2023-12-26T12:00:00Z,1.1014400000,1.1024700000,1.1008400000,1.1017700000,18190,OTHER,false
2023-12-26T16:00:00Z,1.1017800000,1.1037600000,1.1013800000,1.1035000000,31790,OTHER,false
2023-12-26T20:00:00Z,1.1035000000,1.1045100000,1.1033900000,1.1041500000,19080,OTHER,false
2023-12-27T00:00:00Z,1.1041400000,1.1044200000,1.1031700000,1.1036100000,9076,OTHER,false
2023-12-27T04:00:00Z,1.1036100000,1.1044000000,1.1028400000,1.1043400000,12707,OTHER,false
2023-12-27T08:00:00Z,1.1043500000,1.1054900000,1.1036600000,1.1054400000,22865,LONDON,false
2023-12-27T12:00:00Z,1.1054400000,1.1074100000,1.1048300000,1.1070700000,29243,OTHER,false
2023-12-27T16:00:00Z,1.1070700000,1.1122900000,1.1068600000,1.1105300000,61766,OTHER,false
2023-12-27T20:00:00Z,1.1105300000,1.1114100000,1.1098700000,1.1104300000,28141,OTHER,false
2023-12-28T00:00:00Z,1.1105000000,1.1122100000,1.1097200000,1.1121800000,10872,OTHER,false
2023-12-28T04:00:00Z,1.1121800000,1.1122400000,1.1108300000,1.1109400000,14458,OTHER,false
2023-12-28T08:00:00Z,1.1109400000,1.1139600000,1.1104300000,1.1129400000,32250,LONDON,false
2023-12-28T12:00:00Z,1.1129300000,1.1132400000,1.1072200000,1.1073400000,38114,OTHER,false
2023-12-28T16:00:00Z,1.1073400000,1.1113600000,1.1065800000,1.1073800000,58410,OTHER,false
2023-12-28T20:00:00Z,1.1073800000,1.1074100000,1.1055000000,1.1060900000,27064,OTHER,false
2023-12-29T00:00:00Z,1.1060200000,1.1084700000,1.1057700000,1.1078800000,16032,OTHER,false
2023-12-29T04:00:00Z,1.1078800000,1.1079200000,1.1060600000,1.1066000000,12650,OTHER,false
2023-12-29T08:00:00Z,1.1066000000,1.1077500000,1.1044300000,1.1049100000,26954,LONDON,false
2023-12-29T12:00:00Z,1.1049100000,1.1080900000,1.1046300000,1.1048600000,34033,OTHER,false
2023-12-29T16:00:00Z,1.1048700000,1.1078700000,1.1042200000,1.1064000000,67685,OTHER,false
2023-12-29T20:00:00Z,1.1064000000,1.1064100000,1.1033400000,1.1036000000,30542,OTHER,false
2024-01-02T00:00:00Z,1.1043700000,1.1045100000,1.1034000000,1.1034700000,10037,OTHER,false
2024-01-02T04:00:00Z,1.1034800000,1.1035800000,1.1016300000,1.1033100000,17127,OTHER,false
2024-01-02T08:00:00Z,1.1033200000,1.1038900000,1.1010800000,1.1015200000,36734,LONDON,false
2024-01-02T12:00:00Z,1.1015000000,1.1017100000,1.0949200000,1.0952800000,47781,OTHER,false
2024-01-02T16:00:00Z,1.0952700000,1.0968400000,1.0940700000,1.0950600000,68980,OTHER,false
2024-01-02T20:00:00Z,1.0950600000,1.0956000000,1.0937400000,1.0940700000,24512,OTHER,false
2024-01-03T00:00:00Z,1.0942500000,1.0954700000,1.0936200000,1.0951300000,11519,OTHER,false
2024-01-03T04:00:00Z,1.0951300000,1.0962900000,1.0948500000,1.0951000000,11613,OTHER,false
2024-01-03T08:00:00Z,1.0951000000,1.0965500000,1.0934900000,1.0936400000,31932,LONDON,false
2024-01-03T12:00:00Z,1.0936300000,1.0939100000,1.0910000000,1.0921600000,47487,OTHER,false
2024-01-03T16:00:00Z,1.0921600000,1.0939000000,1.0897900000,1.0906700000,78781,OTHER,false
2024-01-03T20:00:00Z,1.0906800000,1.0925800000,1.0892500000,1.0921200000,53469,OTHER,false
2024-01-04T00:00:00Z,1.0920500000,1.0927600000,1.0905600000,1.0917700000,11053,OTHER,false
2024-01-04T04:00:00Z,1.0917700000,1.0930800000,1.0915600000,1.0926500000,13463,OTHER,false
2024-01-04T08:00:00Z,1.0926500000,1.0969100000,1.0920500000,1.0967600000,41475,LONDON,false
2024-01-04T12:00:00Z,1.0967700000,1.0972300000,1.0932600000,1.0947100000,44873,OTHER,false
2024-01-04T16:00:00Z,1.0947100000,1.0965400000,1.0938200000,1.0950500000,60802,OTHER,false
2024-01-04T20:00:00Z,1.0950500000,1.0954500000,1.0942800000,1.0943500000,23594,OTHER,false
2024-01-05T00:00:00Z,1.0944300000,1.0955900000,1.0940500000,1.0951600000,15605,OTHER,false
2024-01-05T04:00:00Z,1.0951600000,1.0954100000,1.0933800000,1.0937300000,11823,OTHER,false
2024-01-05T08:00:00Z,1.0937400000,1.0937400000,1.0902700000,1.0912800000,34415,LONDON,false
2024-01-05T12:00:00Z,1.0912800000,1.0928100000,1.0876900000,1.0921500000,55707,OTHER,false
2024-01-05T16:00:00Z,1.0921700000,1.0998800000,1.0921600000,1.0946200000,111451,OTHER,false
2024-01-05T20:00:00Z,1.0946100000,1.0959800000,1.0935200000,1.0940800000,34574,OTHER,false
2024-01-08T00:00:00Z,1.0933100000,1.0953000000,1.0932600000,1.0947900000,10363,OTHER,false
2024-01-08T04:00:00Z,1.0947900000,1.0947900000,1.0930300000,1.0937500000,12790,OTHER,false
2024-01-08T08:00:00Z,1.0937500000,1.0952300000,1.0922500000,1.0937000000,33958,LONDON,false
2024-01-08T12:00:00Z,1.0937400000,1.0956400000,1.0934200000,1.0950800000,39588,OTHER,false
2024-01-08T16:00:00Z,1.0950800000,1.0978900000,1.0949200000,1.0964600000,59628,OTHER,false
2024-01-08T20:00:00Z,1.0964600000,1.0965900000,1.0948700000,1.0949600000,27084,OTHER,false
2024-01-09T00:00:00Z,1.0952500000,1.0961900000,1.0945000000,1.0961400000,15694,OTHER,false
2024-01-09T04:00:00Z,1.0961500000,1.0966400000,1.0947700000,1.0949800000,14316,OTHER,false
2024-01-09T08:00:00Z,1.0949600000,1.0963000000,1.0938000000,1.0944100000,33727,LONDON,false
2024-01-09T12:00:00Z,1.0944200000,1.0948200000,1.0928600000,1.0946200000,43367,OTHER,false
2024-01-09T16:00:00Z,1.0946200000,1.0951400000,1.0910100000,1.0934100000,64002,OTHER,false
2024-01-09T20:00:00Z,1.0934000000,1.0940400000,1.0919800000,1.0930500000,31202,OTHER,false
2024-01-10T00:00:00Z,1.0930500000,1.0936400000,1.0923100000,1.0932100000,12589,OTHER,false
2024-01-10T04:00:00Z,1.0932100000,1.0936000000,1.0927500000,1.0932200000,12032,OTHER,false
2024-01-10T08:00:00Z,1.0932100000,1.0951900000,1.0922800000,1.0947300000,35473,LONDON,false
2024-01-10T12:00:00Z,1.0947200000,1.0955500000,1.0940300000,1.0940400000,33061,OTHER,false
2024-01-10T16:00:00Z,1.0940300000,1.0969200000,1.0931800000,1.0967000000,53264,OTHER,false
2024-01-10T20:00:00Z,1.0967100000,1.0973000000,1.0959200000,1.0971800000,28144,OTHER,false
2024-01-11T00:00:00Z,1.0971600000,1.0980200000,1.0965900000,1.0978700000,13186,OTHER,false
2024-01-11T04:00:00Z,1.0978700000,1.0984900000,1.0975400000,1.0978200000,13018,OTHER,false
2024-01-11T08:00:00Z,1.0978100000,1.0988600000,1.0958900000,1.0963800000,28590,LONDON,false
2024-01-11T12:00:00Z,1.0963700000,1.1000400000,1.0935400000,1.0940000000,59120,OTHER,false
2024-01-11T16:00:00Z,1.0940000000,1.0973600000,1.0929900000,1.0950900000,110574,OTHER,false
2024-01-11T20:00:00Z,1.0950800000,1.0983000000,1.0949700000,1.0971600000,45170,OTHER,false
2024-01-12T00:00:00Z,1.0962000000,1.0984900000,1.0961300000,1.0982600000,16233,OTHER,false
2024-01-12T04:00:00Z,1.0982500000,1.0985400000,1.0972900000,1.0975400000,13020,OTHER,false
2024-01-12T08:00:00Z,1.0975500000,1.0982900000,1.0960900000,1.0962600000,32590,LONDON,false
2024-01-12T12:00:00Z,1.0962500000,1.0969600000,1.0935800000,1.0955200000,54963,OTHER,false
2024-01-12T16:00:00Z,1.0955200000,1.0987100000,1.0946800000,1.0949600000,74951,OTHER,false
2024-01-12T20:00:00Z,1.0949600000,1.0963600000,1.0947400000,1.0949700000,24262,OTHER,false
2024-01-15T00:00:00Z,1.0947200000,1.0956100000,1.0940600000,1.0954600000,15138,OTHER,false
2024-01-15T04:00:00Z,1.0954700000,1.0967500000,1.0954700000,1.0963900000,13762,OTHER,false
2024-01-15T08:00:00Z,1.0964000000,1.0966600000,1.0943000000,1.0946700000,27897,LONDON,false
2024-01-15T12:00:00Z,1.0946700000,1.0959200000,1.0933500000,1.0950600000,35959,OTHER,false
2024-01-15T16:00:00Z,1.0950600000,1.0952600000,1.0937900000,1.0948200000,30106,OTHER,false
2024-01-15T20:00:00Z,1.0948200000,1.0953600000,1.0946100000,1.0948200000,5602,OTHER,false
2024-01-16T00:00:00Z,1.0946800000,1.0951000000,1.0915200000,1.0927500000,23975,OTHER,false
2024-01-16T04:00:00Z,1.0927700000,1.0927700000,1.0912200000,1.0915300000,17923,OTHER,false
2024-01-16T08:00:00Z,1.0915300000,1.0926700000,1.0883900000,1.0886200000,44228,LONDON,false
2024-01-16T12:00:00Z,1.0886200000,1.0898100000,1.0871400000,1.0874200000,50880,OTHER,false
2024-01-16T16:00:00Z,1.0874300000,1.0894600000,1.0861900000,1.0863000000,87842,OTHER,false
2024-01-16T20:00:00Z,1.0863000000,1.0877200000,1.0862700000,1.0874800000,26624,OTHER,false
2024-01-17T00:00:00Z,1.0874300000,1.0882200000,1.0862000000,1.0877300000,15121,OTHER,false
2024-01-17T04:00:00Z,1.0877300000,1.0884600000,1.0860400000,1.0864900000,18099,OTHER,false
2024-01-17T08:00:00Z,1.0864900000,1.0881700000,1.0855300000,1.0876600000,43715,LONDON,false
2024-01-17T12:00:00Z,1.0876500000,1.0884000000,1.0851400000,1.0863700000,47912,OTHER,false
2024-01-17T16:00:00Z,1.0863800000,1.0871100000,1.0844400000,1.0867000000,68878,OTHER,false
2024-01-17T20:00:00Z,1.0867000000,1.0882700000,1.0856200000,1.0882300000,28798,OTHER,false
2024-01-18T00:00:00Z,1.0881400000,1.0900800000,1.0879200000,1.0896000000,20898,OTHER,false
2024-01-18T04:00:00Z,1.0896200000,1.0902700000,1.0890000000,1.0894800000,16391,OTHER,false
2024-01-18T08:00:00Z,1.0894700000,1.0906900000,1.0876700000,1.0884600000,34439,LONDON,false
2024-01-18T12:00:00Z,1.0884500000,1.0896100000,1.0850300000,1.0852400000,44550,OTHER,false
2024-01-18T16:00:00Z,1.0852400000,1.0870200000,1.0846500000,1.0859600000,70610,OTHER,false
2024-01-18T20:00:00Z,1.0859600000,1.0877100000,1.0854000000,1.0875700000,29102,OTHER,false
2024-01-19T00:00:00Z,1.0876000000,1.0887200000,1.0859100000,1.0885500000,14569,OTHER,false
2024-01-19T04:00:00Z,1.0885500000,1.0889500000,1.0879300000,1.0880800000,12403,OTHER,false
2024-01-19T08:00:00Z,1.0880800000,1.0886400000,1.0868000000,1.0882900000,29726,LONDON,false
2024-01-19T12:00:00Z,1.0882900000,1.0893100000,1.0873000000,1.0880300000,30966,OTHER,false
2024-01-19T16:00:00Z,1.0880400000,1.0893500000,1.0865400000,1.0889700000,60945,OTHER,false
2024-01-19T20:00:00Z,1.0889600000,1.0897400000,1.0885500000,1.0896800000,24185,OTHER,false
2024-01-22T00:00:00Z,1.0889800000,1.0905000000,1.0883200000,1.0901800000,18166,OTHER,false
2024-01-22T04:00:00Z,1.0901800000,1.0909300000,1.0897900000,1.0901500000,13536,OTHER,false
2024-01-22T08:00:00Z,1.0901500000,1.0909600000,1.0887100000,1.0897000000,29556,LONDON,false
2024-01-22T12:00:00Z,1.0897000000,1.0899400000,1.0879700000,1.0891700000,36801,OTHER,false
2024-01-22T16:00:00Z,1.0891700000,1.0900000000,1.0881600000,1.0896100000,43915,OTHER,false
2024-01-22T20:00:00Z,1.0896100000,1.0896500000,1.0880100000,1.0882000000,23934,OTHER,false
2024-01-23T00:00:00Z,1.0881600000,1.0888600000,1.0875600000,1.0888300000,19935,OTHER,false
2024-01-23T04:00:00Z,1.0888300000,1.0908000000,1.0884700000,1.0906800000,22474,OTHER,false
2024-01-23T08:00:00Z,1.0906800000,1.0916200000,1.0883600000,1.0887500000,39551,LONDON,false
2024-01-23T12:00:00Z,1.0887500000,1.0888300000,1.0860100000,1.0874200000,39574,OTHER,false
2024-01-23T16:00:00Z,1.0874200000,1.0874200000,1.0821500000,1.0831500000,61939,OTHER,false
2024-01-23T20:00:00Z,1.0831400000,1.0855500000,1.0830200000,1.0854200000,24349,OTHER,false
2024-01-24T00:00:00Z,1.0854700000,1.0860000000,1.0841000000,1.0857900000,11697,OTHER,false
2024-01-24T04:00:00Z,1.0857800000,1.0866200000,1.0853000000,1.0861600000,13303,OTHER,false
2024-01-24T08:00:00Z,1.0861700000,1.0907800000,1.0860200000,1.0902800000,39804,LONDON,false
2024-01-24T12:00:00Z,1.0902700000,1.0927400000,1.0887300000,1.0924900000,41818,OTHER,false
2024-01-24T16:00:00Z,1.0924900000,1.0932500000,1.0890300000,1.0905200000,73036,OTHER,false
2024-01-24T20:00:00Z,1.0905300000,1.0906100000,1.0876900000,1.0884000000,33037,OTHER,false
2024-01-25T00:00:00Z,1.0884000000,1.0886500000,1.0870000000,1.0877500000,13146,OTHER,false
2024-01-25T04:00:00Z,1.0877500000,1.0882000000,1.0874200000,1.0878200000,12094,OTHER,false
2024-01-25T08:00:00Z,1.0878200000,1.0899800000,1.0875300000,1.0895900000,29542,LONDON,false
2024-01-25T12:00:00Z,1.0895900000,1.0902100000,1.0866500000,1.0879000000,53357,OTHER,false
2024-01-25T16:00:00Z,1.0879000000,1.0879000000,1.0823900000,1.0837700000,93472,OTHER,false
2024-01-25T20:00:00Z,1.0837900000,1.0847500000,1.0821300000,1.0845500000,35021,OTHER,false
2024-01-26T00:00:00Z,1.0845500000,1.0847700000,1.0835600000,1.0844300000,11283,OTHER,false
2024-01-26T04:00:00Z,1.0844300000,1.0848900000,1.0837900000,1.0842600000,10771,OTHER,false
2024-01-26T08:00:00Z,1.0842600000,1.0850500000,1.0812800000,1.0844200000,37165,LONDON,false
2024-01-26T12:00:00Z,1.0844200000,1.0885700000,1.0844100000,1.0872000000,48671,OTHER,false
2024-01-26T16:00:00Z,1.0872100000,1.0880400000,1.0854900000,1.0863600000,55427,OTHER,false
2024-01-26T20:00:00Z,1.0863600000,1.0866000000,1.0851200000,1.0853300000,20941,OTHER,false
2024-01-29T00:00:00Z,1.0844000000,1.0849400000,1.0838700000,1.0843900000,16320,OTHER,false
2024-01-29T04:00:00Z,1.0843900000,1.0847700000,1.0839000000,1.0839800000,11187,OTHER,false
2024-01-29T08:00:00Z,1.0839900000,1.0850200000,1.0823000000,1.0825200000,28850,LONDON,false
2024-01-29T12:00:00Z,1.0825200000,1.0836900000,1.0813600000,1.0820400000,38255,OTHER,false
2024-01-29T16:00:00Z,1.0820400000,1.0822700000,1.0795700000,1.0811500000,45276,OTHER,false
2024-01-29T20:00:00Z,1.0811400000,1.0840400000,1.0809100000,1.0832100000,28852,OTHER,false
2024-01-30T00:00:00Z,1.0831400000,1.0842400000,1.0824200000,1.0834900000,14132,OTHER,false
2024-01-30T04:00:00Z,1.0834800000,1.0836200000,1.0821400000,1.0822300000,12667,OTHER,false
2024-01-30T08:00:00Z,1.0822400000,1.0832300000,1.0811600000,1.0826900000,33534,LONDON,false
2024-01-30T12:00:00Z,1.0827000000,1.0850000000,1.0823100000,1.0834600000,37139,OTHER,false
2024-01-30T16:00:00Z,1.0834900000,1.0857500000,1.0827800000,1.0838900000,72163,OTHER,false
2024-01-30T20:00:00Z,1.0838900000,1.0848600000,1.0831300000,1.0845100000,23917,OTHER,false
2024-01-31T00:00:00Z,1.0845100000,1.0848100000,1.0831000000,1.0831400000,13163,OTHER,false
2024-01-31T04:00:00Z,1.0831500000,1.0831500000,1.0815700000,1.0820300000,18379,OTHER,false
2024-01-31T08:00:00Z,1.0820300000,1.0836800000,1.0806100000,1.0822300000,36834,LONDON,false
2024-01-31T12:00:00Z,1.0822300000,1.0862700000,1.0821400000,1.0857400000,46250,OTHER,false
2024-01-31T16:00:00Z,1.0857300000,1.0887600000,1.0841700000,1.0849600000,90818,OTHER,false
2024-01-31T20:00:00Z,1.0849600000,1.0864200000,1.0794500000,1.0817400000,116173,OTHER,false
2024-02-01T00:00:00Z,1.0817300000,1.0820300000,1.0801500000,1.0808900000,15045,OTHER,false
2024-02-01T04:00:00Z,1.0808800000,1.0822000000,1.0802300000,1.0802700000,17231,OTHER,false
2024-02-01T08:00:00Z,1.0802800000,1.0805300000,1.0779900000,1.0798700000,39505,LONDON,false
2024-02-01T12:00:00Z,1.0798800000,1.0827500000,1.0791500000,1.0814000000,50200,OTHER,false
2024-02-01T16:00:00Z,1.0813800000,1.0874800000,1.0805900000,1.0872800000,99412,OTHER,false
2024-02-01T20:00:00Z,1.0872700000,1.0874900000,1.0862600000,1.0870900000,40561,OTHER,false
2024-02-02T00:00:00Z,1.0871000000,1.0879900000,1.0862600000,1.0871400000,11393,OTHER,false
2024-02-02T04:00:00Z,1.0871400000,1.0882500000,1.0871200000,1.0877400000,12490,OTHER,false
2024-02-02T08:00:00Z,1.0877400000,1.0897600000,1.0873500000,1.0890900000,26861,LONDON,false
2024-02-02T12:00:00Z,1.0890900000,1.0895000000,1.0803700000,1.0807400000,47225,OTHER,false
2024-02-02T16:00:00Z,1.0807200000,1.0817200000,1.0780500000,1.0783500000,84770,OTHER,false
2024-02-02T20:00:00Z,1.0783500000,1.0797400000,1.0780300000,1.0785800000,30443,OTHER,false
2024-02-05T00:00:00Z,1.0781800000,1.0786300000,1.0767000000,1.0778300000,26477,OTHER,false
2024-02-05T04:00:00Z,1.0778000000,1.0782300000,1.0773200000,1.0781900000,15982,OTHER,false
2024-02-05T08:00:00Z,1.0782000000,1.0786200000,1.0751900000,1.0753800000,34666,LONDON,false
2024-02-05T12:00:00Z,1.0753800000,1.0758800000,1.0736000000,1.0737500000,38118,OTHER,false
2024-02-05T16:00:00Z,1.0737400000,1.0745100000,1.0723100000,1.0738900000,60086,OTHER,false
2024-02-05T20:00:00Z,1.0739000000,1.0746600000,1.0736600000,1.0742100000,24428,OTHER,false
2024-02-06T00:00:00Z,1.0740800000,1.0747300000,1.0737000000,1.0745300000,10214,OTHER,false
2024-02-06T04:00:00Z,1.0745300000,1.0754300000,1.0743300000,1.0753300000,15290,OTHER,false
2024-02-06T08:00:00Z,1.0753300000,1.0762500000,1.0725500000,1.0729200000,32655,LONDON,false
2024-02-06T12:00:00Z,1.0729200000,1.0744000000,1.0722500000,1.0730400000,26434,OTHER,false
2024-02-06T16:00:00Z,1.0730400000,1.0755200000,1.0729000000,1.0751000000,38607,OTHER,false
2024-02-06T20:00:00Z,1.0750900000,1.0757400000,1.0743200000,1.0753900000,18004,OTHER,false
2024-02-07T00:00:00Z,1.0753600000,1.0765000000,1.0746800000,1.0763300000,7469,OTHER,false
2024-02-07T04:00:00Z,1.0763100000,1.0766500000,1.0756600000,1.0762600000,9502,OTHER,false
2024-02-07T08:00:00Z,1.0762600000,1.0773600000,1.0756600000,1.0769300000,19476,LONDON,false
2024-02-07T12:00:00Z,1.0769300000,1.0784100000,1.0762300000,1.0770100000,24687,OTHER,false
2024-02-07T16:00:00Z,1.0770100000,1.0780000000,1.0755600000,1.0764800000,42317,OTHER,false
2024-02-07T20:00:00Z,1.0764700000,1.0775500000,1.0764300000,1.0771100000,16067,OTHER,false
2024-02-08T00:00:00Z,1.0771100000,1.0780000000,1.0760000000,1.0778500000,6506,OTHER,false
2024-02-08T04:00:00Z,1.0778500000,1.0788500000,1.0778000000,1.0782600000,8671,OTHER,false
2024-02-08T08:00:00Z,1.0782500000,1.0788900000,1.0768400000,1.0783000000,19253,LONDON,false
2024-02-08T12:00:00Z,1.0783000000,1.0785600000,1.0741400000,1.0743900000,28244,OTHER,false
2024-02-08T16:00:00Z,1.0743700000,1.0776700000,1.0743300000,1.0773400000,33225,OTHER,false
2024-02-08T20:00:00Z,1.0773400000,1.0782800000,1.0772400000,1.0776900000,18776,OTHER,false
2024-02-09T00:00:00Z,1.0777100000,1.0778700000,1.0772100000,1.0774200000,6239,OTHER,false
2024-02-09T04:00:00Z,1.0774200000,1.0778300000,1.0769200000,1.0771000000,7044,OTHER,false
2024-02-09T08:00:00Z,1.0771000000,1.0784800000,1.0766100000,1.0767100000,17894,LONDON,false
2024-02-09T12:00:00Z,1.0767100000,1.0794600000,1.0762200000,1.0783000000,35476,OTHER,false
2024-02-09T16:00:00Z,1.0782800000,1.0795300000,1.0774900000,1.0785500000,32735,OTHER,false
2024-02-09T20:00:00Z,1.0785500000,1.0791000000,1.0779600000,1.0784400000,10253,OTHER,false
2024-02-12T00:00:00Z,1.0778500000,1.0799800000,1.0777500000,1.0795600000,8947,OTHER,false
2024-02-12T04:00:00Z,1.0795600000,1.0797900000,1.0789100000,1.0791600000,10923,OTHER,false
2024-02-12T08:00:00Z,1.0791600000,1.0805800000,1.0766800000,1.0769100000,25992,LONDON,false
2024-02-12T12:00:00Z,1.0769200000,1.0779100000,1.0760900000,1.0763800000,29912,OTHER,false
2024-02-12T16:00:00Z,1.0763900000,1.0782400000,1.0755700000,1.0782400000,31173,OTHER,false
2024-02-12T20:00:00Z,1.0782100000,1.0786300000,1.0767800000,1.0769500000,16769,OTHER,false
2024-02-13T00:00:00Z,1.0771200000,1.0774400000,1.0763000000,1.0766700000,4691,OTHER,false
2024-02-13T04:00:00Z,1.0766600000,1.0767800000,1.0760400000,1.0766600000,6073,OTHER,false
2024-02-13T08:00:00Z,1.0766700000,1.0777800000,1.0756600000,1.0766800000,27910,LONDON,false
2024-02-13T12:00:00Z,1.0766900000,1.0797700000,1.0702800000,1.0708600000,43716,OTHER,false
2024-02-13T16:00:00Z,1.0708600000,1.0726900000,1.0700200000,1.0715200000,46852,OTHER,false
2024-02-13T20:00:00Z,1.0715300000,1.0720200000,1.0700300000,1.0708400000,16951,OTHER,false
2024-02-14T00:00:00Z,1.0708300000,1.0714400000,1.0703000000,1.0711500000,6650,OTHER,false
2024-02-14T04:00:00Z,1.0711400000,1.0714800000,1.0707900000,1.0713800000,6878,OTHER,false
2024-02-14T08:00:00Z,1.0713900000,1.0718800000,1.0694500000,1.0700300000,30962,LONDON,false
2024-02-14T12:00:00Z,1.0700200000,1.0716800000,1.0696200000,1.0708700000,29559,OTHER,false
2024-02-14T16:00:00Z,1.0708800000,1.0734700000,1.0706400000,1.0730600000,38124,OTHER,false
2024-02-14T20:00:00Z,1.0730800000,1.0733800000,1.0724200000,1.0725700000,12536,OTHER,false
2024-02-15T00:00:00Z,1.0724100000,1.0735500000,1.0722900000,1.0728100000,4844,OTHER,false
2024-02-15T04:00:00Z,1.0728200000,1.0732100000,1.0724400000,1.0728800000,6008,OTHER,false
2024-02-15T08:00:00Z,1.0728900000,1.0741700000,1.0726900000,1.0733100000,24804,LONDON,false
2024-02-15T12:00:00Z,1.0733100000,1.0772800000,1.0730600000,1.0766200000,33129,OTHER,false
2024-02-15T16:00:00Z,1.0766200000,1.0785000000,1.0755100000,1.0762500000,44910,OTHER,false
2024-02-15T20:00:00Z,1.0762400000,1.0773300000,1.0760200000,1.0771400000,12976,OTHER,false
2024-02-16T00:00:00Z,1.0770500000,1.0776900000,1.0760800000,1.0764700000,6526,OTHER,false
2024-02-16T04:00:00Z,1.0764800000,1.0765000000,1.0757100000,1.0760100000,7583,OTHER,false
2024-02-16T08:00:00Z,1.0760100000,1.0771900000,1.0758300000,1.0766100000,23005,LONDON,false
2024-02-16T12:00:00Z,1.0766100000,1.0780100000,1.0731900000,1.0746300000,31282,OTHER,false
2024-02-16T16:00:00Z,1.0746300000,1.0777900000,1.0740700000,1.0777900000,41059,OTHER,false
2024-02-16T20:00:00Z,1.0777800000,1.0787400000,1.0772700000,1.0776900000,15297,OTHER,false
2024-02-19T00:00:00Z,1.0772200000,1.0788900000,1.0770600000,1.0780300000,7566,OTHER,false
2024-02-19T04:00:00Z,1.0780300000,1.0783200000,1.0774600000,1.0781600000,7233,OTHER,false
2024-02-19T08:00:00Z,1.0781700000,1.0789400000,1.0772100000,1.0774700000,21793,LONDON,false
2024-02-19T12:00:00Z,1.0774800000,1.0781800000,1.0767400000,1.0770000000,21661,OTHER,false
2024-02-19T16:00:00Z,1.0770000000,1.0776400000,1.0761800000,1.0776100000,19961,OTHER,false
2024-02-19T20:00:00Z,1.0776000000,1.0783700000,1.0775700000,1.0778200000,5910,OTHER,false
2024-02-20T00:00:00Z,1.0778500000,1.0780000000,1.0764800000,1.0765800000,8156,OTHER,false
2024-02-20T04:00:00Z,1.0765800000,1.0770900000,1.0761300000,1.0767800000,8612,OTHER,false
2024-02-20T08:00:00Z,1.0767800000,1.0799000000,1.0767200000,1.0797600000,26449,LONDON,false
2024-02-20T12:00:00Z,1.0797600000,1.0825000000,1.0793500000,1.0823200000,35748,OTHER,false
2024-02-20T16:00:00Z,1.0823100000,1.0838900000,1.0808900000,1.0811800000,38211,OTHER,false
2024-02-20T20:00:00Z,1.0811700000,1.0813100000,1.0804300000,1.0806800000,14595,OTHER,false
2024-02-21T00:00:00Z,1.0806400000,1.0812600000,1.0802800000,1.0811900000,6530,OTHER,false
2024-02-21T04:00:00Z,1.0811800000,1.0819000000,1.0811600000,1.0815000000,8421,OTHER,false
2024-02-21T08:00:00Z,1.0814900000,1.0815300000,1.0789700000,1.0799600000,26563,LONDON,false
2024-02-21T12:00:00Z,1.0799600000,1.0811600000,1.0793900000,1.0810100000,27263,OTHER,false
2024-02-21T16:00:00Z,1.0809900000,1.0820100000,1.0800700000,1.0807500000,34156,OTHER,false
2024-02-21T20:00:00Z,1.0807500000,1.0824500000,1.0799700000,1.0818000000,23470,OTHER,false
2024-02-22T00:00:00Z,1.0818100000,1.0831800000,1.0810200000,1.0826700000,7249,OTHER,false
2024-02-22T04:00:00Z,1.0826500000,1.0837900000,1.0818800000,1.0833200000,9482,OTHER,false
2024-02-22T08:00:00Z,1.0833000000,1.0888400000,1.0832600000,1.0852900000,37916,LONDON,false
2024-02-22T12:00:00Z,1.0852900000,1.0859000000,1.0821100000,1.0823300000,33660,OTHER,false
2024-02-22T16:00:00Z,1.0823300000,1.0824600000,1.0802700000,1.0820100000,41458,OTHER,false
2024-02-22T20:00:00Z,1.0820100000,1.0826300000,1.0814200000,1.0822000000,13642,OTHER,false
2024-02-23T00:00:00Z,1.0822200000,1.0832000000,1.0814700000,1.0826800000,6978,OTHER,false
2024-02-23T04:00:00Z,1.0826900000,1.0830700000,1.0820700000,1.0822600000,6975,OTHER,false
2024-02-23T08:00:00Z,1.0822700000,1.0832600000,1.0813800000,1.0817400000,23687,LONDON,false
2024-02-23T12:00:00Z,1.0817400000,1.0839600000,1.0816800000,1.0831900000,29591,OTHER,false
2024-02-23T16:00:00Z,1.0831900000,1.0837000000,1.0811600000,1.0824700000,34421,OTHER,false
2024-02-23T20:00:00Z,1.0824700000,1.0829500000,1.0817400000,1.0818400000,12421,OTHER,false
2024-02-26T00:00:00Z,1.0830900000,1.0830900000,1.0812500000,1.0816200000,12984,OTHER,false
2024-02-26T04:00:00Z,1.0816400000,1.0824100000,1.0814000000,1.0823000000,6585,OTHER,false
2024-02-26T08:00:00Z,1.0822900000,1.0840500000,1.0821800000,1.0839900000,23703,LONDON,false
2024-02-26T12:00:00Z,1.0840000000,1.0859700000,1.0838300000,1.0857900000,27645,OTHER,false
2024-02-26T16:00:00Z,1.0858000000,1.0858800000,1.0838600000,1.0845100000,31790,OTHER,false
2024-02-26T20:00:00Z,1.0845200000,1.0852700000,1.0839400000,1.0848400000,16416,OTHER,false
2024-02-27T00:00:00Z,1.0850200000,1.0851300000,1.0844900000,1.0849800000,4767,OTHER,false
2024-02-27T04:00:00Z,1.0849900000,1.0855500000,1.0847900000,1.0851700000,7528,OTHER,false
2024-02-27T08:00:00Z,1.0851900000,1.0866100000,1.0846800000,1.0852800000,27581,LONDON,false
2024-02-27T12:00:00Z,1.0853000000,1.0863300000,1.0841600000,1.0847800000,28705,OTHER,false
2024-02-27T16:00:00Z,1.0847800000,1.0858000000,1.0832800000,1.0850700000,33534,OTHER,false
2024-02-27T20:00:00Z,1.0850800000,1.0856700000,1.0840600000,1.0843100000,14944,OTHER,false
2024-02-28T00:00:00Z,1.0843200000,1.0846800000,1.0837400000,1.0839100000,6326,OTHER,false
2024-02-28T04:00:00Z,1.0839200000,1.0840200000,1.0825000000,1.0826800000,11356,OTHER,false
2024-02-28T08:00:00Z,1.0826700000,1.0829400000,1.0796300000,1.0799800000,31097,LONDON,false
2024-02-28T12:00:00Z,1.0799800000,1.0830800000,1.0799200000,1.0827900000,33577,OTHER,false
2024-02-28T16:00:00Z,1.0827900000,1.0846000000,1.0821200000,1.0838200000,34792,OTHER,false
2024-02-28T20:00:00Z,1.0838300000,1.0840700000,1.0832200000,1.0836900000,11931,OTHER,false
2024-02-29T00:00:00Z,1.0837200000,1.0840500000,1.0827700000,1.0828800000,7425,OTHER,false
2024-02-29T04:00:00Z,1.0828800000,1.0837800000,1.0828400000,1.0835300000,13478,OTHER,false
2024-02-29T08:00:00Z,1.0835200000,1.0852100000,1.0825600000,1.0850700000,29669,LONDON,false
2024-02-29T12:00:00Z,1.0850500000,1.0854500000,1.0821700000,1.0837900000,38539,OTHER,false
2024-02-29T16:00:00Z,1.0837800000,1.0856000000,1.0795700000,1.0799800000,44311,OTHER,false
2024-02-29T20:00:00Z,1.0799800000,1.0811300000,1.0798200000,1.0803800000,17785,OTHER,false
2024-03-01T00:00:00Z,1.0804500000,1.0821300000,1.0796300000,1.0821300000,8461,OTHER,false
2024-03-01T04:00:00Z,1.0821200000,1.0821800000,1.0810700000,1.0811900000,7379,OTHER,false
2024-03-01T08:00:00Z,1.0812000000,1.0820000000,1.0807900000,1.0815400000,23449,LONDON,false
2024-03-01T12:00:00Z,1.0815400000,1.0824800000,1.0798200000,1.0812800000,32719,OTHER,false
2024-03-01T16:00:00Z,1.0812800000,1.0841800000,1.0797900000,1.0837600000,40939,OTHER,false
2024-03-01T20:00:00Z,1.0837500000,1.0843300000,1.0831100000,1.0838700000,14327,OTHER,false
2024-03-04T00:00:00Z,1.0840000000,1.0848100000,1.0829000000,1.0840000000,14755,OTHER,false
2024-03-04T04:00:00Z,1.0840000000,1.0846600000,1.0838300000,1.0844200000,9001,OTHER,false
2024-03-04T08:00:00Z,1.0843900000,1.0858000000,1.0837500000,1.0849200000,30276,LONDON,false
2024-03-04T12:00:00Z,1.0849100000,1.0857700000,1.0840000000,1.0848600000,24074,OTHER,false
2024-03-04T16:00:00Z,1.0848700000,1.0867000000,1.0844800000,1.0857800000,32557,OTHER,false
2024-03-04T20:00:00Z,1.0857900000,1.0860600000,1.0853000000,1.0853000000,11483,OTHER,false
2024-03-05T00:00:00Z,1.0854800000,1.0858100000,1.0847200000,1.0849300000,11359,OTHER,false
2024-03-05T04:00:00Z,1.0849300000,1.0854800000,1.0848100000,1.0852700000,7963,OTHER,false
2024-03-05T08:00:00Z,1.0852800000,1.0855900000,1.0841500000,1.0851400000,27425,LONDON,false
2024-03-05T12:00:00Z,1.0851200000,1.0854900000,1.0841900000,1.0846200000,24247,OTHER,false
2024-03-05T16:00:00Z,1.0846300000,1.0876500000,1.0840100000,1.0859800000,37430,OTHER,false
2024-03-05T20:00:00Z,1.0859900000,1.0860100000,1.0848700000,1.0854500000,17770,OTHER,false
2024-03-06T00:00:00Z,1.0856000000,1.0858800000,1.0841700000,1.0843700000,9102,OTHER,false
2024-03-06T04:00:00Z,1.0843700000,1.0856900000,1.0843500000,1.0854900000,11735,OTHER,false
2024-03-06T08:00:00Z,1.0854900000,1.0877800000,1.0854400000,1.0876300000,25976,LONDON,false
2024-03-06T12:00:00Z,1.0876200000,1.0884900000,1.0867400000,1.0884500000,29078,OTHER,false
2024-03-06T16:00:00Z,1.0884500000,1.0915400000,1.0881100000,1.0902200000,44356,OTHER,false
2024-03-06T20:00:00Z,1.0902300000,1.0907700000,1.0892600000,1.0897300000,22210,OTHER,false
2024-03-07T00:00:00Z,1.0897500000,1.0907500000,1.0892500000,1.0897700000,10374,OTHER,false
2024-03-07T04:00:00Z,1.0897700000,1.0905600000,1.0893200000,1.0900200000,10414,OTHER,false
2024-03-07T08:00:00Z,1.0900200000,1.0904300000,1.0887500000,1.0901600000,25573,LONDON,false
2024-03-07T12:00:00Z,1.0901600000,1.0902000000,1.0867600000,1.0872200000,32586,OTHER,false
2024-03-07T16:00:00Z,1.0872200000,1.0941900000,1.0869000000,1.0936900000,45260,OTHER,false
2024-03-07T20:00:00Z,1.0936700000,1.0949300000,1.0936200000,1.0946500000,13421,OTHER,false
2024-03-08T00:00:00Z,1.0947200000,1.0955700000,1.0940900000,1.0947800000,9244,OTHER,false
2024-03-08T04:00:00Z,1.0947800000,1.0950700000,1.0943800000,1.0946400000,8075,OTHER,false
2024-03-08T08:00:00Z,1.0946400000,1.0951200000,1.0925800000,1.0935300000,28108,LONDON,false
2024-03-08T12:00:00Z,1.0935300000,1.0981300000,1.0918300000,1.0958000000,35730,OTHER,false
2024-03-08T16:00:00Z,1.0958000000,1.0966700000,1.0936700000,1.0939200000,45714,OTHER,false
2024-03-08T20:00:00Z,1.0939300000,1.0943900000,1.0933300000,1.0937000000,15505,OTHER,false
2024-03-11T00:00:00Z,1.0938800000,1.0946600000,1.0934600000,1.0940400000,11661,OTHER,false
2024-03-11T04:00:00Z,1.0940300000,1.0944200000,1.0936600000,1.0941100000,8575,OTHER,false
2024-03-11T08:00:00Z,1.0941200000,1.0948300000,1.0933700000,1.0934600000,21751,LONDON,false
2024-03-11T12:00:00Z,1.0934600000,1.0943600000,1.0917500000,1.0919700000,24663,OTHER,false
2024-03-11T16:00:00Z,1.0919600000,1.0930300000,1.0914400000,1.0925100000,27929,OTHER,false
2024-03-11T20:00:00Z,1.0925200000,1.0926800000,1.0917600000,1.0924900000,14794,OTHER,false
2024-03-12T00:00:00Z,1.0924900000,1.0934300000,1.0923300000,1.0933500000,5796,OTHER,false
2024-03-12T04:00:00Z,1.0933300000,1.0938900000,1.0929800000,1.0938200000,7632,OTHER,false
2024-03-12T08:00:00Z,1.0938100000,1.0939500000,1.0921100000,1.0930300000,21235,LONDON,false
2024-03-12T12:00:00Z,1.0930200000,1.0943600000,1.0902200000,1.0910700000,14976,OTHER,false
2024-03-12T16:00:00Z,1.0911400000,1.0920700000,1.0906300000,1.0919300000,11443,OTHER,false
2024-03-12T20:00:00Z,1.0919200000,1.0927300000,1.0918500000,1.0926100000,3935,OTHER,false
2024-03-13T00:00:00Z,1.0926100000,1.0929600000,1.0923500000,1.0923900000,3342,OTHER,false
2024-03-13T04:00:00Z,1.0923900000,1.0930600000,1.0922100000,1.0928600000,3753,OTHER,false
2024-03-13T08:00:00Z,1.0928600000,1.0932700000,1.0920100000,1.0923200000,7149,LONDON,false
2024-03-13T12:00:00Z,1.0923200000,1.0947400000,1.0922200000,1.0937100000,8376,OTHER,false
2024-03-13T16:00:00Z,1.0937100000,1.0963700000,1.0931400000,1.0957000000,10096,OTHER,false
2024-03-13T20:00:00Z,1.0957000000,1.0958400000,1.0942900000,1.0947300000,4336,OTHER,false
2024-03-14T00:00:00Z,1.0947500000,1.0954700000,1.0945200000,1.0948700000,3126,OTHER,false
2024-03-14T04:00:00Z,1.0948800000,1.0949800000,1.0939000000,1.0939600000,2839,OTHER,false
2024-03-14T08:00:00Z,1.0939600000,1.0944300000,1.0931800000,1.0941300000,7253,LONDON,false
2024-03-14T12:00:00Z,1.0941300000,1.0945300000,1.0908800000,1.0911700000,12195,OTHER,false
2024-03-14T16:00:00Z,1.0911700000,1.0914100000,1.0881000000,1.0886400000,11622,OTHER,false
2024-03-14T20:00:00Z,1.0886400000,1.0891900000,1.0879200000,1.0884500000,4907,OTHER,false
2024-03-15T00:00:00Z,1.0884500000,1.0885100000,1.0875400000,1.0877000000,3382,OTHER,false
2024-03-15T04:00:00Z,1.0876900000,1.0878100000,1.0872900000,1.0876900000,3122,OTHER,false
2024-03-15T08:00:00Z,1.0876800000,1.0899500000,1.0875300000,1.0898000000,7039,LONDON,false
2024-03-15T12:00:00Z,1.0898100000,1.0899600000,1.0883200000,1.0886200000,8445,OTHER,false
2024-03-15T16:00:00Z,1.0886600000,1.0894300000,1.0881300000,1.0883700000,9133,OTHER,false
2024-03-15T20:00:00Z,1.0883700000,1.0891400000,1.0883700000,1.0887200000,3151,OTHER,false
2024-03-18T00:00:00Z,1.0888100000,1.0890500000,1.0880300000,1.0889000000,3784,OTHER,false
2024-03-18T04:00:00Z,1.0889200000,1.0891700000,1.0885300000,1.0887000000,3141,OTHER,false
2024-03-18T08:00:00Z,1.0887000000,1.0900500000,1.0886600000,1.0899300000,5625,LONDON,false
2024-03-18T12:00:00Z,1.0899300000,1.0906000000,1.0885500000,1.0888900000,7156,OTHER,false
2024-03-18T16:00:00Z,1.0889000000,1.0893200000,1.0866100000,1.0868500000,8510,OTHER,false
2024-03-18T20:00:00Z,1.0868500000,1.0873700000,1.0867400000,1.0872800000,2651,OTHER,false
2024-03-19T00:00:00Z,1.0870800000,1.0874500000,1.0866800000,1.0868200000,3029,OTHER,false
2024-03-19T04:00:00Z,1.0868200000,1.0876500000,1.0862900000,1.0864100000,5624,OTHER,false
2024-03-19T08:00:00Z,1.0864100000,1.0868400000,1.0834700000,1.0836600000,8960,LONDON,false
2024-03-19T12:00:00Z,1.0836600000,1.0857000000,1.0836600000,1.0854100000,9701,OTHER,false
2024-03-19T16:00:00Z,1.0854200000,1.0867500000,1.0853300000,1.0863400000,8005,OTHER,false
2024-03-19T20:00:00Z,1.0863400000,1.0866600000,1.0857000000,1.0864500000,4218,OTHER,false
2024-03-20T00:00:00Z,1.0864200000,1.0866000000,1.0858300000,1.0864200000,2524,OTHER,false
2024-03-20T04:00:00Z,1.0864200000,1.0871000000,1.0862600000,1.0865700000,2339,OTHER,false
2024-03-20T08:00:00Z,1.0865700000,1.0871900000,1.0836400000,1.0839000000,6444,LONDON,false
2024-03-20T12:00:00Z,1.0839000000,1.0845600000,1.0836500000,1.0844700000,6958,OTHER,false
2024-03-20T16:00:00Z,1.0844500000,1.0867000000,1.0843500000,1.0863600000,6715,OTHER,false
2024-03-20T20:00:00Z,1.0862300000,1.0922700000,1.0860000000,1.0920500000,15662,OTHER,false
2024-03-21T00:00:00Z,1.0919600000,1.0938900000,1.0918600000,1.0935200000,5352,OTHER,false
2024-03-21T04:00:00Z,1.0935200000,1.0937200000,1.0931600000,1.0931600000,3163,OTHER,false
2024-03-21T08:00:00Z,1.0931600000,1.0942600000,1.0887200000,1.0913000000,10250,LONDON,false
2024-03-21T12:00:00Z,1.0913000000,1.0923600000,1.0883500000,1.0885600000,11703,OTHER,false
2024-03-21T16:00:00Z,1.0885600000,1.0886000000,1.0855700000,1.0857800000,11744,OTHER,false
2024-03-21T20:00:00Z,1.0857700000,1.0863000000,1.0852800000,1.0859600000,3674,OTHER,false
2024-03-22T00:00:00Z,1.0859600000,1.0867900000,1.0850000000,1.0850400000,3142,OTHER,false
2024-03-22T04:00:00Z,1.0850400000,1.0852400000,1.0831100000,1.0841400000,4788,OTHER,false
2024-03-22T08:00:00Z,1.0841000000,1.0841000000,1.0808100000,1.0816200000,8994,LONDON,false
2024-03-22T12:00:00Z,1.0816200000,1.0831100000,1.0811500000,1.0829500000,8916,OTHER,false
2024-03-22T16:00:00Z,1.0829500000,1.0831600000,1.0804800000,1.0805800000,8161,OTHER,false
2024-03-22T20:00:00Z,1.0805900000,1.0809600000,1.0801700000,1.0806200000,2765,OTHER,false
2024-03-25T00:00:00Z,1.0806200000,1.0819700000,1.0802200000,1.0816900000,3861,OTHER,false
2024-03-25T04:00:00Z,1.0816900000,1.0822300000,1.0810600000,1.0822000000,3659,OTHER,false
2024-03-25T08:00:00Z,1.0821900000,1.0823700000,1.0807100000,1.0817500000,5479,LONDON,false
2024-03-25T12:00:00Z,1.0817400000,1.0837800000,1.0816400000,1.0834900000,6520,OTHER,false
2024-03-25T16:00:00Z,1.0834700000,1.0842300000,1.0831600000,1.0836300000,6477,OTHER,false
2024-03-25T20:00:00Z,1.0836300000,1.0840800000,1.0833300000,1.0835500000,3147,OTHER,false
2024-03-26T00:00:00Z,1.0835500000,1.0845500000,1.0834800000,1.0840400000,3117,OTHER,false
2024-03-26T04:00:00Z,1.0840400000,1.0848100000,1.0835800000,1.0847100000,3233,OTHER,false
2024-03-26T08:00:00Z,1.0847100000,1.0855700000,1.0838600000,1.0853700000,7535,LONDON,false
2024-03-26T12:00:00Z,1.0853700000,1.0864300000,1.0846700000,1.0852700000,9286,OTHER,false
2024-03-26T16:00:00Z,1.0851900000,1.0854900000,1.0824300000,1.0830400000,8659,OTHER,false
2024-03-26T20:00:00Z,1.0830400000,1.0834800000,1.0828400000,1.0831200000,3546,OTHER,false
2024-03-27T00:00:00Z,1.0831200000,1.0832700000,1.0820600000,1.0823400000,3118,OTHER,false
2024-03-27T04:00:00Z,1.0823400000,1.0830300000,1.0823400000,1.0826200000,3191,OTHER,false
2024-03-27T08:00:00Z,1.0826200000,1.0839100000,1.0821200000,1.0827600000,7954,LONDON,false
2024-03-27T12:00:00Z,1.0827700000,1.0835000000,1.0810700000,1.0816800000,8369,OTHER,false
2024-03-27T16:00:00Z,1.0816800000,1.0825800000,1.0813700000,1.0819100000,9284,OTHER,false
2024-03-27T20:00:00Z,1.0819200000,1.0829000000,1.0818400000,1.0826200000,4165,OTHER,false
2024-03-28T00:00:00Z,1.0826100000,1.0826100000,1.0808000000,1.0817800000,3859,OTHER,false
2024-03-28T04:00:00Z,1.0817800000,1.0826500000,1.0817500000,1.0823600000,3117,OTHER,false
2024-03-28T08:00:00Z,1.0823700000,1.0823900000,1.0775100000,1.0775400000,7375,LONDON,false
2024-03-28T12:00:00Z,1.0775400000,1.0818000000,1.0775000000,1.0811300000,9571,OTHER,false
2024-03-28T16:00:00Z,1.0811800000,1.0818700000,1.0792800000,1.0796200000,10506,OTHER,false
2024-03-28T20:00:00Z,1.0796200000,1.0798500000,1.0784500000,1.0788100000,6146,OTHER,false
2024-03-29T00:00:00Z,1.0787200000,1.0792300000,1.0775800000,1.0775800000,3648,OTHER,false
2024-03-29T04:00:00Z,1.0775800000,1.0779100000,1.0773700000,1.0774800000,2605,OTHER,false
2024-03-29T08:00:00Z,1.0774800000,1.0782200000,1.0767800000,1.0782200000,3445,LONDON,false
2024-03-29T12:00:00Z,1.0782200000,1.0805200000,1.0781300000,1.0798400000,5372,OTHER,false
2024-03-29T16:00:00Z,1.0798400000,1.0799300000,1.0786900000,1.0788000000,5478,OTHER,false
2024-03-29T20:00:00Z,1.0788000000,1.0795600000,1.0786100000,1.0791700000,1409,OTHER,false
2024-04-01T00:00:00Z,1.0787000000,1.0798700000,1.0784100000,1.0791200000,4107,OTHER,false
2024-04-01T04:00:00Z,1.0791200000,1.0794500000,1.0784100000,1.0786700000,3634,OTHER,false
2024-04-01T08:00:00Z,1.0786700000,1.0792100000,1.0782600000,1.0789700000,3851,LONDON,false
2024-04-01T12:00:00Z,1.0789700000,1.0790900000,1.0777100000,1.0781700000,4846,OTHER,false
2024-04-01T16:00:00Z,1.0781600000,1.0782900000,1.0730900000,1.0736400000,10112,OTHER,false
2024-04-01T20:00:00Z,1.0736600000,1.0744000000,1.0736600000,1.0742200000,3806,OTHER,false
2024-04-02T00:00:00Z,1.0742300000,1.0743600000,1.0730900000,1.0737100000,3548,OTHER,false
2024-04-02T04:00:00Z,1.0737100000,1.0738200000,1.0729300000,1.0733200000,3435,OTHER,false
2024-04-02T08:00:00Z,1.0733200000,1.0742800000,1.0724600000,1.0731200000,7953,LONDON,false
2024-04-02T12:00:00Z,1.0731200000,1.0756000000,1.0731100000,1.0749000000,8179,OTHER,false
2024-04-02T16:00:00Z,1.0749000000,1.0779000000,1.0748000000,1.0768200000,11312,OTHER,false
2024-04-02T20:00:00Z,1.0768200000,1.0769200000,1.0760100000,1.0768700000,3401,OTHER,false
2024-04-03T00:00:00Z,1.0768500000,1.0772900000,1.0765900000,1.0768800000,2543,OTHER,false
2024-04-03T04:00:00Z,1.0768700000,1.0779400000,1.0765800000,1.0774600000,3055,OTHER,false
2024-04-03T08:00:00Z,1.0774600000,1.0777400000,1.0764000000,1.0771200000,5573,LONDON,false
2024-04-03T12:00:00Z,1.0770700000,1.0786400000,1.0765100000,1.0777800000,8030,OTHER,false
2024-04-03T16:00:00Z,1.0778100000,1.0836200000,1.0777700000,1.0830500000,14311,OTHER,false
2024-04-03T20:00:00Z,1.0830500000,1.0836900000,1.0825500000,1.0835500000,5668,OTHER,false
2024-04-04T00:00:00Z,1.0835200000,1.0843500000,1.0829200000,1.0843200000,2419,OTHER,false
2024-04-04T04:00:00Z,1.0843200000,1.0844700000,1.0838100000,1.0842600000,2467,OTHER,false
2024-04-04T08:00:00Z,1.0842600000,1.0862600000,1.0838900000,1.0861900000,6677,LONDON,false
2024-04-04T12:00:00Z,1.0861700000,1.0870300000,1.0850600000,1.0869700000,6541,OTHER,false
2024-04-04T16:00:00Z,1.0869700000,1.0876400000,1.0857900000,1.0858700000,7555,OTHER,false
2024-04-04T20:00:00Z,1.0858700000,1.0861800000,1.0831500000,1.0836200000,8258,OTHER,false
2024-04-05T00:00:00Z,1.0836100000,1.0843900000,1.0822900000,1.0841500000,5321,OTHER,false
2024-04-05T04:00:00Z,1.0841500000,1.0843200000,1.0823300000,1.0826300000,3467,OTHER,false
2024-04-05T08:00:00Z,1.0826300000,1.0846300000,1.0822400000,1.0837500000,6665,LONDON,false
2024-04-05T12:00:00Z,1.0837300000,1.0847900000,1.0800300000,1.0809200000,8971,OTHER,false
2024-04-05T16:00:00Z,1.0809500000,1.0844300000,1.0791200000,1.0835600000,13588,OTHER,false
2024-04-05T20:00:00Z,1.0835600000,1.0838900000,1.0830700000,1.0836300000,5208,OTHER,false
2024-04-08T00:00:00Z,1.0837000000,1.0837500000,1.0823000000,1.0827100000,3626,OTHER,false
2024-04-08T04:00:00Z,1.0827000000,1.0843200000,1.0826900000,1.0832000000,4362,OTHER,false
2024-04-08T08:00:00Z,1.0832200000,1.0837700000,1.0822200000,1.0823400000,7619,LONDON,false
2024-04-08T12:00:00Z,1.0823400000,1.0835600000,1.0820900000,1.0834200000,6633,OTHER,false
2024-04-08T16:00:00Z,1.0834400000,1.0859000000,1.0834400000,1.0850000000,9414,OTHER,false
2024-04-08T20:00:00Z,1.0850000000,1.0862200000,1.0849300000,1.0858500000,3867,OTHER,false
2024-04-09T00:00:00Z,1.0858200000,1.0863400000,1.0847100000,1.0858600000,2713,OTHER,false
2024-04-09T04:00:00Z,1.0858700000,1.0862200000,1.0853900000,1.0856400000,3079,OTHER,false
2024-04-09T08:00:00Z,1.0856500000,1.0862600000,1.0849200000,1.0857500000,5215,LONDON,false
2024-04-09T12:00:00Z,1.0857500000,1.0883900000,1.0856400000,1.0880500000,6546,OTHER,false
2024-04-09T16:00:00Z,1.0880700000,1.0885000000,1.0852100000,1.0854500000,9943,OTHER,false
2024-04-09T20:00:00Z,1.0854300000,1.0858700000,1.0847700000,1.0856300000,4060,OTHER,false
2024-04-10T00:00:00Z,1.0855800000,1.0859700000,1.0852300000,1.0857200000,3028,OTHER,false
2024-04-10T04:00:00Z,1.0857200000,1.0858800000,1.0850500000,1.0852400000,3560,OTHER,false
2024-04-10T08:00:00Z,1.0852400000,1.0860500000,1.0847900000,1.0860400000,5640,LONDON,false
2024-04-10T12:00:00Z,1.0860400000,1.0866400000,1.0778300000,1.0780700000,9894,OTHER,false
2024-04-10T16:00:00Z,1.0780700000,1.0781200000,1.0728700000,1.0736100000,15951,OTHER,false
2024-04-10T20:00:00Z,1.0736100000,1.0754300000,1.0729000000,1.0741600000,10759,OTHER,false
2024-04-11T00:00:00Z,1.0741500000,1.0745800000,1.0738100000,1.0742400000,3436,OTHER,false
2024-04-11T04:00:00Z,1.0742400000,1.0748900000,1.0741100000,1.0746200000,3607,OTHER,false
2024-04-11T08:00:00Z,1.0746200000,1.0749900000,1.0726600000,1.0740500000,7928,LONDON,false
2024-04-11T12:00:00Z,1.0740400000,1.0746900000,1.0714800000,1.0741400000,12338,OTHER,false
2024-04-11T16:00:00Z,1.0741400000,1.0756300000,1.0699200000,1.0717500000,15872,OTHER,false
2024-04-11T20:00:00Z,1.0717500000,1.0734500000,1.0715200000,1.0725200000,6913,OTHER,false
2024-04-12T00:00:00Z,1.0725100000,1.0728900000,1.0720700000,1.0725900000,1904,OTHER,false
2024-04-12T04:00:00Z,1.0725900000,1.0728200000,1.0710700000,1.0711300000,3490,OTHER,false
2024-04-12T08:00:00Z,1.0711300000,1.0714000000,1.0670900000,1.0671000000,8772,LONDON,false
2024-04-12T12:00:00Z,1.0671100000,1.0674900000,1.0631300000,1.0638200000,10133,OTHER,false
2024-04-12T16:00:00Z,1.0638500000,1.0650800000,1.0622500000,1.0641800000,14882,OTHER,false
2024-04-12T20:00:00Z,1.0641800000,1.0650500000,1.0636700000,1.0640600000,6933,OTHER,false
2024-04-15T00:00:00Z,1.0636000000,1.0650800000,1.0627800000,1.0645500000,4854,OTHER,false
2024-04-15T04:00:00Z,1.0645500000,1.0654700000,1.0639100000,1.0652400000,4896,OTHER,false
2024-04-15T08:00:00Z,1.0652400000,1.0664800000,1.0650000000,1.0656300000,9880,LONDON,false
2024-04-15T12:00:00Z,1.0656300000,1.0665100000,1.0631000000,1.0647000000,10308,OTHER,false
2024-04-15T16:00:00Z,1.0647100000,1.0660700000,1.0621900000,1.0636000000,13853,OTHER,false
2024-04-15T20:00:00Z,1.0636000000,1.0639500000,1.0620300000,1.0623700000,8278,OTHER,false
2024-04-16T00:00:00Z,1.0623400000,1.0628400000,1.0617800000,1.0618400000,2770,OTHER,false
2024-04-16T04:00:00Z,1.0618400000,1.0619200000,1.0606200000,1.0614000000,4864,OTHER,false
2024-04-16T08:00:00Z,1.0614000000,1.0624700000,1.0602300000,1.0615800000,9895,LONDON,false
2024-04-16T12:00:00Z,1.0615900000,1.0653600000,1.0615900000,1.0638900000,10268,OTHER,false
2024-04-16T16:00:00Z,1.0638900000,1.0644800000,1.0618700000,1.0624900000,16229,OTHER,false
2024-04-16T20:00:00Z,1.0625000000,1.0634800000,1.0601100000,1.0618100000,12260,OTHER,false
2024-04-17T00:00:00Z,1.0618000000,1.0625200000,1.0611900000,1.0622200000,3268,OTHER,false
2024-04-17T04:00:00Z,1.0622200000,1.0635600000,1.0620300000,1.0624900000,4214,OTHER,false
2024-04-17T08:00:00Z,1.0624900000,1.0648700000,1.0606100000,1.0640600000,9973,LONDON,false
2024-04-17T12:00:00Z,1.0640400000,1.0649100000,1.0631400000,1.0634800000,9869,OTHER,false
2024-04-17T16:00:00Z,1.0634800000,1.0656200000,1.0629900000,1.0649700000,14946,OTHER,false
2024-04-17T20:00:00Z,1.0649700000,1.0679600000,1.0647900000,1.0672000000,8780,OTHER,false
2024-04-18T00:00:00Z,1.0670200000,1.0674200000,1.0664200000,1.0669900000,2545,OTHER,false
2024-04-18T04:00:00Z,1.0669900000,1.0680200000,1.0664400000,1.0678300000,3767,OTHER,false
2024-04-18T08:00:00Z,1.0678200000,1.0690000000,1.0674800000,1.0678400000,8197,LONDON,false
2024-04-18T12:00:00Z,1.0678500000,1.0681200000,1.0659800000,1.0662800000,8901,OTHER,false
2024-04-18T16:00:00Z,1.0662900000,1.0668400000,1.0646400000,1.0653200000,16589,OTHER,false
2024-04-18T20:00:00Z,1.0653200000,1.0654700000,1.0640800000,1.0642500000,8751,OTHER,false
2024-04-19T00:00:00Z,1.0642400000,1.0644700000,1.0636000000,1.0638600000,3319,OTHER,false
2024-04-19T04:00:00Z,1.0638600000,1.0643200000,1.0610400000,1.0634700000,20729,OTHER,false
2024-04-19T08:00:00Z,1.0634700000,1.0659300000,1.0627000000,1.0645400000,17227,LONDON,false
2024-04-19T12:00:00Z,1.0645700000,1.0673600000,1.0642900000,1.0665400000,8353,OTHER,false
2024-04-19T16:00:00Z,1.0664900000,1.0677500000,1.0640200000,1.0653500000,10826,OTHER,false
2024-04-19T20:00:00Z,1.0653300000,1.0658400000,1.0646500000,1.0655700000,5722,OTHER,false
2024-04-22T00:00:00Z,1.0649500000,1.0664500000,1.0646400000,1.0652800000,6207,OTHER,false
2024-04-22T04:00:00Z,1.0652800000,1.0670000000,1.0652700000,1.0664900000,7297,OTHER,false
2024-04-22T08:00:00Z,1.0664900000,1.0668800000,1.0646900000,1.0656200000,13265,LONDON,false
2024-04-22T12:00:00Z,1.0656200000,1.0661400000,1.0630200000,1.0639200000,13701,OTHER,false
2024-04-22T16:00:00Z,1.0639300000,1.0650300000,1.0623400000,1.0648200000,15432,OTHER,false
2024-04-22T20:00:00Z,1.0648200000,1.0660200000,1.0647500000,1.0652800000,6657,OTHER,false
2024-04-23T00:00:00Z,1.0653000000,1.0658700000,1.0649900000,1.0658100000,3481,OTHER,false
2024-04-23T04:00:00Z,1.0658000000,1.0660000000,1.0652800000,1.0654600000,6690,OTHER,false
2024-04-23T08:00:00Z,1.0654600000,1.0694600000,1.0638100000,1.0670200000,17126,LONDON,false
2024-04-23T12:00:00Z,1.0670200000,1.0677500000,1.0652500000,1.0671400000,14539,OTHER,false
2024-04-23T16:00:00Z,1.0671300000,1.0710700000,1.0659500000,1.0699400000,27811,OTHER,false
2024-04-23T20:00:00Z,1.0699400000,1.0707100000,1.0698800000,1.0702100000,7033,OTHER,false
2024-04-24T00:00:00Z,1.0702100000,1.0710100000,1.0698800000,1.0709000000,4192,OTHER,false
2024-04-24T04:00:00Z,1.0709000000,1.0713800000,1.0703500000,1.0704600000,7108,OTHER,false
2024-04-24T08:00:00Z,1.0704600000,1.0705100000,1.0680100000,1.0682700000,11152,LONDON,false
2024-04-24T12:00:00Z,1.0682800000,1.0692300000,1.0677300000,1.0686200000,13086,OTHER,false
2024-04-24T16:00:00Z,1.0686200000,1.0702100000,1.0680400000,1.0690100000,18450,OTHER,false
2024-04-24T20:00:00Z,1.0690000000,1.0706100000,1.0686500000,1.0698600000,9259,OTHER,false
2024-04-25T00:00:00Z,1.0694000000,1.0704100000,1.0690100000,1.0702800000,4586,OTHER,false
2024-04-25T04:00:00Z,1.0702800000,1.0709400000,1.0696300000,1.0708700000,5591,OTHER,false
2024-04-25T08:00:00Z,1.0708700000,1.0728300000,1.0707000000,1.0725100000,11981,LONDON,false
2024-04-25T12:00:00Z,1.0725100000,1.0739800000,1.0684800000,1.0691600000,18858,OTHER,false
2024-04-25T16:00:00Z,1.0691700000,1.0734600000,1.0677800000,1.0730600000,29274,OTHER,false
2024-04-25T20:00:00Z,1.0730600000,1.0738400000,1.0722400000,1.0729400000,10640,OTHER,false
2024-04-26T00:00:00Z,1.0725000000,1.0729900000,1.0722000000,1.0726900000,2990,OTHER,false
2024-04-26T04:00:00Z,1.0726900000,1.0728700000,1.0718000000,1.0721800000,6223,OTHER,false
2024-04-26T08:00:00Z,1.0721800000,1.0752200000,1.0720800000,1.0740300000,15437,LONDON,false
2024-04-26T12:00:00Z,1.0740300000,1.0742800000,1.0709500000,1.0715700000,20474,OTHER,false
2024-04-26T16:00:00Z,1.0715800000,1.0723200000,1.0673300000,1.0693800000,25667,OTHER,false
2024-04-26T20:00:00Z,1.0693900000,1.0706600000,1.0690300000,1.0692100000,6442,OTHER,false
2024-04-29T00:00:00Z,1.0690000000,1.0710600000,1.0686800000,1.0709200000,3927,OTHER,false
2024-04-29T04:00:00Z,1.0709200000,1.0733000000,1.0706900000,1.0728300000,12038,OTHER,false
2024-04-29T08:00:00Z,1.0728300000,1.0733300000,1.0700500000,1.0704200000,22657,LONDON,false
2024-04-29T12:00:00Z,1.0704200000,1.0726700000,1.0696800000,1.0702900000,13678,OTHER,false
2024-04-29T16:00:00Z,1.0702900000,1.0728500000,1.0689500000,1.0725300000,15858,OTHER,false
2024-04-29T20:00:00Z,1.0725300000,1.0729100000,1.0714300000,1.0719400000,7230,OTHER,false
2024-04-30T00:00:00Z,1.0717200000,1.0722200000,1.0709600000,1.0714600000,3768,OTHER,false
2024-04-30T04:00:00Z,1.0714600000,1.0717300000,1.0701800000,1.0705100000,4662,OTHER,false
2024-04-30T08:00:00Z,1.0705100000,1.0711700000,1.0689400000,1.0710300000,10764,LONDON,false
2024-04-30T12:00:00Z,1.0710600000,1.0734800000,1.0689000000,1.0699600000,19248,OTHER,false
2024-04-30T16:00:00Z,1.0699700000,1.0719100000,1.0675400000,1.0678100000,29483,OTHER,false
2024-04-30T20:00:00Z,1.0678200000,1.0682700000,1.0664200000,1.0664700000,8301,OTHER,false
2024-05-01T00:00:00Z,1.0664500000,1.0672300000,1.0657400000,1.0661200000,3615,OTHER,false
2024-05-01T04:00:00Z,1.0661200000,1.0662700000,1.0654400000,1.0655200000,3119,OTHER,false
2024-05-01T08:00:00Z,1.0655200000,1.0669900000,1.0648900000,1.0668700000,6340,LONDON,false
2024-05-01T12:00:00Z,1.0668700000,1.0684300000,1.0666000000,1.0683700000,10165,OTHER,false
2024-05-01T16:00:00Z,1.0683700000,1.0691100000,1.0670000000,1.0671100000,16585,OTHER,false
2024-05-01T20:00:00Z,1.0671100000,1.0732300000,1.0670100000,1.0713000000,40782,OTHER,false
2024-05-02T00:00:00Z,1.0702400000,1.0720400000,1.0699000000,1.0711200000,6660,OTHER,false
2024-05-02T04:00:00Z,1.0711100000,1.0720400000,1.0706300000,1.0717000000,5911,OTHER,false
2024-05-02T08:00:00Z,1.0717000000,1.0727800000,1.0699200000,1.0703600000,15411,LONDON,false
2024-05-02T12:00:00Z,1.0703600000,1.0711800000,1.0692800000,1.0700600000,15050,OTHER,false
2024-05-02T16:00:00Z,1.0700600000,1.0721000000,1.0673600000,1.0715900000,24945,OTHER,false
2024-05-02T20:00:00Z,1.0715900000,1.0729600000,1.0713300000,1.0724300000,8825,OTHER,false
2024-05-03T00:00:00Z,1.0724000000,1.0731000000,1.0720000000,1.0730900000,4185,OTHER,false
2024-05-03T04:00:00Z,1.0730900000,1.0738900000,1.0730300000,1.0731800000,5196,OTHER,false
2024-05-03T08:00:00Z,1.0731800000,1.0743700000,1.0723900000,1.0742000000,11419,LONDON,false
2024-05-03T12:00:00Z,1.0742000000,1.0812200000,1.0738000000,1.0793100000,21670,OTHER,false
2024-05-03T16:00:00Z,1.0793200000,1.0798400000,1.0751000000,1.0762900000,41079,OTHER,false
2024-05-03T20:00:00Z,1.0762900000,1.0768800000,1.0758500000,1.0763300000,6659,OTHER,false
2024-05-06T00:00:00Z,1.0759700000,1.0768500000,1.0754700000,1.0766900000,3945,OTHER,false
2024-05-06T04:00:00Z,1.0766900000,1.0771100000,1.0761500000,1.0762300000,6036,OTHER,false
2024-05-06T08:00:00Z,1.0762200000,1.0775600000,1.0757000000,1.0767900000,9021,LONDON,false
2024-05-06T12:00:00Z,1.0767900000,1.0790200000,1.0765600000,1.0786800000,9099,OTHER,false
2024-05-06T16:00:00Z,1.0786800000,1.0788500000,1.0770600000,1.0773900000,10433,OTHER,false
2024-05-06T20:00:00Z,1.0773700000,1.0776000000,1.0765700000,1.0769100000,4596,OTHER,false
2024-05-07T00:00:00Z,1.0762500000,1.0775700000,1.0762500000,1.0774600000,3341,OTHER,false
2024-05-07T04:00:00Z,1.0774600000,1.0776400000,1.0760100000,1.0765200000,5801,OTHER,false
2024-05-07T08:00:00Z,1.0765300000,1.0769100000,1.0753700000,1.0763300000,9773,LONDON,false
2024-05-07T12:00:00Z,1.0763300000,1.0778700000,1.0754600000,1.0775000000,9857,OTHER,false
2024-05-07T16:00:00Z,1.0775100000,1.0786900000,1.0765400000,1.0769700000,13551,OTHER,false
2024-05-07T20:00:00Z,1.0769800000,1.0770000000,1.0747300000,1.0754800000,6653,OTHER,false
2024-05-08T00:00:00Z,1.0751700000,1.0755600000,1.0746300000,1.0747300000,3503,OTHER,false
2024-05-08T04:00:00Z,1.0747400000,1.0748100000,1.0737500000,1.0740800000,5342,OTHER,false
2024-05-08T08:00:00Z,1.0740800000,1.0748600000,1.0734400000,1.0743600000,7855,LONDON,false
2024-05-08T12:00:00Z,1.0743600000,1.0753400000,1.0739000000,1.0748500000,9646,OTHER,false
2024-05-08T16:00:00Z,1.0748500000,1.0757100000,1.0743700000,1.0745300000,11981,OTHER,false
2024-05-08T20:00:00Z,1.0745300000,1.0748100000,1.0740200000,1.0747900000,4839,OTHER,false
2024-05-09T00:00:00Z,1.0745500000,1.0750100000,1.0741700000,1.0742600000,2888,OTHER,false
2024-05-09T04:00:00Z,1.0742600000,1.0751100000,1.0741600000,1.0744700000,4137,OTHER,false
2024-05-09T08:00:00Z,1.0744700000,1.0745900000,1.0725400000,1.0727500000,7076,LONDON,false
2024-05-09T12:00:00Z,1.0727500000,1.0761900000,1.0723200000,1.0758800000,14884,OTHER,false
2024-05-09T16:00:00Z,1.0758800000,1.0781200000,1.0750100000,1.0775300000,14928,OTHER,false
2024-05-09T20:00:00Z,1.0775300000,1.0783900000,1.0773100000,1.0781400000,5481,OTHER,false
2024-05-10T00:00:00Z,1.0779600000,1.0785300000,1.0775800000,1.0778500000,3014,OTHER,false
2024-05-10T04:00:00Z,1.0778500000,1.0782000000,1.0772400000,1.0773500000,4488,OTHER,false
2024-05-10T08:00:00Z,1.0773500000,1.0786200000,1.0771000000,1.0780000000,9953,LONDON,false
2024-05-10T12:00:00Z,1.0780100000,1.0785600000,1.0765500000,1.0769500000,10355,OTHER,false
2024-05-10T16:00:00Z,1.0769500000,1.0789700000,1.0759700000,1.0775300000,16220,OTHER,false
2024-05-10T20:00:00Z,1.0775300000,1.0776800000,1.0768000000,1.0768700000,5047,OTHER,false
2024-05-13T00:00:00Z,1.0767000000,1.0774800000,1.0765400000,1.0768700000,4748,OTHER,false
2024-05-13T04:00:00Z,1.0768800000,1.0772600000,1.0765200000,1.0769000000,6161,OTHER,false
2024-05-13T08:00:00Z,1.0769000000,1.0784100000,1.0768100000,1.0783300000,9606,LONDON,false
2024-05-13T12:00:00Z,1.0783300000,1.0799200000,1.0776700000,1.0797700000,9962,OTHER,false
2024-05-13T16:00:00Z,1.0797700000,1.0806400000,1.0788800000,1.0792900000,13706,OTHER,false
2024-05-13T20:00:00Z,1.0792900000,1.0793500000,1.0786100000,1.0789300000,5613,OTHER,false
2024-05-14T00:00:00Z,1.0787000000,1.0793200000,1.0784600000,1.0787100000,3070,OTHER,false
2024-05-14T04:00:00Z,1.0787000000,1.0789200000,1.0783700000,1.0785000000,4900,OTHER,false
2024-05-14T08:00:00Z,1.0784900000,1.0788800000,1.0774700000,1.0783100000,8442,LONDON,false
2024-05-14T12:00:00Z,1.0783100000,1.0810000000,1.0769300000,1.0802500000,16307,OTHER,false
2024-05-14T16:00:00Z,1.0802500000,1.0825100000,1.0800100000,1.0816300000,18811,OTHER,false
2024-05-14T20:00:00Z,1.0816300000,1.0822600000,1.0815000000,1.0819100000,5670,OTHER,false
2024-05-15T00:00:00Z,1.0817700000,1.0819500000,1.0812500000,1.0816400000,3798,OTHER,false
2024-05-15T04:00:00Z,1.0816400000,1.0827100000,1.0815800000,1.0820900000,5007,OTHER,false
2024-05-15T08:00:00Z,1.0820900000,1.0834000000,1.0820600000,1.0829300000,10370,LONDON,false
2024-05-15T12:00:00Z,1.0829200000,1.0868600000,1.0821300000,1.0860600000,17368,OTHER,false
2024-05-15T16:00:00Z,1.0860700000,1.0874000000,1.0831000000,1.0871400000,21707,OTHER,false
2024-05-15T20:00:00Z,1.0871400000,1.0885600000,1.0871100000,1.0883000000,7351,OTHER,false
2024-05-16T00:00:00Z,1.0883700000,1.0894300000,1.0877400000,1.0893100000,5351,OTHER,false
2024-05-16T04:00:00Z,1.0893100000,1.0893300000,1.0880700000,1.0883900000,8115,OTHER,false
2024-05-16T08:00:00Z,1.0884000000,1.0884400000,1.0865500000,1.0872700000,11334,LONDON,false
2024-05-16T12:00:00Z,1.0872700000,1.0874300000,1.0860000000,1.0862600000,12200,OTHER,false
2024-05-16T16:00:00Z,1.0862600000,1.0875100000,1.0853800000,1.0872700000,14327,OTHER,false
2024-05-16T20:00:00Z,1.0872700000,1.0875000000,1.0864000000,1.0866000000,5905,OTHER,false
2024-05-17T00:00:00Z,1.0863000000,1.0868500000,1.0859100000,1.0862100000,4059,OTHER,false
2024-05-17T04:00:00Z,1.0862100000,1.0863000000,1.0853600000,1.0855500000,5661,OTHER,false
2024-05-17T08:00:00Z,1.0855500000,1.0867700000,1.0840900000,1.0843500000,10157,LONDON,false
2024-05-17T12:00:00Z,1.0843500000,1.0846200000,1.0835000000,1.0842200000,9214,OTHER,false
2024-05-17T16:00:00Z,1.0842200000,1.0877800000,1.0842200000,1.0868000000,13265,OTHER,false
2024-05-17T20:00:00Z,1.0868000000,1.0876100000,1.0867500000,1.0868400000,5657,OTHER,false
2024-05-20T00:00:00Z,1.0865800000,1.0876400000,1.0862100000,1.0874400000,3619,OTHER,false
2024-05-20T04:00:00Z,1.0874400000,1.0881800000,1.0870800000,1.0880100000,5838,OTHER,false
2024-05-20T08:00:00Z,1.0880100000,1.0883900000,1.0868600000,1.0873900000,9396,LONDON,false
2024-05-20T12:00:00Z,1.0873900000,1.0874500000,1.0853500000,1.0856700000,10383,OTHER,false
2024-05-20T16:00:00Z,1.0856700000,1.0869100000,1.0856600000,1.0865100000,12147,OTHER,false
2024-05-20T20:00:00Z,1.0865100000,1.0870000000,1.0855600000,1.0856100000,5507,OTHER,false
2024-05-21T00:00:00Z,1.0856000000,1.0861200000,1.0855400000,1.0860800000,3276,OTHER,false
2024-05-21T04:00:00Z,1.0860800000,1.0860800000,1.0850100000,1.0858000000,6502,OTHER,false
2024-05-21T08:00:00Z,1.0858000000,1.0868900000,1.0855800000,1.0866200000,9608,LONDON,false
2024-05-21T12:00:00Z,1.0866200000,1.0874100000,1.0854000000,1.0856600000,10758,OTHER,false
2024-05-21T16:00:00Z,1.0856600000,1.0861200000,1.0841900000,1.0853200000,19649,OTHER,false
2024-05-21T20:00:00Z,1.0853200000,1.0855900000,1.0845700000,1.0853200000,5604,OTHER,false
2024-05-22T00:00:00Z,1.0853500000,1.0859200000,1.0852500000,1.0856900000,3718,OTHER,false
2024-05-22T04:00:00Z,1.0856900000,1.0862800000,1.0852000000,1.0852900000,5988,OTHER,false
2024-05-22T08:00:00Z,1.0852900000,1.0862800000,1.0845400000,1.0848000000,9978,LONDON,false
2024-05-22T12:00:00Z,1.0848000000,1.0849200000,1.0821100000,1.0831400000,12220,OTHER,false
2024-05-22T16:00:00Z,1.0831400000,1.0843700000,1.0830900000,1.0841800000,14165,OTHER,false
2024-05-22T20:00:00Z,1.0841700000,1.0846300000,1.0816800000,1.0820800000,11216,OTHER,false
2024-05-23T00:00:00Z,1.0821900000,1.0828200000,1.0819600000,1.0825000000,3953,OTHER,false
2024-05-23T04:00:00Z,1.0825000000,1.0831600000,1.0821200000,1.0826000000,5816,OTHER,false
2024-05-23T08:00:00Z,1.0826000000,1.0844100000,1.0811600000,1.0838000000,14218,LONDON,false
2024-05-23T12:00:00Z,1.0838000000,1.0853700000,1.0832800000,1.0851800000,12802,OTHER,false
2024-05-23T16:00:00Z,1.0851900000,1.0860500000,1.0817200000,1.0817600000,25291,OTHER,false
2024-05-23T20:00:00Z,1.0817600000,1.0819400000,1.0804100000,1.0814900000,9887,OTHER,false
2024-05-24T00:00:00Z,1.0810200000,1.0814400000,1.0806800000,1.0809400000,4191,OTHER,false
2024-05-24T04:00:00Z,1.0809300000,1.0813100000,1.0804700000,1.0808500000,5738,OTHER,false
2024-05-24T08:00:00Z,1.0808500000,1.0827700000,1.0806800000,1.0824000000,9148,LONDON,false
2024-05-24T12:00:00Z,1.0824000000,1.0853000000,1.0822800000,1.0850600000,11322,OTHER,false
2024-05-24T16:00:00Z,1.0850500000,1.0857200000,1.0840800000,1.0846400000,15046,OTHER,false
2024-05-24T20:00:00Z,1.0846400000,1.0852600000,1.0845200000,1.0845500000,5256,OTHER,false
2024-05-27T00:00:00Z,1.0846000000,1.0850600000,1.0842500000,1.0847900000,2849,OTHER,false
2024-05-27T04:00:00Z,1.0847900000,1.0851500000,1.0846500000,1.0847800000,3890,OTHER,false
2024-05-27T08:00:00Z,1.0847800000,1.0852700000,1.0843500000,1.0848800000,6291,LONDON,false
2024-05-27T12:00:00Z,1.0848800000,1.0866800000,1.0839800000,1.0848400000,10101,OTHER,false
2024-05-27T16:00:00Z,1.0848500000,1.0861300000,1.0843700000,1.0859100000,7824,OTHER,false
2024-05-27T20:00:00Z,1.0859100000,1.0860100000,1.0856400000,1.0858200000,1825,OTHER,false
2024-05-28T00:00:00Z,1.0856600000,1.0867600000,1.0848100000,1.0864400000,6409,OTHER,false
2024-05-28T04:00:00Z,1.0864400000,1.0879300000,1.0863400000,1.0875500000,6660,OTHER,false
2024-05-28T08:00:00Z,1.0875500000,1.0879400000,1.0866300000,1.0869400000,9328,LONDON,false
2024-05-28T12:00:00Z,1.0869400000,1.0888400000,1.0866600000,1.0876000000,10252,OTHER,false
2024-05-28T16:00:00Z,1.0875900000,1.0879400000,1.0857100000,1.0874100000,16112,OTHER,false
2024-05-28T20:00:00Z,1.0874200000,1.0875200000,1.0854300000,1.0855900000,9237,OTHER,false
2024-05-29T00:00:00Z,1.0856900000,1.0859700000,1.0847000000,1.0850500000,4606,OTHER,false
2024-05-29T04:00:00Z,1.0850500000,1.0856300000,1.0843300000,1.0846900000,5492,OTHER,false
2024-05-29T08:00:00Z,1.0846900000,1.0858100000,1.0828500000,1.0836500000,12968,LONDON,false
2024-05-29T12:00:00Z,1.0836500000,1.0858000000,1.0834800000,1.0845700000,13461,OTHER,false
2024-05-29T16:00:00Z,1.0845500000,1.0846100000,1.0806700000,1.0814700000,20004,OTHER,false
2024-05-29T20:00:00Z,1.0814700000,1.0815200000,1.0799200000,1.0800000000,8013,OTHER,false
2024-05-30T00:00:00Z,1.0800300000,1.0803600000,1.0794600000,1.0795600000,3977,OTHER,false
2024-05-30T04:00:00Z,1.0795700000,1.0803800000,1.0791200000,1.0795300000,6521,OTHER,false
2024-05-30T08:00:00Z,1.0795300000,1.0817900000,1.0787500000,1.0814400000,13521,LONDON,false
2024-05-30T12:00:00Z,1.0814300000,1.0832100000,1.0807700000,1.0828400000,14151,OTHER,false
2024-05-30T16:00:00Z,1.0828400000,1.0844600000,1.0824700000,1.0839200000,17001,OTHER,false
2024-05-30T20:00:00Z,1.0839100000,1.0842600000,1.0826000000,1.0831400000,6754,OTHER,false
2024-05-31T00:00:00Z,1.0826300000,1.0833400000,1.0826200000,1.0831400000,3700,OTHER,false
2024-05-31T04:00:00Z,1.0831400000,1.0832800000,1.0810500000,1.0817700000,6597,OTHER,false
2024-05-31T08:00:00Z,1.0817700000,1.0837800000,1.0813800000,1.0833700000,11351,LONDON,false
2024-05-31T12:00:00Z,1.0833700000,1.0881700000,1.0833300000,1.0879600000,16398,OTHER,false
2024-05-31T16:00:00Z,1.0879500000,1.0880100000,1.0838900000,1.0846700000,25068,OTHER,false
2024-05-31T20:00:00Z,1.0846700000,1.0852100000,1.0840000000,1.0847900000,7917,OTHER,false
2024-06-03T00:00:00Z,1.0843400000,1.0856800000,1.0841600000,1.0855800000,4951,OTHER,false
2024-06-03T04:00:00Z,1.0855800000,1.0858200000,1.0848400000,1.0851100000,5904,OTHER,false
2024-06-03T08:00:00Z,1.0851100000,1.0858000000,1.0832700000,1.0839500000,12323,LONDON,false
2024-06-03T12:00:00Z,1.0839500000,1.0849200000,1.0827000000,1.0843600000,12249,OTHER,false
2024-06-03T16:00:00Z,1.0843600000,1.0890000000,1.0843600000,1.0884500000,20306,OTHER,false
2024-06-03T20:00:00Z,1.0884500000,1.0903900000,1.0880600000,1.0903900000,8446,OTHER,false
2024-06-04T00:00:00Z,1.0899700000,1.0915300000,1.0898600000,1.0912100000,4533,OTHER,false
2024-06-04T04:00:00Z,1.0912000000,1.0913000000,1.0904500000,1.0908700000,5114,OTHER,false
2024-06-04T08:00:00Z,1.0908600000,1.0910000000,1.0873200000,1.0880300000,14787,LONDON,false
2024-06-04T12:00:00Z,1.0880300000,1.0881400000,1.0858200000,1.0864000000,17240,OTHER,false
2024-06-04T16:00:00Z,1.0864000000,1.0882900000,1.0861400000,1.0879700000,20547,OTHER,false
2024-06-04T20:00:00Z,1.0879700000,1.0887100000,1.0877400000,1.0878400000,9607,OTHER,false
2024-06-05T00:00:00Z,1.0878300000,1.0885500000,1.0877000000,1.0883600000,3459,OTHER,false
2024-06-05T04:00:00Z,1.0883600000,1.0885500000,1.0876000000,1.0880000000,4673,OTHER,false
2024-06-05T08:00:00Z,1.0880000000,1.0881500000,1.0869400000,1.0875000000,9452,LONDON,false
2024-06-05T12:00:00Z,1.0874900000,1.0883700000,1.0859100000,1.0883300000,11231,OTHER,false
2024-06-05T16:00:00Z,1.0883300000,1.0891100000,1.0853800000,1.0863600000,21771,OTHER,false
2024-06-05T20:00:00Z,1.0863600000,1.0876700000,1.0859900000,1.0868200000,5383,OTHER,false
2024-06-06T00:00:00Z,1.0867800000,1.0881800000,1.0866200000,1.0881300000,3770,OTHER,false
2024-06-06T04:00:00Z,1.0881300000,1.0895200000,1.0881300000,1.0886500000,5913,OTHER,false
2024-06-06T08:00:00Z,1.0886500000,1.0887600000,1.0870600000,1.0876700000,8481,LONDON,false
2024-06-06T12:00:00Z,1.0876600000,1.0901200000,1.0861200000,1.0881100000,14872,OTHER,false
2024-06-06T16:00:00Z,1.0880700000,1.0890700000,1.0871100000,1.0881400000,17553,OTHER,false
2024-06-06T20:00:00Z,1.0881400000,1.0893600000,1.0880400000,1.0889200000,4283,OTHER,false
2024-06-07T00:00:00Z,1.0889800000,1.0892700000,1.0885200000,1.0888800000,2327,OTHER,false
2024-06-07T04:00:00Z,1.0888900000,1.0897200000,1.0886500000,1.0894700000,3663,OTHER,false
2024-06-07T08:00:00Z,1.0894700000,1.0897800000,1.0882500000,1.0888400000,7822,LONDON,false
2024-06-07T12:00:00Z,1.0888400000,1.0901300000,1.0823400000,1.0832600000,14580,OTHER,false
2024-06-07T16:00:00Z,1.0832500000,1.0835100000,1.0802600000,1.0804600000,17861,OTHER,false
2024-06-07T20:00:00Z,1.0804400000,1.0806600000,1.0799100000,1.0801300000,6159,OTHER,false
2024-06-10T00:00:00Z,1.0773400000,1.0781000000,1.0763200000,1.0777300000,5209,OTHER,false
2024-06-10T04:00:00Z,1.0777300000,1.0779300000,1.0747400000,1.0753600000,4228,OTHER,false
2024-06-10T08:00:00Z,1.0753600000,1.0767500000,1.0747200000,1.0756000000,10648,LONDON,false
2024-06-10T12:00:00Z,1.0756100000,1.0759800000,1.0732200000,1.0740700000,9330,OTHER,false
2024-06-10T16:00:00Z,1.0740600000,1.0758100000,1.0732500000,1.0753400000,9611,OTHER,false
2024-06-10T20:00:00Z,1.0753400000,1.0766000000,1.0749700000,1.0765700000,4177,OTHER,false
2024-06-11T00:00:00Z,1.0763000000,1.0767500000,1.0756400000,1.0763100000,2899,OTHER,false
2024-06-11T04:00:00Z,1.0763100000,1.0769900000,1.0761600000,1.0767700000,4054,OTHER,false
2024-06-11T08:00:00Z,1.0767700000,1.0772900000,1.0742800000,1.0744600000,7510,LONDON,false
2024-06-11T12:00:00Z,1.0744600000,1.0755800000,1.0723100000,1.0731800000,11962,OTHER,false
2024-06-11T16:00:00Z,1.0731800000,1.0738200000,1.0718800000,1.0736600000,10797,OTHER,false
2024-06-11T20:00:00Z,1.0736700000,1.0748800000,1.0736000000,1.0740600000,4431,OTHER,false
2024-06-12T00:00:00Z,1.0735000000,1.0742200000,1.0733100000,1.0735400000,2960,OTHER,false
2024-06-12T04:00:00Z,1.0735400000,1.0742500000,1.0733900000,1.0736000000,3481,OTHER,false
2024-06-12T08:00:00Z,1.0736000000,1.0753400000,1.0734900000,1.0745900000,6829,LONDON,false
2024-06-12T12:00:00Z,1.0745900000,1.0829500000,1.0743400000,1.0825900000,13236,OTHER,false
2024-06-12T16:00:00Z,1.0825900000,1.0851700000,1.0816900000,1.0843400000,17201,OTHER,false
2024-06-12T20:00:00Z,1.0843400000,1.0845100000,1.0803000000,1.0808500000,23721,OTHER,false
2024-06-13T00:00:00Z,1.0804900000,1.0814900000,1.0804900000,1.0812200000,3490,OTHER,false
2024-06-13T04:00:00Z,1.0812200000,1.0815100000,1.0802500000,1.0803200000,4306,OTHER,false
2024-06-13T08:00:00Z,1.0803200000,1.0815800000,1.0799700000,1.0805500000,7852,LONDON,false
2024-06-13T12:00:00Z,1.0805500000,1.0815600000,1.0779900000,1.0792700000,12813,OTHER,false
2024-06-13T16:00:00Z,1.0792800000,1.0807100000,1.0732200000,1.0734500000,17213,OTHER,false
2024-06-13T20:00:00Z,1.0734500000,1.0743400000,1.0734500000,1.0738000000,6166,OTHER,false
2024-06-14T00:00:00Z,1.0733300000,1.0740300000,1.0733000000,1.0735700000,2952,OTHER,false
2024-06-14T04:00:00Z,1.0735700000,1.0744300000,1.0734400000,1.0735600000,4596,OTHER,false
2024-06-14T08:00:00Z,1.0735600000,1.0736600000,1.0689000000,1.0691200000,13015,LONDON,false
2024-06-14T12:00:00Z,1.0691200000,1.0705200000,1.0671100000,1.0688600000,18522,OTHER,false
2024-06-14T16:00:00Z,1.0688900000,1.0701200000,1.0667000000,1.0699800000,16794,OTHER,false
2024-06-14T20:00:00Z,1.0699800000,1.0706900000,1.0693900000,1.0705200000,5266,OTHER,false
2024-06-17T00:00:00Z,1.0702900000,1.0708600000,1.0696300000,1.0703300000,4363,OTHER,false
2024-06-17T04:00:00Z,1.0703300000,1.0704900000,1.0698200000,1.0703600000,5039,OTHER,false
2024-06-17T08:00:00Z,1.0703600000,1.0711600000,1.0685700000,1.0706600000,13090,LONDON,false
2024-06-17T12:00:00Z,1.0706600000,1.0717200000,1.0701500000,1.0713100000,10279,OTHER,false
2024-06-17T16:00:00Z,1.0713100000,1.0727200000,1.0710900000,1.0724600000,11642,OTHER,false
2024-06-17T20:00:00Z,1.0724500000,1.0737100000,1.0722700000,1.0733900000,4975,OTHER,false
2024-06-18T00:00:00Z,1.0733200000,1.0740500000,1.0730000000,1.0735500000,2954,OTHER,false
2024-06-18T04:00:00Z,1.0735500000,1.0736200000,1.0719600000,1.0720900000,4549,OTHER,false
2024-06-18T08:00:00Z,1.0720800000,1.0734700000,1.0714300000,1.0718700000,9150,LONDON,false
2024-06-18T12:00:00Z,1.0718700000,1.0733500000,1.0709400000,1.0730600000,11591,OTHER,false
2024-06-18T16:00:00Z,1.0730600000,1.0760800000,1.0729400000,1.0738600000,14538,OTHER,false
2024-06-18T20:00:00Z,1.0738600000,1.0742700000,1.0731400000,1.0738900000,5708,OTHER,false
2024-06-19T00:00:00Z,1.0738600000,1.0740600000,1.0735900000,1.0736700000,1978,OTHER,false
2024-06-19T04:00:00Z,1.0736700000,1.0741800000,1.0734600000,1.0735200000,3262,OTHER,false
2024-06-19T08:00:00Z,1.0735200000,1.0741100000,1.0724100000,1.0739700000,9304,LONDON,false
2024-06-19T12:00:00Z,1.0739700000,1.0752700000,1.0731800000,1.0745200000,8758,OTHER,false
2024-06-19T16:00:00Z,1.0745300000,1.0750200000,1.0740200000,1.0746400000,5177,OTHER,false
2024-06-19T20:00:00Z,1.0746300000,1.0746600000,1.0741800000,1.0743400000,1268,OTHER,false
2024-06-20T00:00:00Z,1.0735500000,1.0748200000,1.0735500000,1.0745500000,2458,OTHER,false
2024-06-20T04:00:00Z,1.0745400000,1.0747400000,1.0738300000,1.0742000000,3646,OTHER,false
2024-06-20T08:00:00Z,1.0742000000,1.0742700000,1.0711900000,1.0716300000,8348,LONDON,false
2024-06-20T12:00:00Z,1.0716300000,1.0731600000,1.0712200000,1.0718400000,11944,OTHER,false
2024-06-20T16:00:00Z,1.0718600000,1.0730000000,1.0702800000,1.0706500000,12634,OTHER,false
2024-06-20T20:00:00Z,1.0706500000,1.0717200000,1.0701300000,1.0701700000,6564,OTHER,false
2024-06-21T00:00:00Z,1.0701000000,1.0707000000,1.0700500000,1.0706100000,2507,OTHER,false
2024-06-21T04:00:00Z,1.0706000000,1.0717900000,1.0704400000,1.0717800000,3660,OTHER,false
2024-06-21T08:00:00Z,1.0717800000,1.0719900000,1.0670300000,1.0690200000,11744,LONDON,false
2024-06-21T12:00:00Z,1.0690300000,1.0697500000,1.0675900000,1.0694100000,10653,OTHER,false
2024-06-21T16:00:00Z,1.0694000000,1.0697100000,1.0677200000,1.0691600000,14920,OTHER,false
2024-06-21T20:00:00Z,1.0691600000,1.0696200000,1.0690100000,1.0691400000,4544,OTHER,false
2024-06-24T00:00:00Z,1.0682900000,1.0694900000,1.0681500000,1.0691100000,3180,OTHER,false
2024-06-24T04:00:00Z,1.0691200000,1.0694000000,1.0683000000,1.0693900000,4672,OTHER,false
2024-06-24T08:00:00Z,1.0694000000,1.0717200000,1.0693900000,1.0712900000,8307,LONDON,false
2024-06-24T12:00:00Z,1.0712800000,1.0735200000,1.0712400000,1.0733900000,10795,OTHER,false
2024-06-24T16:00:00Z,1.0734000000,1.0745800000,1.0722700000,1.0727100000,10529,OTHER,false
2024-06-24T20:00:00Z,1.0727100000,1.0737600000,1.0721300000,1.0733700000,4840,OTHER,false
2024-06-25T00:00:00Z,1.0729100000,1.0735000000,1.0725300000,1.0733400000,2456,OTHER,false
2024-06-25T04:00:00Z,1.0733400000,1.0739400000,1.0731600000,1.0738800000,3605,OTHER,false
2024-06-25T08:00:00Z,1.0738900000,1.0743500000,1.0720200000,1.0733600000,7721,LONDON,false
2024-06-25T12:00:00Z,1.0733600000,1.0734600000,1.0701500000,1.0704400000,9299,OTHER,false
2024-06-25T16:00:00Z,1.0704600000,1.0712500000,1.0689900000,1.0704000000,10865,OTHER,false
2024-06-25T20:00:00Z,1.0704000000,1.0716900000,1.0703700000,1.0713700000,3975,OTHER,false
2024-06-26T00:00:00Z,1.0710400000,1.0714500000,1.0699600000,1.0710700000,2713,OTHER,false
2024-06-26T04:00:00Z,1.0710800000,1.0717300000,1.0706800000,1.0709800000,4472,OTHER,false
2024-06-26T08:00:00Z,1.0709800000,1.0710600000,1.0684500000,1.0694200000,7956,LONDON,false
2024-06-26T12:00:00Z,1.0694200000,1.0698900000,1.0676400000,1.0676400000,9974,OTHER,false
2024-06-26T16:00:00Z,1.0676400000,1.0695200000,1.0665300000,1.0681500000,15235,OTHER,false
2024-06-26T20:00:00Z,1.0681500000,1.0690100000,1.0674400000,1.0679900000,4969,OTHER,false
2024-06-27T00:00:00Z,1.0678800000,1.0681400000,1.0676400000,1.0677600000,3022,OTHER,false
2024-06-27T04:00:00Z,1.0677600000,1.0694100000,1.0677100000,1.0693700000,3492,OTHER,false
2024-06-27T08:00:00Z,1.0693700000,1.0698400000,1.0679900000,1.0687400000,8676,LONDON,false
2024-06-27T12:00:00Z,1.0687400000,1.0721600000,1.0686700000,1.0718800000,12408,OTHER,false
2024-06-27T16:00:00Z,1.0718800000,1.0725900000,1.0699600000,1.0706100000,14148,OTHER,false
2024-06-27T20:00:00Z,1.0706000000,1.0707600000,1.0700700000,1.0702900000,5052,OTHER,false
2024-06-28T00:00:00Z,1.0702400000,1.0710300000,1.0696800000,1.0696900000,3098,OTHER,false
2024-06-28T04:00:00Z,1.0696900000,1.0698300000,1.0684700000,1.0686000000,5930,OTHER,false
2024-06-28T08:00:00Z,1.0686000000,1.0703300000,1.0685500000,1.0697200000,8652,LONDON,false
2024-06-28T12:00:00Z,1.0697200000,1.0719000000,1.0691400000,1.0704000000,12515,OTHER,false
2024-06-28T16:00:00Z,1.0704100000,1.0721600000,1.0691900000,1.0715300000,19571,OTHER,false
2024-06-28T20:00:00Z,1.0715300000,1.0724100000,1.0705400000,1.0713300000,6749,OTHER,false
2024-07-01T00:00:00Z,1.0740900000,1.0749000000,1.0731800000,1.0745100000,5498,OTHER,false
2024-07-01T04:00:00Z,1.0745100000,1.0760800000,1.0742200000,1.0754100000,6703,OTHER,false
2024-07-01T08:00:00Z,1.0754100000,1.0775800000,1.0748800000,1.0767700000,11453,LONDON,false
2024-07-01T12:00:00Z,1.0767600000,1.0768100000,1.0739200000,1.0747600000,9146,OTHER,false
2024-07-01T16:00:00Z,1.0747900000,1.0769000000,1.0718900000,1.0730700000,15621,OTHER,false
2024-07-01T20:00:00Z,1.0730700000,1.0742000000,1.0723600000,1.0739600000,4901,OTHER,false
2024-07-02T00:00:00Z,1.0739600000,1.0740500000,1.0728000000,1.0734100000,3252,OTHER,false
2024-07-02T04:00:00Z,1.0734100000,1.0735700000,1.0727600000,1.0728800000,3944,OTHER,false
2024-07-02T08:00:00Z,1.0728900000,1.0735100000,1.0711400000,1.0720200000,9784,LONDON,false
2024-07-02T12:00:00Z,1.0720200000,1.0733000000,1.0709200000,1.0731000000,9082,OTHER,false
2024-07-02T16:00:00Z,1.0731000000,1.0746100000,1.0723400000,1.0731500000,16899,OTHER,false
2024-07-02T20:00:00Z,1.0731400000,1.0746600000,1.0731100000,1.0744900000,4094,OTHER,false
2024-07-03T00:00:00Z,1.0737300000,1.0753800000,1.0737300000,1.0747400000,2951,OTHER,false
2024-07-03T04:00:00Z,1.0747400000,1.0747400000,1.0739700000,1.0741700000,3370,OTHER,false
2024-07-03T08:00:00Z,1.0741700000,1.0762900000,1.0735500000,1.0757500000,8067,LONDON,false
2024-07-03T12:00:00Z,1.0757400000,1.0777800000,1.0751900000,1.0774000000,9642,OTHER,false
2024-07-03T16:00:00Z,1.0774000000,1.0816300000,1.0771300000,1.0795200000,17622,OTHER,false
2024-07-03T20:00:00Z,1.0795200000,1.0795200000,1.0777400000,1.0787200000,4350,OTHER,false
2024-07-04T00:00:00Z,1.0784300000,1.0793200000,1.0779100000,1.0791900000,2711,OTHER,false
2024-07-04T04:00:00Z,1.0791900000,1.0794300000,1.0783000000,1.0785900000,3911,OTHER,false
2024-07-04T08:00:00Z,1.0785900000,1.0802400000,1.0784200000,1.0801200000,8328,LONDON,false
2024-07-04T12:00:00Z,1.0801200000,1.0802400000,1.0793400000,1.0796400000,7164,OTHER,false
2024-07-04T16:00:00Z,1.0796400000,1.0813100000,1.0794200000,1.0811400000,5703,OTHER,false
2024-07-04T20:00:00Z,1.0811400000,1.0813000000,1.0810000000,1.0811600000,1521,OTHER,false
2024-07-05T00:00:00Z,1.0810500000,1.0817300000,1.0808600000,1.0814200000,3008,OTHER,false
2024-07-05T04:00:00Z,1.0814100000,1.0823800000,1.0813300000,1.0821300000,4318,OTHER,false
2024-07-05T08:00:00Z,1.0821300000,1.0830000000,1.0815800000,1.0827400000,7198,LONDON,false
2024-07-05T12:00:00Z,1.0827400000,1.0841500000,1.0797100000,1.0829000000,12508,OTHER,false
2024-07-05T16:00:00Z,1.0829000000,1.0833500000,1.0810100000,1.0824900000,18247,OTHER,false
2024-07-05T20:00:00Z,1.0825000000,1.0841900000,1.0824300000,1.0838300000,4802,OTHER,false
2024-07-08T00:00:00Z,1.0801400000,1.0832400000,1.0801100000,1.0821000000,5375,OTHER,false
2024-07-08T04:00:00Z,1.0820900000,1.0835500000,1.0819500000,1.0828000000,5204,OTHER,false
2024-07-08T08:00:00Z,1.0828000000,1.0842400000,1.0814000000,1.0837800000,11842,LONDON,false
2024-07-08T12:00:00Z,1.0837700000,1.0844000000,1.0822900000,1.0843000000,9524,OTHER,false
2024-07-08T16:00:00Z,1.0843500000,1.0844600000,1.0827900000,1.0831800000,10073,OTHER,false
2024-07-08T20:00:00Z,1.0831800000,1.0833100000,1.0821600000,1.0822900000,3751,OTHER,false
2024-07-09T00:00:00Z,1.0823300000,1.0832700000,1.0822100000,1.0826400000,2377,OTHER,false
2024-07-09T04:00:00Z,1.0826300000,1.0830700000,1.0818500000,1.0829000000,3653,OTHER,false
2024-07-09T08:00:00Z,1.0829000000,1.0830100000,1.0814600000,1.0821900000,7369,LONDON,false
2024-07-09T12:00:00Z,1.0821800000,1.0827800000,1.0811400000,1.0815000000,7835,OTHER,false
2024-07-09T16:00:00Z,1.0815200000,1.0827500000,1.0804700000,1.0809300000,15489,OTHER,false
2024-07-09T20:00:00Z,1.0809300000,1.0815900000,1.0805800000,1.0813500000,5357,OTHER,false
2024-07-10T00:00:00Z,1.0812300000,1.0816200000,1.0808300000,1.0811500000,2465,OTHER,false
2024-07-10T04:00:00Z,1.0811500000,1.0820600000,1.0810300000,1.0817900000,4451,OTHER,false
2024-07-10T08:00:00Z,1.0817900000,1.0824300000,1.0811200000,1.0814800000,7576,LONDON,false
2024-07-10T12:00:00Z,1.0814800000,1.0827600000,1.0812800000,1.0826500000,8109,OTHER,false
2024-07-10T16:00:00Z,1.0826500000,1.0828200000,1.0819300000,1.0826200000,11309,OTHER,false
2024-07-10T20:00:00Z,1.0826200000,1.0830000000,1.0816700000,1.0829800000,4359,OTHER,false
2024-07-11T00:00:00Z,1.0829500000,1.0836100000,1.0824700000,1.0834600000,2056,OTHER,false
2024-07-11T04:00:00Z,1.0834600000,1.0839500000,1.0831900000,1.0835700000,3715,OTHER,false
2024-07-11T08:00:00Z,1.0835700000,1.0847200000,1.0831500000,1.0846600000,6929,LONDON,false
2024-07-11T12:00:00Z,1.0846600000,1.0899300000,1.0842600000,1.0886100000,14942,OTHER,false
2024-07-11T16:00:00Z,1.0886100000,1.0898400000,1.0863400000,1.0866200000,26216,OTHER,false
2024-07-11T20:00:00Z,1.0866300000,1.0869400000,1.0859200000,1.0866500000,7080,OTHER,false
2024-07-12T00:00:00Z,1.0865000000,1.0873900000,1.0862000000,1.0869300000,6656,OTHER,false
2024-07-12T04:00:00Z,1.0869200000,1.0871500000,1.0862800000,1.0869100000,5318,OTHER,false
2024-07-12T08:00:00Z,1.0869100000,1.0886600000,1.0861100000,1.0886200000,8604,LONDON,false
2024-07-12T12:00:00Z,1.0886100000,1.0892300000,1.0872800000,1.0889900000,13490,OTHER,false
2024-07-12T16:00:00Z,1.0890000000,1.0910200000,1.0886200000,1.0904000000,18605,OTHER,false
2024-07-12T20:00:00Z,1.0904000000,1.0910700000,1.0900300000,1.0905500000,4910,OTHER,false
2024-07-15T00:00:00Z,1.0883600000,1.0892900000,1.0882500000,1.0887700000,5552,OTHER,false
2024-07-15T04:00:00Z,1.0887600000,1.0895100000,1.0885400000,1.0892900000,4260,OTHER,false
2024-07-15T08:00:00Z,1.0893000000,1.0908700000,1.0883200000,1.0907700000,8802,LONDON,false
2024-07-15T12:00:00Z,1.0907700000,1.0919700000,1.0901400000,1.0906700000,10477,OTHER,false
2024-07-15T16:00:00Z,1.0906800000,1.0921700000,1.0899300000,1.0905600000,13825,OTHER,false
2024-07-15T20:00:00Z,1.0905600000,1.0905800000,1.0892500000,1.0894100000,9076,OTHER,false
2024-07-16T00:00:00Z,1.0890500000,1.0898000000,1.0886800000,1.0890600000,3420,OTHER,false
2024-07-16T04:00:00Z,1.0890600000,1.0893900000,1.0888000000,1.0891700000,4146,OTHER,false
2024-07-16T08:00:00Z,1.0891700000,1.0902100000,1.0882900000,1.0899700000,9019,LONDON,false
2024-07-16T12:00:00Z,1.0899700000,1.0905000000,1.0874900000,1.0880000000,13162,OTHER,false
2024-07-16T16:00:00Z,1.0880000000,1.0888500000,1.0870900000,1.0888300000,13666,OTHER,false
2024-07-16T20:00:00Z,1.0888300000,1.0902200000,1.0887100000,1.0898100000,4769,OTHER,false
2024-07-17T00:00:00Z,1.0897800000,1.0902200000,1.0895200000,1.0896900000,3760,OTHER,false
2024-07-17T04:00:00Z,1.0896900000,1.0906200000,1.0894900000,1.0902300000,4432,OTHER,false
2024-07-17T08:00:00Z,1.0902300000,1.0943200000,1.0894400000,1.0941300000,13805,LONDON,false
2024-07-17T12:00:00Z,1.0941100000,1.0944400000,1.0928300000,1.0941800000,13387,OTHER,false
2024-07-17T16:00:00Z,1.0941800000,1.0947400000,1.0923100000,1.0929000000,16790,OTHER,false
2024-07-17T20:00:00Z,1.0929000000,1.0939600000,1.0927600000,1.0939200000,6043,OTHER,false
2024-07-18T00:00:00Z,1.0937800000,1.0940300000,1.0936000000,1.0936400000,3496,OTHER,false
2024-07-18T04:00:00Z,1.0936400000,1.0938400000,1.0931000000,1.0932900000,6370,OTHER,false
2024-07-18T08:00:00Z,1.0932900000,1.0938200000,1.0925500000,1.0930100000,10587,LONDON,false
2024-07-18T12:00:00Z,1.0930000000,1.0936200000,1.0923100000,1.0927800000,10039,OTHER,false
2024-07-18T16:00:00Z,1.0927800000,1.0928500000,1.0904300000,1.0915300000,17368,OTHER,false
2024-07-18T20:00:00Z,1.0915300000,1.0915800000,1.0893100000,1.0894700000,8227,OTHER,false
2024-07-19T00:00:00Z,1.0893900000,1.0901100000,1.0890100000,1.0891400000,4125,OTHER,false
2024-07-19T04:00:00Z,1.0891400000,1.0894100000,1.0885500000,1.0886400000,5352,OTHER,false
2024-07-19T08:00:00Z,1.0886400000,1.0890000000,1.0875400000,1.0878400000,11428,LONDON,false
2024-07-19T12:00:00Z,1.0878200000,1.0893400000,1.0876800000,1.0888400000,10070,OTHER,false
2024-07-19T16:00:00Z,1.0888400000,1.0890600000,1.0878700000,1.0884300000,12817,OTHER,false
2024-07-19T20:00:00Z,1.0884300000,1.0884800000,1.0875000000,1.0881800000,6625,OTHER,false
2024-07-22T00:00:00Z,1.0883200000,1.0902200000,1.0879000000,1.0893300000,4865,OTHER,false
2024-07-22T04:00:00Z,1.0893300000,1.0894700000,1.0884000000,1.0886800000,5159,OTHER,false
2024-07-22T08:00:00Z,1.0886800000,1.0892000000,1.0878200000,1.0887500000,10998,LONDON,false
2024-07-22T12:00:00Z,1.0887400000,1.0894800000,1.0874400000,1.0877500000,9125,OTHER,false
2024-07-22T16:00:00Z,1.0877500000,1.0886200000,1.0872500000,1.0885700000,11326,OTHER,false
2024-07-22T20:00:00Z,1.0885900000,1.0891000000,1.0885100000,1.0890500000,4706,OTHER,false
2024-07-23T00:00:00Z,1.0889800000,1.0892300000,1.0885400000,1.0889000000,3649,OTHER,false
2024-07-23T04:00:00Z,1.0889100000,1.0896100000,1.0886800000,1.0890100000,4482,OTHER,false
2024-07-23T08:00:00Z,1.0890200000,1.0890600000,1.0867300000,1.0877200000,8795,LONDON,false
2024-07-23T12:00:00Z,1.0877300000,1.0877700000,1.0854200000,1.0855300000,10599,OTHER,false
2024-07-23T16:00:00Z,1.0855300000,1.0857300000,1.0843100000,1.0852700000,11281,OTHER,false
2024-07-23T20:00:00Z,1.0852700000,1.0856000000,1.0848500000,1.0852200000,5395,OTHER,false
2024-07-24T00:00:00Z,1.0852800000,1.0853800000,1.0845100000,1.0846200000,3214,OTHER,false
2024-07-24T04:00:00Z,1.0846200000,1.0849600000,1.0841000000,1.0846200000,6269,OTHER,false
2024-07-24T08:00:00Z,1.0846400000,1.0853200000,1.0825000000,1.0834400000,11793,LONDON,false
2024-07-24T12:00:00Z,1.0834400000,1.0858700000,1.0831700000,1.0857500000,9955,OTHER,false
2024-07-24T16:00:00Z,1.0857600000,1.0866000000,1.0846800000,1.0850400000,16206,OTHER,false
2024-07-24T20:00:00Z,1.0850400000,1.0854400000,1.0835200000,1.0838700000,7373,OTHER,false
2024-07-25T00:00:00Z,1.0839700000,1.0841500000,1.0834300000,1.0839000000,4143,OTHER,false
2024-07-25T04:00:00Z,1.0839000000,1.0843400000,1.0835600000,1.0839300000,7244,OTHER,false
2024-07-25T08:00:00Z,1.0839300000,1.0857100000,1.0827600000,1.0845500000,14861,LONDON,false
2024-07-25T12:00:00Z,1.0845400000,1.0858300000,1.0835500000,1.0849000000,15453,OTHER,false
2024-07-25T16:00:00Z,1.0849000000,1.0864000000,1.0829600000,1.0861300000,20936,OTHER,false
2024-07-25T20:00:00Z,1.0861400000,1.0869300000,1.0842800000,1.0845000000,8864,OTHER,false
2024-07-26T00:00:00Z,1.0844800000,1.0854900000,1.0843100000,1.0853400000,3662,OTHER,false
2024-07-26T04:00:00Z,1.0853300000,1.0859900000,1.0851300000,1.0857700000,4960,OTHER,false
2024-07-26T08:00:00Z,1.0857700000,1.0860000000,1.0841400000,1.0850900000,8887,LONDON,false
2024-07-26T12:00:00Z,1.0850800000,1.0865000000,1.0846900000,1.0860000000,10105,OTHER,false
2024-07-26T16:00:00Z,1.0860000000,1.0867600000,1.0850800000,1.0864600000,14076,OTHER,false
2024-07-26T20:00:00Z,1.0864700000,1.0864800000,1.0854500000,1.0854800000,6038,OTHER,false
2024-07-29T00:00:00Z,1.0855000000,1.0866000000,1.0850200000,1.0862800000,4469,OTHER,false
2024-07-29T04:00:00Z,1.0862900000,1.0869200000,1.0857600000,1.0858400000,5585,OTHER,false
2024-07-29T08:00:00Z,1.0858400000,1.0862500000,1.0830900000,1.0831500000,9967,LONDON,false
2024-07-29T12:00:00Z,1.0831600000,1.0841400000,1.0814300000,1.0815400000,9214,OTHER,false
2024-07-29T16:00:00Z,1.0815500000,1.0823300000,1.0802200000,1.0820800000,10486,OTHER,false
2024-07-29T20:00:00Z,1.0820800000,1.0825300000,1.0818700000,1.0821000000,5323,OTHER,false
2024-07-30T00:00:00Z,1.0816200000,1.0823000000,1.0814700000,1.0816400000,2963,OTHER,false
2024-07-30T04:00:00Z,1.0816300000,1.0824500000,1.0813600000,1.0823400000,4370,OTHER,false
2024-07-30T08:00:00Z,1.0823300000,1.0834000000,1.0815400000,1.0828000000,9569,LONDON,false
2024-07-30T12:00:00Z,1.0828000000,1.0835100000,1.0801000000,1.0801300000,8843,OTHER,false
2024-07-30T16:00:00Z,1.0801300000,1.0816000000,1.0797500000,1.0813000000,16133,OTHER,false
2024-07-30T20:00:00Z,1.0813200000,1.0817000000,1.0807800000,1.0813800000,7763,OTHER,false
2024-07-31T00:00:00Z,1.0813300000,1.0819400000,1.0809800000,1.0819300000,4386,OTHER,false
2024-07-31T04:00:00Z,1.0819300000,1.0829600000,1.0815800000,1.0824900000,9982,OTHER,false
2024-07-31T08:00:00Z,1.0825000000,1.0826900000,1.0805800000,1.0822300000,15024,LONDON,false
2024-07-31T12:00:00Z,1.0822300000,1.0847300000,1.0821400000,1.0840300000,12395,OTHER,false
2024-07-31T16:00:00Z,1.0840300000,1.0848900000,1.0803600000,1.0808600000,17109,OTHER,false
2024-07-31T20:00:00Z,1.0808600000,1.0832400000,1.0801200000,1.0825500000,18328,OTHER,false
2024-08-01T00:00:00Z,1.0822900000,1.0830400000,1.0820900000,1.0827100000,3701,OTHER,false
2024-08-01T04:00:00Z,1.0826900000,1.0834600000,1.0823400000,1.0826000000,7255,OTHER,false
2024-08-01T08:00:00Z,1.0826000000,1.0829100000,1.0780700000,1.0783700000,13879,LONDON,false
2024-08-01T12:00:00Z,1.0783700000,1.0807900000,1.0776800000,1.0795800000,13647,OTHER,false
2024-08-01T16:00:00Z,1.0795800000,1.0817800000,1.0779500000,1.0785500000,22600,OTHER,false
2024-08-01T20:00:00Z,1.0785600000,1.0794900000,1.0781900000,1.0790800000,10674,OTHER,false
2024-08-02T00:00:00Z,1.0786200000,1.0792800000,1.0781100000,1.0790300000,5887,OTHER,false
2024-08-02T04:00:00Z,1.0790300000,1.0798100000,1.0783900000,1.0796900000,7147,OTHER,false
2024-08-02T08:00:00Z,1.0797000000,1.0814700000,1.0785500000,1.0813900000,15643,LONDON,false
2024-08-02T12:00:00Z,1.0814000000,1.0896400000,1.0813800000,1.0890500000,19557,OTHER,false
2024-08-02T16:00:00Z,1.0890500000,1.0926000000,1.0883700000,1.0911300000,32006,OTHER,false
2024-08-02T20:00:00Z,1.0911300000,1.0916000000,1.0906400000,1.0909800000,12236,OTHER,false
2024-08-05T00:00:00Z,1.0921000000,1.0922900000,1.0902200000,1.0916100000,11777,OTHER,false
2024-08-05T04:00:00Z,1.0916100000,1.0939200000,1.0911300000,1.0931900000,18932,OTHER,false
2024-08-05T08:00:00Z,1.0931900000,1.0974400000,1.0891900000,1.0950400000,42163,LONDON,false
2024-08-05T12:00:00Z,1.0950300000,1.1008300000,1.0932200000,1.0990400000,23209,OTHER,false
2024-08-05T16:00:00Z,1.0990500000,1.1002600000,1.0947100000,1.0959200000,30675,OTHER,false
2024-08-05T20:00:00Z,1.0959200000,1.0963800000,1.0946600000,1.0950300000,12401,OTHER,false
2024-08-06T00:00:00Z,1.0946500000,1.0962500000,1.0943100000,1.0962000000,10702,OTHER,false
2024-08-06T04:00:00Z,1.0962100000,1.0962300000,1.0949000000,1.0951300000,13322,OTHER,false
2024-08-06T08:00:00Z,1.0951300000,1.0954400000,1.0917800000,1.0927100000,25037,LONDON,false
2024-08-06T12:00:00Z,1.0927100000,1.0927100000,1.0903100000,1.0904600000,20062,OTHER,false
2024-08-06T16:00:00Z,1.0904800000,1.0934300000,1.0904800000,1.0927300000,24327,OTHER,false
2024-08-06T20:00:00Z,1.0927100000,1.0933000000,1.0921900000,1.0931000000,13122,OTHER,false
2024-08-07T00:00:00Z,1.0922800000,1.0931100000,1.0922600000,1.0929100000,6606,OTHER,false
2024-08-07T04:00:00Z,1.0929100000,1.0929800000,1.0910400000,1.0911000000,12081,OTHER,false
2024-08-07T08:00:00Z,1.0910700000,1.0927300000,1.0904800000,1.0918100000,17508,LONDON,false
2024-08-07T12:00:00Z,1.0918100000,1.0925900000,1.0907800000,1.0921300000,14409,OTHER,false
2024-08-07T16:00:00Z,1.0921200000,1.0935900000,1.0911800000,1.0921500000,15551,OTHER,false
2024-08-07T20:00:00Z,1.0921500000,1.0926500000,1.0916900000,1.0921600000,12385,OTHER,false
2024-08-08T00:00:00Z,1.0918300000,1.0933200000,1.0918300000,1.0927500000,6546,OTHER,false
2024-08-08T04:00:00Z,1.0927400000,1.0937200000,1.0922800000,1.0930900000,9333,OTHER,false
2024-08-08T08:00:00Z,1.0930900000,1.0944500000,1.0929200000,1.0936400000,13976,LONDON,false
2024-08-08T12:00:00Z,1.0936400000,1.0938900000,1.0890900000,1.0897000000,15219,OTHER,false
2024-08-08T16:00:00Z,1.0897100000,1.0914000000,1.0880700000,1.0908000000,19555,OTHER,false
2024-08-08T20:00:00Z,1.0908200000,1.0918500000,1.0906700000,1.0917900000,9119,OTHER,false
2024-08-09T00:00:00Z,1.0904000000,1.0919000000,1.0904000000,1.0912400000,4913,OTHER,false
2024-08-09T04:00:00Z,1.0912400000,1.0923900000,1.0911200000,1.0919400000,6663,OTHER,false
2024-08-09T08:00:00Z,1.0919500000,1.0928500000,1.0912400000,1.0916900000,11066,LONDON,false
2024-08-09T12:00:00Z,1.0916900000,1.0925300000,1.0908400000,1.0911100000,10550,OTHER,false
2024-08-09T16:00:00Z,1.0911000000,1.0930700000,1.0909000000,1.0918000000,12550,OTHER,false
2024-08-09T20:00:00Z,1.0918000000,1.0922900000,1.0914000000,1.0915000000,7023,OTHER,false
2024-08-12T00:00:00Z,1.0912000000,1.0919100000,1.0905600000,1.0917600000,3418,OTHER,false
2024-08-12T04:00:00Z,1.0917600000,1.0922500000,1.0912100000,1.0918300000,3999,OTHER,false
2024-08-12T08:00:00Z,1.0918500000,1.0927900000,1.0915100000,1.0920200000,8250,LONDON,false
2024-08-12T12:00:00Z,1.0920200000,1.0929400000,1.0916900000,1.0919400000,7567,OTHER,false
2024-08-12T16:00:00Z,1.0919400000,1.0938700000,1.0914500000,1.0922100000,14415,OTHER,false
2024-08-12T20:00:00Z,1.0922000000,1.0934300000,1.0921500000,1.0931100000,6991,OTHER,false
2024-08-13T00:00:00Z,1.0927700000,1.0935800000,1.0927400000,1.0929300000,3819,OTHER,false
2024-08-13T04:00:00Z,1.0929200000,1.0938700000,1.0928800000,1.0938700000,4046,OTHER,false
2024-08-13T08:00:00Z,1.0938700000,1.0940500000,1.0919900000,1.0922800000,8717,LONDON,false
2024-08-13T12:00:00Z,1.0922800000,1.0945900000,1.0913100000,1.0940100000,11449,OTHER,false
2024-08-13T16:00:00Z,1.0940100000,1.0973500000,1.0937300000,1.0971600000,15843,OTHER,false
2024-08-13T20:00:00Z,1.0971700000,1.0999000000,1.0969000000,1.0993100000,9408,OTHER,false
2024-08-14T00:00:00Z,1.0982200000,1.0997700000,1.0976700000,1.0991300000,4438,OTHER,false
2024-08-14T04:00:00Z,1.0991300000,1.0995900000,1.0988100000,1.0992300000,6145,OTHER,false
2024-08-14T08:00:00Z,1.0992200000,1.1019200000,1.0985700000,1.1018600000,9477,LONDON,false
2024-08-14T12:00:00Z,1.1018600000,1.1034700000,1.1003300000,1.1016200000,13220,OTHER,false
2024-08-14T16:00:00Z,1.1016000000,1.1046700000,1.1014900000,1.1017700000,15856,OTHER,false
2024-08-14T20:00:00Z,1.1017700000,1.1017900000,1.1010200000,1.1011700000,6026,OTHER,false
2024-08-15T00:00:00Z,1.1011100000,1.1015300000,1.1008500000,1.1008900000,2899,OTHER,false
2024-08-15T04:00:00Z,1.1008900000,1.1011600000,1.1002400000,1.1011100000,4952,OTHER,false
2024-08-15T08:00:00Z,1.1011100000,1.1014900000,1.1004600000,1.1005600000,6988,LONDON,false
2024-08-15T12:00:00Z,1.1005300000,1.1013600000,1.0951100000,1.0956000000,10895,OTHER,false
2024-08-15T16:00:00Z,1.0956100000,1.0988900000,1.0949000000,1.0977300000,16619,OTHER,false
2024-08-15T20:00:00Z,1.0977300000,1.0979200000,1.0969900000,1.0970600000,5867,OTHER,false
2024-08-16T00:00:00Z,1.0968700000,1.0976400000,1.0968600000,1.0975000000,3424,OTHER,false
2024-08-16T04:00:00Z,1.0975100000,1.0981900000,1.0973700000,1.0981400000,4320,OTHER,false
2024-08-16T08:00:00Z,1.0981400000,1.0989100000,1.0976100000,1.0980200000,7580,LONDON,false
2024-08-16T12:00:00Z,1.0980200000,1.0994400000,1.0978100000,1.0993100000,7695,OTHER,false
2024-08-16T16:00:00Z,1.0993300000,1.1003900000,1.0982000000,1.1003100000,9922,OTHER,false
2024-08-16T20:00:00Z,1.1003100000,1.1029100000,1.1003100000,1.1028000000,5199,OTHER,false
2024-08-19T00:00:00Z,1.1026700000,1.1035400000,1.1021300000,1.1029600000,3799,OTHER,false
2024-08-19T04:00:00Z,1.1029600000,1.1041200000,1.1026800000,1.1039000000,4761,OTHER,false
2024-08-19T08:00:00Z,1.1039000000,1.1049800000,1.1034900000,1.1036600000,8301,LONDON,false
2024-08-19T12:00:00Z,1.1036600000,1.1043800000,1.1030300000,1.1038200000,7316,OTHER,false
2024-08-19T16:00:00Z,1.1038200000,1.1073300000,1.1029600000,1.1072800000,11139,OTHER,false
2024-08-19T20:00:00Z,1.1072800000,1.1085700000,1.1069800000,1.1084100000,4974,OTHER,false
2024-08-20T00:00:00Z,1.1079700000,1.1086800000,1.1077100000,1.1081200000,3268,OTHER,false
2024-08-20T04:00:00Z,1.1081200000,1.1086600000,1.1074200000,1.1076300000,5468,OTHER,false
2024-08-20T08:00:00Z,1.1076300000,1.1088300000,1.1071200000,1.1079000000,8337,LONDON,false
2024-08-20T12:00:00Z,1.1079300000,1.1098000000,1.1074200000,1.1097600000,8184,OTHER,false
2024-08-20T16:00:00Z,1.1097600000,1.1118600000,1.1091900000,1.1114200000,13717,OTHER,false
2024-08-20T20:00:00Z,1.1114000000,1.1129800000,1.1108100000,1.1129200000,5929,OTHER,false
2024-08-21T00:00:00Z,1.1126200000,1.1132000000,1.1105600000,1.1127200000,4042,OTHER,false
2024-08-21T04:00:00Z,1.1127200000,1.1127500000,1.1115900000,1.1118600000,4819,OTHER,false
2024-08-21T08:00:00Z,1.1118600000,1.1128300000,1.1109800000,1.1117900000,8078,LONDON,false
2024-08-21T12:00:00Z,1.1117800000,1.1129300000,1.1109300000,1.1124200000,7568,OTHER,false
2024-08-21T16:00:00Z,1.1124300000,1.1147600000,1.1098500000,1.1145600000,18594,OTHER,false
2024-08-21T20:00:00Z,1.1145700000,1.1173400000,1.1144900000,1.1150600000,6813,OTHER,false
2024-08-22T00:00:00Z,1.1142200000,1.1157500000,1.1142200000,1.1146900000,3237,OTHER,false
2024-08-22T04:00:00Z,1.1147000000,1.1148500000,1.1139800000,1.1142700000,3595,OTHER,false
2024-08-22T08:00:00Z,1.1142700000,1.1164400000,1.1126700000,1.1141900000,8810,LONDON,false
2024-08-22T12:00:00Z,1.1142000000,1.1145400000,1.1124600000,1.1139400000,9313,OTHER,false
2024-08-22T16:00:00Z,1.1139500000,1.1140900000,1.1097500000,1.1109800000,13749,OTHER,false
2024-08-22T20:00:00Z,1.1109800000,1.1112700000,1.1098200000,1.1111600000,5430,OTHER,false
2024-08-23T00:00:00Z,1.1103200000,1.1121800000,1.1102300000,1.1119100000,3497,OTHER,false
2024-08-23T04:00:00Z,1.1119100000,1.1128000000,1.1117500000,1.1127100000,4625,OTHER,false
2024-08-23T08:00:00Z,1.1127100000,1.1131300000,1.1111800000,1.1122200000,7108,LONDON,false
2024-08-23T12:00:00Z,1.1122100000,1.1126600000,1.1110300000,1.1113500000,7750,OTHER,false
2024-08-23T16:00:00Z,1.1113400000,1.1195400000,1.1104800000,1.1173300000,20220,OTHER,false
2024-08-23T20:00:00Z,1.1173200000,1.1200200000,1.1172400000,1.1190900000,7454,OTHER,false
2024-08-26T00:00:00Z,1.1183700000,1.1201100000,1.1180900000,1.1193200000,5087,OTHER,false
2024-08-26T04:00:00Z,1.1193000000,1.1199600000,1.1181000000,1.1182700000,5425,OTHER,false
2024-08-26T08:00:00Z,1.1182600000,1.1188800000,1.1175200000,1.1179700000,7946,LONDON,false
2024-08-26T12:00:00Z,1.1179800000,1.1182100000,1.1157900000,1.1160600000,9154,OTHER,false
2024-08-26T16:00:00Z,1.1160600000,1.1178300000,1.1149300000,1.1170600000,12663,OTHER,false
2024-08-26T20:00:00Z,1.1170600000,1.1174800000,1.1158000000,1.1160500000,5646,OTHER,false
2024-08-27T00:00:00Z,1.1158100000,1.1166400000,1.1155300000,1.1160300000,2995,OTHER,false
2024-08-27T04:00:00Z,1.1160300000,1.1170100000,1.1159000000,1.1167800000,3409,OTHER,false
2024-08-27T08:00:00Z,1.1167800000,1.1173400000,1.1160700000,1.1166000000,8297,LONDON,false
2024-08-27T12:00:00Z,1.1165800000,1.1178100000,1.1149500000,1.1157900000,9398,OTHER,false
2024-08-27T16:00:00Z,1.1157900000,1.1171200000,1.1152000000,1.1165200000,11812,OTHER,false
2024-08-27T20:00:00Z,1.1165200000,1.1189900000,1.1163800000,1.1183800000,5435,OTHER,false
2024-08-28T00:00:00Z,1.1180000000,1.1184700000,1.1173800000,1.1179200000,2555,OTHER,false
2024-08-28T04:00:00Z,1.1179200000,1.1179300000,1.1157500000,1.1158900000,4246,OTHER,false
2024-08-28T08:00:00Z,1.1158900000,1.1160200000,1.1134300000,1.1140600000,9587,LONDON,false
2024-08-28T12:00:00Z,1.1140800000,1.1144900000,1.1104400000,1.1111300000,10734,OTHER,false
2024-08-28T16:00:00Z,1.1111200000,1.1137100000,1.1109400000,1.1114100000,13864,OTHER,false
2024-08-28T20:00:00Z,1.1114100000,1.1119400000,1.1104700000,1.1118900000,6236,OTHER,false
2024-08-29T00:00:00Z,1.1118900000,1.1131900000,1.1116200000,1.1130800000,2792,OTHER,false
2024-08-29T04:00:00Z,1.1130700000,1.1136400000,1.1126700000,1.1134700000,3504,OTHER,false
2024-08-29T08:00:00Z,1.1134700000,1.1139400000,1.1071200000,1.1084200000,11831,LONDON,false
2024-08-29T12:00:00Z,1.1084100000,1.1099400000,1.1072200000,1.1083600000,12419,OTHER,false
2024-08-29T16:00:00Z,1.1083600000,1.1088900000,1.1054900000,1.1081000000,15043,OTHER,false
2024-08-29T20:00:00Z,1.1081000000,1.1084800000,1.1074100000,1.1076900000,7150,OTHER,false
2024-08-30T00:00:00Z,1.1074000000,1.1082500000,1.1066200000,1.1080000000,2614,OTHER,false
2024-08-30T04:00:00Z,1.1079800000,1.1081500000,1.1069100000,1.1073400000,4016,OTHER,false
2024-08-30T08:00:00Z,1.1073500000,1.1094600000,1.1072800000,1.1074200000,8217,LONDON,false
2024-08-30T12:00:00Z,1.1074300000,1.1087700000,1.1057100000,1.1067200000,11352,OTHER,false
2024-08-30T16:00:00Z,1.1068000000,1.1079400000,1.1043100000,1.1048900000,17565,OTHER,false
2024-08-30T20:00:00Z,1.1048900000,1.1056200000,1.1046300000,1.1046900000,6494,OTHER,false
2024-09-02T00:00:00Z,1.1045700000,1.1055200000,1.1041300000,1.1052800000,3032,OTHER,false
2024-09-02T04:00:00Z,1.1052900000,1.1055100000,1.1043200000,1.1047800000,4386,OTHER,false
2024-09-02T08:00:00Z,1.1047800000,1.1076900000,1.1044600000,1.1066900000,7962,LONDON,false
2024-09-02T12:00:00Z,1.1066900000,1.1072300000,1.1057700000,1.1067300000,7356,OTHER,false
2024-09-02T16:00:00Z,1.1067600000,1.1071300000,1.1059400000,1.1065100000,5598,OTHER,false
2024-09-02T20:00:00Z,1.1065100000,1.1072100000,1.1065100000,1.1071700000,1175,OTHER,false
2024-09-03T00:00:00Z,1.1066000000,1.1072200000,1.1058300000,1.1059900000,3010,OTHER,false
2024-09-03T04:00:00Z,1.1060100000,1.1069600000,1.1053300000,1.1053700000,5419,OTHER,false
2024-09-03T08:00:00Z,1.1053700000,1.1067100000,1.1047400000,1.1047800000,9347,LONDON,false
2024-09-03T12:00:00Z,1.1047900000,1.1052000000,1.1032500000,1.1047300000,10636,OTHER,false
2024-09-03T16:00:00Z,1.1047300000,1.1068700000,1.1035300000,1.1038700000,15768,OTHER,false
2024-09-03T20:00:00Z,1.1038600000,1.1043800000,1.1025700000,1.1042300000,5423,OTHER,false
2024-09-04T00:00:00Z,1.1034900000,1.1050700000,1.1034600000,1.1047600000,4816,OTHER,false
2024-09-04T04:00:00Z,1.1047600000,1.1056500000,1.1046900000,1.1055700000,4835,OTHER,false
2024-09-04T08:00:00Z,1.1055700000,1.1062300000,1.1046200000,1.1051100000,9250,LONDON,false
2024-09-04T12:00:00Z,1.1051200000,1.1058000000,1.1039300000,1.1051900000,8220,OTHER,false
2024-09-04T16:00:00Z,1.1051800000,1.1094500000,1.1049300000,1.1083900000,14322,OTHER,false
2024-09-04T20:00:00Z,1.1083800000,1.1085600000,1.1064600000,1.1082500000,5971,OTHER,false
2024-09-05T00:00:00Z,1.1078900000,1.1085800000,1.1075200000,1.1078600000,3312,OTHER,false
2024-09-05T04:00:00Z,1.1078600000,1.1084900000,1.1074100000,1.1076400000,4325,OTHER,false
2024-09-05T08:00:00Z,1.1076400000,1.1099600000,1.1075900000,1.1098500000,8689,LONDON,false
2024-09-05T12:00:00Z,1.1098400000,1.1119000000,1.1086500000,1.1091700000,11030,OTHER,false
2024-09-05T16:00:00Z,1.1091800000,1.1107700000,1.1075600000,1.1100300000,15113,OTHER,false
2024-09-05T20:00:00Z,1.1100300000,1.1112600000,1.1098800000,1.1110300000,5307,OTHER,false
2024-09-06T00:00:00Z,1.1106500000,1.1114100000,1.1106500000,1.1112700000,2427,OTHER,false
2024-09-06T04:00:00Z,1.1112800000,1.1117000000,1.1108600000,1.1115200000,3130,OTHER,false
2024-09-06T08:00:00Z,1.1115200000,1.1120300000,1.1110200000,1.1116700000,7584,LONDON,false
2024-09-06T12:00:00Z,1.1116700000,1.1154900000,1.1078400000,1.1120400000,12601,OTHER,false
2024-09-06T16:00:00Z,1.1120400000,1.1134500000,1.1064900000,1.1076100000,27242,OTHER,false
2024-09-06T20:00:00Z,1.1076200000,1.1088800000,1.1069000000,1.1085100000,8359,OTHER,false
2024-09-09T00:00:00Z,1.1077500000,1.1090500000,1.1076500000,1.1082600000,4262,OTHER,false
2024-09-09T04:00:00Z,1.1082600000,1.1090400000,1.1073900000,1.1075100000,4673,OTHER,false
2024-09-09T08:00:00Z,1.1075100000,1.1075300000,1.1044900000,1.1047000000,8133,LONDON,false
2024-09-09T12:00:00Z,1.1047000000,1.1058400000,1.1035100000,1.1038900000,8555,OTHER,false
2024-09-09T16:00:00Z,1.1038900000,1.1051500000,1.1033400000,1.1048200000,10570,OTHER,false
2024-09-09T20:00:00Z,1.1048400000,1.1053000000,1.1033200000,1.1033800000,5230,OTHER,false
2024-09-10T00:00:00Z,1.1026900000,1.1039000000,1.1026900000,1.1030100000,2547,OTHER,false
2024-09-10T04:00:00Z,1.1030100000,1.1040000000,1.1029900000,1.1039400000,2579,OTHER,false
2024-09-10T08:00:00Z,1.1039300000,1.1049000000,1.1032900000,1.1037100000,7229,LONDON,false
2024-09-10T12:00:00Z,1.1037100000,1.1043200000,1.1025800000,1.1029100000,7896,OTHER,false
2024-09-10T16:00:00Z,1.1029100000,1.1034300000,1.1014500000,1.1026000000,11121,OTHER,false
2024-09-10T20:00:00Z,1.1026000000,1.1027200000,1.1017700000,1.1019200000,4777,OTHER,false
2024-09-11T00:00:00Z,1.1018500000,1.1023200000,1.1016000000,1.1019500000,2398,OTHER,false
2024-09-11T04:00:00Z,1.1019500000,1.1046500000,1.1017600000,1.1046000000,6281,OTHER,false
2024-09-11T08:00:00Z,1.1046000000,1.1051300000,1.1035900000,1.1043200000,8259,LONDON,false
2024-09-11T12:00:00Z,1.1043200000,1.1054300000,1.1002600000,1.1015700000,12197,OTHER,false
2024-09-11T16:00:00Z,1.1015800000,1.1025700000,1.1001400000,1.1015300000,17207,OTHER,false
2024-09-11T20:00:00Z,1.1015300000,1.1026000000,1.1010600000,1.1010600000,6398,OTHER,false
2024-09-12T00:00:00Z,1.1009700000,1.1014800000,1.1005400000,1.1006100000,2379,OTHER,false
2024-09-12T04:00:00Z,1.1006200000,1.1016300000,1.1005900000,1.1015600000,3636,OTHER,false
2024-09-12T08:00:00Z,1.1015600000,1.1023200000,1.1004800000,1.1014900000,7516,LONDON,false
2024-09-12T12:00:00Z,1.1014900000,1.1031800000,1.1009800000,1.1024500000,10646,OTHER,false
2024-09-12T16:00:00Z,1.1024500000,1.1047400000,1.1024100000,1.1045500000,13843,OTHER,false
2024-09-12T20:00:00Z,1.1045400000,1.1074400000,1.1041800000,1.1074100000,8473,OTHER,false
2024-09-13T00:00:00Z,1.1067300000,1.1086900000,1.1067200000,1.1086600000,3291,OTHER,false
2024-09-13T04:00:00Z,1.1086600000,1.1089500000,1.1078700000,1.1083800000,5066,OTHER,false
2024-09-13T08:00:00Z,1.1083700000,1.1093500000,1.1072400000,1.1092000000,8089,LONDON,false
2024-09-13T12:00:00Z,1.1092100000,1.1100200000,1.1078600000,1.1092400000,10157,OTHER,false
2024-09-13T16:00:00Z,1.1092400000,1.1101200000,1.1076300000,1.1083400000,14220,OTHER,false
2024-09-13T20:00:00Z,1.1083300000,1.1085300000,1.1072200000,1.1073800000,5192,OTHER,false
2024-09-16T00:00:00Z,1.1074900000,1.1091600000,1.1073400000,1.1088700000,3154,OTHER,false
2024-09-16T04:00:00Z,1.1088700000,1.1104100000,1.1085900000,1.1096400000,4186,OTHER,false
2024-09-16T08:00:00Z,1.1096400000,1.1125500000,1.1095100000,1.1122200000,8059,LONDON,false
2024-09-16T12:00:00Z,1.1122200000,1.1132100000,1.1115300000,1.1124300000,9698,OTHER,false
2024-09-16T16:00:00Z,1.1124300000,1.1136900000,1.1115900000,1.1128200000,11500,OTHER,false
2024-09-16T20:00:00Z,1.1128300000,1.1132700000,1.1115500000,1.1132400000,5172,OTHER,false
2024-09-17T00:00:00Z,1.1131100000,1.1131600000,1.1121300000,1.1122300000,2884,OTHER,false
2024-09-17T04:00:00Z,1.1122100000,1.1129100000,1.1121100000,1.1123700000,3850,OTHER,false
2024-09-17T08:00:00Z,1.1123700000,1.1145600000,1.1115000000,1.1144100000,7648,LONDON,false
2024-09-17T12:00:00Z,1.1144200000,1.1144300000,1.1117300000,1.1124100000,11007,OTHER,false
2024-09-17T16:00:00Z,1.1124100000,1.1127600000,1.1111000000,1.1118800000,15447,OTHER,false
2024-09-17T20:00:00Z,1.1118800000,1.1122900000,1.1110500000,1.1112500000,6848,OTHER,false
2024-09-18T00:00:00Z,1.1111000000,1.1128100000,1.1108300000,1.1126300000,2560,OTHER,false
2024-09-18T04:00:00Z,1.1126200000,1.1129800000,1.1119300000,1.1119400000,3576,OTHER,false
2024-09-18T08:00:00Z,1.1119300000,1.1132600000,1.1114700000,1.1129100000,7660,LONDON,false
2024-09-18T12:00:00Z,1.1129100000,1.1139300000,1.1117300000,1.1121600000,7546,OTHER,false
2024-09-18T16:00:00Z,1.1121600000,1.1139200000,1.1107400000,1.1123600000,11169,OTHER,false
2024-09-18T20:00:00Z,1.1123600000,1.1188700000,1.1096000000,1.1117400000,24110,OTHER,false
2024-09-19T00:00:00Z,1.1111100000,1.1123200000,1.1078300000,1.1080900000,5690,OTHER,false
2024-09-19T04:00:00Z,1.1080800000,1.1120700000,1.1068000000,1.1119400000,8832,OTHER,false
2024-09-19T08:00:00Z,1.1119500000,1.1168500000,1.1119500000,1.1162100000,13093,LONDON,false
2024-09-19T12:00:00Z,1.1162000000,1.1178200000,1.1125000000,1.1125300000,15339,OTHER,false
2024-09-19T16:00:00Z,1.1125300000,1.1157700000,1.1115900000,1.1154900000,18232,OTHER,false
2024-09-19T20:00:00Z,1.1154800000,1.1167300000,1.1151700000,1.1161200000,7151,OTHER,false
2024-09-20T00:00:00Z,1.1158000000,1.1161900000,1.1156600000,1.1159700000,2661,OTHER,false
2024-09-20T04:00:00Z,1.1159800000,1.1168700000,1.1156600000,1.1164400000,5665,OTHER,false
2024-09-20T08:00:00Z,1.1164300000,1.1181300000,1.1151700000,1.1163800000,11803,LONDON,false
2024-09-20T12:00:00Z,1.1163900000,1.1176300000,1.1153400000,1.1173800000,9279,OTHER,false
2024-09-20T16:00:00Z,1.1173800000,1.1175500000,1.1135400000,1.1173200000,18390,OTHER,false
2024-09-20T20:00:00Z,1.1172900000,1.1173600000,1.1155400000,1.1162300000,8133,OTHER,false
2024-09-23T00:00:00Z,1.1156700000,1.1164100000,1.1155400000,1.1158200000,2888,OTHER,false
2024-09-23T04:00:00Z,1.1158100000,1.1164400000,1.1155100000,1.1162900000,3650,OTHER,false
2024-09-23T08:00:00Z,1.1162900000,1.1166600000,1.1082500000,1.1091800000,12612,LONDON,false
2024-09-23T12:00:00Z,1.1091700000,1.1125000000,1.1091500000,1.1121900000,10506,OTHER,false
2024-09-23T16:00:00Z,1.1121900000,1.1142800000,1.1114500000,1.1124600000,15917,OTHER,false
2024-09-23T20:00:00Z,1.1124700000,1.1127900000,1.1109200000,1.1110400000,6189,OTHER,false
2024-09-24T00:00:00Z,1.1109100000,1.1113800000,1.1103600000,1.1105200000,2722,OTHER,false
2024-09-24T04:00:00Z,1.1105200000,1.1117000000,1.1102700000,1.1116200000,5132,OTHER,false
2024-09-24T08:00:00Z,1.1116200000,1.1144200000,1.1103700000,1.1139400000,10929,LONDON,false
2024-09-24T12:00:00Z,1.1139500000,1.1147100000,1.1121400000,1.1140200000,9776,OTHER,false
2024-09-24T16:00:00Z,1.1140200000,1.1162900000,1.1131900000,1.1157900000,15034,OTHER,false
2024-09-24T20:00:00Z,1.1157900000,1.1180300000,1.1154100000,1.1179900000,5634,OTHER,false
2024-09-25T00:00:00Z,1.1175700000,1.1193200000,1.1171900000,1.1192600000,3339,OTHER,false
2024-09-25T04:00:00Z,1.1192700000,1.1198200000,1.1184600000,1.1195100000,4624,OTHER,false
2024-09-25T08:00:00Z,1.1195100000,1.1195700000,1.1181600000,1.1184200000,9232,LONDON,false
2024-09-25T12:00:00Z,1.1184000000,1.1207200000,1.1177600000,1.1197000000,10380,OTHER,false
2024-09-25T16:00:00Z,1.1197000000,1.1213300000,1.1132200000,1.1133700000,15655,OTHER,false
2024-09-25T20:00:00Z,1.1133700000,1.1138300000,1.1120900000,1.1131700000,6848,OTHER,false
2024-09-26T00:00:00Z,1.1131100000,1.1136500000,1.1128200000,1.1135900000,2936,OTHER,false
2024-09-26T04:00:00Z,1.1135900000,1.1144700000,1.1130900000,1.1141000000,3913,OTHER,false
2024-09-26T08:00:00Z,1.1141000000,1.1157400000,1.1125000000,1.1140800000,11116,LONDON,false
2024-09-26T12:00:00Z,1.1141000000,1.1164900000,1.1136700000,1.1150500000,13421,OTHER,false
2024-09-26T16:00:00Z,1.1150500000,1.1188600000,1.1125000000,1.1168600000,18810,OTHER,false
2024-09-26T20:00:00Z,1.1168600000,1.1183400000,1.1167800000,1.1175600000,7363,OTHER,false
2024-09-27T00:00:00Z,1.1174300000,1.1177000000,1.1167300000,1.1168600000,4085,OTHER,false
2024-09-27T04:00:00Z,1.1168500000,1.1172500000,1.1161800000,1.1164000000,5836,OTHER,false
2024-09-27T08:00:00Z,1.1164000000,1.1175300000,1.1124400000,1.1143800000,15734,LONDON,false
2024-09-27T12:00:00Z,1.1143800000,1.1201200000,1.1136500000,1.1199200000,13364,OTHER,false
2024-09-27T16:00:00Z,1.1198700000,1.1202400000,1.1145600000,1.1151100000,17507,OTHER,false
2024-09-27T20:00:00Z,1.1151100000,1.1167300000,1.1149700000,1.1162600000,7233,OTHER,false
2024-09-30T00:00:00Z,1.1151800000,1.1173200000,1.1151300000,1.1170100000,4083,OTHER,false
2024-09-30T04:00:00Z,1.1170100000,1.1172100000,1.1155600000,1.1161100000,5397,OTHER,false
2024-09-30T08:00:00Z,1.1161000000,1.1208300000,1.1155400000,1.1204600000,10268,LONDON,false
2024-09-30T12:00:00Z,1.1205100000,1.1205100000,1.1182700000,1.1189200000,10051,OTHER,false
2024-09-30T16:00:00Z,1.1189300000,1.1190500000,1.1134300000,1.1147700000,16273,OTHER,false
2024-09-30T20:00:00Z,1.1147700000,1.1161600000,1.1113100000,1.1134300000,11236,OTHER,false
2024-10-01T00:00:00Z,1.1127100000,1.1142000000,1.1126400000,1.1131600000,3370,OTHER,false
2024-10-01T04:00:00Z,1.1131600000,1.1142800000,1.1130700000,1.1139900000,4070,OTHER,false
2024-10-01T08:00:00Z,1.1140100000,1.1143500000,1.1097400000,1.1102500000,12091,LONDON,false
2024-10-01T12:00:00Z,1.1102400000,1.1114100000,1.1069400000,1.1070500000,12393,OTHER,false
2024-10-01T16:00:00Z,1.1070600000,1.1086200000,1.1047500000,1.1053800000,20204,OTHER,false
2024-10-01T20:00:00Z,1.1053800000,1.1076700000,1.1045200000,1.1067000000,10160,OTHER,false
2024-10-02T00:00:00Z,1.1061600000,1.1071300000,1.1059300000,1.1064900000,2702,OTHER,false
2024-10-02T04:00:00Z,1.1065000000,1.1073400000,1.1059800000,1.1062400000,5193,OTHER,false
2024-10-02T08:00:00Z,1.1062400000,1.1082300000,1.1053400000,1.1071700000,10430,LONDON,false
2024-10-02T12:00:00Z,1.1071700000,1.1076700000,1.1050300000,1.1052600000,10761,OTHER,false
2024-10-02T16:00:00Z,1.1053000000,1.1065100000,1.1032000000,1.1046000000,14231,OTHER,false
2024-10-02T20:00:00Z,1.1046100000,1.1052900000,1.1036200000,1.1043900000,6051,OTHER,false
2024-10-03T00:00:00Z,1.1042000000,1.1048900000,1.1036600000,1.1038600000,3247,OTHER,false
2024-10-03T04:00:00Z,1.1038400000,1.1040100000,1.1031300000,1.1032200000,5316,OTHER,false
2024-10-03T08:00:00Z,1.1032300000,1.1045500000,1.1024200000,1.1037100000,11856,LONDON,false
2024-10-03T12:00:00Z,1.1037000000,1.1046400000,1.1027500000,1.1031600000,11825,OTHER,false
2024-10-03T16:00:00Z,1.1031400000,1.1043200000,1.1007600000,1.1029800000,19294,OTHER,false
2024-10-03T20:00:00Z,1.1030200000,1.1035500000,1.1024300000,1.1029300000,6225,OTHER,false
2024-10-04T00:00:00Z,1.1029100000,1.1038900000,1.1025100000,1.1034000000,2970,OTHER,false
2024-10-04T04:00:00Z,1.1034000000,1.1035500000,1.1024600000,1.1027100000,6072,OTHER,false
2024-10-04T08:00:00Z,1.1027100000,1.1034900000,1.1020500000,1.1024900000,9254,LONDON,false
2024-10-04T12:00:00Z,1.1024900000,1.1036200000,1.0958400000,1.0960400000,12496,OTHER,false
2024-10-04T16:00:00Z,1.0960100000,1.0981100000,1.0950700000,1.0959100000,17649,OTHER,false
2024-10-04T20:00:00Z,1.0959100000,1.0977200000,1.0957100000,1.0973900000,5755,OTHER,false
2024-10-07T00:00:00Z,1.0963900000,1.0974800000,1.0962200000,1.0969200000,4562,OTHER,false
2024-10-07T04:00:00Z,1.0969200000,1.0977100000,1.0967600000,1.0967800000,6147,OTHER,false
2024-10-07T08:00:00Z,1.0967800000,1.0978300000,1.0957500000,1.0969500000,10581,LONDON,false
2024-10-07T12:00:00Z,1.0969500000,1.0983000000,1.0953600000,1.0976800000,11543,OTHER,false
2024-10-07T16:00:00Z,1.0976600000,1.0984200000,1.0969000000,1.0983300000,14154,OTHER,false
2024-10-07T20:00:00Z,1.0983300000,1.0986300000,1.0965100000,1.0974100000,6420,OTHER,false
2024-10-08T00:00:00Z,1.0969000000,1.0983300000,1.0968000000,1.0981100000,3371,OTHER,false
2024-10-08T04:00:00Z,1.0981000000,1.0986100000,1.0972100000,1.0984800000,7587,OTHER,false
2024-10-08T08:00:00Z,1.0984700000,1.0996400000,1.0977800000,1.0993200000,10791,LONDON,false
2024-10-08T12:00:00Z,1.0993200000,1.0994100000,1.0970800000,1.0975200000,9529,OTHER,false
2024-10-08T16:00:00Z,1.0975300000,1.0983300000,1.0960200000,1.0975100000,12158,OTHER,false
2024-10-08T20:00:00Z,1.0975000000,1.0979800000,1.0965100000,1.0979700000,5718,OTHER,false
2024-10-09T00:00:00Z,1.0970600000,1.0980400000,1.0967800000,1.0974800000,2607,OTHER,false
2024-10-09T04:00:00Z,1.0974700000,1.0976600000,1.0961500000,1.0962600000,5949,OTHER,false
2024-10-09T08:00:00Z,1.0962600000,1.0975500000,1.0950400000,1.0957100000,10961,LONDON,false
2024-10-09T12:00:00Z,1.0957100000,1.0970200000,1.0952100000,1.0956200000,8127,OTHER,false
2024-10-09T16:00:00Z,1.0956100000,1.0959100000,1.0938900000,1.0940800000,11529,OTHER,false
2024-10-09T20:00:00Z,1.0940900000,1.0942000000,1.0935600000,1.0939600000,5455,OTHER,false
2024-10-10T00:00:00Z,1.0936900000,1.0942300000,1.0935300000,1.0939900000,3180,OTHER,false
2024-10-10T04:00:00Z,1.0939600000,1.0945500000,1.0937700000,1.0940300000,6052,OTHER,false
2024-10-10T08:00:00Z,1.0940300000,1.0942600000,1.0927600000,1.0932300000,8031,LONDON,false
2024-10-10T12:00:00Z,1.0932300000,1.0954300000,1.0907100000,1.0943500000,12216,OTHER,false
2024-10-10T16:00:00Z,1.0943900000,1.0949200000,1.0902400000,1.0905400000,18404,OTHER,false
2024-10-10T20:00:00Z,1.0905700000,1.0937100000,1.0899500000,1.0936200000,7403,OTHER,false
2024-10-11T00:00:00Z,1.0922600000,1.0937300000,1.0922600000,1.0936700000,2625,OTHER,false
2024-10-11T04:00:00Z,1.0936900000,1.0939900000,1.0928900000,1.0934900000,3724,OTHER,false
2024-10-11T08:00:00Z,1.0934900000,1.0953100000,1.0931600000,1.0948900000,6536,LONDON,false
2024-10-11T12:00:00Z,1.0948700000,1.0950500000,1.0925400000,1.0932400000,9250,OTHER,false
2024-10-11T16:00:00Z,1.0932400000,1.0951800000,1.0927400000,1.0944300000,11875,OTHER,false
2024-10-11T20:00:00Z,1.0944300000,1.0946800000,1.0931800000,1.0936000000,4081,OTHER,false
2024-10-14T00:00:00Z,1.0928100000,1.0932800000,1.0914500000,1.0920900000,3156,OTHER,false
2024-10-14T04:00:00Z,1.0920700000,1.0928700000,1.0917300000,1.0923100000,5009,OTHER,false
2024-10-14T08:00:00Z,1.0923100000,1.0931000000,1.0921600000,1.0926400000,6601,LONDON,false
2024-10-14T12:00:00Z,1.0926300000,1.0936100000,1.0906600000,1.0909000000,7377,OTHER,false
2024-10-14T16:00:00Z,1.0908800000,1.0926600000,1.0900100000,1.0901000000,9814,OTHER,false
2024-10-14T20:00:00Z,1.0901000000,1.0908500000,1.0887600000,1.0907500000,4644,OTHER,false
2024-10-15T00:00:00Z,1.0904000000,1.0909900000,1.0900200000,1.0906700000,2912,OTHER,false
2024-10-15T04:00:00Z,1.0906700000,1.0908200000,1.0890900000,1.0892300000,4763,OTHER,false
2024-10-15T08:00:00Z,1.0892200000,1.0915600000,1.0884300000,1.0909800000,9127,LONDON,false
2024-10-15T12:00:00Z,1.0909800000,1.0914400000,1.0896500000,1.0909500000,9578,OTHER,false
2024-10-15T16:00:00Z,1.0909400000,1.0916100000,1.0888700000,1.0888700000,11621,OTHER,false
2024-10-15T20:00:00Z,1.0888800000,1.0891800000,1.0881200000,1.0891100000,5384,OTHER,false
2024-10-16T00:00:00Z,1.0886800000,1.0892500000,1.0881400000,1.0884800000,2662,OTHER,false
2024-10-16T04:00:00Z,1.0884800000,1.0895000000,1.0883700000,1.0888700000,5040,OTHER,false
2024-10-16T08:00:00Z,1.0888800000,1.0889600000,1.0874500000,1.0882700000,9990,LONDON,false
2024-10-16T12:00:00Z,1.0882700000,1.0900800000,1.0881800000,1.0888200000,8574,OTHER,false
2024-10-16T16:00:00Z,1.0888600000,1.0896800000,1.0865400000,1.0867500000,10689,OTHER,false
2024-10-16T20:00:00Z,1.0867500000,1.0867800000,1.0852600000,1.0861200000,4507,OTHER,false
2024-10-17T00:00:00Z,1.0850700000,1.0868000000,1.0850700000,1.0862600000,3733,OTHER,false
2024-10-17T04:00:00Z,1.0862600000,1.0864500000,1.0850600000,1.0852600000,4958,OTHER,false
2024-10-17T08:00:00Z,1.0852600000,1.0857700000,1.0848300000,1.0851200000,7296,LONDON,false
2024-10-17T12:00:00Z,1.0851200000,1.0873200000,1.0832700000,1.0842200000,10266,OTHER,false
2024-10-17T16:00:00Z,1.0842200000,1.0844100000,1.0810400000,1.0824200000,15316,OTHER,false
2024-10-17T20:00:00Z,1.0824900000,1.0831400000,1.0820300000,1.0830300000,4668,OTHER,false
2024-10-18T00:00:00Z,1.0824200000,1.0832600000,1.0823400000,1.0828300000,2916,OTHER,false
2024-10-18T04:00:00Z,1.0828300000,1.0840000000,1.0826900000,1.0839800000,4426,OTHER,false
2024-10-18T08:00:00Z,1.0839900000,1.0848000000,1.0833900000,1.0837100000,8080,LONDON,false
2024-10-18T12:00:00Z,1.0837100000,1.0859500000,1.0833500000,1.0858600000,7828,OTHER,false
2024-10-18T16:00:00Z,1.0858700000,1.0867600000,1.0850500000,1.0866100000,9119,OTHER,false
2024-10-18T20:00:00Z,1.0866000000,1.0868900000,1.0858400000,1.0866900000,4582,OTHER,false
2024-10-21T00:00:00Z,1.0859700000,1.0871000000,1.0858600000,1.0864200000,3182,OTHER,false
2024-10-21T04:00:00Z,1.0864200000,1.0867600000,1.0857600000,1.0858200000,4467,OTHER,false
2024-10-21T08:00:00Z,1.0858100000,1.0862800000,1.0845600000,1.0854600000,6654,LONDON,false
2024-10-21T12:00:00Z,1.0854600000,1.0858400000,1.0844100000,1.0856700000,7170,OTHER,false
2024-10-21T16:00:00Z,1.0856700000,1.0857300000,1.0816400000,1.0818000000,9203,OTHER,false
2024-10-21T20:00:00Z,1.0818000000,1.0822400000,1.0810500000,1.0813600000,4509,OTHER,false
2024-10-22T00:00:00Z,1.0812500000,1.0817700000,1.0812400000,1.0815500000,2861,OTHER,false
2024-10-22T04:00:00Z,1.0815500000,1.0820700000,1.0814300000,1.0819700000,4587,OTHER,false
2024-10-22T08:00:00Z,1.0819700000,1.0837400000,1.0817400000,1.0826300000,7173,LONDON,false
2024-10-22T12:00:00Z,1.0826200000,1.0830000000,1.0810500000,1.0811200000,8254,OTHER,false
2024-10-22T16:00:00Z,1.0811100000,1.0817900000,1.0800300000,1.0807000000,11215,OTHER,false
2024-10-22T20:00:00Z,1.0807000000,1.0808200000,1.0791900000,1.0797900000,4682,OTHER,false
2024-10-23T00:00:00Z,1.0796900000,1.0800200000,1.0791400000,1.0794500000,2541,OTHER,false
2024-10-23T04:00:00Z,1.0794600000,1.0804700000,1.0793000000,1.0801500000,5138,OTHER,false
2024-10-23T08:00:00Z,1.0801500000,1.0806000000,1.0778700000,1.0787500000,8254,LONDON,false
2024-10-23T12:00:00Z,1.0787500000,1.0788700000,1.0760600000,1.0773700000,8645,OTHER,false
2024-10-23T16:00:00Z,1.0773700000,1.0785600000,1.0769000000,1.0772500000,10355,OTHER,false
2024-10-23T20:00:00Z,1.0772400000,1.0785900000,1.0766600000,1.0781800000,6251,OTHER,false
2024-10-24T00:00:00Z,1.0780000000,1.0789300000,1.0778700000,1.0788100000,3059,OTHER,false
2024-10-24T04:00:00Z,1.0788200000,1.0793000000,1.0780600000,1.0792400000,4856,OTHER,false
2024-10-24T08:00:00Z,1.0792600000,1.0807500000,1.0769900000,1.0802600000,10813,LONDON,false
2024-10-24T12:00:00Z,1.0802400000,1.0804600000,1.0788200000,1.0795900000,9581,OTHER,false
2024-10-24T16:00:00Z,1.0796000000,1.0810500000,1.0794400000,1.0810200000,12014,OTHER,false
2024-10-24T20:00:00Z,1.0810200000,1.0829200000,1.0809900000,1.0827500000,5118,OTHER,false
2024-10-25T00:00:00Z,1.0825500000,1.0828100000,1.0819400000,1.0821100000,2682,OTHER,false
2024-10-25T04:00:00Z,1.0821100000,1.0826900000,1.0819300000,1.0821300000,4118,OTHER,false
2024-10-25T08:00:00Z,1.0821200000,1.0836600000,1.0813000000,1.0823100000,7786,LONDON,false
2024-10-25T12:00:00Z,1.0823200000,1.0838700000,1.0820300000,1.0837900000,7134,OTHER,false
2024-10-25T16:00:00Z,1.0838000000,1.0838100000,1.0801800000,1.0804500000,10542,OTHER,false
2024-10-25T20:00:00Z,1.0804600000,1.0805900000,1.0792300000,1.0795400000,5356,OTHER,false
2024-10-28T00:00:00Z,1.0792800000,1.0801000000,1.0785800000,1.0793500000,4764,OTHER,false
2024-10-28T04:00:00Z,1.0793200000,1.0795300000,1.0781400000,1.0787000000,5194,OTHER,false
2024-10-28T08:00:00Z,1.0786900000,1.0820700000,1.0781400000,1.0818500000,7262,LONDON,false
2024-10-28T12:00:00Z,1.0818600000,1.0825600000,1.0807800000,1.0814900000,8223,OTHER,false
2024-10-28T16:00:00Z,1.0814900000,1.0826900000,1.0813100000,1.0814900000,9968,OTHER,false
2024-10-28T20:00:00Z,1.0814800000,1.0818400000,1.0809300000,1.0811400000,5246,OTHER,false
2024-10-29T00:00:00Z,1.0809300000,1.0818800000,1.0809000000,1.0815200000,2863,OTHER,false
2024-10-29T04:00:00Z,1.0815200000,1.0817500000,1.0805500000,1.0808100000,4894,OTHER,false
2024-10-29T08:00:00Z,1.0808100000,1.0819700000,1.0804800000,1.0817900000,7061,LONDON,false
2024-10-29T12:00:00Z,1.0817900000,1.0825700000,1.0771400000,1.0776800000,10235,OTHER,false
2024-10-29T16:00:00Z,1.0776800000,1.0811400000,1.0768200000,1.0798300000,16492,OTHER,false
2024-10-29T20:00:00Z,1.0798400000,1.0817600000,1.0797300000,1.0817400000,6726,OTHER,false
2024-10-30T00:00:00Z,1.0810400000,1.0825500000,1.0810200000,1.0821300000,2897,OTHER,false
2024-10-30T04:00:00Z,1.0821200000,1.0825200000,1.0812400000,1.0816100000,4521,OTHER,false
2024-10-30T08:00:00Z,1.0816100000,1.0844100000,1.0813300000,1.0833800000,7141,LONDON,false
2024-10-30T12:00:00Z,1.0834200000,1.0858700000,1.0807200000,1.0813100000,12358,OTHER,false
2024-10-30T16:00:00Z,1.0813100000,1.0866300000,1.0810500000,1.0860500000,16043,OTHER,false
2024-10-30T20:00:00Z,1.0860200000,1.0870600000,1.0852900000,1.0855600000,6444,OTHER,false
2024-10-31T00:00:00Z,1.0854900000,1.0859400000,1.0852400000,1.0852800000,2835,OTHER,false
2024-10-31T04:00:00Z,1.0852800000,1.0857600000,1.0843400000,1.0847200000,4999,OTHER,false
2024-10-31T08:00:00Z,1.0847100000,1.0862900000,1.0845900000,1.0855600000,8199,LONDON,false
2024-10-31T12:00:00Z,1.0855600000,1.0886200000,1.0853500000,1.0879200000,11922,OTHER,false
2024-10-31T16:00:00Z,1.0879100000,1.0887600000,1.0845500000,1.0857500000,18408,OTHER,false
2024-10-31T20:00:00Z,1.0857600000,1.0884400000,1.0854800000,1.0883100000,8084,OTHER,false
2024-11-01T00:00:00Z,1.0882600000,1.0886900000,1.0879800000,1.0886000000,2974,OTHER,false
2024-11-01T04:00:00Z,1.0886000000,1.0888000000,1.0874500000,1.0876400000,4770,OTHER,false
2024-11-01T08:00:00Z,1.0876600000,1.0877300000,1.0856800000,1.0861800000,6700,LONDON,false
2024-11-01T12:00:00Z,1.0861900000,1.0905200000,1.0851800000,1.0885700000,12262,OTHER,false
2024-11-01T16:00:00Z,1.0885600000,1.0889100000,1.0845600000,1.0851900000,21593,OTHER,false
2024-11-01T20:00:00Z,1.0851900000,1.0852200000,1.0831200000,1.0833100000,8317,OTHER,false
2024-11-04T00:00:00Z,1.0874800000,1.0890600000,1.0869200000,1.0887700000,5859,OTHER,false
2024-11-04T04:00:00Z,1.0887700000,1.0904200000,1.0884100000,1.0898400000,6581,OTHER,false
2024-11-04T08:00:00Z,1.0898400000,1.0901600000,1.0886500000,1.0895600000,9237,LONDON,false
2024-11-04T12:00:00Z,1.0895600000,1.0914100000,1.0892800000,1.0904600000,8721,OTHER,false
2024-11-04T16:00:00Z,1.0904700000,1.0909200000,1.0879200000,1.0888000000,12133,OTHER,false
2024-11-04T20:00:00Z,1.0888200000,1.0888500000,1.0873400000,1.0876200000,5403,OTHER,false
2024-11-05T00:00:00Z,1.0875700000,1.0878600000,1.0871900000,1.0877000000,2935,OTHER,false
2024-11-05T04:00:00Z,1.0877000000,1.0879400000,1.0873700000,1.0877900000,3450,OTHER,false
2024-11-05T08:00:00Z,1.0877900000,1.0897000000,1.0876400000,1.0891100000,6292,LONDON,false
2024-11-05T12:00:00Z,1.0891200000,1.0901200000,1.0889000000,1.0892000000,6245,OTHER,false
2024-11-05T16:00:00Z,1.0892000000,1.0929800000,1.0888700000,1.0929600000,11625,OTHER,false
2024-11-05T20:00:00Z,1.0929600000,1.0935900000,1.0923500000,1.0928600000,5863,OTHER,false
2024-11-06T00:00:00Z,1.0924300000,1.0936600000,1.0821000000,1.0835700000,16470,OTHER,false
2024-11-06T04:00:00Z,1.0835800000,1.0838600000,1.0718400000,1.0759300000,27194,OTHER,false
2024-11-06T08:00:00Z,1.0759500000,1.0780700000,1.0702200000,1.0754700000,23020,LONDON,false
2024-11-06T12:00:00Z,1.0754300000,1.0761100000,1.0681900000,1.0709200000,19944,OTHER,false
2024-11-06T16:00:00Z,1.0709400000,1.0744700000,1.0697700000,1.0726800000,21704,OTHER,false
2024-11-06T20:00:00Z,1.0726700000,1.0757600000,1.0725600000,1.0728400000,11462,OTHER,false
2024-11-07T00:00:00Z,1.0722000000,1.0736600000,1.0712200000,1.0717000000,5394,OTHER,false
2024-11-07T04:00:00Z,1.0717000000,1.0747200000,1.0716700000,1.0745500000,6529,OTHER,false
2024-11-07T08:00:00Z,1.0745400000,1.0771000000,1.0740400000,1.0745800000,12419,LONDON,false
2024-11-07T12:00:00Z,1.0745800000,1.0794100000,1.0745700000,1.0791700000,14753,OTHER,false
2024-11-07T16:00:00Z,1.0791700000,1.0824100000,1.0780600000,1.0804200000,16618,OTHER,false
2024-11-07T20:00:00Z,1.0804200000,1.0809000000,1.0766300000,1.0801000000,16002,OTHER,false
2024-11-08T00:00:00Z,1.0803700000,1.0804300000,1.0778400000,1.0786300000,5136,OTHER,false
2024-11-08T04:00:00Z,1.0786300000,1.0789200000,1.0775900000,1.0781200000,6158,OTHER,false
2024-11-08T08:00:00Z,1.0781400000,1.0788800000,1.0760300000,1.0778500000,13494,LONDON,false
2024-11-08T12:00:00Z,1.0778700000,1.0796800000,1.0744000000,1.0752300000,13330,OTHER,false
2024-11-08T16:00:00Z,1.0752200000,1.0765200000,1.0686200000,1.0708500000,17495,OTHER,false
2024-11-08T20:00:00Z,1.0708500000,1.0721000000,1.0699300000,1.0717200000,8096,OTHER,false
2024-11-11T00:00:00Z,1.0704400000,1.0727400000,1.0703600000,1.0719600000,6071,OTHER,false
2024-11-11T04:00:00Z,1.0719600000,1.0726500000,1.0707200000,1.0716900000,5025,OTHER,false
2024-11-11T08:00:00Z,1.0716800000,1.0721500000,1.0667300000,1.0680900000,11066,LONDON,false
2024-11-11T12:00:00Z,1.0680400000,1.0687900000,1.0635800000,1.0647300000,11090,OTHER,false
2024-11-11T16:00:00Z,1.0647300000,1.0657000000,1.0628100000,1.0648500000,11301,OTHER,false
2024-11-11T20:00:00Z,1.0648200000,1.0657300000,1.0645200000,1.0654100000,5269,OTHER,false
2024-11-12T00:00:00Z,1.0648400000,1.0662500000,1.0644800000,1.0647600000,4375,OTHER,false
2024-11-12T04:00:00Z,1.0647600000,1.0651400000,1.0637200000,1.0639300000,6373,OTHER,false
2024-11-12T08:00:00Z,1.0638900000,1.0638900000,1.0615900000,1.0625400000,11450,LONDON,false
2024-11-12T12:00:00Z,1.0625500000,1.0629200000,1.0605600000,1.0622400000,12255,OTHER,false
2024-11-12T16:00:00Z,1.0622400000,1.0625400000,1.0594300000,1.0606200000,16334,OTHER,false
2024-11-12T20:00:00Z,1.0606200000,1.0626100000,1.0605900000,1.0624000000,6612,OTHER,false
2024-11-13T00:00:00Z,1.0619500000,1.0628600000,1.0610300000,1.0627400000,5804,OTHER,false
2024-11-13T04:00:00Z,1.0627400000,1.0628900000,1.0608900000,1.0612400000,4892,OTHER,false
2024-11-13T08:00:00Z,1.0612400000,1.0629200000,1.0592600000,1.0626400000,9508,LONDON,false
2024-11-13T12:00:00Z,1.0626400000,1.0653500000,1.0609400000,1.0636000000,14413,OTHER,false
2024-11-13T16:00:00Z,1.0636100000,1.0637500000,1.0555100000,1.0568200000,23156,OTHER,false
2024-11-13T20:00:00Z,1.0568200000,1.0575300000,1.0555800000,1.0563000000,8544,OTHER,false
2024-11-14T00:00:00Z,1.0562000000,1.0567900000,1.0550400000,1.0555400000,6172,OTHER,false
2024-11-14T04:00:00Z,1.0555400000,1.0557100000,1.0533700000,1.0546500000,7812,OTHER,false
2024-11-14T08:00:00Z,1.0546500000,1.0557600000,1.0517200000,1.0519700000,12290,LONDON,false
2024-11-14T12:00:00Z,1.0519800000,1.0544500000,1.0495600000,1.0529900000,17236,OTHER,false
2024-11-14T16:00:00Z,1.0529900000,1.0581800000,1.0529100000,1.0558700000,18213,OTHER,false
2024-11-14T20:00:00Z,1.0558800000,1.0559900000,1.0511500000,1.0527700000,12636,OTHER,false
2024-11-15T00:00:00Z,1.0529400000,1.0540900000,1.0522900000,1.0531200000,6592,OTHER,false
2024-11-15T04:00:00Z,1.0531200000,1.0545400000,1.0531100000,1.0539500000,6827,OTHER,false
2024-11-15T08:00:00Z,1.0539500000,1.0579300000,1.0532900000,1.0561600000,11961,LONDON,false
2024-11-15T12:00:00Z,1.0561600000,1.0592000000,1.0553300000,1.0557900000,14527,OTHER,false
2024-11-15T16:00:00Z,1.0557600000,1.0562800000,1.0522600000,1.0548000000,21305,OTHER,false
2024-11-15T20:00:00Z,1.0548200000,1.0554000000,1.0515700000,1.0533900000,9859,OTHER,false
2024-11-18T00:00:00Z,1.0529200000,1.0549900000,1.0528300000,1.0541500000,8219,OTHER,false
2024-11-18T04:00:00Z,1.0541500000,1.0545900000,1.0529700000,1.0537400000,8013,OTHER,false
2024-11-18T08:00:00Z,1.0537400000,1.0570600000,1.0535600000,1.0565800000,11569,LONDON,false
2024-11-18T12:00:00Z,1.0565500000,1.0567900000,1.0531800000,1.0567200000,11330,OTHER,false
2024-11-18T16:00:00Z,1.0567200000,1.0592000000,1.0559900000,1.0590600000,12748,OTHER,false
2024-11-18T20:00:00Z,1.0590600000,1.0606500000,1.0586600000,1.0597200000,6578,OTHER,false
2024-11-19T00:00:00Z,1.0596200000,1.0598400000,1.0586400000,1.0592400000,5400,OTHER,false
2024-11-19T04:00:00Z,1.0592400000,1.0600200000,1.0582100000,1.0582800000,6809,OTHER,false
2024-11-19T08:00:00Z,1.0583100000,1.0595700000,1.0523300000,1.0549000000,16437,LONDON,false
2024-11-19T12:00:00Z,1.0549100000,1.0596300000,1.0542900000,1.0576300000,14841,OTHER,false
2024-11-19T16:00:00Z,1.0576300000,1.0600300000,1.0565000000,1.0579700000,17452,OTHER,false
2024-11-19T20:00:00Z,1.0579600000,1.0597400000,1.0570400000,1.0594200000,7853,OTHER,false
2024-11-20T00:00:00Z,1.0589800000,1.0609100000,1.0589500000,1.0599400000,5944,OTHER,false
2024-11-20T04:00:00Z,1.0599700000,1.0602700000,1.0586000000,1.0586400000,5955,OTHER,false
2024-11-20T08:00:00Z,1.0586400000,1.0594900000,1.0552500000,1.0554800000,11846,LONDON,false
2024-11-20T12:00:00Z,1.0554800000,1.0567200000,1.0541400000,1.0556000000,11757,OTHER,false
2024-11-20T16:00:00Z,1.0556000000,1.0556400000,1.0506200000,1.0531300000,15079,OTHER,false
2024-11-20T20:00:00Z,1.0531300000,1.0542600000,1.0524800000,1.0541800000,6179,OTHER,false
2024-11-21T00:00:00Z,1.0540600000,1.0549100000,1.0537000000,1.0545300000,4528,OTHER,false
2024-11-21T04:00:00Z,1.0545300000,1.0554200000,1.0545100000,1.0545900000,5011,OTHER,false
2024-11-21T08:00:00Z,1.0546200000,1.0553900000,1.0513200000,1.0516300000,13372,LONDON,false
2024-11-21T12:00:00Z,1.0516400000,1.0538600000,1.0513300000,1.0532300000,12561,OTHER,false
2024-11-21T16:00:00Z,1.0532300000,1.0543900000,1.0461600000,1.0486900000,20043,OTHER,false
2024-11-21T20:00:00Z,1.0486700000,1.0488700000,1.0470000000,1.0472000000,6379,OTHER,false
2024-11-22T00:00:00Z,1.0472500000,1.0477200000,1.0465800000,1.0471000000,5510,OTHER,false
2024-11-22T04:00:00Z,1.0470900000,1.0477600000,1.0460900000,1.0463900000,6553,OTHER,false
2024-11-22T08:00:00Z,1.0463900000,1.0497300000,1.0332100000,1.0401200000,18142,LONDON,false
2024-11-22T12:00:00Z,1.0401300000,1.0436800000,1.0384400000,1.0428800000,15490,OTHER,false
2024-11-22T16:00:00Z,1.0429000000,1.0434200000,1.0391300000,1.0418500000,18067,OTHER,false
2024-11-22T20:00:00Z,1.0418200000,1.0424800000,1.0407400000,1.0418400000,6379,OTHER,false
2024-11-25T00:00:00Z,1.0479200000,1.0500600000,1.0460900000,1.0477200000,11115,OTHER,false
2024-11-25T04:00:00Z,1.0477200000,1.0488700000,1.0473800000,1.0478600000,7765,OTHER,false
2024-11-25T08:00:00Z,1.0478600000,1.0496500000,1.0448500000,1.0488900000,14088,LONDON,false
2024-11-25T12:00:00Z,1.0488700000,1.0529700000,1.0473500000,1.0527900000,13828,OTHER,false
2024-11-25T16:00:00Z,1.0527900000,1.0529600000,1.0466200000,1.0485500000,16683,OTHER,false
2024-11-25T20:00:00Z,1.0485500000,1.0510100000,1.0485300000,1.0493300000,6631,OTHER,false
2024-11-26T00:00:00Z,1.0488400000,1.0500200000,1.0424400000,1.0453400000,12837,OTHER,false
2024-11-26T04:00:00Z,1.0453500000,1.0489900000,1.0450400000,1.0474800000,8102,OTHER,false
2024-11-26T08:00:00Z,1.0474800000,1.0518500000,1.0469200000,1.0506600000,14709,LONDON,false
2024-11-26T12:00:00Z,1.0506600000,1.0544100000,1.0499600000,1.0503100000,15543,OTHER,false
2024-11-26T16:00:00Z,1.0503100000,1.0509300000,1.0463100000,1.0469900000,17172,OTHER,false
2024-11-26T20:00:00Z,1.0469900000,1.0489700000,1.0456700000,1.0487900000,8947,OTHER,false
2024-11-27T00:00:00Z,1.0477000000,1.0495900000,1.0477000000,1.0486400000,6492,OTHER,false
2024-11-27T04:00:00Z,1.0486100000,1.0487600000,1.0473700000,1.0476200000,6231,OTHER,false
2024-11-27T08:00:00Z,1.0476200000,1.0539800000,1.0474600000,1.0515900000,15239,LONDON,false
2024-11-27T12:00:00Z,1.0515900000,1.0573100000,1.0509700000,1.0572100000,15083,OTHER,false
2024-11-27T16:00:00Z,1.0572100000,1.0587000000,1.0532500000,1.0575900000,19302,OTHER,false
2024-11-27T20:00:00Z,1.0575900000,1.0578000000,1.0558700000,1.0565200000,6759,OTHER,false
2024-11-28T00:00:00Z,1.0563900000,1.0569200000,1.0546700000,1.0556500000,6224,OTHER,false
2024-11-28T04:00:00Z,1.0556500000,1.0560500000,1.0548100000,1.0549300000,5892,OTHER,false
2024-11-28T08:00:00Z,1.0549300000,1.0555800000,1.0526800000,1.0531300000,13704,LONDON,false
2024-11-28T12:00:00Z,1.0531300000,1.0555900000,1.0529300000,1.0533400000,10698,OTHER,false
2024-11-28T16:00:00Z,1.0533500000,1.0556500000,1.0530800000,1.0552000000,8775,OTHER,false
2024-11-28T20:00:00Z,1.0552100000,1.0556400000,1.0551400000,1.0552700000,1224,OTHER,false
2024-11-29T00:00:00Z,1.0547200000,1.0574300000,1.0547100000,1.0559400000,7205,OTHER,false
2024-11-29T04:00:00Z,1.0559400000,1.0576400000,1.0558400000,1.0567400000,7168,OTHER,false
2024-11-29T08:00:00Z,1.0567100000,1.0596600000,1.0551300000,1.0557200000,14027,LONDON,false
2024-11-29T12:00:00Z,1.0557300000,1.0572800000,1.0547500000,1.0562200000,14444,OTHER,false
2024-11-29T16:00:00Z,1.0562200000,1.0567100000,1.0541000000,1.0566600000,16615,OTHER,false
2024-11-29T20:00:00Z,1.0566600000,1.0583900000,1.0566600000,1.0575000000,9708,OTHER,false
2024-12-02T00:00:00Z,1.0563200000,1.0569500000,1.0527300000,1.0529800000,9900,OTHER,false
2024-12-02T04:00:00Z,1.0529800000,1.0531400000,1.0514500000,1.0521400000,8595,OTHER,false
2024-12-02T08:00:00Z,1.0521400000,1.0536500000,1.0495300000,1.0512900000,16271,LONDON,false
2024-12-02T12:00:00Z,1.0513000000,1.0537600000,1.0494300000,1.0505100000,15673,OTHER,false
2024-12-02T16:00:00Z,1.0506000000,1.0514100000,1.0460000000,1.0487000000,20671,OTHER,false
2024-12-02T20:00:00Z,1.0487200000,1.0515500000,1.0484100000,1.0497300000,8267,OTHER,false
2024-12-03T00:00:00Z,1.0495800000,1.0500900000,1.0483600000,1.0487200000,6260,OTHER,false
2024-12-03T04:00:00Z,1.0487200000,1.0493800000,1.0480000000,1.0490800000,6992,OTHER,false
2024-12-03T08:00:00Z,1.0490800000,1.0530200000,1.0482800000,1.0519700000,13159,LONDON,false
2024-12-03T12:00:00Z,1.0519700000,1.0529100000,1.0505700000,1.0523400000,12404,OTHER,false
2024-12-03T16:00:00Z,1.0523800000,1.0529700000,1.0491400000,1.0527800000,17898,OTHER,false
2024-12-03T20:00:00Z,1.0527500000,1.0534400000,1.0502100000,1.0508300000,7435,OTHER,false
2024-12-04T00:00:00Z,1.0504800000,1.0512000000,1.0496700000,1.0505400000,5962,OTHER,false
2024-12-04T04:00:00Z,1.0505300000,1.0519600000,1.0487300000,1.0514400000,8839,OTHER,false
2024-12-04T08:00:00Z,1.0514600000,1.0528500000,1.0481900000,1.0502300000,12712,LONDON,false
2024-12-04T12:00:00Z,1.0502300000,1.0511900000,1.0478700000,1.0482900000,12992,OTHER,false
2024-12-04T16:00:00Z,1.0482900000,1.0543500000,1.0471700000,1.0536700000,18887,OTHER,false
2024-12-04T20:00:00Z,1.0536700000,1.0538200000,1.0504200000,1.0508400000,9233,OTHER,false
2024-12-05T00:00:00Z,1.0509000000,1.0515300000,1.0503600000,1.0511600000,5601,OTHER,false
2024-12-05T04:00:00Z,1.0511600000,1.0528300000,1.0510000000,1.0526000000,5900,OTHER,false
2024-12-05T08:00:00Z,1.0526000000,1.0545800000,1.0520700000,1.0528200000,10363,LONDON,false
2024-12-05T12:00:00Z,1.0528100000,1.0567800000,1.0522700000,1.0566400000,13578,OTHER,false
2024-12-05T16:00:00Z,1.0566800000,1.0588900000,1.0550200000,1.0567200000,16257,OTHER,false
2024-12-05T20:00:00Z,1.0566800000,1.0588000000,1.0556400000,1.0585800000,6757,OTHER,false
2024-12-06T00:00:00Z,1.0581500000,1.0587400000,1.0565300000,1.0568000000,5468,OTHER,false
2024-12-06T04:00:00Z,1.0568000000,1.0579800000,1.0567700000,1.0571500000,6175,OTHER,false
2024-12-06T08:00:00Z,1.0571500000,1.0593500000,1.0566800000,1.0576600000,10008,LONDON,false
2024-12-06T12:00:00Z,1.0576600000,1.0629200000,1.0570800000,1.0603800000,13760,OTHER,false
2024-12-06T16:00:00Z,1.0603800000,1.0606500000,1.0543500000,1.0550600000,20091,OTHER,false
2024-12-06T20:00:00Z,1.0550500000,1.0567600000,1.0541700000,1.0566200000,6267,OTHER,false
2024-12-09T00:00:00Z,1.0554800000,1.0568800000,1.0550400000,1.0551300000,5679,OTHER,false
2024-12-09T04:00:00Z,1.0551300000,1.0555800000,1.0531500000,1.0536600000,6660,OTHER,false
2024-12-09T08:00:00Z,1.0536600000,1.0574500000,1.0535900000,1.0565500000,12762,LONDON,false
2024-12-09T12:00:00Z,1.0565600000,1.0584700000,1.0557300000,1.0575600000,11375,OTHER,false
2024-12-09T16:00:00Z,1.0575600000,1.0593700000,1.0566100000,1.0566200000,12835,OTHER,false
2024-12-09T20:00:00Z,1.0566200000,1.0567000000,1.0546600000,1.0551600000,5714,OTHER,false
2024-12-10T00:00:00Z,1.0553500000,1.0556600000,1.0544700000,1.0552300000,5564,OTHER,false
2024-12-10T04:00:00Z,1.0552300000,1.0562200000,1.0548300000,1.0561500000,7657,OTHER,false
2024-12-10T08:00:00Z,1.0561500000,1.0567500000,1.0522600000,1.0530600000,10023,LONDON,false
2024-12-10T12:00:00Z,1.0530500000,1.0537300000,1.0515100000,1.0522400000,11021,OTHER,false
2024-12-10T16:00:00Z,1.0522300000,1.0530700000,1.0497900000,1.0509100000,13913,OTHER,false
2024-12-10T20:00:00Z,1.0509100000,1.0530500000,1.0508000000,1.0525400000,5943,OTHER,false
2024-12-11T00:00:00Z,1.0526800000,1.0535000000,1.0524400000,1.0534000000,4285,OTHER,false
2024-12-11T04:00:00Z,1.0534000000,1.0538800000,1.0519800000,1.0523500000,5603,OTHER,false
2024-12-11T08:00:00Z,1.0523500000,1.0527900000,1.0487400000,1.0499900000,13336,LONDON,false
2024-12-11T12:00:00Z,1.0499900000,1.0536900000,1.0486300000,1.0523600000,14901,OTHER,false
2024-12-11T16:00:00Z,1.0523100000,1.0528500000,1.0479600000,1.0487100000,18172,OTHER,false
2024-12-11T20:00:00Z,1.0487100000,1.0499300000,1.0481000000,1.0493600000,7784,OTHER,false
2024-12-12T00:00:00Z,1.0491900000,1.0508200000,1.0490600000,1.0505600000,5783,OTHER,false
2024-12-12T04:00:00Z,1.0505600000,1.0508700000,1.0500200000,1.0505900000,6120,OTHER,false
2024-12-12T08:00:00Z,1.0505900000,1.0530200000,1.0503700000,1.0509400000,11822,LONDON,false
2024-12-12T12:00:00Z,1.0509400000,1.0513600000,1.0468900000,1.0484200000,15744,OTHER,false
2024-12-12T16:00:00Z,1.0484600000,1.0520400000,1.0463000000,1.0500200000,22007,OTHER,false
2024-12-12T20:00:00Z,1.0500300000,1.0501700000,1.0462500000,1.0465100000,8217,OTHER,false
2024-12-13T00:00:00Z,1.0465500000,1.0480000000,1.0462800000,1.0464700000,6390,OTHER,false
2024-12-13T04:00:00Z,1.0464700000,1.0466200000,1.0455600000,1.0464700000,6130,OTHER,false
2024-12-13T08:00:00Z,1.0464700000,1.0493300000,1.0452400000,1.0485900000,11526,LONDON,false
2024-12-13T12:00:00Z,1.0486500000,1.0523600000,1.0482800000,1.0509600000,13630,OTHER,false
2024-12-13T16:00:00Z,1.0509600000,1.0509700000,1.0481600000,1.0495700000,14039,OTHER,false
2024-12-13T20:00:00Z,1.0495800000,1.0502800000,1.0488500000,1.0501400000,5969,OTHER,false
2024-12-16T00:00:00Z,1.0483900000,1.0520600000,1.0482700000,1.0518400000,6606,OTHER,false
2024-12-16T04:00:00Z,1.0518400000,1.0522400000,1.0509200000,1.0518900000,5894,OTHER,false
2024-12-16T08:00:00Z,1.0518900000,1.0524000000,1.0499500000,1.0504500000,11072,LONDON,false
2024-12-16T12:00:00Z,1.0504500000,1.0507700000,1.0482700000,1.0506900000,9662,OTHER,false
2024-12-16T16:00:00Z,1.0507200000,1.0520000000,1.0473900000,1.0510500000,14868,OTHER,false
2024-12-16T20:00:00Z,1.0510600000,1.0521800000,1.0505200000,1.0509100000,5676,OTHER,false
2024-12-17T00:00:00Z,1.0508600000,1.0533800000,1.0507200000,1.0520800000,4856,OTHER,false
2024-12-17T04:00:00Z,1.0520700000,1.0526300000,1.0502000000,1.0504000000,4585,OTHER,false
2024-12-17T08:00:00Z,1.0504000000,1.0508600000,1.0480000000,1.0484700000,10406,LONDON,false
2024-12-17T12:00:00Z,1.0485600000,1.0506100000,1.0478600000,1.0504300000,11578,OTHER,false
2024-12-17T16:00:00Z,1.0504200000,1.0515300000,1.0493800000,1.0499200000,15081,OTHER,false
2024-12-17T20:00:00Z,1.0499000000,1.0503600000,1.0484500000,1.0489800000,6029,OTHER,false
2024-12-18T00:00:00Z,1.0489300000,1.0502200000,1.0489200000,1.0501500000,4734,OTHER,false
2024-12-18T04:00:00Z,1.0501900000,1.0505100000,1.0495400000,1.0501700000,5890,OTHER,false
2024-12-18T08:00:00Z,1.0501800000,1.0512100000,1.0486900000,1.0493700000,9514,LONDON,false
2024-12-18T12:00:00Z,1.0493900000,1.0503000000,1.0482000000,1.0491400000,10593,OTHER,false
2024-12-18T16:00:00Z,1.0491400000,1.0502600000,1.0466400000,1.0474600000,13307,OTHER,false
2024-12-18T20:00:00Z,1.0474600000,1.0491800000,1.0343200000,1.0349600000,21453,OTHER,false
2024-12-19T00:00:00Z,1.0345000000,1.0379400000,1.0345000000,1.0377400000,9718,OTHER,false
2024-12-19T04:00:00Z,1.0377400000,1.0390300000,1.0371700000,1.0381400000,9022,OTHER,false
2024-12-19T08:00:00Z,1.0381400000,1.0421700000,1.0376800000,1.0411800000,16986,LONDON,false
2024-12-19T12:00:00Z,1.0411800000,1.0415300000,1.0385200000,1.0398600000,16504,OTHER,false
2024-12-19T16:00:00Z,1.0398200000,1.0406500000,1.0353900000,1.0361000000,19562,OTHER,false
2024-12-19T20:00:00Z,1.0361000000,1.0376700000,1.0354600000,1.0360300000,9240,OTHER,false
2024-12-20T00:00:00Z,1.0361800000,1.0368500000,1.0358100000,1.0363000000,6538,OTHER,false
2024-12-20T04:00:00Z,1.0362900000,1.0366000000,1.0356000000,1.0365600000,7210,OTHER,false
2024-12-20T08:00:00Z,1.0365600000,1.0397900000,1.0342400000,1.0382200000,13672,LONDON,false
2024-12-20T12:00:00Z,1.0382200000,1.0418500000,1.0379000000,1.0406800000,13291,OTHER,false
2024-12-20T16:00:00Z,1.0406500000,1.0444300000,1.0385400000,1.0427900000,20487,OTHER,false
2024-12-20T20:00:00Z,1.0427900000,1.0446900000,1.0421300000,1.0425600000,8272,OTHER,false
2024-12-23T00:00:00Z,1.0424800000,1.0444000000,1.0424800000,1.0435500000,5873,OTHER,false
2024-12-23T04:00:00Z,1.0435500000,1.0444900000,1.0435300000,1.0439600000,5240,OTHER,false
2024-12-23T08:00:00Z,1.0439300000,1.0441500000,1.0406600000,1.0407200000,8663,LONDON,false
2024-12-23T12:00:00Z,1.0407200000,1.0409100000,1.0385000000,1.0398800000,10474,OTHER,false
2024-12-23T16:00:00Z,1.0399400000,1.0417200000,1.0383600000,1.0397000000,12505,OTHER,false
2024-12-23T20:00:00Z,1.0396800000,1.0413500000,1.0396800000,1.0404500000,5582,OTHER,false
2024-12-24T00:00:00Z,1.0401200000,1.0407800000,1.0397400000,1.0402200000,4074,OTHER,false
2024-12-24T04:00:00Z,1.0402200000,1.0408200000,1.0387900000,1.0396400000,5284,OTHER,false
2024-12-24T08:00:00Z,1.0396400000,1.0404900000,1.0389500000,1.0391300000,6316,LONDON,false
2024-12-24T12:00:00Z,1.0391300000,1.0403000000,1.0388500000,1.0401900000,7332,OTHER,false
2024-12-24T16:00:00Z,1.0401900000,1.0409600000,1.0382900000,1.0387900000,9035,OTHER,false
2024-12-24T20:00:00Z,1.0387900000,1.0401900000,1.0386400000,1.0391600000,4612,OTHER,false
2024-12-26T00:00:00Z,1.0397200000,1.0402900000,1.0392300000,1.0396600000,5327,OTHER,false
2024-12-26T04:00:00Z,1.0396600000,1.0403600000,1.0396000000,1.0397300000,4580,OTHER,false
2024-12-26T08:00:00Z,1.0397200000,1.0399800000,1.0389700000,1.0398400000,5018,LONDON,false
2024-12-26T12:00:00Z,1.0398400000,1.0405200000,1.0392000000,1.0402100000,5356,OTHER,false
2024-12-26T16:00:00Z,1.0402100000,1.0422200000,1.0394400000,1.0411500000,10059,OTHER,false
2024-12-26T20:00:00Z,1.0411100000,1.0429400000,1.0411100000,1.0421100000,6316,OTHER,false
2024-12-27T00:00:00Z,1.0415200000,1.0423600000,1.0411500000,1.0412600000,5412,OTHER,false
2024-12-27T04:00:00Z,1.0412600000,1.0413400000,1.0406100000,1.0408500000,5560,OTHER,false
2024-12-27T08:00:00Z,1.0408500000,1.0425100000,1.0404400000,1.0416300000,7805,LONDON,false
2024-12-27T12:00:00Z,1.0416300000,1.0443400000,1.0411000000,1.0437900000,8178,OTHER,false
2024-12-27T16:00:00Z,1.0438200000,1.0439100000,1.0413900000,1.0420900000,12592,OTHER,false
2024-12-27T20:00:00Z,1.0420900000,1.0429700000,1.0420200000,1.0422000000,6335,OTHER,false
2024-12-30T00:00:00Z,1.0425600000,1.0434300000,1.0424300000,1.0424800000,4291,OTHER,false
2024-12-30T04:00:00Z,1.0424800000,1.0427000000,1.0420200000,1.0424600000,4238,OTHER,false
2024-12-30T08:00:00Z,1.0424600000,1.0438800000,1.0408600000,1.0433200000,8783,LONDON,false
2024-12-30T12:00:00Z,1.0433200000,1.0457800000,1.0384600000,1.0388000000,11851,OTHER,false
2024-12-30T16:00:00Z,1.0387200000,1.0408200000,1.0371100000,1.0393500000,16048,OTHER,false
2024-12-30T20:00:00Z,1.0393500000,1.0406600000,1.0393100000,1.0404200000,5994,OTHER,false
2024-12-31T00:00:00Z,1.0397700000,1.0412700000,1.0395800000,1.0411400000,5245,OTHER,false
2024-12-31T04:00:00Z,1.0411400000,1.0414200000,1.0401800000,1.0403300000,5417,OTHER,false
2024-12-31T08:00:00Z,1.0403300000,1.0423800000,1.0398900000,1.0417900000,8043,LONDON,false
2024-12-31T12:00:00Z,1.0417900000,1.0419400000,1.0383000000,1.0392400000,10150,OTHER,false
2024-12-31T16:00:00Z,1.0392600000,1.0393700000,1.0343500000,1.0348500000,15693,OTHER,false
2024-12-31T20:00:00Z,1.0348600000,1.0364000000,1.0345000000,1.0352400000,6216,OTHER,false
2025-01-02T00:00:00Z,1.0354400000,1.0360200000,1.0343900000,1.0357200000,5362,OTHER,false
2025-01-02T04:00:00Z,1.0357200000,1.0374500000,1.0357000000,1.0363200000,4288,OTHER,false
2025-01-02T08:00:00Z,1.0363400000,1.0371800000,1.0345700000,1.0351200000,10893,LONDON,false
2025-01-02T12:00:00Z,1.0351100000,1.0356300000,1.0310900000,1.0312800000,14968,OTHER,false
2025-01-02T16:00:00Z,1.0312900000,1.0323300000,1.0223700000,1.0264300000,20956,OTHER,false
2025-01-02T20:00:00Z,1.0264500000,1.0267600000,1.0247400000,1.0266800000,6218,OTHER,false
2025-01-03T00:00:00Z,1.0259800000,1.0272900000,1.0257600000,1.0267000000,4832,OTHER,false
2025-01-03T04:00:00Z,1.0267000000,1.0274100000,1.0264000000,1.0271100000,4357,OTHER,false
2025-01-03T08:00:00Z,1.0271100000,1.0299300000,1.0268100000,1.0289700000,10831,LONDON,false
2025-01-03T12:00:00Z,1.0289700000,1.0302400000,1.0278600000,1.0292600000,9704,OTHER,false
2025-01-03T16:00:00Z,1.0292600000,1.0305200000,1.0272500000,1.0297400000,13741,OTHER,false
2025-01-03T20:00:00Z,1.0297400000,1.0309300000,1.0291800000,1.0307500000,5228,OTHER,false
2025-01-06T00:00:00Z,1.0306600000,1.0313000000,1.0294700000,1.0311500000,5428,OTHER,false
2025-01-06T04:00:00Z,1.0311500000,1.0317700000,1.0307800000,1.0308300000,5298,OTHER,false
2025-01-06T08:00:00Z,1.0308300000,1.0368300000,1.0307100000,1.0354900000,11824,LONDON,false
2025-01-06T12:00:00Z,1.0354900000,1.0436200000,1.0328100000,1.0416300000,21349,OTHER,false
2025-01-06T16:00:00Z,1.0416200000,1.0423100000,1.0351900000,1.0386800000,22139,OTHER,false
2025-01-06T20:00:00Z,1.0386900000,1.0391600000,1.0376500000,1.0388100000,8007,OTHER,false
2025-01-07T00:00:00Z,1.0385100000,1.0394800000,1.0375500000,1.0380500000,5610,OTHER,false
2025-01-07T04:00:00Z,1.0380500000,1.0402700000,1.0379300000,1.0396200000,5442,OTHER,false
2025-01-07T08:00:00Z,1.0396200000,1.0433800000,1.0395700000,1.0427000000,12265,LONDON,false
2025-01-07T12:00:00Z,1.0425700000,1.0433900000,1.0386000000,1.0395900000,13841,OTHER,false
2025-01-07T16:00:00Z,1.0395900000,1.0396900000,1.0353200000,1.0366400000,20339,OTHER,false
2025-01-07T20:00:00Z,1.0366400000,1.0368800000,1.0337800000,1.0338900000,7793,OTHER,false
2025-01-08T00:00:00Z,1.0338400000,1.0352400000,1.0338200000,1.0352400000,4087,OTHER,false
2025-01-08T04:00:00Z,1.0352400000,1.0355200000,1.0345700000,1.0354300000,3803,OTHER,false
2025-01-08T08:00:00Z,1.0354300000,1.0356900000,1.0314700000,1.0318900000,12135,LONDON,false
2025-01-08T12:00:00Z,1.0318900000,1.0320800000,1.0272600000,1.0302800000,20249,OTHER,false
2025-01-08T16:00:00Z,1.0302900000,1.0314000000,1.0288400000,1.0304700000,17356,OTHER,false
2025-01-08T20:00:00Z,1.0304700000,1.0323700000,1.0304700000,1.0317600000,8148,OTHER,false
2025-01-09T00:00:00Z,1.0312800000,1.0318100000,1.0304100000,1.0313700000,3757,OTHER,false
2025-01-09T04:00:00Z,1.0313700000,1.0320800000,1.0304700000,1.0306100000,4281,OTHER,false
2025-01-09T08:00:00Z,1.0306100000,1.0317100000,1.0282900000,1.0305200000,13430,LONDON,false
2025-01-09T12:00:00Z,1.0305300000,1.0318100000,1.0295200000,1.0307400000,12007,OTHER,false
2025-01-09T16:00:00Z,1.0307400000,1.0314200000,1.0290400000,1.0296800000,10307,OTHER,false
2025-01-09T20:00:00Z,1.0296600000,1.0303100000,1.0293400000,1.0299700000,3243,OTHER,false
2025-01-10T00:00:00Z,1.0295500000,1.0303900000,1.0291500000,1.0301400000,3897,OTHER,false
2025-01-10T04:00:00Z,1.0301400000,1.0303100000,1.0284000000,1.0284900000,3520,OTHER,false
2025-01-10T08:00:00Z,1.0284900000,1.0311400000,1.0280500000,1.0299300000,10204,LONDON,false
2025-01-10T12:00:00Z,1.0299300000,1.0311200000,1.0211800000,1.0255900000,14119,OTHER,false
2025-01-10T16:00:00Z,1.0255800000,1.0277800000,1.0226900000,1.0243900000,25421,OTHER,false
2025-01-10T20:00:00Z,1.0243800000,1.0248300000,1.0234300000,1.0241500000,8955,OTHER,false
2025-01-13T00:00:00Z,1.0229800000,1.0249300000,1.0229800000,1.0241100000,5478,OTHER,false
2025-01-13T04:00:00Z,1.0241100000,1.0244600000,1.0207100000,1.0219000000,6370,OTHER,false
2025-01-13T08:00:00Z,1.0218900000,1.0230700000,1.0177100000,1.0192700000,15610,LONDON,false
2025-01-13T12:00:00Z,1.0192600000,1.0220000000,1.0185400000,1.0207800000,15279,OTHER,false
2025-01-13T16:00:00Z,1.0207700000,1.0218900000,1.0191100000,1.0217400000,15767,OTHER,false
2025-01-13T20:00:00Z,1.0217400000,1.0242100000,1.0206300000,1.0242000000,7018,OTHER,false
2025-01-14T00:00:00Z,1.0241600000,1.0277100000,1.0237100000,1.0248600000,7708,OTHER,false
2025-01-14T04:00:00Z,1.0248600000,1.0254700000,1.0237700000,1.0244200000,4898,OTHER,false
2025-01-14T08:00:00Z,1.0244200000,1.0274200000,1.0244200000,1.0258900000,14119,LONDON,false
2025-01-14T12:00:00Z,1.0258700000,1.0272400000,1.0238800000,1.0252500000,14906,OTHER,false
2025-01-14T16:00:00Z,1.0252600000,1.0303700000,1.0242800000,1.0287500000,18708,OTHER,false
2025-01-14T20:00:00Z,1.0287500000,1.0307800000,1.0286100000,1.0306100000,6540,OTHER,false
2025-01-15T00:00:00Z,1.0300000000,1.0307700000,1.0297200000,1.0299500000,3671,OTHER,false
2025-01-15T04:00:00Z,1.0299400000,1.0304600000,1.0292000000,1.0292500000,4090,OTHER,false
2025-01-15T08:00:00Z,1.0292200000,1.0316400000,1.0286000000,1.0309200000,11824,LONDON,false
2025-01-15T12:00:00Z,1.0309100000,1.0353900000,1.0292800000,1.0343900000,14564,OTHER,false
2025-01-15T16:00:00Z,1.0344300000,1.0345000000,1.0257800000,1.0285000000,19770,OTHER,false
2025-01-15T20:00:00Z,1.0285100000,1.0298500000,1.0283700000,1.0288300000,5953,OTHER,false
2025-01-16T00:00:00Z,1.0285200000,1.0299300000,1.0283800000,1.0289100000,6313,OTHER,false
2025-01-16T04:00:00Z,1.0288900000,1.0293300000,1.0280300000,1.0281800000,5402,OTHER,false
2025-01-16T08:00:00Z,1.0281900000,1.0300800000,1.0281000000,1.0285500000,11194,LONDON,false
2025-01-16T12:00:00Z,1.0285600000,1.0295700000,1.0260200000,1.0281000000,13292,OTHER,false
2025-01-16T16:00:00Z,1.0280800000,1.0314500000,1.0267300000,1.0295900000,20363,OTHER,false
2025-01-16T20:00:00Z,1.0295900000,1.0307100000,1.0292800000,1.0300800000,6968,OTHER,false
2025-01-17T00:00:00Z,1.0295600000,1.0308800000,1.0292400000,1.0304500000,4329,OTHER,false
2025-01-17T04:00:00Z,1.0304500000,1.0308500000,1.0286800000,1.0292700000,4625,OTHER,false
2025-01-17T08:00:00Z,1.0292700000,1.0303400000,1.0276800000,1.0296000000,10643,LONDON,false
2025-01-17T12:00:00Z,1.0296000000,1.0309300000,1.0284800000,1.0289600000,12798,OTHER,false
2025-01-17T16:00:00Z,1.0289600000,1.0330100000,1.0264500000,1.0280300000,19311,OTHER,false
2025-01-17T20:00:00Z,1.0280300000,1.0291500000,1.0267400000,1.0268600000,7539,OTHER,false
2025-01-20T00:00:00Z,1.0277000000,1.0292100000,1.0265600000,1.0290200000,5256,OTHER,false
2025-01-20T04:00:00Z,1.0290200000,1.0306600000,1.0286200000,1.0301800000,5014,OTHER,false
2025-01-20T08:00:00Z,1.0301800000,1.0318200000,1.0298700000,1.0305700000,11512,LONDON,false
2025-01-20T12:00:00Z,1.0305700000,1.0399500000,1.0305700000,1.0397400000,14296,OTHER,false
2025-01-20T16:00:00Z,1.0397400000,1.0429700000,1.0352800000,1.0384900000,21488,OTHER,false
2025-01-20T20:00:00Z,1.0384900000,1.0433800000,1.0382700000,1.0414500000,6291,OTHER,false
2025-01-21T00:00:00Z,1.0413600000,1.0433800000,1.0351500000,1.0369600000,14372,OTHER,false
2025-01-21T04:00:00Z,1.0369600000,1.0400500000,1.0368500000,1.0378200000,8925,OTHER,false
2025-01-21T08:00:00Z,1.0378100000,1.0385600000,1.0341100000,1.0352800000,13651,LONDON,false
2025-01-21T12:00:00Z,1.0352700000,1.0377400000,1.0342200000,1.0377000000,15257,OTHER,false
2025-01-21T16:00:00Z,1.0377200000,1.0429600000,1.0372100000,1.0420700000,18353,OTHER,false
2025-01-21T20:00:00Z,1.0420700000,1.0434800000,1.0415100000,1.0427200000,6585,OTHER,false
2025-01-22T00:00:00Z,1.0425800000,1.0432200000,1.0391700000,1.0409000000,7287,OTHER,false
2025-01-22T04:00:00Z,1.0409000000,1.0420700000,1.0405500000,1.0415100000,4472,OTHER,false
2025-01-22T08:00:00Z,1.0415100000,1.0446800000,1.0399200000,1.0446100000,13058,LONDON,false
2025-01-22T12:00:00Z,1.0446000000,1.0456800000,1.0421700000,1.0431000000,12085,OTHER,false
2025-01-22T16:00:00Z,1.0430800000,1.0431300000,1.0411400000,1.0416400000,13958,OTHER,false
2025-01-22T20:00:00Z,1.0416400000,1.0422400000,1.0406100000,1.0408300000,5710,OTHER,false
2025-01-23T00:00:00Z,1.0400800000,1.0415300000,1.0400800000,1.0402900000,4454,OTHER,false
2025-01-23T04:00:00Z,1.0402900000,1.0412100000,1.0396200000,1.0404700000,5106,OTHER,false
2025-01-23T08:00:00Z,1.0404700000,1.0414200000,1.0389400000,1.0411000000,10993,LONDON,false
2025-01-23T12:00:00Z,1.0411000000,1.0419700000,1.0393500000,1.0409900000,12193,OTHER,false
2025-01-23T16:00:00Z,1.0410100000,1.0437500000,1.0371300000,1.0434800000,18381,OTHER,false
2025-01-23T20:00:00Z,1.0434800000,1.0436400000,1.0412100000,1.0413200000,7354,OTHER,false
2025-01-24T00:00:00Z,1.0410700000,1.0422500000,1.0410700000,1.0415200000,4756,OTHER,false
2025-01-24T04:00:00Z,1.0415200000,1.0453300000,1.0415200000,1.0450600000,10925,OTHER,false
2025-01-24T08:00:00Z,1.0450800000,1.0514500000,1.0446700000,1.0493800000,17650,LONDON,false
2025-01-24T12:00:00Z,1.0493800000,1.0497300000,1.0463100000,1.0468000000,11355,OTHER,false
2025-01-24T16:00:00Z,1.0468000000,1.0520900000,1.0466600000,1.0510500000,16649,OTHER,false
2025-01-24T20:00:00Z,1.0510500000,1.0511200000,1.0487600000,1.0493700000,5861,OTHER,false
2025-01-27T00:00:00Z,1.0475800000,1.0484600000,1.0460600000,1.0462200000,7162,OTHER,false
2025-01-27T04:00:00Z,1.0462200000,1.0476800000,1.0455200000,1.0462200000,7789,OTHER,false
2025-01-27T08:00:00Z,1.0462200000,1.0493100000,1.0453200000,1.0488200000,14945,LONDON,false
2025-01-27T12:00:00Z,1.0488200000,1.0532500000,1.0488200000,1.0519200000,18054,OTHER,false
2025-01-27T16:00:00Z,1.0519300000,1.0523800000,1.0484300000,1.0488200000,16886,OTHER,false
2025-01-27T20:00:00Z,1.0488000000,1.0493600000,1.0478500000,1.0490900000,8474,OTHER,false
2025-01-28T00:00:00Z,1.0485600000,1.0492500000,1.0427900000,1.0437100000,11221,OTHER,false
2025-01-28T04:00:00Z,1.0436500000,1.0441000000,1.0423900000,1.0435800000,8555,OTHER,false
2025-01-28T08:00:00Z,1.0435700000,1.0443700000,1.0418600000,1.0434600000,13098,LONDON,false
2025-01-28T12:00:00Z,1.0434500000,1.0436700000,1.0413100000,1.0424400000,12903,OTHER,false
2025-01-28T16:00:00Z,1.0424300000,1.0440000000,1.0420300000,1.0427300000,14867,OTHER,false
2025-01-28T20:00:00Z,1.0427500000,1.0437700000,1.0422100000,1.0429900000,7514,OTHER,false
2025-01-29T00:00:00Z,1.0420300000,1.0433800000,1.0420300000,1.0426700000,4324,OTHER,false
2025-01-29T04:00:00Z,1.0426600000,1.0442000000,1.0425200000,1.0439700000,5785,OTHER,false
2025-01-29T08:00:00Z,1.0440400000,1.0443000000,1.0401400000,1.0403200000,11634,LONDON,false
2025-01-29T12:00:00Z,1.0403100000,1.0407900000,1.0381700000,1.0386900000,13326,OTHER,false
2025-01-29T16:00:00Z,1.0387000000,1.0428000000,1.0385700000,1.0420600000,16568,OTHER,false
2025-01-29T20:00:00Z,1.0420600000,1.0428100000,1.0387500000,1.0419600000,16546,OTHER,false
2025-01-30T00:00:00Z,1.0417900000,1.0428300000,1.0416000000,1.0419500000,5247,OTHER,false
2025-01-30T04:00:00Z,1.0419500000,1.0427000000,1.0416900000,1.0421400000,5987,OTHER,false
2025-01-30T08:00:00Z,1.0421400000,1.0428400000,1.0401500000,1.0406900000,11495,LONDON,false
2025-01-30T12:00:00Z,1.0407000000,1.0459200000,1.0389700000,1.0456500000,14981,OTHER,false
2025-01-30T16:00:00Z,1.0456300000,1.0467100000,1.0408900000,1.0416300000,17733,OTHER,false
2025-01-30T20:00:00Z,1.0416400000,1.0431700000,1.0385500000,1.0391200000,10921,OTHER,false
2025-01-31T00:00:00Z,1.0377200000,1.0401900000,1.0376600000,1.0388000000,6248,OTHER,false
2025-01-31T04:00:00Z,1.0388300000,1.0394400000,1.0382200000,1.0388200000,6388,OTHER,false
2025-01-31T08:00:00Z,1.0388200000,1.0412300000,1.0364800000,1.0383000000,13354,LONDON,false
2025-01-31T12:00:00Z,1.0383000000,1.0394700000,1.0371400000,1.0381700000,13293,OTHER,false
2025-01-31T16:00:00Z,1.0382000000,1.0433300000,1.0359600000,1.0419500000,20176,OTHER,false
2025-01-31T20:00:00Z,1.0419500000,1.0421100000,1.0349300000,1.0357400000,19721,OTHER,false
2025-02-03T00:00:00Z,1.0236800000,1.0269700000,1.0210100000,1.0237200000,18305,OTHER,false
2025-02-03T04:00:00Z,1.0237100000,1.0242700000,1.0211600000,1.0239800000,14098,OTHER,false
2025-02-03T08:00:00Z,1.0239800000,1.0253700000,1.0212200000,1.0230100000,17139,LONDON,false
2025-02-03T12:00:00Z,1.0229800000,1.0286900000,1.0229300000,1.0263200000,16167,OTHER,false
2025-02-03T16:00:00Z,1.0263400000,1.0335100000,1.0242300000,1.0279200000,29059,OTHER,false
2025-02-03T20:00:00Z,1.0278800000,1.0349400000,1.0270300000,1.0339000000,13046,OTHER,false
2025-02-04T00:00:00Z,1.0341000000,1.0349700000,1.0308100000,1.0321400000,8846,OTHER,false
2025-02-04T04:00:00Z,1.0321400000,1.0323500000,1.0271500000,1.0292500000,11179,OTHER,false
2025-02-04T08:00:00Z,1.0292600000,1.0348900000,1.0291600000,1.0338100000,14204,LONDON,false
2025-02-04T12:00:00Z,1.0337700000,1.0342700000,1.0319500000,1.0339700000,11476,OTHER,false
2025-02-04T16:00:00Z,1.0339800000,1.0386900000,1.0339700000,1.0376000000,18798,OTHER,false
2025-02-04T20:00:00Z,1.0376000000,1.0387000000,1.0373800000,1.0378500000,7369,OTHER,false
2025-02-05T00:00:00Z,1.0371200000,1.0386100000,1.0368800000,1.0372700000,7033,OTHER,false
2025-02-05T04:00:00Z,1.0372700000,1.0385500000,1.0372300000,1.0377100000,7787,OTHER,false
2025-02-05T08:00:00Z,1.0377100000,1.0416800000,1.0373500000,1.0403200000,14595,LONDON,false
2025-02-05T12:00:00Z,1.0403200000,1.0429800000,1.0400800000,1.0407100000,13595,OTHER,false
2025-02-05T16:00:00Z,1.0407300000,1.0441800000,1.0405700000,1.0419200000,17303,OTHER,false
2025-02-05T20:00:00Z,1.0419100000,1.0421000000,1.0396300000,1.0401700000,7215,OTHER,false
2025-02-06T00:00:00Z,1.0399900000,1.0405000000,1.0394200000,1.0402000000,5821,OTHER,false
2025-02-06T04:00:00Z,1.0401900000,1.0404800000,1.0384500000,1.0385800000,7048,OTHER,false
2025-02-06T08:00:00Z,1.0385900000,1.0391900000,1.0355500000,1.0358700000,11537,LONDON,false
2025-02-06T12:00:00Z,1.0358600000,1.0367100000,1.0351800000,1.0359900000,14448,OTHER,false
2025-02-06T16:00:00Z,1.0359700000,1.0380000000,1.0359200000,1.0378500000,14059,OTHER,false
2025-02-06T20:00:00Z,1.0378600000,1.0396200000,1.0373500000,1.0382600000,7266,OTHER,false
2025-02-07T00:00:00Z,1.0381800000,1.0390500000,1.0373700000,1.0383300000,5855,OTHER,false
2025-02-07T04:00:00Z,1.0383300000,1.0385500000,1.0373300000,1.0374600000,6722,OTHER,false
2025-02-07T08:00:00Z,1.0374700000,1.0399400000,1.0372000000,1.0390500000,9462,LONDON,false
2025-02-07T12:00:00Z,1.0390500000,1.0408400000,1.0348800000,1.0363200000,13086,OTHER,false
2025-02-07T16:00:00Z,1.0363100000,1.0388200000,1.0304500000,1.0321200000,24994,OTHER,false
2025-02-07T20:00:00Z,1.0321200000,1.0337900000,1.0320300000,1.0327300000,7368,OTHER,false
2025-02-10T00:00:00Z,1.0296800000,1.0317900000,1.0276300000,1.0302700000,8148,OTHER,false
2025-02-10T04:00:00Z,1.0302600000,1.0321100000,1.0298100000,1.0315500000,6138,OTHER,false
2025-02-10T08:00:00Z,1.0315500000,1.0334200000,1.0306000000,1.0326100000,11677,LONDON,false
2025-02-10T12:00:00Z,1.0325700000,1.0335800000,1.0307900000,1.0321000000,10670,OTHER,false
2025-02-10T16:00:00Z,1.0321000000,1.0323000000,1.0303500000,1.0311900000,12292,OTHER,false
2025-02-10T20:00:00Z,1.0311900000,1.0315500000,1.0304400000,1.0306000000,4825,OTHER,false
2025-02-11T00:00:00Z,1.0301400000,1.0308000000,1.0297800000,1.0301500000,5603,OTHER,false
2025-02-11T04:00:00Z,1.0301500000,1.0305300000,1.0291500000,1.0304100000,6273,OTHER,false
2025-02-11T08:00:00Z,1.0304200000,1.0321400000,1.0299100000,1.0317300000,10260,LONDON,false
2025-02-11T12:00:00Z,1.0317300000,1.0327900000,1.0313900000,1.0321900000,9614,OTHER,false
2025-02-11T16:00:00Z,1.0321600000,1.0350700000,1.0321300000,1.0344700000,12372,OTHER,false
2025-02-11T20:00:00Z,1.0344700000,1.0380900000,1.0341400000,1.0360300000,7283,OTHER,false
2025-02-12T00:00:00Z,1.0357700000,1.0367000000,1.0353300000,1.0359900000,5191,OTHER,false
2025-02-12T04:00:00Z,1.0359900000,1.0367300000,1.0354200000,1.0357800000,7076,OTHER,false
2025-02-12T08:00:00Z,1.0357900000,1.0379300000,1.0356200000,1.0373000000,10378,LONDON,false
2025-02-12T12:00:00Z,1.0373200000,1.0385000000,1.0316400000,1.0332400000,14138,OTHER,false
2025-02-12T16:00:00Z,1.0331700000,1.0426900000,1.0324600000,1.0425600000,22930,OTHER,false
2025-02-12T20:00:00Z,1.0425600000,1.0429200000,1.0380100000,1.0381300000,9233,OTHER,false
2025-02-13T00:00:00Z,1.0373000000,1.0401200000,1.0373000000,1.0399100000,6524,OTHER,false
2025-02-13T04:00:00Z,1.0399100000,1.0437700000,1.0395900000,1.0434300000,9155,OTHER,false
2025-02-13T08:00:00Z,1.0434400000,1.0439400000,1.0409400000,1.0422400000,13627,LONDON,false
2025-02-13T12:00:00Z,1.0422400000,1.0428400000,1.0374400000,1.0391900000,15370,OTHER,false
2025-02-13T16:00:00Z,1.0392000000,1.0444800000,1.0381500000,1.0424600000,17963,OTHER,false
2025-02-13T20:00:00Z,1.0424700000,1.0466000000,1.0372500000,1.0465200000,12973,OTHER,false
2025-02-14T00:00:00Z,1.0459700000,1.0467300000,1.0455300000,1.0458600000,7095,OTHER,false
2025-02-14T04:00:00Z,1.0458600000,1.0463200000,1.0446800000,1.0452100000,6824,OTHER,false
2025-02-14T08:00:00Z,1.0452100000,1.0487200000,1.0451300000,1.0480700000,12529,LONDON,false
2025-02-14T12:00:00Z,1.0480700000,1.0497200000,1.0456400000,1.0487700000,13429,OTHER,false
2025-02-14T16:00:00Z,1.0487700000,1.0513700000,1.0486700000,1.0506600000,14723,OTHER,false
2025-02-14T20:00:00Z,1.0506600000,1.0507600000,1.0487600000,1.0490500000,6061,OTHER,false
2025-02-17T00:00:00Z,1.0483700000,1.0505900000,1.0483500000,1.0504700000,6498,OTHER,false
2025-02-17T04:00:00Z,1.0504700000,1.0505000000,1.0484300000,1.0489300000,7647,OTHER,false
2025-02-17T08:00:00Z,1.0489300000,1.0495000000,1.0470300000,1.0473600000,11249,LONDON,false
2025-02-17T12:00:00Z,1.0473500000,1.0488600000,1.0466500000,1.0473700000,8928,OTHER,false
2025-02-17T16:00:00Z,1.0473900000,1.0483900000,1.0470700000,1.0481900000,6598,OTHER,false
2025-02-17T20:00:00Z,1.0481800000,1.0484400000,1.0478600000,1.0482500000,1761,OTHER,false
2025-02-18T00:00:00Z,1.0475200000,1.0485600000,1.0462100000,1.0465500000,5827,OTHER,false
2025-02-18T04:00:00Z,1.0465500000,1.0471900000,1.0451600000,1.0454600000,7824,OTHER,false
2025-02-18T08:00:00Z,1.0454600000,1.0468600000,1.0454000000,1.0463400000,11143,LONDON,false
2025-02-18T12:00:00Z,1.0464100000,1.0466500000,1.0441100000,1.0444100000,10440,OTHER,false
2025-02-18T16:00:00Z,1.0444100000,1.0468700000,1.0438600000,1.0445300000,12642,OTHER,false
2025-02-18T20:00:00Z,1.0445300000,1.0449200000,1.0434400000,1.0445000000,6076,OTHER,false
2025-02-19T00:00:00Z,1.0441500000,1.0450000000,1.0440300000,1.0445900000,6621,OTHER,false
2025-02-19T04:00:00Z,1.0445900000,1.0455700000,1.0444100000,1.0455700000,7133,OTHER,false
2025-02-19T08:00:00Z,1.0455700000,1.0460800000,1.0427700000,1.0428400000,10932,LONDON,false
2025-02-19T12:00:00Z,1.0428400000,1.0434700000,1.0418200000,1.0433300000,12734,OTHER,false
2025-02-19T16:00:00Z,1.0433300000,1.0440800000,1.0400200000,1.0409300000,13914,OTHER,false
2025-02-19T20:00:00Z,1.0409300000,1.0432000000,1.0407900000,1.0421800000,6030,OTHER,false
2025-02-20T00:00:00Z,1.0415800000,1.0432200000,1.0415800000,1.0420700000,6776,OTHER,false
2025-02-20T04:00:00Z,1.0420700000,1.0437000000,1.0419500000,1.0426900000,8581,OTHER,false
2025-02-20T08:00:00Z,1.0426900000,1.0441400000,1.0422900000,1.0436300000,9961,LONDON,false
2025-02-20T12:00:00Z,1.0436200000,1.0454200000,1.0430200000,1.0447800000,10744,OTHER,false
2025-02-20T16:00:00Z,1.0447200000,1.0494000000,1.0441300000,1.0488600000,14296,OTHER,false
2025-02-20T20:00:00Z,1.0488500000,1.0502900000,1.0484600000,1.0500500000,5604,OTHER,false
2025-02-21T00:00:00Z,1.0489500000,1.0505000000,1.0483700000,1.0486200000,6328,OTHER,false
2025-02-21T04:00:00Z,1.0486200000,1.0504400000,1.0485800000,1.0492200000,8721,OTHER,false
2025-02-21T08:00:00Z,1.0492200000,1.0499100000,1.0466200000,1.0468700000,11850,LONDON,false
2025-02-21T12:00:00Z,1.0468900000,1.0477200000,1.0458700000,1.0474600000,9135,OTHER,false
2025-02-21T16:00:00Z,1.0474600000,1.0492100000,1.0448800000,1.0462500000,13836,OTHER,false
2025-02-21T20:00:00Z,1.0462400000,1.0467300000,1.0450200000,1.0456600000,8347,OTHER,false
2025-02-24T00:00:00Z,1.0469800000,1.0520100000,1.0459900000,1.0517400000,10755,OTHER,false
2025-02-24T04:00:00Z,1.0517400000,1.0527500000,1.0509500000,1.0515900000,11047,OTHER,false
2025-02-24T08:00:00Z,1.0515900000,1.0515900000,1.0468300000,1.0471700000,13743,LONDON,false
2025-02-24T12:00:00Z,1.0471500000,1.0480700000,1.0459500000,1.0466300000,10196,OTHER,false
2025-02-24T16:00:00Z,1.0466200000,1.0483000000,1.0452100000,1.0471800000,13868,OTHER,false
2025-02-24T20:00:00Z,1.0471800000,1.0485100000,1.0461400000,1.0467100000,7934,OTHER,false
2025-02-25T00:00:00Z,1.0464000000,1.0468800000,1.0459100000,1.0464600000,6363,OTHER,false
2025-02-25T04:00:00Z,1.0464600000,1.0477700000,1.0464400000,1.0476300000,8450,OTHER,false
2025-02-25T08:00:00Z,1.0476300000,1.0479600000,1.0455700000,1.0472600000,13429,LONDON,false
2025-02-25T12:00:00Z,1.0472600000,1.0509100000,1.0464600000,1.0499500000,12072,OTHER,false
2025-02-25T16:00:00Z,1.0499500000,1.0518700000,1.0483300000,1.0501600000,16286,OTHER,false
2025-02-25T20:00:00Z,1.0501600000,1.0518400000,1.0501500000,1.0514300000,8332,OTHER,false
2025-02-26T00:00:00Z,1.0509500000,1.0524300000,1.0508500000,1.0514800000,7000,OTHER,false
2025-02-26T04:00:00Z,1.0514900000,1.0516500000,1.0489900000,1.0490700000,7093,OTHER,false
2025-02-26T08:00:00Z,1.0490700000,1.0511000000,1.0486500000,1.0496400000,11176,LONDON,false
2025-02-26T12:00:00Z,1.0496400000,1.0501500000,1.0474400000,1.0483700000,11220,OTHER,false
2025-02-26T16:00:00Z,1.0483600000,1.0528200000,1.0478700000,1.0491800000,18565,OTHER,false
2025-02-26T20:00:00Z,1.0491800000,1.0499800000,1.0477900000,1.0483800000,9584,OTHER,false
2025-02-27T00:00:00Z,1.0479300000,1.0491900000,1.0472300000,1.0477800000,5472,OTHER,false
2025-02-27T04:00:00Z,1.0477800000,1.0480000000,1.0458400000,1.0464600000,8321,OTHER,false
2025-02-27T08:00:00Z,1.0464600000,1.0484600000,1.0463200000,1.0483400000,10993,LONDON,false
2025-02-27T12:00:00Z,1.0483400000,1.0488800000,1.0418700000,1.0422800000,14156,OTHER,false
2025-02-27T16:00:00Z,1.0422500000,1.0440900000,1.0399800000,1.0406700000,18978,OTHER,false
2025-02-27T20:00:00Z,1.0407000000,1.0417000000,1.0396300000,1.0397100000,8833,OTHER,false
2025-02-28T00:00:00Z,1.0395300000,1.0403800000,1.0383800000,1.0384300000,6072,OTHER,false
2025-02-28T04:00:00Z,1.0384200000,1.0390900000,1.0380100000,1.0388200000,7343,OTHER,false
2025-02-28T08:00:00Z,1.0388200000,1.0407400000,1.0382100000,1.0394700000,11227,LONDON,false
2025-02-28T12:00:00Z,1.0394700000,1.0415500000,1.0391800000,1.0406100000,11099,OTHER,false
2025-02-28T16:00:00Z,1.0406100000,1.0419300000,1.0389300000,1.0395900000,18982,OTHER,false
2025-02-28T20:00:00Z,1.0395800000,1.0397600000,1.0359300000,1.0374000000,14463,OTHER,false
2025-03-03T00:00:00Z,1.0402800000,1.0422400000,1.0398600000,1.0419000000,8833,OTHER,false
2025-03-03T04:00:00Z,1.0419000000,1.0422600000,1.0409400000,1.0413800000,7053,OTHER,false
2025-03-03T08:00:00Z,1.0413800000,1.0428200000,1.0388000000,1.0427000000,12743,LONDON,false
2025-03-03T12:00:00Z,1.0426800000,1.0475700000,1.0426700000,1.0471300000,16528,OTHER,false
2025-03-03T16:00:00Z,1.0471300000,1.0503100000,1.0468200000,1.0489800000,18551,OTHER,false
2025-03-03T20:00:00Z,1.0489800000,1.0503200000,1.0466000000,1.0487100000,15097,OTHER,false
2025-03-04T00:00:00Z,1.0486100000,1.0495500000,1.0475700000,1.0487700000,8412,OTHER,false
2025-03-04T04:00:00Z,1.0487900000,1.0489500000,1.0470400000,1.0482900000,9719,OTHER,false
2025-03-04T08:00:00Z,1.0482900000,1.0526600000,1.0478400000,1.0511600000,17050,LONDON,false
2025-03-04T12:00:00Z,1.0511500000,1.0558900000,1.0501900000,1.0538400000,18209,OTHER,false
2025-03-04T16:00:00Z,1.0538200000,1.0547900000,1.0495700000,1.0541100000,23621,OTHER,false
2025-03-04T20:00:00Z,1.0541100000,1.0626800000,1.0537100000,1.0625700000,18648,OTHER,false
2025-03-05T00:00:00Z,1.0622200000,1.0636300000,1.0608100000,1.0612100000,10118,OTHER,false
2025-03-05T04:00:00Z,1.0612100000,1.0631900000,1.0601600000,1.0630900000,10815,OTHER,false
2025-03-05T08:00:00Z,1.0630900000,1.0721300000,1.0623600000,1.0711200000,20529,LONDON,false
2025-03-05T12:00:00Z,1.0711200000,1.0721900000,1.0675800000,1.0715200000,20773,OTHER,false
2025-03-05T16:00:00Z,1.0715100000,1.0787300000,1.0713200000,1.0784500000,27581,OTHER,false
2025-03-05T20:00:00Z,1.0784500000,1.0796100000,1.0763200000,1.0788700000,12402,OTHER,false
2025-03-06T00:00:00Z,1.0787800000,1.0819500000,1.0782500000,1.0814400000,6168,OTHER,false
2025-03-06T04:00:00Z,1.0814400000,1.0818500000,1.0783400000,1.0809600000,8806,OTHER,false
2025-03-06T08:00:00Z,1.0809600000,1.0821700000,1.0779800000,1.0799300000,22242,LONDON,false
2025-03-06T12:00:00Z,1.0799300000,1.0844200000,1.0782200000,1.0825600000,19653,OTHER,false
2025-03-06T16:00:00Z,1.0825400000,1.0853000000,1.0790900000,1.0796400000,28061,OTHER,false
2025-03-06T20:00:00Z,1.0796400000,1.0810800000,1.0765100000,1.0784800000,12774,OTHER,false
2025-03-07T00:00:00Z,1.0778600000,1.0795600000,1.0777700000,1.0789400000,6359,OTHER,false
2025-03-07T04:00:00Z,1.0789400000,1.0817000000,1.0783800000,1.0812700000,7654,OTHER,false
2025-03-07T08:00:00Z,1.0812700000,1.0870500000,1.0807400000,1.0860600000,15800,LONDON,false
2025-03-07T12:00:00Z,1.0860600000,1.0887900000,1.0840600000,1.0844400000,19314,OTHER,false
2025-03-07T16:00:00Z,1.0843900000,1.0885900000,1.0831400000,1.0842700000,26080,OTHER,false
2025-03-07T20:00:00Z,1.0842700000,1.0850500000,1.0825100000,1.0833000000,11208,OTHER,false
2025-03-10T00:00:00Z,1.0828700000,1.0866600000,1.0811700000,1.0863600000,7241,OTHER,false
2025-03-10T04:00:00Z,1.0863600000,1.0870600000,1.0829600000,1.0830000000,8642,OTHER,false
2025-03-10T08:00:00Z,1.0830000000,1.0844100000,1.0804400000,1.0809300000,15244,LONDON,false
2025-03-10T12:00:00Z,1.0809200000,1.0874000000,1.0808000000,1.0843300000,20038,OTHER,false
2025-03-10T16:00:00Z,1.0843600000,1.0850100000,1.0820300000,1.0829700000,18378,OTHER,false
2025-03-10T20:00:00Z,1.0829700000,1.0845000000,1.0816900000,1.0833300000,12245,OTHER,false
2025-03-11T00:00:00Z,1.0833400000,1.0852900000,1.0827100000,1.0850900000,5204,OTHER,false
2025-03-11T04:00:00Z,1.0850900000,1.0860800000,1.0842900000,1.0853700000,10265,OTHER,false
2025-03-11T08:00:00Z,1.0853700000,1.0918600000,1.0834800000,1.0916500000,16638,LONDON,false
2025-03-11T12:00:00Z,1.0916500000,1.0920200000,1.0880700000,1.0917500000,14750,OTHER,false
2025-03-11T16:00:00Z,1.0917500000,1.0930100000,1.0894200000,1.0924500000,19991,OTHER,false
2025-03-11T20:00:00Z,1.0924600000,1.0946500000,1.0909400000,1.0918100000,11776,OTHER,false
2025-03-12T00:00:00Z,1.0918100000,1.0918900000,1.0904900000,1.0908200000,3932,OTHER,false
2025-03-12T04:00:00Z,1.0908200000,1.0914700000,1.0895200000,1.0898300000,7436,OTHER,false
2025-03-12T08:00:00Z,1.0898200000,1.0920900000,1.0886800000,1.0920800000,14715,LONDON,false
2025-03-12T12:00:00Z,1.0920800000,1.0930800000,1.0875500000,1.0877500000,18705,OTHER,false
2025-03-12T16:00:00Z,1.0877300000,1.0927200000,1.0874900000,1.0905100000,20383,OTHER,false
2025-03-12T20:00:00Z,1.0905100000,1.0913500000,1.0879100000,1.0886700000,9993,OTHER,false
2025-03-13T00:00:00Z,1.0886100000,1.0891200000,1.0881700000,1.0890700000,2904,OTHER,false
2025-03-13T04:00:00Z,1.0890900000,1.0896500000,1.0881100000,1.0892800000,6243,OTHER,false
2025-03-13T08:00:00Z,1.0892800000,1.0892800000,1.0858500000,1.0872500000,13441,LONDON,false
2025-03-13T12:00:00Z,1.0872400000,1.0884800000,1.0825500000,1.0834100000,17461,OTHER,false
2025-03-13T16:00:00Z,1.0834100000,1.0877600000,1.0821900000,1.0871800000,19700,OTHER,false
2025-03-13T20:00:00Z,1.0871900000,1.0872700000,1.0845800000,1.0853300000,9938,OTHER,false
2025-03-14T00:00:00Z,1.0854100000,1.0858000000,1.0844000000,1.0848600000,4131,OTHER,false
2025-03-14T04:00:00Z,1.0848600000,1.0848800000,1.0833700000,1.0840500000,6949,OTHER,false
2025-03-14T08:00:00Z,1.0840500000,1.0856100000,1.0830000000,1.0853300000,12267,LONDON,false
2025-03-14T12:00:00Z,1.0853300000,1.0912000000,1.0846300000,1.0894000000,19665,OTHER,false
2025-03-14T16:00:00Z,1.0894000000,1.0897400000,1.0864700000,1.0882400000,18567,OTHER,false
2025-03-14T20:00:00Z,1.0882400000,1.0887400000,1.0872700000,1.0879800000,7383,OTHER,false
2025-03-17T00:00:00Z,1.0878400000,1.0884700000,1.0873900000,1.0878900000,3980,OTHER,false
2025-03-17T04:00:00Z,1.0878900000,1.0893300000,1.0873500000,1.0881500000,6490,OTHER,false
2025-03-17T08:00:00Z,1.0881500000,1.0886300000,1.0867900000,1.0883100000,10563,LONDON,false
2025-03-17T12:00:00Z,1.0883000000,1.0911200000,1.0876500000,1.0901100000,13168,OTHER,false
2025-03-17T16:00:00Z,1.0901100000,1.0929000000,1.0896500000,1.0920500000,14131,OTHER,false
2025-03-17T20:00:00Z,1.0920600000,1.0927100000,1.0910900000,1.0921500000,7289,OTHER,false
2025-03-18T00:00:00Z,1.0919100000,1.0922300000,1.0914400000,1.0915400000,3064,OTHER,false
2025-03-18T04:00:00Z,1.0915400000,1.0918500000,1.0905700000,1.0910400000,4664,OTHER,false
2025-03-18T08:00:00Z,1.0910400000,1.0953900000,1.0902900000,1.0950600000,9111,LONDON,false
2025-03-18T12:00:00Z,1.0950700000,1.0952500000,1.0891800000,1.0910800000,13187,OTHER,false
2025-03-18T16:00:00Z,1.0910800000,1.0939300000,1.0896100000,1.0938000000,16155,OTHER,false
2025-03-18T20:00:00Z,1.0938000000,1.0951200000,1.0937900000,1.0944600000,7819,OTHER,false
2025-03-19T00:00:00Z,1.0941400000,1.0945500000,1.0931200000,1.0933900000,3181,OTHER,false
2025-03-19T04:00:00Z,1.0933900000,1.0944300000,1.0927500000,1.0929400000,4336,OTHER,false
2025-03-19T08:00:00Z,1.0929300000,1.0935500000,1.0872500000,1.0906600000,12100,LONDON,false
2025-03-19T12:00:00Z,1.0906600000,1.0917000000,1.0890800000,1.0900500000,12202,OTHER,false
2025-03-19T16:00:00Z,1.0900500000,1.0903200000,1.0874800000,1.0884500000,13774,OTHER,false
2025-03-19T20:00:00Z,1.0884400000,1.0912600000,1.0859900000,1.0901700000,17241,OTHER,false
2025-03-20T00:00:00Z,1.0901800000,1.0915800000,1.0898600000,1.0911700000,3829,OTHER,false
2025-03-20T04:00:00Z,1.0911700000,1.0916700000,1.0899600000,1.0902600000,7092,OTHER,false
2025-03-20T08:00:00Z,1.0902600000,1.0902600000,1.0862500000,1.0864700000,10862,LONDON,false
2025-03-20T12:00:00Z,1.0864700000,1.0867900000,1.0830400000,1.0833200000,15471,OTHER,false
2025-03-20T16:00:00Z,1.0833200000,1.0851700000,1.0814100000,1.0848100000,15356,OTHER,false
2025-03-20T20:00:00Z,1.0848000000,1.0858400000,1.0838500000,1.0853000000,7217,OTHER,false
2025-03-21T00:00:00Z,1.0844600000,1.0858200000,1.0842500000,1.0852500000,3304,OTHER,false
2025-03-21T04:00:00Z,1.0852500000,1.0855000000,1.0827000000,1.0829500000,6753,OTHER,false
2025-03-21T08:00:00Z,1.0829500000,1.0845000000,1.0819300000,1.0835400000,10212,LONDON,false
2025-03-21T12:00:00Z,1.0835400000,1.0860700000,1.0824300000,1.0831500000,11796,OTHER,false
2025-03-21T16:00:00Z,1.0831500000,1.0835300000,1.0796400000,1.0817600000,16696,OTHER,false
2025-03-21T20:00:00Z,1.0817600000,1.0826100000,1.0804500000,1.0812300000,7716,OTHER,false
2025-03-24T00:00:00Z,1.0810000000,1.0839400000,1.0809900000,1.0836600000,4861,OTHER,false
2025-03-24T04:00:00Z,1.0836500000,1.0837000000,1.0816400000,1.0822300000,6825,OTHER,false
2025-03-24T08:00:00Z,1.0822400000,1.0857700000,1.0817600000,1.0842200000,11926,LONDON,false
2025-03-24T12:00:00Z,1.0842200000,1.0854000000,1.0821000000,1.0829000000,11813,OTHER,false
2025-03-24T16:00:00Z,1.0829000000,1.0830000000,1.0780900000,1.0791200000,16350,OTHER,false
2025-03-24T20:00:00Z,1.0791200000,1.0812600000,1.0783400000,1.0800100000,7505,OTHER,false
2025-03-25T00:00:00Z,1.0800400000,1.0803000000,1.0794400000,1.0799500000,2948,OTHER,false
2025-03-25T04:00:00Z,1.0799600000,1.0808200000,1.0793500000,1.0802600000,5477,OTHER,false
2025-03-25T08:00:00Z,1.0802700000,1.0806500000,1.0776300000,1.0789800000,9421,LONDON,false
2025-03-25T12:00:00Z,1.0789800000,1.0829400000,1.0786700000,1.0824400000,13317,OTHER,false
2025-03-25T16:00:00Z,1.0824400000,1.0827100000,1.0796600000,1.0805900000,15939,OTHER,false
2025-03-25T20:00:00Z,1.0806200000,1.0816200000,1.0789400000,1.0790600000,7838,OTHER,false
2025-03-26T00:00:00Z,1.0787600000,1.0793300000,1.0782900000,1.0783700000,3212,OTHER,false
2025-03-26T04:00:00Z,1.0783700000,1.0796500000,1.0777400000,1.0783500000,6206,OTHER,false
2025-03-26T08:00:00Z,1.0783500000,1.0799100000,1.0777200000,1.0798600000,10676,LONDON,false
2025-03-26T12:00:00Z,1.0798300000,1.0802100000,1.0781100000,1.0783700000,12104,OTHER,false
2025-03-26T16:00:00Z,1.0783800000,1.0794800000,1.0766900000,1.0787000000,16046,OTHER,false
2025-03-26T20:00:00Z,1.0787000000,1.0788700000,1.0743300000,1.0751200000,10217,OTHER,false
2025-03-27T00:00:00Z,1.0752900000,1.0757000000,1.0732300000,1.0754900000,6159,OTHER,false
2025-03-27T04:00:00Z,1.0754900000,1.0786300000,1.0754600000,1.0779700000,5780,OTHER,false
2025-03-27T08:00:00Z,1.0779700000,1.0782000000,1.0753500000,1.0775200000,12673,LONDON,false
2025-03-27T12:00:00Z,1.0775100000,1.0798900000,1.0760400000,1.0786400000,13362,OTHER,false
2025-03-27T16:00:00Z,1.0786400000,1.0820500000,1.0775800000,1.0798100000,17586,OTHER,false
2025-03-27T20:00:00Z,1.0798500000,1.0808100000,1.0787600000,1.0801100000,7287,OTHER,false
2025-03-28T00:00:00Z,1.0798300000,1.0800800000,1.0787500000,1.0794500000,3581,OTHER,false
2025-03-28T04:00:00Z,1.0794400000,1.0798500000,1.0783900000,1.0787900000,6090,OTHER,false
2025-03-28T08:00:00Z,1.0787900000,1.0799200000,1.0774600000,1.0777800000,9009,LONDON,false
2025-03-28T12:00:00Z,1.0777800000,1.0791400000,1.0763600000,1.0788400000,10878,OTHER,false
2025-03-28T16:00:00Z,1.0788300000,1.0844200000,1.0784300000,1.0820900000,17880,OTHER,false
2025-03-28T20:00:00Z,1.0821000000,1.0835500000,1.0811400000,1.0829400000,7089,OTHER,false
2025-03-31T00:00:00Z,1.0816500000,1.0841100000,1.0804700000,1.0841100000,7107,OTHER,false
2025-03-31T04:00:00Z,1.0841100000,1.0845100000,1.0828400000,1.0833800000,7354,OTHER,false
2025-03-31T08:00:00Z,1.0833800000,1.0848700000,1.0811100000,1.0826700000,13940,LONDON,false
2025-03-31T12:00:00Z,1.0826700000,1.0829800000,1.0800500000,1.0803200000,11219,OTHER,false
2025-03-31T16:00:00Z,1.0803000000,1.0820900000,1.0783400000,1.0811100000,16560,OTHER,false
2025-03-31T20:00:00Z,1.0811100000,1.0819200000,1.0806400000,1.0815700000,6254,OTHER,false
2025-04-01T00:00:00Z,1.0814800000,1.0825900000,1.0813200000,1.0824600000,3880,OTHER,false
2025-04-01T04:00:00Z,1.0824600000,1.0829500000,1.0816200000,1.0824500000,6970,OTHER,false
2025-04-01T08:00:00Z,1.0824500000,1.0824600000,1.0798400000,1.0817000000,10479,LONDON,false
2025-04-01T12:00:00Z,1.0816900000,1.0828600000,1.0777700000,1.0786600000,13026,OTHER,false
2025-04-01T16:00:00Z,1.0786500000,1.0811900000,1.0778700000,1.0799100000,16383,OTHER,false
2025-04-01T20:00:00Z,1.0799300000,1.0804100000,1.0784600000,1.0791700000,6208,OTHER,false
2025-04-02T00:00:00Z,1.0786600000,1.0807500000,1.0786400000,1.0789900000,4624,OTHER,false
2025-04-02T04:00:00Z,1.0789900000,1.0801400000,1.0786500000,1.0792100000,5387,OTHER,false
2025-04-02T08:00:00Z,1.0792100000,1.0801300000,1.0779700000,1.0796800000,8888,LONDON,false
2025-04-02T12:00:00Z,1.0796800000,1.0818900000,1.0785400000,1.0818600000,10779,OTHER,false
2025-04-02T16:00:00Z,1.0818400000,1.0872600000,1.0814300000,1.0851600000,16424,OTHER,false
2025-04-02T20:00:00Z,1.0851600000,1.0923800000,1.0810000000,1.0845500000,14173,OTHER,false
2025-04-03T00:00:00Z,1.0846000000,1.0910400000,1.0804300000,1.0889800000,19924,OTHER,false
2025-04-03T04:00:00Z,1.0889800000,1.0924100000,1.0885900000,1.0906400000,14247,OTHER,false
2025-04-03T08:00:00Z,1.0906300000,1.1020200000,1.0905900000,1.1008800000,22078,LONDON,false
2025-04-03T12:00:00Z,1.1008900000,1.1145800000,1.1003200000,1.1081100000,27628,OTHER,false
2025-04-03T16:00:00Z,1.1081300000,1.1134400000,1.1032200000,1.1038300000,28608,OTHER,false
2025-04-03T20:00:00Z,1.1038100000,1.1051900000,1.1015400000,1.1051000000,11415,OTHER,false
2025-04-04T00:00:00Z,1.1046700000,1.1070800000,1.1036000000,1.1060000000,8768,OTHER,false
2025-04-04T04:00:00Z,1.1060000000,1.1097800000,1.1056500000,1.1086800000,13967,OTHER,false
2025-04-04T08:00:00Z,1.1086800000,1.1107200000,1.0974900000,1.0995800000,22085,LONDON,false
2025-04-04T12:00:00Z,1.0995800000,1.1088200000,1.0963900000,1.1019500000,36625,OTHER,false
2025-04-04T16:00:00Z,1.1019700000,1.1047700000,1.0959400000,1.0970400000,39518,OTHER,false
2025-04-04T20:00:00Z,1.0970500000,1.0976200000,1.0923600000,1.0961500000,21534,OTHER,false
2025-04-07T00:00:00Z,1.0891400000,1.1000500000,1.0877500000,1.0966500000,22437,OTHER,false
2025-04-07T04:00:00Z,1.0966400000,1.0986800000,1.0918900000,1.0984300000,20108,OTHER,false
2025-04-07T08:00:00Z,1.0984300000,1.1049200000,1.0967200000,1.0991400000,32669,LONDON,false
2025-04-07T12:00:00Z,1.0991300000,1.0995800000,1.0934500000,1.0973100000,31960,OTHER,false
2025-04-07T16:00:00Z,1.0973200000,1.0982300000,1.0900600000,1.0931400000,37709,OTHER,false
2025-04-07T20:00:00Z,1.0931600000,1.0952200000,1.0900800000,1.0903900000,18897,OTHER,false
2025-04-08T00:00:00Z,1.0899900000,1.0949500000,1.0899900000,1.0939000000,9370,OTHER,false
2025-04-08T04:00:00Z,1.0939200000,1.0979600000,1.0937500000,1.0975400000,16519,OTHER,false
2025-04-08T08:00:00Z,1.0975500000,1.0991400000,1.0920900000,1.0936100000,23564,LONDON,false
2025-04-08T12:00:00Z,1.0936000000,1.0967800000,1.0910600000,1.0947800000,23063,OTHER,false
2025-04-08T16:00:00Z,1.0947800000,1.0955200000,1.0888000000,1.0929100000,27652,OTHER,false
2025-04-08T20:00:00Z,1.0929100000,1.0977200000,1.0925700000,1.0955200000,20238,OTHER,false
2025-04-09T00:00:00Z,1.0952200000,1.1016000000,1.0945800000,1.1014200000,13741,OTHER,false
2025-04-09T04:00:00Z,1.1014300000,1.1068500000,1.1008900000,1.1068100000,25712,OTHER,false
2025-04-09T08:00:00Z,1.1067800000,1.1089200000,1.0997400000,1.1026900000,34868,LONDON,false
2025-04-09T12:00:00Z,1.1027000000,1.1094500000,1.1008600000,1.1074800000,31824,OTHER,false
2025-04-09T16:00:00Z,1.1074800000,1.1081200000,1.1013000000,1.1019700000,27859,OTHER,false
2025-04-09T20:00:00Z,1.1019500000,1.1063500000,1.0912900000,1.0951000000,33390,OTHER,false
2025-04-10T00:00:00Z,1.0948000000,1.0986200000,1.0942500000,1.0985800000,13829,OTHER,false
2025-04-10T04:00:00Z,1.0985800000,1.0988600000,1.0960800000,1.0982300000,15635,OTHER,false
2025-04-10T08:00:00Z,1.0982300000,1.1047300000,1.0962300000,1.1037000000,23988,LONDON,false
2025-04-10T12:00:00Z,1.1037000000,1.1131100000,1.1033000000,1.1096600000,25561,OTHER,false
2025-04-10T16:00:00Z,1.1097200000,1.1228300000,1.1090200000,1.1196200000,32181,OTHER,false
2025-04-10T20:00:00Z,1.1196200000,1.1240900000,1.1158300000,1.1201200000,21952,OTHER,false
2025-04-11T00:00:00Z,1.1187700000,1.1382200000,1.1183700000,1.1309600000,19692,OTHER,false
2025-04-11T04:00:00Z,1.1309600000,1.1353900000,1.1275100000,1.1321800000,25525,OTHER,false
2025-04-11T08:00:00Z,1.1321800000,1.1472700000,1.1246100000,1.1426600000,32147,LONDON,false
2025-04-11T12:00:00Z,1.1426500000,1.1426500000,1.1319600000,1.1394800000,32041,OTHER,false
2025-04-11T16:00:00Z,1.1394600000,1.1411700000,1.1276000000,1.1305300000,34710,OTHER,false
2025-04-11T20:00:00Z,1.1305300000,1.1354600000,1.1281900000,1.1354600000,15837,OTHER,false
2025-04-14T00:00:00Z,1.1314600000,1.1370200000,1.1312700000,1.1364900000,14510,OTHER,false
2025-04-14T04:00:00Z,1.1364800000,1.1408500000,1.1357500000,1.1367200000,16608,OTHER,false
2025-04-14T08:00:00Z,1.1367200000,1.1424000000,1.1352300000,1.1386900000,22634,LONDON,false
2025-04-14T12:00:00Z,1.1387000000,1.1407000000,1.1333900000,1.1338200000,19608,OTHER,false
2025-04-14T16:00:00Z,1.1338100000,1.1381300000,1.1295300000,1.1330000000,24035,OTHER,false
2025-04-14T20:00:00Z,1.1330400000,1.1369100000,1.1327800000,1.1348700000,11643,OTHER,false
2025-04-15T00:00:00Z,1.1343800000,1.1360800000,1.1316400000,1.1328000000,8443,OTHER,false
2025-04-15T04:00:00Z,1.1327900000,1.1362600000,1.1315200000,1.1356400000,11421,OTHER,false
2025-04-15T08:00:00Z,1.1356300000,1.1378400000,1.1320100000,1.1346200000,18064,LONDON,false
2025-04-15T12:00:00Z,1.1344400000,1.1355600000,1.1308200000,1.1312300000,17273,OTHER,false
2025-04-15T16:00:00Z,1.1312100000,1.1329000000,1.1263500000,1.1273800000,22143,OTHER,false
2025-04-15T20:00:00Z,1.1273800000,1.1289200000,1.1265700000,1.1281100000,9245,OTHER,false
2025-04-16T00:00:00Z,1.1277100000,1.1320900000,1.1276900000,1.1316300000,9190,OTHER,false
2025-04-16T04:00:00Z,1.1316300000,1.1347300000,1.1315700000,1.1345600000,11688,OTHER,false
2025-04-16T08:00:00Z,1.1345700000,1.1391600000,1.1337700000,1.1368700000,19592,LONDON,false
2025-04-16T12:00:00Z,1.1368500000,1.1377200000,1.1340100000,1.1351100000,20304,OTHER,false
2025-04-16T16:00:00Z,1.1351500000,1.1386500000,1.1349100000,1.1374200000,21057,OTHER,false
2025-04-16T20:00:00Z,1.1374300000,1.1412300000,1.1358500000,1.1398200000,15153,OTHER,false
2025-04-17T00:00:00Z,1.1391200000,1.1408900000,1.1364500000,1.1367300000,8991,OTHER,false
2025-04-17T04:00:00Z,1.1367300000,1.1381200000,1.1354700000,1.1361600000,11741,OTHER,false
2025-04-17T08:00:00Z,1.1361600000,1.1388000000,1.1342600000,1.1377900000,15606,LONDON,false
2025-04-17T12:00:00Z,1.1377900000,1.1380300000,1.1334700000,1.1355800000,17198,OTHER,false
2025-04-17T16:00:00Z,1.1356100000,1.1385300000,1.1337800000,1.1349900000,22317,OTHER,false
2025-04-17T20:00:00Z,1.1349900000,1.1375800000,1.1340400000,1.1361000000,9228,OTHER,false
2025-04-18T00:00:00Z,1.1360500000,1.1385600000,1.1358100000,1.1374300000,7721,OTHER,false
2025-04-18T04:00:00Z,1.1374200000,1.1378300000,1.1366600000,1.1368900000,14646,OTHER,false
2025-04-18T08:00:00Z,1.1368900000,1.1375800000,1.1354500000,1.1370700000,19290,LONDON,false
2025-04-18T12:00:00Z,1.1370700000,1.1385800000,1.1366400000,1.1381800000,20535,OTHER,false
2025-04-18T16:00:00Z,1.1381900000,1.1397100000,1.1373700000,1.1394000000,14312,OTHER,false
2025-04-18T20:00:00Z,1.1394000000,1.1395300000,1.1388200000,1.1392100000,6047,OTHER,false
2025-04-21T00:00:00Z,1.1390800000,1.1485700000,1.1389600000,1.1465700000,12417,OTHER,false
2025-04-21T04:00:00Z,1.1465700000,1.1530700000,1.1464300000,1.1516500000,12988,OTHER,false
2025-04-21T08:00:00Z,1.1516500000,1.1566900000,1.1504200000,1.1557600000,15337,LONDON,false
2025-04-21T12:00:00Z,1.1557600000,1.1572500000,1.1512700000,1.1542200000,14516,OTHER,false
2025-04-21T16:00:00Z,1.1542000000,1.1542200000,1.1481100000,1.1509000000,17073,OTHER,false
2025-04-21T20:00:00Z,1.1509000000,1.1526400000,1.1492800000,1.1511800000,9120,OTHER,false
2025-04-22T00:00:00Z,1.1511500000,1.1524700000,1.1481200000,1.1489900000,7315,OTHER,false
2025-04-22T04:00:00Z,1.1489900000,1.1539800000,1.1485000000,1.1529500000,12032,OTHER,false
2025-04-22T08:00:00Z,1.1529500000,1.1546700000,1.1482600000,1.1499100000,20707,LONDON,false
2025-04-22T12:00:00Z,1.1499300000,1.1507200000,1.1461700000,1.1469300000,17527,OTHER,false
2025-04-22T16:00:00Z,1.1469400000,1.1491600000,1.1432600000,1.1433300000,19395,OTHER,false
2025-04-22T20:00:00Z,1.1433300000,1.1453400000,1.1416400000,1.1418600000,10010,OTHER,false
2025-04-23T00:00:00Z,1.1415300000,1.1424600000,1.1307500000,1.1396800000,17418,OTHER,false
2025-04-23T04:00:00Z,1.1397000000,1.1414600000,1.1370200000,1.1389500000,14329,OTHER,false
2025-04-23T08:00:00Z,1.1389600000,1.1414600000,1.1370300000,1.1412400000,19421,LONDON,false
2025-04-23T12:00:00Z,1.1412500000,1.1439200000,1.1385500000,1.1404900000,15175,OTHER,false
2025-04-23T16:00:00Z,1.1404700000,1.1411600000,1.1327500000,1.1339200000,28599,OTHER,false
2025-04-23T20:00:00Z,1.1339200000,1.1343300000,1.1309700000,1.1314100000,10494,OTHER,false
2025-04-24T00:00:00Z,1.1309000000,1.1346600000,1.1308200000,1.1342900000,9164,OTHER,false
2025-04-24T04:00:00Z,1.1342500000,1.1357000000,1.1331800000,1.1338600000,10112,OTHER,false
2025-04-24T08:00:00Z,1.1338700000,1.1392400000,1.1330100000,1.1379800000,14552,LONDON,false
2025-04-24T12:00:00Z,1.1379900000,1.1394000000,1.1357400000,1.1376000000,13689,OTHER,false
2025-04-24T16:00:00Z,1.1376000000,1.1386500000,1.1346900000,1.1379600000,17162,OTHER,false
2025-04-24T20:00:00Z,1.1379500000,1.1397100000,1.1363000000,1.1388600000,8024,OTHER,false
2025-04-25T00:00:00Z,1.1382400000,1.1390900000,1.1346200000,1.1346600000,7479,OTHER,false
2025-04-25T04:00:00Z,1.1346700000,1.1358800000,1.1315100000,1.1334400000,12778,OTHER,false
2025-04-25T08:00:00Z,1.1334400000,1.1367400000,1.1321300000,1.1349900000,14773,LONDON,false
2025-04-25T12:00:00Z,1.1349900000,1.1366100000,1.1333500000,1.1351900000,12617,OTHER,false
2025-04-25T16:00:00Z,1.1352000000,1.1388100000,1.1332300000,1.1368000000,14276,OTHER,false
2025-04-25T20:00:00Z,1.1368000000,1.1382100000,1.1356100000,1.1358100000,7543,OTHER,false
2025-04-28T00:00:00Z,1.1360700000,1.1365000000,1.1339200000,1.1363200000,5217,OTHER,false
2025-04-28T04:00:00Z,1.1363200000,1.1372200000,1.1342400000,1.1371800000,9710,OTHER,false
2025-04-28T08:00:00Z,1.1371800000,1.1380200000,1.1328800000,1.1343100000,13246,LONDON,false
2025-04-28T12:00:00Z,1.1343100000,1.1372200000,1.1340300000,1.1350400000,12100,OTHER,false
2025-04-28T16:00:00Z,1.1350400000,1.1421600000,1.1339100000,1.1410700000,18235,OTHER,false
2025-04-28T20:00:00Z,1.1410700000,1.1424200000,1.1399700000,1.1421300000,8531,OTHER,false
2025-04-29T00:00:00Z,1.1413200000,1.1421500000,1.1398600000,1.1399200000,5859,OTHER,false
2025-04-29T04:00:00Z,1.1399300000,1.1419500000,1.1373200000,1.1377800000,11002,OTHER,false
2025-04-29T08:00:00Z,1.1377700000,1.1411700000,1.1375400000,1.1385100000,14658,LONDON,false
2025-04-29T12:00:00Z,1.1385000000,1.1414000000,1.1369700000,1.1410000000,13546,OTHER,false
2025-04-29T16:00:00Z,1.1410000000,1.1418400000,1.1378200000,1.1402700000,19351,OTHER,false
2025-04-29T20:00:00Z,1.1402600000,1.1404100000,1.1375500000,1.1384500000,7863,OTHER,false
2025-04-30T00:00:00Z,1.1380400000,1.1395300000,1.1376100000,1.1382000000,6403,OTHER,false
2025-04-30T04:00:00Z,1.1382100000,1.1386100000,1.1354200000,1.1372800000,9733,OTHER,false
2025-04-30T08:00:00Z,1.1372900000,1.1398900000,1.1361700000,1.1371000000,13071,LONDON,false
2025-04-30T12:00:00Z,1.1370900000,1.1388300000,1.1355400000,1.1373600000,14854,OTHER,false
2025-04-30T16:00:00Z,1.1373100000,1.1378700000,1.1322600000,1.1354800000,21799,OTHER,false
2025-04-30T20:00:00Z,1.1354800000,1.1364100000,1.1316600000,1.1326300000,9584,OTHER,false
2025-05-01T00:00:00Z,1.1323300000,1.1330400000,1.1318200000,1.1321200000,6119,OTHER,false
2025-05-01T04:00:00Z,1.1321200000,1.1321500000,1.1298900000,1.1302000000,9277,OTHER,false
2025-05-01T08:00:00Z,1.1302000000,1.1330500000,1.1287200000,1.1319100000,13242,LONDON,false
2025-05-01T12:00:00Z,1.1319100000,1.1340300000,1.1307800000,1.1314700000,12928,OTHER,false
2025-05-01T16:00:00Z,1.1314400000,1.1327100000,1.1265200000,1.1290200000,18321,OTHER,false
2025-05-01T20:00:00Z,1.1290200000,1.1293000000,1.1274600000,1.1290500000,8032,OTHER,false
2025-05-02T00:00:00Z,1.1283100000,1.1299000000,1.1273500000,1.1281600000,7341,OTHER,false
2025-05-02T04:00:00Z,1.1281900000,1.1315000000,1.1277800000,1.1303700000,10746,OTHER,false
2025-05-02T08:00:00Z,1.1303800000,1.1337200000,1.1301800000,1.1332000000,13634,LONDON,false
2025-05-02T12:00:00Z,1.1332100000,1.1354500000,1.1303800000,1.1318400000,17214,OTHER,false
2025-05-02T16:00:00Z,1.1318500000,1.1380400000,1.1314300000,1.1319200000,23704,OTHER,false
2025-05-02T20:00:00Z,1.1319300000,1.1319800000,1.1291800000,1.1298300000,9823,OTHER,false
2025-05-05T00:00:00Z,1.1297800000,1.1327100000,1.1290600000,1.1321900000,6573,OTHER,false
2025-05-05T04:00:00Z,1.1322000000,1.1346300000,1.1322000000,1.1336800000,9529,OTHER,false
2025-05-05T08:00:00Z,1.1336800000,1.1346900000,1.1310900000,1.1325400000,13871,LONDON,false
2025-05-05T12:00:00Z,1.1326000000,1.1362800000,1.1325800000,1.1359300000,13838,OTHER,false
2025-05-05T16:00:00Z,1.1359300000,1.1364300000,1.1298500000,1.1301700000,15733,OTHER,false
2025-05-05T20:00:00Z,1.1301700000,1.1320400000,1.1296500000,1.1313800000,6466,OTHER,false
2025-05-06T00:00:00Z,1.1310100000,1.1319500000,1.1280200000,1.1285600000,4724,OTHER,false
2025-05-06T04:00:00Z,1.1285800000,1.1326900000,1.1279300000,1.1324000000,9944,OTHER,false
2025-05-06T08:00:00Z,1.1324000000,1.1349000000,1.1312800000,1.1326600000,14834,LONDON,false
2025-05-06T12:00:00Z,1.1326600000,1.1343300000,1.1304800000,1.1339900000,14417,OTHER,false
2025-05-06T16:00:00Z,1.1339900000,1.1369000000,1.1325600000,1.1348200000,16281,OTHER,false
2025-05-06T20:00:00Z,1.1348500000,1.1380500000,1.1348500000,1.1371800000,7992,OTHER,false
2025-05-07T00:00:00Z,1.1363600000,1.1372600000,1.1324600000,1.1340400000,11072,OTHER,false
2025-05-07T04:00:00Z,1.1340400000,1.1351000000,1.1325500000,1.1343100000,12590,OTHER,false
2025-05-07T08:00:00Z,1.1343200000,1.1377700000,1.1342400000,1.1357500000,14144,LONDON,false
2025-05-07T12:00:00Z,1.1357200000,1.1372400000,1.1346500000,1.1358400000,12883,OTHER,false
2025-05-07T16:00:00Z,1.1358400000,1.1370400000,1.1336300000,1.1348300000,13578,OTHER,false
2025-05-07T20:00:00Z,1.1348200000,1.1364200000,1.1291100000,1.1303500000,16935,OTHER,false
2025-05-08T00:00:00Z,1.1294400000,1.1321900000,1.1294300000,1.1309500000,6738,OTHER,false
2025-05-08T04:00:00Z,1.1309500000,1.1335700000,1.1307600000,1.1317300000,11787,OTHER,false
2025-05-08T08:00:00Z,1.1317300000,1.1317800000,1.1269600000,1.1287300000,16736,LONDON,false
2025-05-08T12:00:00Z,1.1287300000,1.1319500000,1.1274700000,1.1299200000,15379,OTHER,false
2025-05-08T16:00:00Z,1.1299200000,1.1315800000,1.1219800000,1.1225500000,21870,OTHER,false
2025-05-08T20:00:00Z,1.1225500000,1.1230100000,1.1211300000,1.1227100000,9213,OTHER,false
2025-05-09T00:00:00Z,1.1219900000,1.1232600000,1.1212400000,1.1226500000,5351,OTHER,false
2025-05-09T04:00:00Z,1.1226300000,1.1229300000,1.1195900000,1.1227300000,11680,OTHER,false
2025-05-09T08:00:00Z,1.1227300000,1.1258600000,1.1217800000,1.1255800000,12949,LONDON,false
2025-05-09T12:00:00Z,1.1255900000,1.1259900000,1.1241800000,1.1253500000,12304,OTHER,false
2025-05-09T16:00:00Z,1.1253500000,1.1292300000,1.1252800000,1.1257900000,14407,OTHER,false
2025-05-09T20:00:00Z,1.1258000000,1.1265700000,1.1245900000,1.1248700000,5594,OTHER,false
2025-05-12T00:00:00Z,1.1188700000,1.1238700000,1.1185600000,1.1238300000,9126,OTHER,false
2025-05-12T04:00:00Z,1.1238200000,1.1242200000,1.1221600000,1.1227000000,10924,OTHER,false
2025-05-12T08:00:00Z,1.1227000000,1.1235300000,1.1081900000,1.1137000000,23468,LONDON,false
2025-05-12T12:00:00Z,1.1137000000,1.1141200000,1.1071400000,1.1112900000,20319,OTHER,false
2025-05-12T16:00:00Z,1.1112900000,1.1133900000,1.1082900000,1.1084000000,19515,OTHER,false
2025-05-12T20:00:00Z,1.1084000000,1.1096200000,1.1064700000,1.1087400000,8659,OTHER,false
2025-05-13T00:00:00Z,1.1082300000,1.1106200000,1.1082300000,1.1104300000,6321,OTHER,false
2025-05-13T04:00:00Z,1.1104300000,1.1116600000,1.1098600000,1.1116000000,10318,OTHER,false
2025-05-13T08:00:00Z,1.1116400000,1.1123800000,1.1101000000,1.1110700000,14561,LONDON,false
2025-05-13T12:00:00Z,1.1111200000,1.1130800000,1.1096400000,1.1130200000,13555,OTHER,false
2025-05-13T16:00:00Z,1.1130200000,1.1182100000,1.1127000000,1.1175300000,18736,OTHER,false
2025-05-13T20:00:00Z,1.1175200000,1.1194200000,1.1167100000,1.1183200000,6683,OTHER,false
2025-05-14T00:00:00Z,1.1181300000,1.1196600000,1.1179500000,1.1191400000,5502,OTHER,false
2025-05-14T04:00:00Z,1.1191400000,1.1199800000,1.1182100000,1.1187900000,11155,OTHER,false
2025-05-14T08:00:00Z,1.1187900000,1.1251800000,1.1179500000,1.1238000000,16627,LONDON,false
2025-05-14T12:00:00Z,1.1238000000,1.1265100000,1.1209000000,1.1224600000,17060,OTHER,false
2025-05-14T16:00:00Z,1.1224600000,1.1234200000,1.1174900000,1.1188300000,19504,OTHER,false
2025-05-14T20:00:00Z,1.1188300000,1.1196500000,1.1163900000,1.1174000000,8627,OTHER,false
2025-05-15T00:00:00Z,1.1165900000,1.1194000000,1.1165500000,1.1190800000,5316,OTHER,false
2025-05-15T04:00:00Z,1.1190900000,1.1200600000,1.1188300000,1.1192300000,8669,OTHER,false
2025-05-15T08:00:00Z,1.1192300000,1.1227500000,1.1184600000,1.1209300000,14289,LONDON,false
2025-05-15T12:00:00Z,1.1209500000,1.1213300000,1.1178800000,1.1209100000,13854,OTHER,false
2025-05-15T16:00:00Z,1.1209100000,1.1223300000,1.1172000000,1.1180300000,17686,OTHER,false
2025-05-15T20:00:00Z,1.1180300000,1.1188500000,1.1169700000,1.1185700000,6969,OTHER,false
2025-05-16T00:00:00Z,1.1182700000,1.1207600000,1.1175400000,1.1204200000,5680,OTHER,false
2025-05-16T04:00:00Z,1.1204200000,1.1208100000,1.1195600000,1.1202800000,8735,OTHER,false
2025-05-16T08:00:00Z,1.1202400000,1.1219200000,1.1196500000,1.1198500000,12426,LONDON,false
2025-05-16T12:00:00Z,1.1198400000,1.1208100000,1.1187500000,1.1196500000,11682,OTHER,false
2025-05-16T16:00:00Z,1.1196500000,1.1205100000,1.1130600000,1.1144300000,15264,OTHER,false
2025-05-16T20:00:00Z,1.1144400000,1.1164500000,1.1138900000,1.1163300000,7000,OTHER,false
2025-05-19T00:00:00Z,1.1172000000,1.1198000000,1.1167500000,1.1196600000,8292,OTHER,false
2025-05-19T04:00:00Z,1.1196600000,1.1198400000,1.1171800000,1.1183300000,10586,OTHER,false
2025-05-19T08:00:00Z,1.1183300000,1.1258600000,1.1175700000,1.1256800000,15626,LONDON,false
2025-05-19T12:00:00Z,1.1256800000,1.1287700000,1.1254500000,1.1256200000,15718,OTHER,false
2025-05-19T16:00:00Z,1.1256400000,1.1264600000,1.1228600000,1.1234700000,15895,OTHER,false
2025-05-19T20:00:00Z,1.1234700000,1.1244200000,1.1223700000,1.1242200000,6280,OTHER,false
2025-05-20T00:00:00Z,1.1232600000,1.1243100000,1.1217300000,1.1227400000,4300,OTHER,false
2025-05-20T04:00:00Z,1.1227400000,1.1250700000,1.1225900000,1.1241700000,9406,OTHER,false
2025-05-20T08:00:00Z,1.1241700000,1.1277100000,1.1241200000,1.1257700000,15003,LONDON,false
2025-05-20T12:00:00Z,1.1257700000,1.1266500000,1.1223000000,1.1233800000,12095,OTHER,false
2025-05-20T16:00:00Z,1.1233500000,1.1269100000,1.1224200000,1.1256200000,16162,OTHER,false
2025-05-20T20:00:00Z,1.1256200000,1.1284600000,1.1254200000,1.1284300000,6849,OTHER,false
2025-05-21T00:00:00Z,1.1279700000,1.1300900000,1.1277000000,1.1294900000,6063,OTHER,false
2025-05-21T04:00:00Z,1.1294900000,1.1339100000,1.1286000000,1.1328300000,11716,OTHER,false
2025-05-21T08:00:00Z,1.1328400000,1.1352500000,1.1311700000,1.1321900000,15732,LONDON,false
2025-05-21T12:00:00Z,1.1322000000,1.1361500000,1.1314100000,1.1334000000,14737,OTHER,false
2025-05-21T16:00:00Z,1.1334100000,1.1353800000,1.1322700000,1.1339900000,15933,OTHER,false
2025-05-21T20:00:00Z,1.1339900000,1.1362300000,1.1315000000,1.1329200000,10451,OTHER,false
2025-05-22T00:00:00Z,1.1322600000,1.1342900000,1.1310500000,1.1326700000,8670,OTHER,false
2025-05-22T04:00:00Z,1.1326500000,1.1344400000,1.1316800000,1.1332400000,11229,OTHER,false
2025-05-22T08:00:00Z,1.1332600000,1.1341500000,1.1294700000,1.1301300000,15937,LONDON,false
2025-05-22T12:00:00Z,1.1301300000,1.1314500000,1.1284400000,1.1294400000,14691,OTHER,false
2025-05-22T16:00:00Z,1.1294400000,1.1308400000,1.1265300000,1.1268800000,17538,OTHER,false
2025-05-22T20:00:00Z,1.1268900000,1.1285100000,1.1255300000,1.1278500000,7222,OTHER,false
2025-05-23T00:00:00Z,1.1275900000,1.1299300000,1.1275800000,1.1296400000,5349,OTHER,false
2025-05-23T04:00:00Z,1.1296400000,1.1320500000,1.1294300000,1.1317300000,8430,OTHER,false
2025-05-23T08:00:00Z,1.1317300000,1.1344100000,1.1307700000,1.1341500000,11827,LONDON,false
2025-05-23T12:00:00Z,1.1341500000,1.1375100000,1.1297100000,1.1332900000,20607,OTHER,false
2025-05-23T16:00:00Z,1.1332800000,1.1359100000,1.1310400000,1.1357600000,16735,OTHER,false
2025-05-23T20:00:00Z,1.1357600000,1.1368800000,1.1351200000,1.1363400000,6745,OTHER,false
2025-05-26T00:00:00Z,1.1362500000,1.1397100000,1.1360300000,1.1396400000,8467,OTHER,false
2025-05-26T04:00:00Z,1.1396300000,1.1418100000,1.1387400000,1.1408800000,11011,OTHER,false
2025-05-26T08:00:00Z,1.1408800000,1.1417900000,1.1382500000,1.1384000000,11516,LONDON,false
2025-05-26T12:00:00Z,1.1384200000,1.1386300000,1.1368300000,1.1374500000,7070,OTHER,false
2025-05-26T16:00:00Z,1.1374500000,1.1384800000,1.1372600000,1.1382700000,5832,OTHER,false
2025-05-26T20:00:00Z,1.1382900000,1.1387300000,1.1377900000,1.1387100000,1710,OTHER,false
2025-05-27T00:00:00Z,1.1379000000,1.1402400000,1.1376100000,1.1399400000,5041,OTHER,false
2025-05-27T04:00:00Z,1.1399400000,1.1406700000,1.1377000000,1.1377700000,7893,OTHER,false
2025-05-27T08:00:00Z,1.1377900000,1.1392300000,1.1336700000,1.1348300000,15353,LONDON,false
2025-05-27T12:00:00Z,1.1348200000,1.1367200000,1.1340100000,1.1366300000,12326,OTHER,false
2025-05-27T16:00:00Z,1.1366300000,1.1374900000,1.1322700000,1.1331300000,14185,OTHER,false
2025-05-27T20:00:00Z,1.1331200000,1.1338200000,1.1326000000,1.1326400000,5740,OTHER,false
2025-05-28T00:00:00Z,1.1322300000,1.1344500000,1.1322000000,1.1333800000,4008,OTHER,false
2025-05-28T04:00:00Z,1.1333700000,1.1338500000,1.1299800000,1.1305700000,11696,OTHER,false
2025-05-28T08:00:00Z,1.1305700000,1.1333800000,1.1294900000,1.1331500000,12406,LONDON,false
2025-05-28T12:00:00Z,1.1331700000,1.1340100000,1.1306900000,1.1310300000,11449,OTHER,false
2025-05-28T16:00:00Z,1.1310400000,1.1324200000,1.1283300000,1.1293500000,15917,OTHER,false
2025-05-28T20:00:00Z,1.1293200000,1.1300300000,1.1283900000,1.1292200000,6939,OTHER,false
2025-05-29T00:00:00Z,1.1287900000,1.1296700000,1.1210200000,1.1234400000,12921,OTHER,false
2025-05-29T04:00:00Z,1.1234200000,1.1256500000,1.1222900000,1.1247200000,12163,OTHER,false
2025-05-29T08:00:00Z,1.1247300000,1.1282200000,1.1230500000,1.1271300000,14576,LONDON,false
2025-05-29T12:00:00Z,1.1271400000,1.1349300000,1.1267400000,1.1348600000,14272,OTHER,false
2025-05-29T16:00:00Z,1.1348600000,1.1379200000,1.1338600000,1.1371000000,17388,OTHER,false
2025-05-29T20:00:00Z,1.1371000000,1.1383900000,1.1360300000,1.1365100000,7263,OTHER,false
2025-05-30T00:00:00Z,1.1362400000,1.1384400000,1.1362000000,1.1371800000,6753,OTHER,false
2025-05-30T04:00:00Z,1.1371800000,1.1389400000,1.1345200000,1.1345500000,10702,OTHER,false
2025-05-30T08:00:00Z,1.1345500000,1.1353900000,1.1322900000,1.1323400000,13935,LONDON,false
2025-05-30T12:00:00Z,1.1323400000,1.1358000000,1.1322500000,1.1345600000,14334,OTHER,false
2025-05-30T16:00:00Z,1.1345600000,1.1357800000,1.1312100000,1.1349800000,19681,OTHER,false
2025-05-30T20:00:00Z,1.1350300000,1.1366600000,1.1344200000,1.1346400000,7747,OTHER,false
2025-06-02T00:00:00Z,1.1343000000,1.1374300000,1.1341600000,1.1368200000,7729,OTHER,false
2025-06-02T04:00:00Z,1.1368100000,1.1381500000,1.1353600000,1.1364900000,9868,OTHER,false
2025-06-02T08:00:00Z,1.1364900000,1.1436300000,1.1363200000,1.1419600000,13594,LONDON,false
2025-06-02T12:00:00Z,1.1419600000,1.1436500000,1.1408500000,1.1417800000,13538,OTHER,false
2025-06-02T16:00:00Z,1.1417900000,1.1449300000,1.1403700000,1.1417900000,17130,OTHER,false
2025-06-02T20:00:00Z,1.1417700000,1.1445700000,1.1415500000,1.1441600000,7191,OTHER,false
2025-06-03T00:00:00Z,1.1436100000,1.1454100000,1.1433000000,1.1442700000,5194,OTHER,false
2025-06-03T04:00:00Z,1.1442600000,1.1442700000,1.1415400000,1.1425000000,10721,OTHER,false
2025-06-03T08:00:00Z,1.1425000000,1.1431800000,1.1404900000,1.1411100000,12839,LONDON,false
2025-06-03T12:00:00Z,1.1411200000,1.1417600000,1.1376600000,1.1381400000,12200,OTHER,false
2025-06-03T16:00:00Z,1.1381400000,1.1394500000,1.1363500000,1.1372800000,15101,OTHER,false
2025-06-03T20:00:00Z,1.1373600000,1.1381100000,1.1367100000,1.1369400000,5031,OTHER,false
2025-06-04T00:00:00Z,1.1368900000,1.1388400000,1.1367400000,1.1382000000,5585,OTHER,false
2025-06-04T04:00:00Z,1.1382100000,1.1392900000,1.1364300000,1.1366100000,10559,OTHER,false
2025-06-04T08:00:00Z,1.1366300000,1.1403300000,1.1356300000,1.1398800000,12761,LONDON,false
2025-06-04T12:00:00Z,1.1398800000,1.1410400000,1.1374400000,1.1409200000,12930,OTHER,false
2025-06-04T16:00:00Z,1.1408700000,1.1434000000,1.1392200000,1.1432500000,15848,OTHER,false
2025-06-04T20:00:00Z,1.1432900000,1.1433000000,1.1409500000,1.1420400000,6139,OTHER,false
2025-06-05T00:00:00Z,1.1410800000,1.1428800000,1.1410600000,1.1428600000,5998,OTHER,false
2025-06-05T04:00:00Z,1.1428600000,1.1434400000,1.1407300000,1.1409900000,11043,OTHER,false
2025-06-05T08:00:00Z,1.1410200000,1.1424500000,1.1403900000,1.1412500000,11280,LONDON,false
2025-06-05T12:00:00Z,1.1412400000,1.1448400000,1.1409100000,1.1429100000,14566,OTHER,false
2025-06-05T16:00:00Z,1.1429000000,1.1494500000,1.1417900000,1.1447300000,22301,OTHER,false
2025-06-05T20:00:00Z,1.1447300000,1.1447700000,1.1430600000,1.1442600000,7978,OTHER,false
2025-06-06T00:00:00Z,1.1441100000,1.1456900000,1.1436700000,1.1449600000,4626,OTHER,false
2025-06-06T04:00:00Z,1.1449600000,1.1451800000,1.1432400000,1.1439300000,8449,OTHER,false
2025-06-06T08:00:00Z,1.1439300000,1.1441700000,1.1411100000,1.1414000000,11030,LONDON,false
2025-06-06T12:00:00Z,1.1414100000,1.1430700000,1.1382300000,1.1396100000,13954,OTHER,false
2025-06-06T16:00:00Z,1.1396000000,1.1415700000,1.1371000000,1.1386600000,19896,OTHER,false
2025-06-06T20:00:00Z,1.1386600000,1.1401400000,1.1384000000,1.1392400000,6163,OTHER,false
2025-06-09T00:00:00Z,1.1389400000,1.1410800000,1.1389000000,1.1393200000,4634,OTHER,false
2025-06-09T04:00:00Z,1.1393200000,1.1424900000,1.1393200000,1.1417900000,7846,OTHER,false
2025-06-09T08:00:00Z,1.1417900000,1.1435600000,1.1411400000,1.1427800000,9360,LONDON,false
2025-06-09T12:00:00Z,1.1427700000,1.1438500000,1.1394000000,1.1399800000,9904,OTHER,false
2025-06-09T16:00:00Z,1.1399900000,1.1425100000,1.1385900000,1.1424100000,10676,OTHER,false
2025-06-09T20:00:00Z,1.1424000000,1.1430400000,1.1417900000,1.1418800000,4888,OTHER,false
2025-06-10T00:00:00Z,1.1412100000,1.1435100000,1.1412100000,1.1423700000,4663,OTHER,false
2025-06-10T04:00:00Z,1.1423700000,1.1427700000,1.1385600000,1.1399000000,10677,OTHER,false
2025-06-10T08:00:00Z,1.1399000000,1.1414300000,1.1372300000,1.1407700000,14925,LONDON,false
2025-06-10T12:00:00Z,1.1407600000,1.1439900000,1.1403000000,1.1431700000,11152,OTHER,false
2025-06-10T16:00:00Z,1.1431600000,1.1447100000,1.1415100000,1.1423000000,11957,OTHER,false
2025-06-10T20:00:00Z,1.1423000000,1.1436000000,1.1415900000,1.1424100000,5299,OTHER,false
2025-06-11T00:00:00Z,1.1416900000,1.1439000000,1.1414800000,1.1420400000,7152,OTHER,false
2025-06-11T04:00:00Z,1.1420400000,1.1426200000,1.1405500000,1.1415100000,7925,OTHER,false
2025-06-11T08:00:00Z,1.1415100000,1.1437900000,1.1404800000,1.1430100000,10547,LONDON,false
2025-06-11T12:00:00Z,1.1430100000,1.1488900000,1.1426200000,1.1459800000,14503,OTHER,false
2025-06-11T16:00:00Z,1.1459800000,1.1495900000,1.1452300000,1.1488900000,15661,OTHER,false
2025-06-11T20:00:00Z,1.1489100000,1.1498900000,1.1478700000,1.1487900000,7732,OTHER,false
2025-06-12T00:00:00Z,1.1483000000,1.1526000000,1.1480500000,1.1520700000,6763,OTHER,false
2025-06-12T04:00:00Z,1.1520600000,1.1528700000,1.1505900000,1.1514800000,11180,OTHER,false
2025-06-12T08:00:00Z,1.1514000000,1.1546800000,1.1505200000,1.1543600000,14114,LONDON,false
2025-06-12T12:00:00Z,1.1543700000,1.1631000000,1.1539700000,1.1609100000,19372,OTHER,false
2025-06-12T16:00:00Z,1.1609000000,1.1616800000,1.1566400000,1.1575600000,17500,OTHER,false
2025-06-12T20:00:00Z,1.1575500000,1.1586600000,1.1563200000,1.1585300000,6565,OTHER,false
2025-06-13T00:00:00Z,1.1575400000,1.1613800000,1.1538700000,1.1558300000,11239,OTHER,false
2025-06-13T04:00:00Z,1.1558300000,1.1559600000,1.1513400000,1.1524800000,17322,OTHER,false
2025-06-13T08:00:00Z,1.1524800000,1.1559900000,1.1511300000,1.1528200000,17439,LONDON,false
2025-06-13T12:00:00Z,1.1527900000,1.1535200000,1.1488300000,1.1515800000,15880,OTHER,false
2025-06-13T16:00:00Z,1.1515900000,1.1569000000,1.1500700000,1.1553900000,14212,OTHER,false
2025-06-13T20:00:00Z,1.1553900000,1.1554900000,1.1533000000,1.1550300000,8248,OTHER,false
2025-06-16T00:00:00Z,1.1524200000,1.1547300000,1.1522000000,1.1534200000,11421,OTHER,false
2025-06-16T04:00:00Z,1.1533700000,1.1543800000,1.1523300000,1.1535400000,10894,OTHER,false
2025-06-16T08:00:00Z,1.1535300000,1.1585900000,1.1535300000,1.1578000000,14180,LONDON,false
2025-06-16T12:00:00Z,1.1578300000,1.1585300000,1.1569100000,1.1583600000,11305,OTHER,false
2025-06-16T16:00:00Z,1.1583700000,1.1614100000,1.1577900000,1.1583300000,15558,OTHER,false
2025-06-16T20:00:00Z,1.1583400000,1.1584500000,1.1553800000,1.1558900000,7040,OTHER,false
2025-06-17T00:00:00Z,1.1553500000,1.1564300000,1.1541900000,1.1549400000,7886,OTHER,false
2025-06-17T04:00:00Z,1.1549300000,1.1566700000,1.1544900000,1.1560400000,9621,OTHER,false
2025-06-17T08:00:00Z,1.1560300000,1.1571900000,1.1544800000,1.1550300000,11985,LONDON,false
2025-06-17T12:00:00Z,1.1551200000,1.1579400000,1.1547100000,1.1549600000,12632,OTHER,false
2025-06-17T16:00:00Z,1.1550000000,1.1569000000,1.1498100000,1.1502100000,17085,OTHER,false
2025-06-17T20:00:00Z,1.1502000000,1.1508100000,1.1474000000,1.1481300000,12117,OTHER,false
2025-06-18T00:00:00Z,1.1470200000,1.1496300000,1.1470000000,1.1491700000,6827,OTHER,false
2025-06-18T04:00:00Z,1.1491600000,1.1507300000,1.1488800000,1.1505100000,9319,OTHER,false
2025-06-18T08:00:00Z,1.1504900000,1.1522800000,1.1497800000,1.1501500000,11463,LONDON,false
2025-06-18T12:00:00Z,1.1501500000,1.1515900000,1.1491200000,1.1505600000,11607,OTHER,false
2025-06-18T16:00:00Z,1.1505500000,1.1529600000,1.1483800000,1.1502500000,16086,OTHER,false
2025-06-18T20:00:00Z,1.1502500000,1.1528800000,1.1460400000,1.1482300000,17334,OTHER,false
2025-06-19T00:00:00Z,1.1473300000,1.1488300000,1.1470200000,1.1480500000,6693,OTHER,false
2025-06-19T04:00:00Z,1.1480500000,1.1481400000,1.1450000000,1.1468800000,10183,OTHER,false
2025-06-19T08:00:00Z,1.1468800000,1.1478700000,1.1445700000,1.1475900000,13915,LONDON,false
2025-06-19T12:00:00Z,1.1475900000,1.1486900000,1.1467000000,1.1476800000,11551,OTHER,false
2025-06-19T16:00:00Z,1.1476900000,1.1484000000,1.1454000000,1.1456100000,10272,OTHER,false
2025-06-19T20:00:00Z,1.1456000000,1.1499700000,1.1455000000,1.1496600000,4652,OTHER,false
2025-06-20T00:00:00Z,1.1487900000,1.1523600000,1.1484200000,1.1522200000,6528,OTHER,false
2025-06-20T04:00:00Z,1.1522100000,1.1531700000,1.1510400000,1.1526500000,10190,OTHER,false
2025-06-20T08:00:00Z,1.1526400000,1.1529200000,1.1509400000,1.1521900000,12041,LONDON,false
2025-06-20T12:00:00Z,1.1521800000,1.1534300000,1.1505300000,1.1512300000,11666,OTHER,false
2025-06-20T16:00:00Z,1.1512400000,1.1536700000,1.1494500000,1.1535400000,14817,OTHER,false
2025-06-20T20:00:00Z,1.1535500000,1.1543500000,1.1513300000,1.1520700000,6933,OTHER,false
2025-06-23T00:00:00Z,1.1453400000,1.1506600000,1.1450200000,1.1488600000,10544,OTHER,false
2025-06-23T04:00:00Z,1.1488800000,1.1506300000,1.1471700000,1.1489900000,12478,OTHER,false
2025-06-23T08:00:00Z,1.1490000000,1.1520500000,1.1479600000,1.1481200000,14920,LONDON,false
2025-06-23T12:00:00Z,1.1481200000,1.1482400000,1.1453000000,1.1467000000,14861,OTHER,false
2025-06-23T16:00:00Z,1.1467000000,1.1556800000,1.1464300000,1.1544200000,21116,OTHER,false
2025-06-23T20:00:00Z,1.1544200000,1.1581100000,1.1539900000,1.1577700000,11441,OTHER,false
2025-06-24T00:00:00Z,1.1574300000,1.1608200000,1.1572000000,1.1598600000,9804,OTHER,false
2025-06-24T04:00:00Z,1.1598500000,1.1613700000,1.1585900000,1.1605700000,10703,OTHER,false
2025-06-24T08:00:00Z,1.1605700000,1.1621800000,1.1579500000,1.1592100000,16736,LONDON,false
2025-06-24T12:00:00Z,1.1592100000,1.1617600000,1.1591200000,1.1600100000,13194,OTHER,false
2025-06-24T16:00:00Z,1.1600000000,1.1641100000,1.1581700000,1.1623300000,18832,OTHER,false
2025-06-24T20:00:00Z,1.1623300000,1.1631900000,1.1607700000,1.1608300000,7261,OTHER,false
2025-06-25T00:00:00Z,1.1600600000,1.1626100000,1.1600600000,1.1624400000,5655,OTHER,false
2025-06-25T04:00:00Z,1.1624500000,1.1630900000,1.1610700000,1.1613300000,9217,OTHER,false
2025-06-25T08:00:00Z,1.1613400000,1.1622100000,1.1589200000,1.1609500000,11773,LONDON,false
2025-06-25T12:00:00Z,1.1609300000,1.1612800000,1.1589400000,1.1592200000,11656,OTHER,false
2025-06-25T16:00:00Z,1.1592200000,1.1635300000,1.1589600000,1.1630200000,14231,OTHER,false
2025-06-25T20:00:00Z,1.1630400000,1.1664500000,1.1626400000,1.1658400000,7906,OTHER,false
2025-06-26T00:00:00Z,1.1652300000,1.1688600000,1.1651400000,1.1681600000,5866,OTHER,false
2025-06-26T04:00:00Z,1.1681500000,1.1716800000,1.1666700000,1.1679300000,9907,OTHER,false
2025-06-26T08:00:00Z,1.1679100000,1.1744100000,1.1671300000,1.1727000000,15010,LONDON,false
2025-06-26T12:00:00Z,1.1726700000,1.1730400000,1.1689400000,1.1706000000,15585,OTHER,false
2025-06-26T16:00:00Z,1.1706700000,1.1739700000,1.1689600000,1.1728900000,18300,OTHER,false
2025-06-26T20:00:00Z,1.1728800000,1.1731500000,1.1693400000,1.1700500000,8155,OTHER,false
2025-06-27T00:00:00Z,1.1691600000,1.1698400000,1.1680000000,1.1691800000,6676,OTHER,false
2025-06-27T04:00:00Z,1.1691700000,1.1708900000,1.1684500000,1.1684500000,9275,OTHER,false
2025-06-27T08:00:00Z,1.1685100000,1.1726400000,1.1682900000,1.1708900000,11858,LONDON,false
2025-06-27T12:00:00Z,1.1709000000,1.1748800000,1.1700900000,1.1746400000,12429,OTHER,false
2025-06-27T16:00:00Z,1.1746500000,1.1753200000,1.1704900000,1.1721600000,16831,OTHER,false
2025-06-27T20:00:00Z,1.1721600000,1.1723300000,1.1687300000,1.1720300000,10953,OTHER,false
2025-06-30T00:00:00Z,1.1727500000,1.1738100000,1.1715000000,1.1717400000,6292,OTHER,false
2025-06-30T04:00:00Z,1.1717200000,1.1734200000,1.1711100000,1.1729500000,9509,OTHER,false
2025-06-30T08:00:00Z,1.1729400000,1.1750100000,1.1712900000,1.1728900000,14354,LONDON,false
2025-06-30T12:00:00Z,1.1728300000,1.1732100000,1.1707000000,1.1712700000,11367,OTHER,false
2025-06-30T16:00:00Z,1.1712700000,1.1771200000,1.1710100000,1.1762200000,16733,OTHER,false
2025-06-30T20:00:00Z,1.1762100000,1.1787100000,1.1759900000,1.1786300000,8871,OTHER,false
2025-07-01T00:00:00Z,1.1777200000,1.1797500000,1.1767600000,1.1797100000,6128,OTHER,false
2025-07-01T04:00:00Z,1.1797100000,1.1806700000,1.1777200000,1.1785700000,8146,OTHER,false
2025-07-01T08:00:00Z,1.1785700000,1.1816800000,1.1766800000,1.1803900000,12613,LONDON,false
2025-07-01T12:00:00Z,1.1802700000,1.1829100000,1.1796000000,1.1803100000,13782,OTHER,false
2025-07-01T16:00:00Z,1.1803200000,1.1811300000,1.1760900000,1.1764600000,17989,OTHER,false
2025-07-01T20:00:00Z,1.1764800000,1.1805800000,1.1764800000,1.1804900000,7544,OTHER,false
2025-07-02T00:00:00Z,1.1802100000,1.1807500000,1.1798000000,1.1806900000,5038,OTHER,false
2025-07-02T04:00:00Z,1.1806900000,1.1809500000,1.1787700000,1.1795800000,7989,OTHER,false
2025-07-02T08:00:00Z,1.1795800000,1.1797400000,1.1769500000,1.1775100000,11337,LONDON,false
2025-07-02T12:00:00Z,1.1775200000,1.1787800000,1.1746300000,1.1755900000,14967,OTHER,false
2025-07-02T16:00:00Z,1.1755900000,1.1793400000,1.1750000000,1.1788000000,16411,OTHER,false
2025-07-02T20:00:00Z,1.1787900000,1.1802700000,1.1787900000,1.1796600000,6535,OTHER,false
2025-07-03T00:00:00Z,1.1791900000,1.1808200000,1.1785200000,1.1806000000,4679,OTHER,false
2025-07-03T04:00:00Z,1.1805900000,1.1809500000,1.1786700000,1.1788700000,6740,OTHER,false
2025-07-03T08:00:00Z,1.1788700000,1.1809300000,1.1786100000,1.1797300000,9662,LONDON,false
2025-07-03T12:00:00Z,1.1797200000,1.1799500000,1.1716600000,1.1737600000,13705,OTHER,false
2025-07-03T16:00:00Z,1.1737200000,1.1789300000,1.1733200000,1.1751800000,17645,OTHER,false
2025-07-03T20:00:00Z,1.1751600000,1.1758900000,1.1743700000,1.1756400000,4809,OTHER,false
2025-07-04T00:00:00Z,1.1754800000,1.1770800000,1.1749700000,1.1766200000,4926,OTHER,false
2025-07-04T04:00:00Z,1.1766300000,1.1779700000,1.1755100000,1.1779600000,7854,OTHER,false
2025-07-04T08:00:00Z,1.1779600000,1.1784900000,1.1766900000,1.1773900000,10873,LONDON,false
2025-07-04T12:00:00Z,1.1773500000,1.1781600000,1.1763400000,1.1766000000,9454,OTHER,false
2025-07-04T16:00:00Z,1.1766000000,1.1786900000,1.1765800000,1.1773600000,7813,OTHER,false
2025-07-04T20:00:00Z,1.1773400000,1.1780400000,1.1768600000,1.1770800000,11713,OTHER,false
2025-07-07T00:00:00Z,1.1775200000,1.1789700000,1.1772700000,1.1779100000,5385,OTHER,false
2025-07-07T04:00:00Z,1.1779000000,1.1780200000,1.1763500000,1.1765600000,8906,OTHER,false
2025-07-07T08:00:00Z,1.1765600000,1.1773100000,1.1722600000,1.1723800000,12252,LONDON,false
2025-07-07T12:00:00Z,1.1723800000,1.1735600000,1.1717600000,1.1721700000,10678,OTHER,false
2025-07-07T16:00:00Z,1.1721400000,1.1744800000,1.1686700000,1.1693500000,13299,OTHER,false
2025-07-07T20:00:00Z,1.1693600000,1.1723200000,1.1686200000,1.1707700000,9402,OTHER,false
2025-07-08T00:00:00Z,1.1706500000,1.1747300000,1.1705500000,1.1742700000,6286,OTHER,false
2025-07-08T04:00:00Z,1.1742700000,1.1749400000,1.1730200000,1.1740700000,8863,OTHER,false
2025-07-08T08:00:00Z,1.1740700000,1.1764800000,1.1731200000,1.1748100000,12295,LONDON,false
2025-07-08T12:00:00Z,1.1748100000,1.1750100000,1.1713300000,1.1720300000,10992,OTHER,false
2025-07-08T16:00:00Z,1.1720400000,1.1721800000,1.1681900000,1.1708400000,15526,OTHER,false
2025-07-08T20:00:00Z,1.1708100000,1.1729200000,1.1707000000,1.1725100000,8729,OTHER,false
2025-07-09T00:00:00Z,1.1719100000,1.1728800000,1.1714000000,1.1724100000,4893,OTHER,false
2025-07-09T04:00:00Z,1.1724100000,1.1725400000,1.1700600000,1.1712000000,9179,OTHER,false
2025-07-09T08:00:00Z,1.1712000000,1.1727900000,1.1701800000,1.1712100000,11878,LONDON,false
2025-07-09T12:00:00Z,1.1712600000,1.1719200000,1.1689000000,1.1714900000,11230,OTHER,false
2025-07-09T16:00:00Z,1.1714900000,1.1724100000,1.1699800000,1.1704500000,12483,OTHER,false
2025-07-09T20:00:00Z,1.1704000000,1.1722700000,1.1703200000,1.1721800000,7148,OTHER,false
2025-07-10T00:00:00Z,1.1715700000,1.1749100000,1.1709100000,1.1743200000,4835,OTHER,false
2025-07-10T04:00:00Z,1.1743100000,1.1743800000,1.1729800000,1.1734500000,6785,OTHER,false
2025-07-10T08:00:00Z,1.1734500000,1.1742900000,1.1725500000,1.1727300000,9433,LONDON,false
2025-07-10T12:00:00Z,1.1727300000,1.1733800000,1.1701000000,1.1705800000,9266,OTHER,false
2025-07-10T16:00:00Z,1.1705700000,1.1714100000,1.1662000000,1.1684700000,15159,OTHER,false
2025-07-10T20:00:00Z,1.1684900000,1.1699500000,1.1680900000,1.1699500000,7170,OTHER,false
2025-07-11T00:00:00Z,1.1699300000,1.1706800000,1.1664000000,1.1674300000,6984,OTHER,false
2025-07-11T04:00:00Z,1.1674200000,1.1685500000,1.1668000000,1.1675900000,10302,OTHER,false
2025-07-11T08:00:00Z,1.1675800000,1.1695200000,1.1669700000,1.1681600000,11598,LONDON,false
2025-07-11T12:00:00Z,1.1681700000,1.1700700000,1.1680700000,1.1687700000,11287,OTHER,false
2025-07-11T16:00:00Z,1.1687700000,1.1713500000,1.1673700000,1.1690900000,14303,OTHER,false
2025-07-11T20:00:00Z,1.1690900000,1.1695200000,1.1677900000,1.1682700000,7180,OTHER,false
2025-07-14T00:00:00Z,1.1660000000,1.1693500000,1.1659500000,1.1693000000,7437,OTHER,false
2025-07-14T04:00:00Z,1.1692900000,1.1697100000,1.1671900000,1.1674200000,8525,OTHER,false
2025-07-14T08:00:00Z,1.1674200000,1.1688300000,1.1653600000,1.1682100000,10653,LONDON,false
2025-07-14T12:00:00Z,1.1682100000,1.1696500000,1.1678800000,1.1685200000,9135,OTHER,false
2025-07-14T16:00:00Z,1.1685100000,1.1695400000,1.1659500000,1.1661800000,13304,OTHER,false
2025-07-14T20:00:00Z,1.1661800000,1.1672300000,1.1658600000,1.1663300000,5706,OTHER,false
2025-07-15T00:00:00Z,1.1661500000,1.1676600000,1.1659500000,1.1671600000,4640,OTHER,false
2025-07-15T04:00:00Z,1.1671800000,1.1679400000,1.1664700000,1.1675300000,6703,OTHER,false
2025-07-15T08:00:00Z,1.1675300000,1.1692200000,1.1671300000,1.1686200000,8681,LONDON,false
2025-07-15T12:00:00Z,1.1686200000,1.1690400000,1.1661700000,1.1677400000,11210,OTHER,false
2025-07-15T16:00:00Z,1.1677400000,1.1678800000,1.1593100000,1.1595400000,19279,OTHER,false
2025-07-15T20:00:00Z,1.1595400000,1.1604700000,1.1592400000,1.1601600000,6732,OTHER,false
2025-07-16T00:00:00Z,1.1596200000,1.1612900000,1.1595000000,1.1607200000,4545,OTHER,false
2025-07-16T04:00:00Z,1.1607300000,1.1619400000,1.1605200000,1.1619200000,6954,OTHER,false
2025-07-16T08:00:00Z,1.1619300000,1.1627900000,1.1612000000,1.1624700000,10118,LONDON,false
2025-07-16T12:00:00Z,1.1624700000,1.1625700000,1.1591800000,1.1598000000,11847,OTHER,false
2025-07-16T16:00:00Z,1.1598100000,1.1721000000,1.1561400000,1.1638500000,27758,OTHER,false
2025-07-16T20:00:00Z,1.1638500000,1.1657800000,1.1620000000,1.1640800000,10488,OTHER,false
2025-07-17T00:00:00Z,1.1634200000,1.1641900000,1.1616600000,1.1623200000,5208,OTHER,false
2025-07-17T04:00:00Z,1.1623300000,1.1628400000,1.1612900000,1.1623900000,8003,OTHER,false
2025-07-17T08:00:00Z,1.1623900000,1.1626800000,1.1572700000,1.1601100000,11927,LONDON,false
2025-07-17T12:00:00Z,1.1601300000,1.1604100000,1.1556500000,1.1586500000,10284,OTHER,false
2025-07-17T16:00:00Z,1.1586500000,1.1602100000,1.1577000000,1.1585600000,13542,OTHER,false
2025-07-17T20:00:00Z,1.1585600000,1.1599700000,1.1579200000,1.1596600000,6726,OTHER,false
2025-07-18T00:00:00Z,1.1591400000,1.1627200000,1.1587000000,1.1624000000,5538,OTHER,false
2025-07-18T04:00:00Z,1.1624000000,1.1633800000,1.1617500000,1.1618700000,7711,OTHER,false
2025-07-18T08:00:00Z,1.1618300000,1.1645100000,1.1611300000,1.1635100000,9515,LONDON,false
2025-07-18T12:00:00Z,1.1635100000,1.1657800000,1.1631500000,1.1655800000,9971,OTHER,false
2025-07-18T16:00:00Z,1.1655800000,1.1671300000,1.1625600000,1.1628000000,14233,OTHER,false
2025-07-18T20:00:00Z,1.1628000000,1.1629300000,1.1616400000,1.1620400000,6311,OTHER,false
2025-07-21T00:00:00Z,1.1625700000,1.1635800000,1.1618200000,1.1618600000,6697,OTHER,false
2025-07-21T04:00:00Z,1.1618600000,1.1629500000,1.1614000000,1.1628800000,6491,OTHER,false
2025-07-21T08:00:00Z,1.1628800000,1.1651700000,1.1627100000,1.1641800000,9738,LONDON,false
2025-07-21T12:00:00Z,1.1641800000,1.1672700000,1.1633000000,1.1664500000,9906,OTHER,false
2025-07-21T16:00:00Z,1.1664500000,1.1716200000,1.1657000000,1.1699400000,12906,OTHER,false
2025-07-21T20:00:00Z,1.1699400000,1.1700900000,1.1685300000,1.1695200000,6359,OTHER,false
2025-07-22T00:00:00Z,1.1689000000,1.1695300000,1.1682900000,1.1687900000,4144,OTHER,false
2025-07-22T04:00:00Z,1.1687900000,1.1695200000,1.1681700000,1.1687800000,6032,OTHER,false
2025-07-22T08:00:00Z,1.1687800000,1.1702800000,1.1681100000,1.1697900000,8751,LONDON,false
2025-07-22T12:00:00Z,1.1697900000,1.1708900000,1.1682600000,1.1690000000,9739,OTHER,false
2025-07-22T16:00:00Z,1.1690000000,1.1760000000,1.1678300000,1.1754400000,15956,OTHER,false
2025-07-22T20:00:00Z,1.1754500000,1.1754800000,1.1741400000,1.1754000000,6145,OTHER,false
2025-07-23T00:00:00Z,1.1752600000,1.1755600000,1.1732900000,1.1746600000,6522,OTHER,false
2025-07-23T04:00:00Z,1.1747000000,1.1748000000,1.1730000000,1.1734300000,9916,OTHER,false
2025-07-23T08:00:00Z,1.1734300000,1.1752400000,1.1726600000,1.1732300000,11087,LONDON,false
2025-07-23T12:00:00Z,1.1732300000,1.1739000000,1.1719600000,1.1724500000,10782,OTHER,false
2025-07-23T16:00:00Z,1.1724500000,1.1760100000,1.1710300000,1.1750500000,15532,OTHER,false
2025-07-23T20:00:00Z,1.1750600000,1.1774600000,1.1744800000,1.1772300000,9490,OTHER,false
2025-07-24T00:00:00Z,1.1766800000,1.1778200000,1.1761400000,1.1766300000,4990,OTHER,false
2025-07-24T04:00:00Z,1.1766300000,1.1779500000,1.1766200000,1.1773500000,8258,OTHER,false
2025-07-24T08:00:00Z,1.1773400000,1.1777800000,1.1754500000,1.1757600000,11086,LONDON,false
2025-07-24T12:00:00Z,1.1757600000,1.1758700000,1.1731400000,1.1735400000,10603,OTHER,false
2025-07-24T16:00:00Z,1.1735500000,1.1788200000,1.1729900000,1.1761900000,17569,OTHER,false
2025-07-24T20:00:00Z,1.1762200000,1.1777500000,1.1744300000,1.1749000000,7411,OTHER,false
2025-07-25T00:00:00Z,1.1743400000,1.1758100000,1.1729000000,1.1753800000,5192,OTHER,false
2025-07-25T04:00:00Z,1.1753800000,1.1758100000,1.1733500000,1.1739500000,7633,OTHER,false
2025-07-25T08:00:00Z,1.1739500000,1.1760300000,1.1736400000,1.1742500000,12496,LONDON,false
2025-07-25T12:00:00Z,1.1742400000,1.1743100000,1.1710900000,1.1717700000,10973,OTHER,false
2025-07-25T16:00:00Z,1.1717900000,1.1738000000,1.1702400000,1.1728400000,16694,OTHER,false
2025-07-25T20:00:00Z,1.1728300000,1.1746400000,1.1728000000,1.1738800000,6426,OTHER,false
2025-07-28T00:00:00Z,1.1751100000,1.1769800000,1.1748800000,1.1763300000,7637,OTHER,false
2025-07-28T04:00:00Z,1.1763300000,1.1769200000,1.1745100000,1.1746800000,8653,OTHER,false
2025-07-28T08:00:00Z,1.1746600000,1.1747000000,1.1669900000,1.1678500000,14120,LONDON,false
2025-07-28T12:00:00Z,1.1678500000,1.1683800000,1.1643200000,1.1657300000,14657,OTHER,false
2025-07-28T16:00:00Z,1.1657300000,1.1661600000,1.1597800000,1.1598500000,15941,OTHER,false
2025-07-28T20:00:00Z,1.1598500000,1.1600800000,1.1584600000,1.1585600000,6710,OTHER,false
2025-07-29T00:00:00Z,1.1586500000,1.1597100000,1.1583600000,1.1584400000,4591,OTHER,false
2025-07-29T04:00:00Z,1.1584500000,1.1598700000,1.1574100000,1.1587700000,8101,OTHER,false
2025-07-29T08:00:00Z,1.1588000000,1.1589600000,1.1526300000,1.1568500000,14942,LONDON,false
2025-07-29T12:00:00Z,1.1568700000,1.1587500000,1.1524200000,1.1524200000,13522,OTHER,false
2025-07-29T16:00:00Z,1.1524100000,1.1551500000,1.1518300000,1.1540800000,17380,OTHER,false
2025-07-29T20:00:00Z,1.1540700000,1.1559900000,1.1536900000,1.1544200000,8229,OTHER,false
2025-07-30T00:00:00Z,1.1544400000,1.1567200000,1.1544200000,1.1566400000,4395,OTHER,false
2025-07-30T04:00:00Z,1.1566400000,1.1572300000,1.1549700000,1.1550500000,8252,OTHER,false
2025-07-30T08:00:00Z,1.1550500000,1.1568000000,1.1539500000,1.1556300000,11553,LONDON,false
2025-07-30T12:00:00Z,1.1556100000,1.1560000000,1.1468500000,1.1472500000,14301,OTHER,false
2025-07-30T16:00:00Z,1.1472600000,1.1484600000,1.1457300000,1.1473200000,15348,OTHER,false
2025-07-30T20:00:00Z,1.1473200000,1.1502800000,1.1399600000,1.1401500000,18015,OTHER,false
2025-07-31T00:00:00Z,1.1402300000,1.1436700000,1.1399600000,1.1433700000,6150,OTHER,false
2025-07-31T04:00:00Z,1.1433700000,1.1437500000,1.1406800000,1.1435400000,9970,OTHER,false
2025-07-31T08:00:00Z,1.1435000000,1.1460400000,1.1430300000,1.1449500000,12957,LONDON,false
2025-07-31T12:00:00Z,1.1449500000,1.1450400000,1.1420100000,1.1428000000,13121,OTHER,false
2025-07-31T16:00:00Z,1.1428000000,1.1449200000,1.1405500000,1.1422000000,17533,OTHER,false
2025-07-31T20:00:00Z,1.1422100000,1.1432400000,1.1408800000,1.1414100000,8884,OTHER,false
2025-08-01T00:00:00Z,1.1412100000,1.1428400000,1.1408500000,1.1423800000,6770,OTHER,false
2025-08-01T04:00:00Z,1.1423700000,1.1428100000,1.1404400000,1.1418600000,9853,OTHER,false
2025-08-01T08:00:00Z,1.1418600000,1.1437300000,1.1404800000,1.1406000000,10928,LONDON,false
2025-08-01T12:00:00Z,1.1405900000,1.1557900000,1.1391000000,1.1545000000,16862,OTHER,false
2025-08-01T16:00:00Z,1.1544900000,1.1587600000,1.1535400000,1.1538700000,28212,OTHER,false
2025-08-01T20:00:00Z,1.1538600000,1.1596400000,1.1515800000,1.1584100000,14263,OTHER,false
2025-08-04T00:00:00Z,1.1585700000,1.1595800000,1.1555200000,1.1557300000,9164,OTHER,false
2025-08-04T04:00:00Z,1.1557300000,1.1585400000,1.1549600000,1.1573800000,10964,OTHER,false
2025-08-04T08:00:00Z,1.1574000000,1.1582700000,1.1549300000,1.1557500000,14246,LONDON,false
2025-08-04T12:00:00Z,1.1557300000,1.1587700000,1.1554600000,1.1574700000,14760,OTHER,false
2025-08-04T16:00:00Z,1.1574600000,1.1587700000,1.1556300000,1.1571500000,17860,OTHER,false
2025-08-04T20:00:00Z,1.1571500000,1.1577000000,1.1562400000,1.1572200000,8878,OTHER,false
2025-08-05T00:00:00Z,1.1567900000,1.1587200000,1.1561300000,1.1571300000,5553,OTHER,false
2025-08-05T04:00:00Z,1.1571200000,1.1573300000,1.1553400000,1.1557700000,8710,OTHER,false
2025-08-05T08:00:00Z,1.1557500000,1.1561800000,1.1530700000,1.1536100000,12064,LONDON,false
2025-08-05T12:00:00Z,1.1536200000,1.1548000000,1.1527000000,1.1536500000,12759,OTHER,false
2025-08-05T16:00:00Z,1.1536600000,1.1585500000,1.1531600000,1.1582100000,17876,OTHER,false
2025-08-05T20:00:00Z,1.1582100000,1.1582400000,1.1565800000,1.1574800000,7945,OTHER,false
2025-08-06T00:00:00Z,1.1570500000,1.1584700000,1.1570100000,1.1573000000,4795,OTHER,false
2025-08-06T04:00:00Z,1.1573000000,1.1585600000,1.1563400000,1.1582200000,8089,OTHER,false
2025-08-06T08:00:00Z,1.1581900000,1.1587500000,1.1569700000,1.1574400000,10919,LONDON,false
2025-08-06T12:00:00Z,1.1573700000,1.1628100000,1.1573500000,1.1623000000,11951,OTHER,false
2025-08-06T16:00:00Z,1.1622900000,1.1647700000,1.1616700000,1.1634200000,17125,OTHER,false
2025-08-06T20:00:00Z,1.1634200000,1.1668100000,1.1632400000,1.1657900000,8972,OTHER,false
2025-08-07T00:00:00Z,1.1653400000,1.1665400000,1.1649100000,1.1651800000,5503,OTHER,false
2025-08-07T04:00:00Z,1.1651900000,1.1675800000,1.1648800000,1.1670800000,8287,OTHER,false
2025-08-07T08:00:00Z,1.1670800000,1.1698400000,1.1667400000,1.1682200000,12466,LONDON,false
2025-08-07T12:00:00Z,1.1682800000,1.1684300000,1.1633500000,1.1650500000,15512,OTHER,false
2025-08-07T16:00:00Z,1.1650500000,1.1658100000,1.1610300000,1.1637600000,17917,OTHER,false
2025-08-07T20:00:00Z,1.1637600000,1.1670700000,1.1618600000,1.1665500000,10226,OTHER,false
2025-08-08T00:00:00Z,1.1659900000,1.1678900000,1.1656400000,1.1671900000,6494,OTHER,false
2025-08-08T04:00:00Z,1.1672100000,1.1673100000,1.1654300000,1.1657700000,8122,OTHER,false
2025-08-08T08:00:00Z,1.1657500000,1.1663900000,1.1633900000,1.1636600000,11993,LONDON,false
2025-08-08T12:00:00Z,1.1636500000,1.1653700000,1.1628100000,1.1641200000,13306,OTHER,false
2025-08-08T16:00:00Z,1.1641200000,1.1667000000,1.1640700000,1.1656000000,14098,OTHER,false
2025-08-08T20:00:00Z,1.1656000000,1.1666100000,1.1635700000,1.1639800000,8756,OTHER,false
2025-08-11T00:00:00Z,1.1643200000,1.1650200000,1.1639400000,1.1646900000,5070,OTHER,false
2025-08-11T04:00:00Z,1.1647000000,1.1675100000,1.1644900000,1.1671500000,7146,OTHER,false
2025-08-11T08:00:00Z,1.1671500000,1.1673200000,1.1643500000,1.1654800000,10103,LONDON,false
2025-08-11T12:00:00Z,1.1654200000,1.1657500000,1.1613400000,1.1619700000,10675,OTHER,false
2025-08-11T16:00:00Z,1.1619800000,1.1627100000,1.1589300000,1.1606900000,12928,OTHER,false
2025-08-11T20:00:00Z,1.1606900000,1.1618700000,1.1598000000,1.1616400000,6699,OTHER,false
2025-08-12T00:00:00Z,1.1607900000,1.1619200000,1.1606700000,1.1614700000,5437,OTHER,false
2025-08-12T04:00:00Z,1.1614600000,1.1627200000,1.1613600000,1.1627000000,8742,OTHER,false
2025-08-12T08:00:00Z,1.1627100000,1.1628500000,1.1607300000,1.1614400000,12433,LONDON,false
2025-08-12T12:00:00Z,1.1614400000,1.1655300000,1.1598000000,1.1641800000,14514,OTHER,false
2025-08-12T16:00:00Z,1.1641900000,1.1696800000,1.1616600000,1.1678900000,22776,OTHER,false
2025-08-12T20:00:00Z,1.1679000000,1.1679800000,1.1663800000,1.1672600000,8725,OTHER,false
2025-08-13T00:00:00Z,1.1668700000,1.1680000000,1.1665500000,1.1679300000,4380,OTHER,false
2025-08-13T04:00:00Z,1.1679300000,1.1686900000,1.1669700000,1.1683600000,8070,OTHER,false
2025-08-13T08:00:00Z,1.1683600000,1.1719900000,1.1675900000,1.1713300000,12382,LONDON,false
2025-08-13T12:00:00Z,1.1713700000,1.1729700000,1.1696600000,1.1698400000,10738,OTHER,false
2025-08-13T16:00:00Z,1.1698400000,1.1723000000,1.1692400000,1.1706100000,14050,OTHER,false
2025-08-13T20:00:00Z,1.1706100000,1.1710200000,1.1695200000,1.1703800000,6401,OTHER,false
2025-08-14T00:00:00Z,1.1701800000,1.1714200000,1.1695300000,1.1710600000,4882,OTHER,false
2025-08-14T04:00:00Z,1.1710700000,1.1714500000,1.1698400000,1.1703200000,7822,OTHER,false
2025-08-14T08:00:00Z,1.1703200000,1.1706000000,1.1667200000,1.1667900000,12271,LONDON,false
2025-08-14T12:00:00Z,1.1667900000,1.1696800000,1.1648500000,1.1663500000,14344,OTHER,false
2025-08-14T16:00:00Z,1.1663400000,1.1670800000,1.1630300000,1.1633900000,16824,OTHER,false
2025-08-14T20:00:00Z,1.1634100000,1.1649900000,1.1630700000,1.1648000000,7284,OTHER,false
2025-08-15T00:00:00Z,1.1645400000,1.1652700000,1.1644400000,1.1651700000,3988,OTHER,false
2025-08-15T04:00:00Z,1.1652200000,1.1664200000,1.1647700000,1.1662200000,6605,OTHER,false
2025-08-15T08:00:00Z,1.1662200000,1.1684700000,1.1660700000,1.1681600000,8931,LONDON,false
2025-08-15T12:00:00Z,1.1681600000,1.1699500000,1.1672500000,1.1693500000,10083,OTHER,false
2025-08-15T16:00:00Z,1.1693600000,1.1714900000,1.1681000000,1.1703200000,14110,OTHER,false
2025-08-15T20:00:00Z,1.1703200000,1.1707500000,1.1698100000,1.1702000000,6096,OTHER,false
2025-08-18T00:00:00Z,1.1706000000,1.1713900000,1.1699400000,1.1701300000,5400,OTHER,false
2025-08-18T04:00:00Z,1.1701100000,1.1709800000,1.1692800000,1.1708000000,7726,OTHER,false
2025-08-18T08:00:00Z,1.1708000000,1.1708300000,1.1670400000,1.1681400000,10187,LONDON,false
2025-08-18T12:00:00Z,1.1681400000,1.1687900000,1.1665500000,1.1675800000,9798,OTHER,false
2025-08-18T16:00:00Z,1.1675700000,1.1684000000,1.1655400000,1.1657200000,11976,OTHER,false
2025-08-18T20:00:00Z,1.1657200000,1.1669800000,1.1656000000,1.1660600000,6503,OTHER,false
2025-08-19T00:00:00Z,1.1655300000,1.1674600000,1.1655100000,1.1657800000,4592,OTHER,false
2025-08-19T04:00:00Z,1.1657600000,1.1661700000,1.1638400000,1.1660200000,9185,OTHER,false
2025-08-19T08:00:00Z,1.1660100000,1.1683900000,1.1650400000,1.1674200000,10745,LONDON,false
2025-08-19T12:00:00Z,1.1674300000,1.1692400000,1.1672100000,1.1674900000,9622,OTHER,false
2025-08-19T16:00:00Z,1.1674700000,1.1677700000,1.1653600000,1.1655600000,12375,OTHER,false
2025-08-19T20:00:00Z,1.1655600000,1.1660300000,1.1641700000,1.1645900000,6529,OTHER,false
2025-08-20T00:00:00Z,1.1640900000,1.1648600000,1.1630700000,1.1638200000,5257,OTHER,false
2025-08-20T04:00:00Z,1.1638100000,1.1641700000,1.1621600000,1.1633800000,9192,OTHER,false
2025-08-20T08:00:00Z,1.1633800000,1.1646200000,1.1622600000,1.1637300000,11008,LONDON,false
2025-08-20T12:00:00Z,1.1637300000,1.1673200000,1.1634400000,1.1670400000,10114,OTHER,false
2025-08-20T16:00:00Z,1.1670400000,1.1671300000,1.1645500000,1.1659200000,13660,OTHER,false
2025-08-20T20:00:00Z,1.1659200000,1.1671900000,1.1646200000,1.1650000000,7588,OTHER,false
2025-08-21T00:00:00Z,1.1649400000,1.1654400000,1.1640500000,1.1646200000,5168,OTHER,false
2025-08-21T04:00:00Z,1.1646300000,1.1650000000,1.1640700000,1.1644500000,8429,OTHER,false
2025-08-21T08:00:00Z,1.1645000000,1.1660600000,1.1624300000,1.1654300000,10897,LONDON,false
2025-08-21T12:00:00Z,1.1654400000,1.1662300000,1.1636200000,1.1645800000,11403,OTHER,false
2025-08-21T16:00:00Z,1.1645900000,1.1649500000,1.1600500000,1.1610700000,16252,OTHER,false
2025-08-21T20:00:00Z,1.1611100000,1.1618200000,1.1602900000,1.1605100000,6603,OTHER,false
2025-08-22T00:00:00Z,1.1601000000,1.1616100000,1.1601000000,1.1614300000,4666,OTHER,false
2025-08-22T04:00:00Z,1.1614300000,1.1615300000,1.1582500000,1.1584000000,7986,OTHER,false
2025-08-22T08:00:00Z,1.1583900000,1.1599100000,1.1582700000,1.1598800000,8731,LONDON,false
2025-08-22T12:00:00Z,1.1598800000,1.1613200000,1.1592800000,1.1608300000,8718,OTHER,false
2025-08-22T16:00:00Z,1.1608300000,1.1731800000,1.1596800000,1.1721500000,22026,OTHER,false
2025-08-22T20:00:00Z,1.1721300000,1.1742000000,1.1714200000,1.1721200000,8200,OTHER,false
2025-08-25T00:00:00Z,1.1718000000,1.1725200000,1.1694800000,1.1697500000,4967,OTHER,false
2025-08-25T04:00:00Z,1.1697300000,1.1707300000,1.1692800000,1.1705400000,6514,OTHER,false
2025-08-25T08:00:00Z,1.1705300000,1.1719900000,1.1693500000,1.1703600000,8239,LONDON,false
2025-08-25T12:00:00Z,1.1703100000,1.1704100000,1.1684500000,1.1699300000,8261,OTHER,false
2025-08-25T16:00:00Z,1.1699200000,1.1708400000,1.1650700000,1.1654400000,13010,OTHER,false
2025-08-25T20:00:00Z,1.1654400000,1.1655400000,1.1602100000,1.1620400000,8963,OTHER,false
2025-08-26T00:00:00Z,1.1614600000,1.1659500000,1.1609400000,1.1647300000,8634,OTHER,false
2025-08-26T04:00:00Z,1.1647100000,1.1649600000,1.1623100000,1.1631400000,9741,OTHER,false
2025-08-26T08:00:00Z,1.1631300000,1.1644000000,1.1601600000,1.1617400000,13725,LONDON,false
2025-08-26T12:00:00Z,1.1617300000,1.1660100000,1.1617000000,1.1645800000,11329,OTHER,false
2025-08-26T16:00:00Z,1.1645400000,1.1664800000,1.1636600000,1.1648300000,14342,OTHER,false
2025-08-26T20:00:00Z,1.1648200000,1.1652100000,1.1632700000,1.1640900000,6764,OTHER,false
2025-08-27T00:00:00Z,1.1639900000,1.1647100000,1.1632900000,1.1636300000,4326,OTHER,false
2025-08-27T04:00:00Z,1.1636300000,1.1640200000,1.1611600000,1.1613600000,6957,OTHER,false
2025-08-27T08:00:00Z,1.1613700000,1.1623300000,1.1576400000,1.1588100000,10524,LONDON,false
2025-08-27T12:00:00Z,1.1588200000,1.1597800000,1.1573500000,1.1585800000,10835,OTHER,false
2025-08-27T16:00:00Z,1.1585800000,1.1640200000,1.1581600000,1.1637600000,14200,OTHER,false
2025-08-27T20:00:00Z,1.1637600000,1.1642400000,1.1627300000,1.1637000000,7316,OTHER,false
2025-08-28T00:00:00Z,1.1630200000,1.1648700000,1.1624800000,1.1645000000,4804,OTHER,false
2025-08-28T04:00:00Z,1.1644900000,1.1654200000,1.1638000000,1.1639300000,7394,OTHER,false
2025-08-28T08:00:00Z,1.1639300000,1.1649100000,1.1628500000,1.1642000000,10272,LONDON,false
2025-08-28T12:00:00Z,1.1642000000,1.1686500000,1.1642000000,1.1668900000,12320,OTHER,false
2025-08-28T16:00:00Z,1.1668800000,1.1689500000,1.1658000000,1.1688700000,14237,OTHER,false
2025-08-28T20:00:00Z,1.1688700000,1.1696800000,1.1677000000,1.1682200000,6249,OTHER,false
2025-08-29T00:00:00Z,1.1680100000,1.1681500000,1.1672000000,1.1674200000,4072,OTHER,false
2025-08-29T04:00:00Z,1.1674300000,1.1676000000,1.1655600000,1.1664100000,7071,OTHER,false
2025-08-29T08:00:00Z,1.1664200000,1.1689700000,1.1660500000,1.1675100000,10531,LONDON,false
2025-08-29T12:00:00Z,1.1675100000,1.1682100000,1.1650300000,1.1658000000,10759,OTHER,false
2025-08-29T16:00:00Z,1.1658300000,1.1708100000,1.1653100000,1.1701100000,15180,OTHER,false
2025-08-29T20:00:00Z,1.1700900000,1.1702600000,1.1679400000,1.1686000000,5828,OTHER,false
2025-09-01T00:00:00Z,1.1693200000,1.1697400000,1.1684800000,1.1696500000,4005,OTHER,false
2025-09-01T04:00:00Z,1.1696500000,1.1713800000,1.1687400000,1.1707700000,7548,OTHER,false
2025-09-01T08:00:00Z,1.1707700000,1.1735700000,1.1707500000,1.1734700000,9959,LONDON,false
2025-09-01T12:00:00Z,1.1734800000,1.1735500000,1.1705600000,1.1706800000,9269,OTHER,false
2025-09-01T16:00:00Z,1.1707100000,1.1715800000,1.1696100000,1.1704100000,8519,OTHER,false
2025-09-01T20:00:00Z,1.1704200000,1.1713100000,1.1700500000,1.1710400000,3008,OTHER,false
2025-09-02T00:00:00Z,1.1699700000,1.1717900000,1.1699700000,1.1703800000,4533,OTHER,false
2025-09-02T04:00:00Z,1.1703800000,1.1706300000,1.1689200000,1.1692700000,8382,OTHER,false
2025-09-02T08:00:00Z,1.1692700000,1.1706000000,1.1633000000,1.1644600000,14856,LONDON,false
2025-09-02T12:00:00Z,1.1644400000,1.1652500000,1.1612300000,1.1616700000,16721,OTHER,false
2025-09-02T16:00:00Z,1.1616900000,1.1682000000,1.1614500000,1.1643500000,17803,OTHER,false
2025-09-02T20:00:00Z,1.1643400000,1.1647700000,1.1629000000,1.1642400000,7128,OTHER,false
2025-09-03T00:00:00Z,1.1638000000,1.1643600000,1.1628100000,1.1632400000,4348,OTHER,false
2025-09-03T04:00:00Z,1.1632300000,1.1635000000,1.1621400000,1.1631300000,7376,OTHER,false
2025-09-03T08:00:00Z,1.1631300000,1.1656900000,1.1607400000,1.1655900000,11349,LONDON,false
2025-09-03T12:00:00Z,1.1655900000,1.1664100000,1.1639100000,1.1647700000,11357,OTHER,false
2025-09-03T16:00:00Z,1.1647700000,1.1681500000,1.1638100000,1.1674700000,16029,OTHER,false
2025-09-03T20:00:00Z,1.1674700000,1.1676600000,1.1654900000,1.1660400000,7114,OTHER,false
2025-09-04T00:00:00Z,1.1657600000,1.1662800000,1.1654100000,1.1658200000,4358,OTHER,false
2025-09-04T04:00:00Z,1.1658200000,1.1668700000,1.1649800000,1.1651000000,6817,OTHER,false
2025-09-04T08:00:00Z,1.1651000000,1.1660700000,1.1643500000,1.1657200000,10054,LONDON,false
2025-09-04T12:00:00Z,1.1657200000,1.1659300000,1.1629400000,1.1645300000,12472,OTHER,false
2025-09-04T16:00:00Z,1.1645400000,1.1655100000,1.1630700000,1.1638900000,14492,OTHER,false
2025-09-04T20:00:00Z,1.1638900000,1.1651900000,1.1633700000,1.1650900000,5624,OTHER,false
2025-09-05T00:00:00Z,1.1644700000,1.1660100000,1.1644200000,1.1658900000,4718,OTHER,false
2025-09-05T04:00:00Z,1.1659100000,1.1674100000,1.1659000000,1.1666300000,6138,OTHER,false
2025-09-05T08:00:00Z,1.1666300000,1.1683700000,1.1664600000,1.1682600000,9042,LONDON,false
2025-09-05T12:00:00Z,1.1682700000,1.1749300000,1.1677000000,1.1733600000,13873,OTHER,false
2025-09-05T16:00:00Z,1.1733700000,1.1759000000,1.1713500000,1.1738100000,21133,OTHER,false
2025-09-05T20:00:00Z,1.1738300000,1.1738600000,1.1712300000,1.1716700000,8180,OTHER,false
2025-09-08T00:00:00Z,1.1710800000,1.1718300000,1.1703100000,1.1712400000,6042,OTHER,false
2025-09-08T04:00:00Z,1.1712700000,1.1716700000,1.1705500000,1.1712600000,8875,OTHER,false
2025-09-08T08:00:00Z,1.1712500000,1.1742300000,1.1711400000,1.1730800000,11315,LONDON,false
2025-09-08T12:00:00Z,1.1730800000,1.1740900000,1.1719500000,1.1737000000,10089,OTHER,false
2025-09-08T16:00:00Z,1.1737000000,1.1755600000,1.1734300000,1.1740200000,12441,OTHER,false
2025-09-08T20:00:00Z,1.1740000000,1.1764900000,1.1734300000,1.1762000000,7127,OTHER,false
2025-09-09T00:00:00Z,1.1761400000,1.1773900000,1.1753200000,1.1770900000,5220,OTHER,false
2025-09-09T04:00:00Z,1.1770900000,1.1777500000,1.1762600000,1.1772300000,7767,OTHER,false
2025-09-09T08:00:00Z,1.1772000000,1.1779400000,1.1743700000,1.1758900000,13011,LONDON,false
2025-09-09T12:00:00Z,1.1758900000,1.1771700000,1.1727000000,1.1736700000,11292,OTHER,false
2025-09-09T16:00:00Z,1.1736800000,1.1762100000,1.1715100000,1.1718200000,16853,OTHER,false
2025-09-09T20:00:00Z,1.1718300000,1.1723100000,1.1702900000,1.1708000000,7727,OTHER,false
2025-09-10T00:00:00Z,1.1703700000,1.1713300000,1.1695300000,1.1696400000,5097,OTHER,false
2025-09-10T04:00:00Z,1.1696400000,1.1715100000,1.1688800000,1.1714400000,8561,OTHER,false
2025-09-10T08:00:00Z,1.1714300000,1.1717800000,1.1681900000,1.1699400000,11644,LONDON,false
2025-09-10T12:00:00Z,1.1699300000,1.1726700000,1.1689000000,1.1699800000,13502,OTHER,false
2025-09-10T16:00:00Z,1.1699800000,1.1729700000,1.1695200000,1.1705000000,14487,OTHER,false
2025-09-10T20:00:00Z,1.1705000000,1.1711600000,1.1692800000,1.1693200000,6631,OTHER,false
2025-09-11T00:00:00Z,1.1691700000,1.1706400000,1.1691700000,1.1693400000,4231,OTHER,false
2025-09-11T04:00:00Z,1.1693400000,1.1702200000,1.1692300000,1.1698900000,5620,OTHER,false
2025-09-11T08:00:00Z,1.1698900000,1.1699000000,1.1683100000,1.1691400000,10775,LONDON,false
2025-09-11T12:00:00Z,1.1691300000,1.1720400000,1.1657100000,1.1714400000,15340,OTHER,false
2025-09-11T16:00:00Z,1.1714400000,1.1745400000,1.1713400000,1.1735800000,18739,OTHER,false
2025-09-11T20:00:00Z,1.1735800000,1.1738800000,1.1727100000,1.1736200000,7584,OTHER,false
2025-09-12T00:00:00Z,1.1727500000,1.1740100000,1.1726300000,1.1732400000,5101,OTHER,false
2025-09-12T04:00:00Z,1.1732700000,1.1733900000,1.1720200000,1.1724800000,6447,OTHER,false
2025-09-12T08:00:00Z,1.1725300000,1.1747100000,1.1714900000,1.1716900000,10845,LONDON,false
2025-09-12T12:00:00Z,1.1716900000,1.1734800000,1.1700500000,1.1711700000,11801,OTHER,false
2025-09-12T16:00:00Z,1.1711700000,1.1731200000,1.1702800000,1.1726400000,12972,OTHER,false
2025-09-12T20:00:00Z,1.1726700000,1.1741200000,1.1726200000,1.1730600000,6007,OTHER,false
2025-09-15T00:00:00Z,1.1726400000,1.1734400000,1.1721300000,1.1726100000,3871,OTHER,false
2025-09-15T04:00:00Z,1.1726100000,1.1735100000,1.1722200000,1.1733400000,5673,OTHER,false
2025-09-15T08:00:00Z,1.1733700000,1.1743700000,1.1715600000,1.1736600000,8760,LONDON,false
2025-09-15T12:00:00Z,1.1736400000,1.1770200000,1.1735000000,1.1769000000,9998,OTHER,false
2025-09-15T16:00:00Z,1.1769100000,1.1773900000,1.1750200000,1.1757800000,11603,OTHER,false
2025-09-15T20:00:00Z,1.1757700000,1.1772400000,1.1757500000,1.1759600000,6185,OTHER,false
2025-09-16T00:00:00Z,1.1759300000,1.1765500000,1.1756900000,1.1761500000,4219,OTHER,false
2025-09-16T04:00:00Z,1.1761500000,1.1786300000,1.1757200000,1.1776300000,7694,OTHER,false
2025-09-16T08:00:00Z,1.1776300000,1.1803100000,1.1772900000,1.1794400000,10951,LONDON,false
2025-09-16T12:00:00Z,1.1794400000,1.1820700000,1.1788300000,1.1803900000,12495,OTHER,false
2025-09-16T16:00:00Z,1.1804300000,1.1871200000,1.1803600000,1.1864100000,14304,OTHER,false
2025-09-16T20:00:00Z,1.1864000000,1.1877900000,1.1857400000,1.1865600000,7119,OTHER,false
2025-09-17T00:00:00Z,1.1858700000,1.1872400000,1.1850700000,1.1857800000,3838,OTHER,false
2025-09-17T04:00:00Z,1.1857800000,1.1858800000,1.1850600000,1.1853500000,5153,OTHER,false
2025-09-17T08:00:00Z,1.1853600000,1.1859000000,1.1837600000,1.1847700000,7036,LONDON,false
2025-09-17T12:00:00Z,1.1847900000,1.1849300000,1.1832300000,1.1842900000,7726,OTHER,false
2025-09-17T16:00:00Z,1.1843100000,1.1858700000,1.1841700000,1.1852600000,9115,OTHER,false
2025-09-17T20:00:00Z,1.1852200000,1.1918100000,1.1807300000,1.1812800000,22903,OTHER,false
2025-09-18T00:00:00Z,1.1810100000,1.1828100000,1.1809000000,1.1824700000,5602,OTHER,false
2025-09-18T04:00:00Z,1.1824800000,1.1828000000,1.1793200000,1.1794400000,7208,OTHER,false
2025-09-18T08:00:00Z,1.1794400000,1.1838200000,1.1780000000,1.1827200000,11401,LONDON,false
2025-09-18T12:00:00Z,1.1827200000,1.1847700000,1.1794700000,1.1795000000,13939,OTHER,false
2025-09-18T16:00:00Z,1.1794100000,1.1795800000,1.1749400000,1.1786300000,19124,OTHER,false
2025-09-18T20:00:00Z,1.1786300000,1.1793100000,1.1780800000,1.1784300000,7493,OTHER,false
2025-09-19T00:00:00Z,1.1782700000,1.1790000000,1.1774900000,1.1786000000,5383,OTHER,false
2025-09-19T04:00:00Z,1.1786000000,1.1791800000,1.1769500000,1.1773400000,10287,OTHER,false
2025-09-19T08:00:00Z,1.1773300000,1.1777700000,1.1750500000,1.1760400000,14169,LONDON,false
2025-09-19T12:00:00Z,1.1760400000,1.1768200000,1.1728200000,1.1735600000,11810,OTHER,false
2025-09-19T16:00:00Z,1.1735600000,1.1767200000,1.1734700000,1.1752600000,14519,OTHER,false
2025-09-19T20:00:00Z,1.1752600000,1.1754600000,1.1739800000,1.1743300000,6265,OTHER,false
2025-09-22T00:00:00Z,1.1736500000,1.1747600000,1.1725600000,1.1734000000,5160,OTHER,false
2025-09-22T04:00:00Z,1.1734200000,1.1740300000,1.1725600000,1.1730200000,7943,OTHER,false
2025-09-22T08:00:00Z,1.1730200000,1.1768600000,1.1729300000,1.1761800000,9855,LONDON,false
2025-09-22T12:00:00Z,1.1761900000,1.1786800000,1.1761000000,1.1782600000,9486,OTHER,false
2025-09-22T16:00:00Z,1.1783200000,1.1789700000,1.1762100000,1.1787400000,12268,OTHER,false
2025-09-22T20:00:00Z,1.1787400000,1.1802100000,1.1785300000,1.1801500000,5313,OTHER,false
2025-09-23T00:00:00Z,1.1791200000,1.1806800000,1.1789700000,1.1805700000,4424,OTHER,false
2025-09-23T04:00:00Z,1.1805600000,1.1819300000,1.1796000000,1.1796800000,7326,OTHER,false
2025-09-23T08:00:00Z,1.1796300000,1.1804800000,1.1777300000,1.1802200000,13038,LONDON,false
2025-09-23T12:00:00Z,1.1802600000,1.1811900000,1.1783900000,1.1796100000,10173,OTHER,false
2025-09-23T16:00:00Z,1.1796200000,1.1808900000,1.1783400000,1.1804300000,14781,OTHER,false
2025-09-23T20:00:00Z,1.1804300000,1.1817700000,1.1802400000,1.1813600000,7929,OTHER,false
2025-09-24T00:00:00Z,1.1811600000,1.1818500000,1.1802800000,1.1803400000,5643,OTHER,false
2025-09-24T04:00:00Z,1.1803300000,1.1804600000,1.1794300000,1.1802500000,7533,OTHER,false
2025-09-24T08:00:00Z,1.1802300000,1.1804700000,1.1765800000,1.1771500000,9909,LONDON,false
2025-09-24T12:00:00Z,1.1771500000,1.1774300000,1.1738700000,1.1742100000,10866,OTHER,false
2025-09-24T16:00:00Z,1.1742100000,1.1745700000,1.1727600000,1.1732100000,16433,OTHER,false
2025-09-24T20:00:00Z,1.1732100000,1.1740000000,1.1731100000,1.1737100000,6858,OTHER,false
2025-09-25T00:00:00Z,1.1735700000,1.1747700000,1.1735200000,1.1746800000,4338,OTHER,false
2025-09-25T04:00:00Z,1.1746700000,1.1753300000,1.1739800000,1.1751400000,6433,OTHER,false
2025-09-25T08:00:00Z,1.1751400000,1.1751800000,1.1730000000,1.1742200000,10147,LONDON,false
2025-09-25T12:00:00Z,1.1742400000,1.1753400000,1.1686900000,1.1697600000,12462,OTHER,false
2025-09-25T16:00:00Z,1.1697600000,1.1709800000,1.1666100000,1.1670100000,18008,OTHER,false
2025-09-25T20:00:00Z,1.1669800000,1.1671500000,1.1645100000,1.1664600000,8980,OTHER,false
2025-09-26T00:00:00Z,1.1656700000,1.1670700000,1.1654000000,1.1670600000,7175,OTHER,false
2025-09-26T04:00:00Z,1.1670700000,1.1681400000,1.1664900000,1.1679400000,6442,OTHER,false
2025-09-26T08:00:00Z,1.1679400000,1.1687300000,1.1667800000,1.1680000000,9395,LONDON,false
2025-09-26T12:00:00Z,1.1680000000,1.1685500000,1.1661100000,1.1682500000,11086,OTHER,false
2025-09-26T16:00:00Z,1.1682800000,1.1704000000,1.1677400000,1.1692400000,15755,OTHER,false
2025-09-26T20:00:00Z,1.1692400000,1.1706600000,1.1690200000,1.1699700000,6136,OTHER,false
2025-09-29T00:00:00Z,1.1697900000,1.1722800000,1.1695600000,1.1721000000,4606,OTHER,false
2025-09-29T04:00:00Z,1.1720900000,1.1732500000,1.1713700000,1.1726400000,6401,OTHER,false
2025-09-29T08:00:00Z,1.1726500000,1.1732800000,1.1707200000,1.1723100000,10060,LONDON,false
2025-09-29T12:00:00Z,1.1723100000,1.1750600000,1.1708700000,1.1749300000,10832,OTHER,false
2025-09-29T16:00:00Z,1.1749200000,1.1753900000,1.1722100000,1.1728900000,12759,OTHER,false
2025-09-29T20:00:00Z,1.1728800000,1.1732300000,1.1719500000,1.1726600000,4855,OTHER,false
2025-09-30T00:00:00Z,1.1722100000,1.1731900000,1.1711900000,1.1720100000,4723,OTHER,false
2025-09-30T04:00:00Z,1.1720600000,1.1728100000,1.1711600000,1.1728000000,6527,OTHER,false
2025-09-30T08:00:00Z,1.1728100000,1.1760600000,1.1727600000,1.1755000000,10793,LONDON,false
2025-09-30T12:00:00Z,1.1755000000,1.1757900000,1.1732500000,1.1736600000,9494,OTHER,false
2025-09-30T16:00:00Z,1.1736700000,1.1758400000,1.1715800000,1.1755900000,15643,OTHER,false
2025-09-30T20:00:00Z,1.1756100000,1.1760700000,1.1732200000,1.1732700000,6145,OTHER,false
2025-10-01T00:00:00Z,1.1733600000,1.1742000000,1.1728900000,1.1735400000,3646,OTHER,false
2025-10-01T04:00:00Z,1.1735400000,1.1758100000,1.1729700000,1.1757700000,4882,OTHER,false
2025-10-01T08:00:00Z,1.1757700000,1.1778200000,1.1741500000,1.1749200000,15111,LONDON,false
2025-10-01T12:00:00Z,1.1749400000,1.1768300000,1.1715300000,1.1748500000,15452,OTHER,false
2025-10-01T16:00:00Z,1.1748500000,1.1762700000,1.1714900000,1.1722200000,18212,OTHER,false
2025-10-01T20:00:00Z,1.1722300000,1.1741300000,1.1721000000,1.1728700000,6282,OTHER,false
2025-10-02T00:00:00Z,1.1727800000,1.1736700000,1.1724100000,1.1729300000,4917,OTHER,false
2025-10-02T04:00:00Z,1.1729200000,1.1741500000,1.1723100000,1.1733800000,5415,OTHER,false
2025-10-02T08:00:00Z,1.1733700000,1.1756200000,1.1728800000,1.1753100000,9945,LONDON,false
2025-10-02T12:00:00Z,1.1753200000,1.1757800000,1.1733500000,1.1736900000,10789,OTHER,false
2025-10-02T16:00:00Z,1.1737100000,1.1743300000,1.1682500000,1.1714300000,15931,OTHER,false
2025-10-02T20:00:00Z,1.1714100000,1.1725900000,1.1711600000,1.1715500000,5585,OTHER,false
2025-10-03T00:00:00Z,1.1712200000,1.1725400000,1.1711600000,1.1723700000,3979,OTHER,false
2025-10-03T04:00:00Z,1.1723800000,1.1728700000,1.1715500000,1.1717500000,6557,OTHER,false
2025-10-03T08:00:00Z,1.1717500000,1.1744000000,1.1714200000,1.1739700000,9037,LONDON,false
2025-10-03T12:00:00Z,1.1739100000,1.1742300000,1.1727100000,1.1738800000,9179,OTHER,false
2025-10-03T16:00:00Z,1.1738900000,1.1758600000,1.1732100000,1.1739200000,14397,OTHER,false
2025-10-03T20:00:00Z,1.1739200000,1.1744000000,1.1726100000,1.1740800000,5342,OTHER,false
2025-10-06T00:00:00Z,1.1714000000,1.1726300000,1.1705800000,1.1715500000,9739,OTHER,false
2025-10-06T04:00:00Z,1.1715900000,1.1730300000,1.1709400000,1.1719600000,7120,OTHER,false
2025-10-06T08:00:00Z,1.1719600000,1.1724600000,1.1651400000,1.1667100000,14888,LONDON,false
2025-10-06T12:00:00Z,1.1666400000,1.1689100000,1.1652000000,1.1688300000,12765,OTHER,false
2025-10-06T16:00:00Z,1.1688300000,1.1720400000,1.1683000000,1.1711500000,12911,OTHER,false
2025-10-06T20:00:00Z,1.1711500000,1.1716200000,1.1707700000,1.1711300000,4976,OTHER,false
2025-10-07T00:00:00Z,1.1708700000,1.1714200000,1.1699800000,1.1708300000,5908,OTHER,false
2025-10-07T04:00:00Z,1.1708300000,1.1708300000,1.1693700000,1.1697700000,5446,OTHER,false
2025-10-07T08:00:00Z,1.1697500000,1.1699400000,1.1664400000,1.1665300000,9957,LONDON,false
2025-10-07T12:00:00Z,1.1665300000,1.1675200000,1.1653300000,1.1666400000,10683,OTHER,false
2025-10-07T16:00:00Z,1.1666400000,1.1680500000,1.1654000000,1.1669300000,15217,OTHER,false
2025-10-07T20:00:00Z,1.1669300000,1.1678800000,1.1646900000,1.1656600000,7522,OTHER,false
2025-10-08T00:00:00Z,1.1652700000,1.1660700000,1.1644800000,1.1646800000,5168,OTHER,false
2025-10-08T04:00:00Z,1.1646600000,1.1646600000,1.1615400000,1.1618900000,9618,OTHER,false
2025-10-08T08:00:00Z,1.1618900000,1.1634900000,1.1606400000,1.1614000000,13008,LONDON,false
2025-10-08T12:00:00Z,1.1614200000,1.1637200000,1.1605200000,1.1632000000,12576,OTHER,false
2025-10-08T16:00:00Z,1.1631900000,1.1644000000,1.1597800000,1.1604700000,15011,OTHER,false
2025-10-08T20:00:00Z,1.1604800000,1.1631700000,1.1598900000,1.1628500000,8265,OTHER,false
2025-10-09T00:00:00Z,1.1623000000,1.1640600000,1.1621000000,1.1636500000,6104,OTHER,false
2025-10-09T04:00:00Z,1.1636500000,1.1647300000,1.1635900000,1.1645000000,6697,OTHER,false
2025-10-09T08:00:00Z,1.1644900000,1.1647700000,1.1602600000,1.1611800000,13166,LONDON,false
2025-10-09T12:00:00Z,1.1612000000,1.1626800000,1.1604400000,1.1614500000,13545,OTHER,false
2025-10-09T16:00:00Z,1.1614600000,1.1622600000,1.1546500000,1.1557300000,21191,OTHER,false
2025-10-09T20:00:00Z,1.1557300000,1.1566500000,1.1541300000,1.1563200000,9420,OTHER,false
2025-10-10T00:00:00Z,1.1553000000,1.1570000000,1.1553000000,1.1567000000,5253,OTHER,false
2025-10-10T04:00:00Z,1.1567000000,1.1573600000,1.1561700000,1.1573000000,6628,OTHER,false
2025-10-10T08:00:00Z,1.1573000000,1.1588900000,1.1560500000,1.1578300000,12602,LONDON,false
2025-10-10T12:00:00Z,1.1578200000,1.1582900000,1.1558600000,1.1571400000,11685,OTHER,false
2025-10-10T16:00:00Z,1.1571400000,1.1630200000,1.1561300000,1.1605300000,21053,OTHER,false
2025-10-10T20:00:00Z,1.1605100000,1.1626400000,1.1596500000,1.1620000000,8312,OTHER,false
2025-10-13T00:00:00Z,1.1615400000,1.1615400000,1.1591100000,1.1615200000,9590,OTHER,false
2025-10-13T04:00:00Z,1.1616400000,1.1627000000,1.1609000000,1.1619900000,7867,OTHER,false
2025-10-13T08:00:00Z,1.1619900000,1.1629300000,1.1580900000,1.1584800000,13534,LONDON,false
2025-10-13T12:00:00Z,1.1584700000,1.1597700000,1.1561300000,1.1568000000,12073,OTHER,false
2025-10-13T16:00:00Z,1.1568000000,1.1578200000,1.1556800000,1.1574900000,12582,OTHER,false
2025-10-13T20:00:00Z,1.1574900000,1.1577000000,1.1564600000,1.1569400000,5940,OTHER,false
2025-10-14T00:00:00Z,1.1564800000,1.1573300000,1.1554300000,1.1560300000,5152,OTHER,false
2025-10-14T04:00:00Z,1.1560700000,1.1592000000,1.1560100000,1.1591400000,8714,OTHER,false
2025-10-14T08:00:00Z,1.1591600000,1.1593000000,1.1541500000,1.1558400000,17184,LONDON,false
2025-10-14T12:00:00Z,1.1558500000,1.1564500000,1.1545700000,1.1555200000,14227,OTHER,false
2025-10-14T16:00:00Z,1.1555100000,1.1614400000,1.1553900000,1.1608800000,20354,OTHER,false
2025-10-14T20:00:00Z,1.1608500000,1.1611500000,1.1599300000,1.1606200000,9153,OTHER,false
2025-10-15T00:00:00Z,1.1601700000,1.1613500000,1.1601100000,1.1610000000,5195,OTHER,false
2025-10-15T04:00:00Z,1.1610100000,1.1625400000,1.1606300000,1.1617800000,8488,OTHER,false
2025-10-15T08:00:00Z,1.1618000000,1.1644700000,1.1616900000,1.1632100000,12629,LONDON,false
2025-10-15T12:00:00Z,1.1632100000,1.1638600000,1.1613200000,1.1617100000,12282,OTHER,false
2025-10-15T16:00:00Z,1.1617100000,1.1646400000,1.1609900000,1.1639600000,16608,OTHER,false
2025-10-15T20:00:00Z,1.1639100000,1.1647200000,1.1626300000,1.1646100000,8553,OTHER,false
2025-10-16T00:00:00Z,1.1641700000,1.1666500000,1.1636200000,1.1662300000,6162,OTHER,false
2025-10-16T04:00:00Z,1.1662600000,1.1674900000,1.1655100000,1.1655700000,9209,OTHER,false
2025-10-16T08:00:00Z,1.1655500000,1.1667400000,1.1642400000,1.1658500000,14126,LONDON,false
2025-10-16T12:00:00Z,1.1658500000,1.1663400000,1.1645600000,1.1660000000,13083,OTHER,false
2025-10-16T16:00:00Z,1.1660300000,1.1678500000,1.1649400000,1.1676500000,17469,OTHER,false
2025-10-16T20:00:00Z,1.1676500000,1.1693700000,1.1676100000,1.1687700000,9786,OTHER,false
2025-10-17T00:00:00Z,1.1682200000,1.1710800000,1.1682200000,1.1706200000,5288,OTHER,false
2025-10-17T04:00:00Z,1.1706100000,1.1711900000,1.1694500000,1.1709300000,8280,OTHER,false
2025-10-17T08:00:00Z,1.1709300000,1.1727800000,1.1691100000,1.1696900000,15484,LONDON,false
2025-10-17T12:00:00Z,1.1696900000,1.1707200000,1.1666300000,1.1675800000,13700,OTHER,false
2025-10-17T16:00:00Z,1.1675700000,1.1680900000,1.1655900000,1.1670300000,16572,OTHER,false
2025-10-17T20:00:00Z,1.1670300000,1.1675100000,1.1649200000,1.1650000000,7307,OTHER,false
2025-10-20T00:00:00Z,1.1661500000,1.1665900000,1.1651100000,1.1665900000,5723,OTHER,false
2025-10-20T04:00:00Z,1.1665900000,1.1673300000,1.1655900000,1.1670700000,6490,OTHER,false
2025-10-20T08:00:00Z,1.1670700000,1.1675000000,1.1653100000,1.1662900000,10919,LONDON,false
2025-10-20T12:00:00Z,1.1662900000,1.1667100000,1.1643700000,1.1652500000,11884,OTHER,false
2025-10-20T16:00:00Z,1.1652900000,1.1663800000,1.1645800000,1.1649200000,11142,OTHER,false
2025-10-20T20:00:00Z,1.1648900000,1.1652200000,1.1637800000,1.1640600000,4845,OTHER,false
2025-10-21T00:00:00Z,1.1638300000,1.1654600000,1.1635800000,1.1652600000,4228,OTHER,false
2025-10-21T04:00:00Z,1.1652600000,1.1652600000,1.1631300000,1.1635400000,7224,OTHER,false
2025-10-21T08:00:00Z,1.1635500000,1.1636900000,1.1612300000,1.1620700000,11627,LONDON,false
2025-10-21T12:00:00Z,1.1620600000,1.1626600000,1.1601300000,1.1610600000,12955,OTHER,false
2025-10-21T16:00:00Z,1.1610500000,1.1624000000,1.1597000000,1.1608400000,15611,OTHER,false
2025-10-21T20:00:00Z,1.1608400000,1.1609500000,1.1598200000,1.1599000000,5563,OTHER,false
2025-10-22T00:00:00Z,1.1596300000,1.1607300000,1.1595900000,1.1604100000,3535,OTHER,false
2025-10-22T04:00:00Z,1.1604000000,1.1610400000,1.1600900000,1.1608600000,4737,OTHER,false
2025-10-22T08:00:00Z,1.1608600000,1.1615100000,1.1589400000,1.1597100000,11275,LONDON,false
2025-10-22T12:00:00Z,1.1596700000,1.1601500000,1.1576000000,1.1582500000,11228,OTHER,false
2025-10-22T16:00:00Z,1.1582500000,1.1621900000,1.1581200000,1.1618900000,13838,OTHER,false
2025-10-22T20:00:00Z,1.1618900000,1.1619900000,1.1604300000,1.1608400000,5374,OTHER,false
2025-10-23T00:00:00Z,1.1607800000,1.1613900000,1.1597100000,1.1603500000,3945,OTHER,false
2025-10-23T04:00:00Z,1.1603600000,1.1604900000,1.1590000000,1.1598300000,5220,OTHER,false
2025-10-23T08:00:00Z,1.1598400000,1.1605600000,1.1590100000,1.1595600000,8283,LONDON,false
2025-10-23T12:00:00Z,1.1595600000,1.1605400000,1.1584800000,1.1600100000,8258,OTHER,false
2025-10-23T16:00:00Z,1.1600100000,1.1619300000,1.1597500000,1.1606300000,11010,OTHER,false
2025-10-23T20:00:00Z,1.1606100000,1.1619300000,1.1603600000,1.1617600000,4796,OTHER,false
2025-10-24T00:00:00Z,1.1614700000,1.1621000000,1.1612400000,1.1617200000,3422,OTHER,false
2025-10-24T04:00:00Z,1.1617200000,1.1618300000,1.1605000000,1.1607000000,4665,OTHER,false
2025-10-24T08:00:00Z,1.1607000000,1.1627300000,1.1600300000,1.1609600000,9682,LONDON,false
2025-10-24T12:00:00Z,1.1608800000,1.1647100000,1.1604700000,1.1633600000,11368,OTHER,false
2025-10-24T16:00:00Z,1.1633600000,1.1642900000,1.1617500000,1.1625000000,13817,OTHER,false
2025-10-24T20:00:00Z,1.1625000000,1.1635400000,1.1620000000,1.1626700000,5204,OTHER,false
2025-10-27T00:00:00Z,1.1635400000,1.1637600000,1.1625800000,1.1634900000,7818,OTHER,false
2025-10-27T04:00:00Z,1.1634900000,1.1647700000,1.1620700000,1.1624500000,8125,OTHER,false
2025-10-27T08:00:00Z,1.1624400000,1.1633200000,1.1617700000,1.1628200000,13167,LONDON,false
2025-10-27T12:00:00Z,1.1628200000,1.1651600000,1.1626100000,1.1641300000,16175,OTHER,false
2025-10-27T16:00:00Z,1.1641300000,1.1643000000,1.1631500000,1.1638600000,17358,OTHER,false
2025-10-27T20:00:00Z,1.1638700000,1.1652200000,1.1635100000,1.1644900000,11037,OTHER,false
2025-10-28T00:00:00Z,1.1644700000,1.1659000000,1.1644300000,1.1655600000,6795,OTHER,false
2025-10-28T04:00:00Z,1.1655600000,1.1667600000,1.1654000000,1.1666300000,9378,OTHER,false
2025-10-28T08:00:00Z,1.1666200000,1.1668000000,1.1648800000,1.1652100000,14202,LONDON,false
2025-10-28T12:00:00Z,1.1652200000,1.1665000000,1.1635000000,1.1640200000,15435,OTHER,false
2025-10-28T16:00:00Z,1.1640300000,1.1667900000,1.1625600000,1.1667800000,20184,OTHER,false
2025-10-28T20:00:00Z,1.1667900000,1.1668800000,1.1651100000,1.1654700000,11949,OTHER,false
2025-10-29T00:00:00Z,1.1651100000,1.1660900000,1.1648500000,1.1654500000,7740,OTHER,false
2025-10-29T04:00:00Z,1.1654400000,1.1656000000,1.1631600000,1.1634100000,9511,OTHER,false
2025-10-29T08:00:00Z,1.1634200000,1.1637800000,1.1623200000,1.1623300000,14033,LONDON,false
2025-10-29T12:00:00Z,1.1623300000,1.1648800000,1.1618900000,1.1633800000,16531,OTHER,false
2025-10-29T16:00:00Z,1.1634000000,1.1666000000,1.1631600000,1.1657300000,18880,OTHER,false
2025-10-29T20:00:00Z,1.1657100000,1.1659000000,1.1577700000,1.1601500000,23398,OTHER,false
2025-10-30T00:00:00Z,1.1600700000,1.1615500000,1.1597000000,1.1612100000,7460,OTHER,false
2025-10-30T04:00:00Z,1.1612100000,1.1637500000,1.1606900000,1.1632100000,13460,OTHER,false
2025-10-30T08:00:00Z,1.1632200000,1.1634200000,1.1606900000,1.1617200000,16511,LONDON,false
2025-10-30T12:00:00Z,1.1617200000,1.1628400000,1.1553200000,1.1555000000,18829,OTHER,false
2025-10-30T16:00:00Z,1.1554900000,1.1586200000,1.1547000000,1.1569300000,22315,OTHER,false
2025-10-30T20:00:00Z,1.1569300000,1.1572400000,1.1560300000,1.1565000000,11892,OTHER,false
2025-10-31T00:00:00Z,1.1564700000,1.1577100000,1.1564300000,1.1573700000,6644,OTHER,false
2025-10-31T04:00:00Z,1.1573700000,1.1577600000,1.1565000000,1.1572100000,8193,OTHER,false
2025-10-31T08:00:00Z,1.1572200000,1.1573400000,1.1555100000,1.1570600000,12966,LONDON,false
2025-10-31T12:00:00Z,1.1570700000,1.1576800000,1.1553400000,1.1555900000,15233,OTHER,false
2025-10-31T16:00:00Z,1.1555500000,1.1556300000,1.1522000000,1.1530100000,21591,OTHER,false
2025-10-31T20:00:00Z,1.1530300000,1.1538700000,1.1521600000,1.1537700000,11112,OTHER,false
2025-11-03T00:00:00Z,1.1532000000,1.1538600000,1.1521700000,1.1527100000,9958,OTHER,false
2025-11-03T04:00:00Z,1.1527000000,1.1537700000,1.1526400000,1.1535100000,7699,OTHER,false
2025-11-03T08:00:00Z,1.1535100000,1.1541400000,1.1509800000,1.1514500000,14284,LONDON,false
2025-11-03T12:00:00Z,1.1514500000,1.1522100000,1.1505900000,1.1511100000,15461,OTHER,false
2025-11-03T16:00:00Z,1.1511000000,1.1537800000,1.1505200000,1.1527200000,18644,OTHER,false
2025-11-03T20:00:00Z,1.1527200000,1.1531100000,1.1516100000,1.1519500000,10262,OTHER,false
2025-11-04T00:00:00Z,1.1521200000,1.1521400000,1.1498300000,1.1510000000,7944,OTHER,false
2025-11-04T04:00:00Z,1.1510000000,1.1517700000,1.1505000000,1.1512700000,10362,OTHER,false
2025-11-04T08:00:00Z,1.1512700000,1.1533700000,1.1500100000,1.1501100000,17574,LONDON,false
2025-11-04T12:00:00Z,1.1501000000,1.1509900000,1.1477200000,1.1492200000,17438,OTHER,false
2025-11-04T16:00:00Z,1.1492200000,1.1496700000,1.1473100000,1.1483900000,18631,OTHER,false
2025-11-04T20:00:00Z,1.1484000000,1.1487200000,1.1475200000,1.1481100000,11479,OTHER,false
2025-11-05T00:00:00Z,1.1481800000,1.1498200000,1.1478700000,1.1489600000,9400,OTHER,false
2025-11-05T04:00:00Z,1.1489500000,1.1494300000,1.1485100000,1.1491800000,9324,OTHER,false
2025-11-05T08:00:00Z,1.1491800000,1.1495500000,1.1481400000,1.1484500000,13947,LONDON,false
2025-11-05T12:00:00Z,1.1484600000,1.1493500000,1.1473000000,1.1473800000,15138,OTHER,false
2025-11-05T16:00:00Z,1.1473600000,1.1493200000,1.1469000000,1.1480500000,19790,OTHER,false
2025-11-05T20:00:00Z,1.1480400000,1.1493600000,1.1478800000,1.1490900000,9129,OTHER,false
2025-11-06T00:00:00Z,1.1491100000,1.1508900000,1.1489200000,1.1507400000,7181,OTHER,false
2025-11-06T04:00:00Z,1.1507400000,1.1511000000,1.1503200000,1.1510200000,7924,OTHER,false
2025-11-06T08:00:00Z,1.1510200000,1.1523900000,1.1505400000,1.1513600000,13641,LONDON,false
2025-11-06T12:00:00Z,1.1513700000,1.1544200000,1.1510300000,1.1535700000,15884,OTHER,false
2025-11-06T16:00:00Z,1.1535700000,1.1542800000,1.1519100000,1.1540800000,21109,OTHER,false
2025-11-06T20:00:00Z,1.1540700000,1.1552300000,1.1539300000,1.1546800000,12140,OTHER,false
2025-11-07T00:00:00Z,1.1542300000,1.1551600000,1.1536400000,1.1538100000,8913,OTHER,false
2025-11-07T04:00:00Z,1.1538100000,1.1543000000,1.1532500000,1.1534100000,7788,OTHER,false
2025-11-07T08:00:00Z,1.1534300000,1.1542300000,1.1529600000,1.1538400000,12764,LONDON,false
2025-11-07T12:00:00Z,1.1538300000,1.1569700000,1.1537600000,1.1567600000,16946,OTHER,false
2025-11-07T16:00:00Z,1.1567500000,1.1591100000,1.1565500000,1.1580400000,19702,OTHER,false
2025-11-07T20:00:00Z,1.1580500000,1.1583500000,1.1555600000,1.1560900000,11574,OTHER,false
2025-11-10T00:00:00Z,1.1555300000,1.1560500000,1.1541600000,1.1558200000,10115,OTHER,false
2025-11-10T04:00:00Z,1.1558100000,1.1566600000,1.1551400000,1.1561900000,8434,OTHER,false
2025-11-10T08:00:00Z,1.1561900000,1.1583100000,1.1551500000,1.1568300000,14294,LONDON,false
2025-11-10T12:00:00Z,1.1568300000,1.1578000000,1.1554100000,1.1568000000,14529,OTHER,false
2025-11-10T16:00:00Z,1.1567900000,1.1568600000,1.1541200000,1.1560700000,17500,OTHER,false
2025-11-10T20:00:00Z,1.1560700000,1.1564900000,1.1552900000,1.1556000000,9182,OTHER,false
2025-11-11T00:00:00Z,1.1554200000,1.1560500000,1.1547200000,1.1554700000,7565,OTHER,false
2025-11-11T04:00:00Z,1.1554700000,1.1565200000,1.1552000000,1.1561600000,7982,OTHER,false
2025-11-11T08:00:00Z,1.1561700000,1.1568600000,1.1549700000,1.1564800000,14525,LONDON,false
2025-11-11T12:00:00Z,1.1564800000,1.1605800000,1.1562600000,1.1601100000,16179,OTHER,false
2025-11-11T16:00:00Z,1.1601100000,1.1605200000,1.1590700000,1.1595100000,16965,OTHER,false
2025-11-11T20:00:00Z,1.1594900000,1.1595600000,1.1579100000,1.1579700000,9778,OTHER,false
2025-11-12T00:00:00Z,1.1578800000,1.1587200000,1.1574600000,1.1575500000,7034,OTHER,false
2025-11-12T04:00:00Z,1.1575500000,1.1581500000,1.1570200000,1.1576300000,8608,OTHER,false
2025-11-12T08:00:00Z,1.1576300000,1.1588500000,1.1568400000,1.1570200000,14233,LONDON,false
2025-11-12T12:00:00Z,1.1570200000,1.1580300000,1.1565200000,1.1572100000,15930,OTHER,false
2025-11-12T16:00:00Z,1.1572000000,1.1597800000,1.1563000000,1.1593000000,18389,OTHER,false
2025-11-12T20:00:00Z,1.1593100000,1.1594300000,1.1583000000,1.1590000000,9522,OTHER,false
2025-11-13T00:00:00Z,1.1589600000,1.1594300000,1.1579000000,1.1589400000,8948,OTHER,false
2025-11-13T04:00:00Z,1.1589300000,1.1593000000,1.1580400000,1.1582000000,7477,OTHER,false
2025-11-13T08:00:00Z,1.1581900000,1.1635000000,1.1581200000,1.1616600000,15153,LONDON,false
2025-11-13T12:00:00Z,1.1616700000,1.1625200000,1.1604600000,1.1620500000,15509,OTHER,false
2025-11-13T16:00:00Z,1.1620500000,1.1656000000,1.1617000000,1.1651300000,20272,OTHER,false
2025-11-13T20:00:00Z,1.1651300000,1.1651900000,1.1630500000,1.1633000000,11304,OTHER,false
2025-11-14T00:00:00Z,1.1630000000,1.1639100000,1.1623400000,1.1633400000,9757,OTHER,false
2025-11-14T04:00:00Z,1.1633400000,1.1648300000,1.1629800000,1.1647800000,10218,OTHER,false
2025-11-14T08:00:00Z,1.1647900000,1.1648700000,1.1620300000,1.1622000000,18500,LONDON,false
2025-11-14T12:00:00Z,1.1621600000,1.1653800000,1.1608900000,1.1637800000,19806,OTHER,false
2025-11-14T16:00:00Z,1.1637800000,1.1638500000,1.1606200000,1.1614100000,19978,OTHER,false
2025-11-14T20:00:00Z,1.1614200000,1.1623700000,1.1609800000,1.1615900000,10702,OTHER,false
2025-11-17T00:00:00Z,1.1613000000,1.1624700000,1.1605200000,1.1606500000,6481,OTHER,false
2025-11-17T04:00:00Z,1.1606500000,1.1606600000,1.1596400000,1.1600400000,8161,OTHER,false
2025-11-17T08:00:00Z,1.1600400000,1.1614900000,1.1595200000,1.1601400000,13804,LONDON,false
2025-11-17T12:00:00Z,1.1601300000,1.1608200000,1.1588600000,1.1591200000,15994,OTHER,false
2025-11-17T16:00:00Z,1.1591200000,1.1601900000,1.1581900000,1.1593800000,17316,OTHER,false
2025-11-17T20:00:00Z,1.1593800000,1.1595300000,1.1582600000,1.1591900000,11837,OTHER,false
2025-11-18T00:00:00Z,1.1589500000,1.1594300000,1.1584600000,1.1590900000,5435,OTHER,false
2025-11-18T04:00:00Z,1.1590800000,1.1603700000,1.1588200000,1.1598000000,9820,OTHER,false
2025-11-18T08:00:00Z,1.1597900000,1.1606400000,1.1587500000,1.1589400000,16313,LONDON,false
2025-11-18T12:00:00Z,1.1589200000,1.1602200000,1.1579800000,1.1596900000,17251,OTHER,false
2025-11-18T16:00:00Z,1.1596900000,1.1607800000,1.1571500000,1.1575600000,19880,OTHER,false
2025-11-18T20:00:00Z,1.1575700000,1.1587200000,1.1575100000,1.1580400000,10298,OTHER,false
2025-11-19T00:00:00Z,1.1574200000,1.1585200000,1.1573700000,1.1576800000,7073,OTHER,false
2025-11-19T04:00:00Z,1.1576800000,1.1590900000,1.1572600000,1.1589000000,9662,OTHER,false
2025-11-19T08:00:00Z,1.1589100000,1.1597300000,1.1565600000,1.1573300000,16281,LONDON,false
2025-11-19T12:00:00Z,1.1573400000,1.1591000000,1.1567600000,1.1572900000,16997,OTHER,false
2025-11-19T16:00:00Z,1.1572900000,1.1573900000,1.1526000000,1.1533100000,21383,OTHER,false
2025-11-19T20:00:00Z,1.1533200000,1.1538300000,1.1518100000,1.1537600000,13687,OTHER,false
2025-11-20T00:00:00Z,1.1536900000,1.1542100000,1.1522400000,1.1523000000,6910,OTHER,false
2025-11-20T04:00:00Z,1.1522900000,1.1523600000,1.1510200000,1.1515700000,9740,OTHER,false
2025-11-20T08:00:00Z,1.1515700000,1.1527900000,1.1511600000,1.1527600000,15742,LONDON,false
2025-11-20T12:00:00Z,1.1527500000,1.1539900000,1.1502700000,1.1527700000,17838,OTHER,false
2025-11-20T16:00:00Z,1.1527700000,1.1550100000,1.1520000000,1.1528700000,23229,OTHER,false
2025-11-20T20:00:00Z,1.1528600000,1.1540700000,1.1524000000,1.1528300000,11946,OTHER,false
2025-11-21T00:00:00Z,1.1524800000,1.1538400000,1.1522400000,1.1532500000,7556,OTHER,false
2025-11-21T04:00:00Z,1.1532500000,1.1542100000,1.1532400000,1.1535200000,9465,OTHER,false
2025-11-21T08:00:00Z,1.1535200000,1.1552500000,1.1525000000,1.1525400000,17521,LONDON,false
2025-11-21T12:00:00Z,1.1525300000,1.1527000000,1.1496600000,1.1520700000,20349,OTHER,false
2025-11-21T16:00:00Z,1.1520600000,1.1523500000,1.1491200000,1.1507300000,21257,OTHER,false
2025-11-21T20:00:00Z,1.1507200000,1.1520900000,1.1502000000,1.1513400000,11934,OTHER,false
2025-11-24T00:00:00Z,1.1510800000,1.1514600000,1.1502000000,1.1510400000,5188,OTHER,false
2025-11-24T04:00:00Z,1.1510500000,1.1528400000,1.1510400000,1.1522600000,8861,OTHER,false
2025-11-24T08:00:00Z,1.1522400000,1.1534400000,1.1509700000,1.1529800000,15259,LONDON,false
2025-11-24T12:00:00Z,1.1529800000,1.1550500000,1.1529800000,1.1538500000,17205,OTHER,false
2025-11-24T16:00:00Z,1.1538400000,1.1541200000,1.1511600000,1.1517900000,17639,OTHER,false
2025-11-24T20:00:00Z,1.1518000000,1.1529200000,1.1517300000,1.1521400000,9929,OTHER,false
2025-11-25T00:00:00Z,1.1518700000,1.1530000000,1.1518600000,1.1525800000,6521,OTHER,false
2025-11-25T04:00:00Z,1.1525800000,1.1530300000,1.1511600000,1.1516900000,9333,OTHER,false
2025-11-25T08:00:00Z,1.1516900000,1.1536800000,1.1514800000,1.1534100000,14952,LONDON,false
2025-11-25T12:00:00Z,1.1534100000,1.1562000000,1.1524800000,1.1558400000,18508,OTHER,false
2025-11-25T16:00:00Z,1.1558300000,1.1584100000,1.1549900000,1.1582300000,23095,OTHER,false
2025-11-25T20:00:00Z,1.1582400000,1.1585900000,1.1558200000,1.1569500000,14160,OTHER,false
2025-11-26T00:00:00Z,1.1568000000,1.1583100000,1.1563300000,1.1577300000,8256,OTHER,false
2025-11-26T04:00:00Z,1.1577200000,1.1591600000,1.1574800000,1.1590900000,11958,OTHER,false
2025-11-26T08:00:00Z,1.1591000000,1.1595900000,1.1565800000,1.1571900000,16423,LONDON,false
2025-11-26T12:00:00Z,1.1572200000,1.1584000000,1.1548600000,1.1552500000,21154,OTHER,false
2025-11-26T16:00:00Z,1.1552500000,1.1600800000,1.1547200000,1.1593000000,21041,OTHER,false
2025-11-26T20:00:00Z,1.1592900000,1.1597400000,1.1589200000,1.1596000000,9973,OTHER,false
2025-11-27T00:00:00Z,1.1589200000,1.1612800000,1.1589100000,1.1609200000,6268,OTHER,false
2025-11-27T04:00:00Z,1.1609300000,1.1613600000,1.1600100000,1.1602200000,10770,OTHER,false
2025-11-27T08:00:00Z,1.1602300000,1.1605400000,1.1576600000,1.1577600000,14130,LONDON,false
2025-11-27T12:00:00Z,1.1577700000,1.1596900000,1.1577200000,1.1594900000,13852,OTHER,false
2025-11-27T16:00:00Z,1.1595000000,1.1601600000,1.1590300000,1.1595000000,11210,OTHER,false
2025-11-27T20:00:00Z,1.1595000000,1.1596900000,1.1591300000,1.1596100000,4819,OTHER,false
2025-11-28T00:00:00Z,1.1592800000,1.1601500000,1.1580900000,1.1582600000,5609,OTHER,false
2025-11-28T04:00:00Z,1.1582700000,1.1592300000,1.1580600000,1.1588100000,13459,OTHER,false
2025-11-28T08:00:00Z,1.1588500000,1.1590000000,1.1565700000,1.1567800000,24598,LONDON,false
2025-11-28T12:00:00Z,1.1568200000,1.1578000000,1.1554600000,1.1574000000,18447,OTHER,false
2025-11-28T16:00:00Z,1.1573900000,1.1607000000,1.1570500000,1.1602200000,11397,OTHER,false
2025-11-28T20:00:00Z,1.1602300000,1.1603900000,1.1591400000,1.1594900000,4416,OTHER,false
2025-12-01T00:00:00Z,1.1589300000,1.1615900000,1.1588000000,1.1605200000,7693,OTHER,false
2025-12-01T04:00:00Z,1.1605300000,1.1605800000,1.1589500000,1.1598000000,7492,OTHER,false
2025-12-01T08:00:00Z,1.1597800000,1.1623600000,1.1590500000,1.1622100000,13798,LONDON,false
2025-12-01T12:00:00Z,1.1622200000,1.1652400000,1.1619100000,1.1645000000,14883,OTHER,false
2025-12-01T16:00:00Z,1.1645000000,1.1645200000,1.1617900000,1.1620800000,17303,OTHER,false
2025-12-01T20:00:00Z,1.1620800000,1.1623500000,1.1606600000,1.1607900000,8304,OTHER,false
2025-12-02T00:00:00Z,1.1606500000,1.1611100000,1.1603700000,1.1609300000,4660,OTHER,false
2025-12-02T04:00:00Z,1.1609200000,1.1614200000,1.1607100000,1.1610100000,5721,OTHER,false
2025-12-02T08:00:00Z,1.1610100000,1.1616400000,1.1602400000,1.1610300000,10547,LONDON,false
2025-12-02T12:00:00Z,1.1610300000,1.1619500000,1.1598300000,1.1617600000,12005,OTHER,false
2025-12-02T16:00:00Z,1.1617600000,1.1623200000,1.1591400000,1.1607200000,16715,OTHER,false
2025-12-02T20:00:00Z,1.1607300000,1.1625900000,1.1605600000,1.1625200000,8167,OTHER,false
2025-12-03T00:00:00Z,1.1618300000,1.1637700000,1.1618300000,1.1637000000,4517,OTHER,false
2025-12-03T04:00:00Z,1.1636900000,1.1643800000,1.1635500000,1.1642700000,5265,OTHER,false
2025-12-03T08:00:00Z,1.1642700000,1.1652800000,1.1635700000,1.1645800000,11912,LONDON,false
2025-12-03T12:00:00Z,1.1645700000,1.1675300000,1.1645000000,1.1666300000,13022,OTHER,false
2025-12-03T16:00:00Z,1.1666400000,1.1670900000,1.1654600000,1.1668700000,16913,OTHER,false
2025-12-03T20:00:00Z,1.1668800000,1.1677700000,1.1664300000,1.1671500000,7883,OTHER,false
2025-12-04T00:00:00Z,1.1665500000,1.1672800000,1.1659000000,1.1663300000,4931,OTHER,false
2025-12-04T04:00:00Z,1.1663300000,1.1664000000,1.1653400000,1.1659700000,6834,OTHER,false
2025-12-04T08:00:00Z,1.1659800000,1.1682000000,1.1653100000,1.1677600000,12023,LONDON,false
2025-12-04T12:00:00Z,1.1677600000,1.1680900000,1.1652200000,1.1664900000,13295,OTHER,false
2025-12-04T16:00:00Z,1.1664900000,1.1676800000,1.1653200000,1.1656300000,14920,OTHER,false
2025-12-04T20:00:00Z,1.1656200000,1.1659900000,1.1641100000,1.1644000000,8726,OTHER,false
2025-12-05T00:00:00Z,1.1642200000,1.1653800000,1.1639300000,1.1653500000,4813,OTHER,false
2025-12-05T04:00:00Z,1.1653600000,1.1659300000,1.1646500000,1.1659200000,6454,OTHER,false
2025-12-05T08:00:00Z,1.1659100000,1.1671800000,1.1648400000,1.1654500000,11332,LONDON,false
2025-12-05T12:00:00Z,1.1654500000,1.1657000000,1.1641700000,1.1651700000,12017,OTHER,false
2025-12-05T16:00:00Z,1.1651800000,1.1660200000,1.1627900000,1.1644100000,17572,OTHER,false
2025-12-05T20:00:00Z,1.1644100000,1.1648700000,1.1639800000,1.1641800000,7513,OTHER,false
2025-12-08T00:00:00Z,1.1633700000,1.1653200000,1.1633200000,1.1651600000,6745,OTHER,false
2025-12-08T04:00:00Z,1.1651700000,1.1656300000,1.1648700000,1.1656100000,6645,OTHER,false
2025-12-08T08:00:00Z,1.1656200000,1.1672100000,1.1647800000,1.1648800000,11978,LONDON,false
2025-12-08T12:00:00Z,1.1648800000,1.1657500000,1.1645600000,1.1648300000,13539,OTHER,false
2025-12-08T16:00:00Z,1.1648500000,1.1654800000,1.1616500000,1.1639200000,17727,OTHER,false
2025-12-08T20:00:00Z,1.1639200000,1.1642200000,1.1634400000,1.1637600000,8376,OTHER,false
2025-12-09T00:00:00Z,1.1632900000,1.1647600000,1.1631900000,1.1647300000,5297,OTHER,false
2025-12-09T04:00:00Z,1.1647300000,1.1650400000,1.1643600000,1.1648900000,6669,OTHER,false
2025-12-09T08:00:00Z,1.1648900000,1.1657300000,1.1633700000,1.1652300000,11935,LONDON,false
2025-12-09T12:00:00Z,1.1652300000,1.1654000000,1.1629000000,1.1634500000,13365,OTHER,false
2025-12-09T16:00:00Z,1.1634500000,1.1641200000,1.1615100000,1.1624100000,15916,OTHER,false
2025-12-09T20:00:00Z,1.1624200000,1.1632100000,1.1617000000,1.1626300000,8446,OTHER,false
2025-12-10T00:00:00Z,1.1626500000,1.1628900000,1.1622500000,1.1623800000,4658,OTHER,false
2025-12-10T04:00:00Z,1.1623700000,1.1631100000,1.1621800000,1.1629900000,5315,OTHER,false
2025-12-10T08:00:00Z,1.1629800000,1.1657800000,1.1628700000,1.1636500000,12281,LONDON,false
2025-12-10T12:00:00Z,1.1636500000,1.1642400000,1.1627600000,1.1640200000,12765,OTHER,false
2025-12-10T16:00:00Z,1.1640200000,1.1660200000,1.1633900000,1.1658700000,14990,OTHER,false
2025-12-10T20:00:00Z,1.1658700000,1.1699900000,1.1647100000,1.1694100000,18801,OTHER,false
2025-12-11T00:00:00Z,1.1693900000,1.1707400000,1.1684800000,1.1701900000,7015,OTHER,false
2025-12-11T04:00:00Z,1.1701700000,1.1706200000,1.1684700000,1.1685300000,7785,OTHER,false
2025-12-11T08:00:00Z,1.1685400000,1.1706700000,1.1682300000,1.1702200000,13191,LONDON,false
2025-12-11T12:00:00Z,1.1702400000,1.1736400000,1.1698900000,1.1731000000,14187,OTHER,false
2025-12-11T16:00:00Z,1.1731200000,1.1762900000,1.1730400000,1.1755300000,17953,OTHER,false
2025-12-11T20:00:00Z,1.1755200000,1.1759500000,1.1736500000,1.1739100000,9086,OTHER,false
2025-12-12T00:00:00Z,1.1735800000,1.1746400000,1.1732600000,1.1735000000,5520,OTHER,false
2025-12-12T04:00:00Z,1.1734900000,1.1739400000,1.1731300000,1.1738700000,6371,OTHER,false
2025-12-12T08:00:00Z,1.1738700000,1.1743500000,1.1726900000,1.1732800000,12512,LONDON,false
2025-12-12T12:00:00Z,1.1732800000,1.1735100000,1.1719500000,1.1727400000,12923,OTHER,false
2025-12-12T16:00:00Z,1.1727100000,1.1748200000,1.1723100000,1.1747800000,16683,OTHER,false
2025-12-12T20:00:00Z,1.1747900000,1.1749900000,1.1735300000,1.1740100000,8736,OTHER,false
2025-12-15T00:00:00Z,1.1731100000,1.1742700000,1.1728400000,1.1741400000,5215,OTHER,false
2025-12-15T04:00:00Z,1.1741400000,1.1744900000,1.1731100000,1.1734000000,6105,OTHER,false
2025-12-15T08:00:00Z,1.1733900000,1.1743600000,1.1726500000,1.1743300000,11041,LONDON,false
2025-12-15T12:00:00Z,1.1743300000,1.1759800000,1.1739100000,1.1747500000,10502,OTHER,false
2025-12-15T16:00:00Z,1.1747400000,1.1768900000,1.1744100000,1.1745800000,16248,OTHER,false
2025-12-15T20:00:00Z,1.1746000000,1.1752600000,1.1738400000,1.1752300000,7068,OTHER,false
2025-12-16T00:00:00Z,1.1750700000,1.1758000000,1.1746600000,1.1752000000,5493,OTHER,false
2025-12-16T04:00:00Z,1.1752000000,1.1759200000,1.1749000000,1.1750500000,6252,OTHER,false
2025-12-16T08:00:00Z,1.1750500000,1.1764000000,1.1744400000,1.1756100000,11784,LONDON,false
2025-12-16T12:00:00Z,1.1757000000,1.1794700000,1.1751800000,1.1775800000,14231,OTHER,false
2025-12-16T16:00:00Z,1.1775800000,1.1803400000,1.1760500000,1.1763200000,14757,OTHER,false
2025-12-16T20:00:00Z,1.1763100000,1.1763200000,1.1734000000,1.1747200000,6793,OTHER,false
2025-12-17T00:00:00Z,1.1743500000,1.1752300000,1.1743400000,1.1747300000,5146,OTHER,false
2025-12-17T04:00:00Z,1.1747200000,1.1748100000,1.1724800000,1.1729100000,7584,OTHER,false
2025-12-17T08:00:00Z,1.1729100000,1.1730600000,1.1703100000,1.1716100000,13901,LONDON,false
2025-12-17T12:00:00Z,1.1716200000,1.1733200000,1.1707800000,1.1731800000,14431,OTHER,false
2025-12-17T16:00:00Z,1.1731800000,1.1758200000,1.1728200000,1.1749300000,17651,OTHER,false
2025-12-17T20:00:00Z,1.1749500000,1.1755700000,1.1738500000,1.1740400000,8377,OTHER,false
2025-12-18T00:00:00Z,1.1736200000,1.1745900000,1.1735100000,1.1738400000,5018,OTHER,false
2025-12-18T04:00:00Z,1.1738400000,1.1746900000,1.1736900000,1.1745900000,6143,OTHER,false
2025-12-18T08:00:00Z,1.1746000000,1.1749700000,1.1717300000,1.1722000000,11572,LONDON,false
2025-12-18T12:00:00Z,1.1721900000,1.1762700000,1.1712400000,1.1746900000,15165,OTHER,false
2025-12-18T16:00:00Z,1.1746500000,1.1755700000,1.1715300000,1.1718400000,19807,OTHER,false
2025-12-18T20:00:00Z,1.1719000000,1.1727800000,1.1715400000,1.1724300000,7790,OTHER,false
2025-12-19T00:00:00Z,1.1719900000,1.1728800000,1.1716900000,1.1724400000,4623,OTHER,false
2025-12-19T04:00:00Z,1.1724400000,1.1728600000,1.1715500000,1.1720000000,6155,OTHER,false
2025-12-19T08:00:00Z,1.1719900000,1.1721700000,1.1703500000,1.1712300000,13265,LONDON,false
2025-12-19T12:00:00Z,1.1712400000,1.1719500000,1.1702600000,1.1719400000,12405,OTHER,false
2025-12-19T16:00:00Z,1.1719400000,1.1737700000,1.1708400000,1.1719300000,14926,OTHER,false
2025-12-19T20:00:00Z,1.1719300000,1.1727200000,1.1704100000,1.1707200000,7045,OTHER,false
2025-12-22T00:00:00Z,1.1715100000,1.1719500000,1.1706000000,1.1717300000,5739,OTHER,false
2025-12-22T04:00:00Z,1.1717300000,1.1722200000,1.1713600000,1.1717300000,3226,OTHER,false
2025-12-22T08:00:00Z,1.1717400000,1.1738200000,1.1712900000,1.1730100000,6369,LONDON,false
2025-12-22T12:00:00Z,1.1730100000,1.1754600000,1.1728700000,1.1750600000,7948,OTHER,false
2025-12-22T16:00:00Z,1.1750700000,1.1769300000,1.1745100000,1.1758200000,8129,OTHER,false
2025-12-22T20:00:00Z,1.1758100000,1.1762100000,1.1748800000,1.1761400000,3318,OTHER,false
2025-12-23T00:00:00Z,1.1754700000,1.1776100000,1.1753300000,1.1773100000,5078,OTHER,false
2025-12-23T04:00:00Z,1.1773100000,1.1780500000,1.1772500000,1.1775100000,4527,OTHER,false
2025-12-23T08:00:00Z,1.1775100000,1.1792900000,1.1768600000,1.1792600000,7468,LONDON,false
2025-12-23T12:00:00Z,1.1792700000,1.1801900000,1.1774200000,1.1774800000,11340,OTHER,false
2025-12-23T16:00:00Z,1.1775000000,1.1780400000,1.1763800000,1.1770700000,13444,OTHER,false
2025-12-23T20:00:00Z,1.1770700000,1.1796600000,1.1769500000,1.1793800000,6838,OTHER,false
2025-12-24T00:00:00Z,1.1780600000,1.1806300000,1.1780600000,1.1805400000,6177,OTHER,false
2025-12-24T04:00:00Z,1.1805500000,1.1808100000,1.1785700000,1.1799000000,5777,OTHER,false
2025-12-24T08:00:00Z,1.1798800000,1.1804100000,1.1779600000,1.1799700000,10206,LONDON,false
2025-12-24T12:00:00Z,1.1799700000,1.1800000000,1.1784000000,1.1785200000,7377,OTHER,false
2025-12-24T16:00:00Z,1.1784500000,1.1787000000,1.1772600000,1.1776700000,8383,OTHER,false
2025-12-24T20:00:00Z,1.1776500000,1.1782000000,1.1774300000,1.1777000000,3495,OTHER,false
2025-12-26T00:00:00Z,1.1777400000,1.1791800000,1.1775500000,1.1787400000,7503,OTHER,false
2025-12-26T04:00:00Z,1.1787500000,1.1793400000,1.1780100000,1.1786200000,4719,OTHER,false
2025-12-26T08:00:00Z,1.1786200000,1.1787800000,1.1766400000,1.1770300000,6686,LONDON,false
2025-12-26T12:00:00Z,1.1769600000,1.1796800000,1.1768900000,1.1791500000,6489,OTHER,false
2025-12-26T16:00:00Z,1.1791800000,1.1794400000,1.1761600000,1.1770100000,9801,OTHER,false
2025-12-26T20:00:00Z,1.1770500000,1.1781600000,1.1765500000,1.1769600000,5754,OTHER,false
2025-12-29T00:00:00Z,1.1764600000,1.1786100000,1.1764600000,1.1784100000,4729,OTHER,false
2025-12-29T04:00:00Z,1.1784100000,1.1785300000,1.1753900000,1.1756100000,4178,OTHER,false
2025-12-29T08:00:00Z,1.1756400000,1.1789100000,1.1754400000,1.1776400000,7383,LONDON,false
2025-12-29T12:00:00Z,1.1776300000,1.1780200000,1.1755500000,1.1769900000,8536,OTHER,false
2025-12-29T16:00:00Z,1.1769900000,1.1788700000,1.1749300000,1.1752000000,10872,OTHER,false
2025-12-29T20:00:00Z,1.1752100000,1.1774500000,1.1750700000,1.1773700000,4204,OTHER,false
2025-12-30T00:00:00Z,1.1767300000,1.1775000000,1.1761400000,1.1775000000,3802,OTHER,false
2025-12-30T04:00:00Z,1.1775000000,1.1778800000,1.1770500000,1.1775100000,3373,OTHER,false
2025-12-30T08:00:00Z,1.1775200000,1.1779900000,1.1764200000,1.1768800000,6348,LONDON,false
2025-12-30T12:00:00Z,1.1768700000,1.1777500000,1.1755300000,1.1763400000,7972,OTHER,false
2025-12-30T16:00:00Z,1.1763400000,1.1766500000,1.1745300000,1.1756000000,9061,OTHER,false
2025-12-30T20:00:00Z,1.1756000000,1.1759500000,1.1743300000,1.1747700000,4307,OTHER,false
2025-12-31T00:00:00Z,1.1743400000,1.1749100000,1.1741900000,1.1742700000,2499,OTHER,false
2025-12-31T04:00:00Z,1.1742600000,1.1743500000,1.1732900000,1.1738600000,3224,OTHER,false
2025-12-31T08:00:00Z,1.1738600000,1.1739700000,1.1720100000,1.1735100000,6334,LONDON,false
2025-12-31T12:00:00Z,1.1735100000,1.1759500000,1.1728500000,1.1741900000,7879,OTHER,false
2025-12-31T16:00:00Z,1.1742000000,1.1748800000,1.1720300000,1.1735900000,11197,OTHER,false
2025-12-31T20:00:00Z,1.1735700000,1.1753100000,1.1730500000,1.1745600000,5145,OTHER,false
