time,open,high,low,close,volume,session,news_flag
2021-01-04T00:00:00Z,1.3645200000,1.3689500000,1.3644300000,1.3682300000,12470,OTHER,false
2021-01-04T04:00:00Z,1.3682300000,1.3698200000,1.3667600000,1.3683600000,12050,OTHER,false
2021-01-04T08:00:00Z,1.3683200000,1.3702900000,1.3664500000,1.3673300000,17869,LONDON,false
2021-01-04T12:00:00Z,1.3672900000,1.3703700000,1.3614300000,1.3626800000,20935,OTHER,false
2021-01-04T16:00:00Z,1.3626800000,1.3631800000,1.3541800000,1.3566400000,26735,OTHER,false
2021-01-04T20:00:00Z,1.3566300000,1.3579100000,1.3551300000,1.3568000000,13997,OTHER,false
2021-01-05T00:00:00Z,1.3567900000,1.3578700000,1.3559200000,1.3569400000,11025,OTHER,false
2021-01-05T04:00:00Z,1.3569400000,1.3602300000,1.3567200000,1.3596900000,13455,OTHER,false
2021-01-05T08:00:00Z,1.3597000000,1.3612500000,1.3554000000,1.3572400000,19246,LONDON,false
2021-01-05T12:00:00Z,1.3572300000,1.3607000000,1.3559000000,1.3567000000,19622,OTHER,false
2021-01-05T16:00:00Z,1.3567000000,1.3642100000,1.3563500000,1.3632500000,24258,OTHER,false
2021-01-05T20:00:00Z,1.3632500000,1.3635000000,1.3613000000,1.3625500000,9787,OTHER,false
2021-01-06T00:00:00Z,1.3625200000,1.3646500000,1.3598900000,1.3606400000,17314,OTHER,false
2021-01-06T04:00:00Z,1.3606400000,1.3620600000,1.3591300000,1.3615700000,18278,OTHER,false
2021-01-06T08:00:00Z,1.3615700000,1.3660700000,1.3609500000,1.3644200000,21481,LONDON,false
2021-01-06T12:00:00Z,1.3644200000,1.3671100000,1.3565000000,1.3565200000,21165,OTHER,false
2021-01-06T16:00:00Z,1.3564800000,1.3607000000,1.3538500000,1.3604900000,30109,OTHER,false
2021-01-06T20:00:00Z,1.3604900000,1.3626100000,1.3596100000,1.3607800000,21820,OTHER,false
2021-01-07T00:00:00Z,1.3606500000,1.3633200000,1.3599800000,1.3620100000,9919,OTHER,false
2021-01-07T04:00:00Z,1.3620100000,1.3620700000,1.3572600000,1.3584600000,9476,OTHER,false
2021-01-07T08:00:00Z,1.3584700000,1.3626800000,1.3564300000,1.3594500000,19020,LONDON,false
2021-01-07T12:00:00Z,1.3594300000,1.3612800000,1.3556500000,1.3587900000,20219,OTHER,false
2021-01-07T16:00:00Z,1.3587900000,1.3603600000,1.3532600000,1.3548100000,26721,OTHER,false
2021-01-07T20:00:00Z,1.3548200000,1.3577700000,1.3548100000,1.3562500000,12055,OTHER,false
2021-01-08T00:00:00Z,1.3562600000,1.3572300000,1.3538000000,1.3553100000,9316,OTHER,false
2021-01-08T04:00:00Z,1.3552700000,1.3570300000,1.3546600000,1.3560300000,10287,OTHER,false
2021-01-08T08:00:00Z,1.3560300000,1.3602100000,1.3557600000,1.3600400000,20791,LONDON,false
2021-01-08T12:00:00Z,1.3600400000,1.3626100000,1.3574500000,1.3619500000,21032,OTHER,false
2021-01-08T16:00:00Z,1.3619400000,1.3635600000,1.3547300000,1.3579100000,33535,OTHER,false
2021-01-08T20:00:00Z,1.3579100000,1.3579100000,1.3543100000,1.3560600000,16910,OTHER,false
2021-01-11T00:00:00Z,1.3540200000,1.3568800000,1.3505300000,1.3509300000,10961,OTHER,false
2021-01-11T04:00:00Z,1.3509200000,1.3516600000,1.3491500000,1.3501100000,9613,OTHER,false
2021-01-11T08:00:00Z,1.3501100000,1.3515600000,1.3482600000,1.3492600000,19676,LONDON,false
2021-01-11T12:00:00Z,1.3492700000,1.3502600000,1.3458100000,1.3464600000,19183,OTHER,false
2021-01-11T16:00:00Z,1.3464700000,1.3530200000,1.3450800000,1.3525500000,27594,OTHER,false
2021-01-11T20:00:00Z,1.3525600000,1.3534900000,1.3505300000,1.3511600000,8396,OTHER,false
2021-01-12T00:00:00Z,1.3511200000,1.3530200000,1.3504000000,1.3523000000,10265,OTHER,false
2021-01-12T04:00:00Z,1.3523000000,1.3545100000,1.3515600000,1.3543500000,8903,OTHER,false
2021-01-12T08:00:00Z,1.3543400000,1.3606400000,1.3537900000,1.3602700000,20595,LONDON,false
2021-01-12T12:00:00Z,1.3602600000,1.3605300000,1.3575500000,1.3586700000,18633,OTHER,false
2021-01-12T16:00:00Z,1.3586600000,1.3637000000,1.3580800000,1.3624100000,23078,OTHER,false
2021-01-12T20:00:00Z,1.3624100000,1.3670000000,1.3621100000,1.3662600000,11573,OTHER,false
2021-01-13T00:00:00Z,1.3662500000,1.3682700000,1.3654200000,1.3679200000,7897,OTHER,false
2021-01-13T04:00:00Z,1.3679200000,1.3692700000,1.3674500000,1.3676900000,8706,OTHER,false
2021-01-13T08:00:00Z,1.3676900000,1.3700800000,1.3662000000,1.3689400000,17065,LONDON,false
2021-01-13T12:00:00Z,1.3689200000,1.3693600000,1.3653100000,1.3681700000,19723,OTHER,false
2021-01-13T16:00:00Z,1.3681500000,1.3682100000,1.3611700000,1.3639500000,24375,OTHER,false
2021-01-13T20:00:00Z,1.3639800000,1.3652000000,1.3625800000,1.3633800000,8650,OTHER,false
2021-01-14T00:00:00Z,1.3635200000,1.3655000000,1.3629200000,1.3649900000,8864,OTHER,false
2021-01-14T04:00:00Z,1.3650000000,1.3651100000,1.3616000000,1.3639000000,14013,OTHER,false
2021-01-14T08:00:00Z,1.3638900000,1.3680000000,1.3627700000,1.3652100000,18441,LONDON,false
2021-01-14T12:00:00Z,1.3651900000,1.3662500000,1.3620600000,1.3627000000,17992,OTHER,false
2021-01-14T16:00:00Z,1.3627000000,1.3711000000,1.3623400000,1.3688900000,20583,OTHER,false
2021-01-14T20:00:00Z,1.3688900000,1.3701100000,1.3669600000,1.3686200000,12040,OTHER,false
2021-01-15T00:00:00Z,1.3685800000,1.3697500000,1.3680600000,1.3683000000,9432,OTHER,false
2021-01-15T04:00:00Z,1.3683000000,1.3692100000,1.3666900000,1.3674400000,13405,OTHER,false
2021-01-15T08:00:00Z,1.3674300000,1.3680200000,1.3637400000,1.3640400000,18042,LONDON,false
2021-01-15T12:00:00Z,1.3640400000,1.3660500000,1.3605300000,1.3605400000,18504,OTHER,false
2021-01-15T16:00:00Z,1.3605500000,1.3615600000,1.3572400000,1.3605400000,23447,OTHER,false
2021-01-15T20:00:00Z,1.3605100000,1.3605100000,1.3576300000,1.3582000000,7383,OTHER,false
2021-01-18T00:00:00Z,1.3587000000,1.3598700000,1.3566000000,1.3585600000,10324,OTHER,false
2021-01-18T04:00:00Z,1.3585600000,1.3589600000,1.3559900000,1.3572000000,12018,OTHER,false
2021-01-18T08:00:00Z,1.3572000000,1.3573400000,1.3519600000,1.3528900000,15712,LONDON,false
2021-01-18T12:00:00Z,1.3529000000,1.3557200000,1.3525900000,1.3555500000,13677,OTHER,false
2021-01-18T16:00:00Z,1.3555500000,1.3587700000,1.3544800000,1.3581600000,10319,OTHER,false
2021-01-18T20:00:00Z,1.3581700000,1.3587700000,1.3578000000,1.3585100000,6139,OTHER,false
2021-01-19T00:00:00Z,1.3585300000,1.3610200000,1.3573000000,1.3602900000,9462,OTHER,false
2021-01-19T04:00:00Z,1.3602900000,1.3614600000,1.3598100000,1.3608600000,10964,OTHER,false
2021-01-19T08:00:00Z,1.3608600000,1.3612500000,1.3584200000,1.3607200000,15430,LONDON,false
2021-01-19T12:00:00Z,1.3607200000,1.3627300000,1.3604200000,1.3615800000,16347,OTHER,false
2021-01-19T16:00:00Z,1.3616000000,1.3628500000,1.3604400000,1.3625600000,18293,OTHER,false
2021-01-19T20:00:00Z,1.3625700000,1.3636400000,1.3619800000,1.3632500000,7955,OTHER,false
2021-01-20T00:00:00Z,1.3629100000,1.3650500000,1.3622500000,1.3643300000,8838,OTHER,false
2021-01-20T04:00:00Z,1.3643300000,1.3657300000,1.3642800000,1.3654400000,9496,OTHER,false
2021-01-20T08:00:00Z,1.3654300000,1.3698200000,1.3652100000,1.3690200000,19408,LONDON,false
2021-01-20T12:00:00Z,1.3690500000,1.3718600000,1.3659300000,1.3672700000,19013,OTHER,false
2021-01-20T16:00:00Z,1.3672700000,1.3680400000,1.3623400000,1.3642500000,21392,OTHER,false
2021-01-20T20:00:00Z,1.3642500000,1.3660300000,1.3636100000,1.3650400000,7402,OTHER,false
2021-01-21T00:00:00Z,1.3650600000,1.3681600000,1.3647600000,1.3672900000,8220,OTHER,false
2021-01-21T04:00:00Z,1.3672900000,1.3694700000,1.3669200000,1.3694400000,7556,OTHER,false
2021-01-21T08:00:00Z,1.3694700000,1.3746200000,1.3691700000,1.3733300000,15110,LONDON,false
2021-01-21T12:00:00Z,1.3733200000,1.3736800000,1.3708300000,1.3711400000,19056,OTHER,false
2021-01-21T16:00:00Z,1.3711400000,1.3739800000,1.3705500000,1.3710100000,20467,OTHER,false
2021-01-21T20:00:00Z,1.3710200000,1.3738100000,1.3703500000,1.3730400000,10040,OTHER,false
2021-01-22T00:00:00Z,1.3731100000,1.3735700000,1.3714900000,1.3716800000,8134,OTHER,false
2021-01-22T04:00:00Z,1.3716800000,1.3721500000,1.3704200000,1.3707100000,9339,OTHER,false
2021-01-22T08:00:00Z,1.3706900000,1.3707200000,1.3651700000,1.3667800000,18015,LONDON,false
2021-01-22T12:00:00Z,1.3667700000,1.3676900000,1.3635600000,1.3647000000,14897,OTHER,false
2021-01-22T16:00:00Z,1.3646700000,1.3684600000,1.3641200000,1.3678900000,16174,OTHER,false
2021-01-22T20:00:00Z,1.3678900000,1.3692900000,1.3673400000,1.3682200000,6475,OTHER,false
2021-01-25T00:00:00Z,1.3679300000,1.3691000000,1.3670800000,1.3681800000,8885,OTHER,false
2021-01-25T04:00:00Z,1.3681700000,1.3715200000,1.3681700000,1.3714800000,8843,OTHER,false
2021-01-25T08:00:00Z,1.3714900000,1.3723700000,1.3665700000,1.3673100000,15144,LONDON,false
2021-01-25T12:00:00Z,1.3673200000,1.3699100000,1.3667600000,1.3682700000,14571,OTHER,false
2021-01-25T16:00:00Z,1.3682700000,1.3691000000,1.3648700000,1.3669700000,22112,OTHER,false
2021-01-25T20:00:00Z,1.3669700000,1.3677300000,1.3659200000,1.3674300000,7653,OTHER,false
2021-01-26T00:00:00Z,1.3674400000,1.3679400000,1.3660200000,1.3674900000,4513,OTHER,false
2021-01-26T04:00:00Z,1.3674900000,1.3677000000,1.3646100000,1.3653100000,7824,OTHER,false
2021-01-26T08:00:00Z,1.3653200000,1.3664600000,1.3609900000,1.3658400000,15786,LONDON,false
2021-01-26T12:00:00Z,1.3658400000,1.3714300000,1.3644400000,1.3707900000,16472,OTHER,false
2021-01-26T16:00:00Z,1.3708000000,1.3744100000,1.3705900000,1.3731600000,16779,OTHER,false
2021-01-26T20:00:00Z,1.3731600000,1.3741300000,1.3727900000,1.3735900000,8674,OTHER,false
2021-01-27T00:00:00Z,1.3736200000,1.3751700000,1.3730000000,1.3732600000,7723,OTHER,false
2021-01-27T04:00:00Z,1.3732500000,1.3744700000,1.3722800000,1.3742700000,8317,OTHER,false
2021-01-27T08:00:00Z,1.3742800000,1.3758600000,1.3720800000,1.3734800000,13752,LONDON,false
2021-01-27T12:00:00Z,1.3734700000,1.3744800000,1.3681600000,1.3694500000,16906,OTHER,false
2021-01-27T16:00:00Z,1.3694700000,1.3713600000,1.3659000000,1.3712600000,26184,OTHER,false
2021-01-27T20:00:00Z,1.3712600000,1.3730400000,1.3673100000,1.3685300000,21353,OTHER,false
2021-01-28T00:00:00Z,1.3685200000,1.3693300000,1.3650900000,1.3677600000,11398,OTHER,false
2021-01-28T04:00:00Z,1.3677600000,1.3680400000,1.3661600000,1.3679500000,11381,OTHER,false
2021-01-28T08:00:00Z,1.3679500000,1.3679500000,1.3630100000,1.3650100000,18576,LONDON,false
2021-01-28T12:00:00Z,1.3650100000,1.3684200000,1.3637500000,1.3682200000,20563,OTHER,false
2021-01-28T16:00:00Z,1.3682200000,1.3733700000,1.3681100000,1.3725600000,25451,OTHER,false
2021-01-28T20:00:00Z,1.3725600000,1.3745500000,1.3717600000,1.3718100000,13936,OTHER,false
2021-01-29T00:00:00Z,1.3718600000,1.3732600000,1.3706900000,1.3714600000,7900,OTHER,false
2021-01-29T04:00:00Z,1.3714600000,1.3717400000,1.3695400000,1.3703700000,13261,OTHER,false
2021-01-29T08:00:00Z,1.3703700000,1.3719200000,1.3657300000,1.3667100000,18054,LONDON,false
2021-01-29T12:00:00Z,1.3667100000,1.3749300000,1.3657400000,1.3738800000,21321,OTHER,false
2021-01-29T16:00:00Z,1.3738900000,1.3751400000,1.3700300000,1.3706200000,24552,OTHER,false
2021-01-29T20:00:00Z,1.3706300000,1.3720600000,1.3691500000,1.3698100000,13210,OTHER,false
2021-02-01T00:00:00Z,1.3702900000,1.3728900000,1.3693700000,1.3720900000,10043,OTHER,false
2021-02-01T04:00:00Z,1.3720800000,1.3753100000,1.3720800000,1.3746300000,11311,OTHER,false
2021-02-01T08:00:00Z,1.3746300000,1.3757900000,1.3714700000,1.3729100000,16774,LONDON,false
2021-02-01T12:00:00Z,1.3729000000,1.3729400000,1.3675600000,1.3678200000,15744,OTHER,false
2021-02-01T16:00:00Z,1.3678200000,1.3696900000,1.3656400000,1.3675600000,18793,OTHER,false
2021-02-01T20:00:00Z,1.3675600000,1.3687000000,1.3656900000,1.3660100000,12472,OTHER,false
2021-02-02T00:00:00Z,1.3659600000,1.3694500000,1.3654200000,1.3692900000,8503,OTHER,false
2021-02-02T04:00:00Z,1.3692900000,1.3698000000,1.3680000000,1.3686900000,10452,OTHER,false
2021-02-02T08:00:00Z,1.3686900000,1.3710500000,1.3670900000,1.3687500000,13896,LONDON,false
2021-02-02T12:00:00Z,1.3687700000,1.3694000000,1.3650200000,1.3661800000,16834,OTHER,false
2021-02-02T16:00:00Z,1.3661700000,1.3662500000,1.3611300000,1.3646400000,18413,OTHER,false
2021-02-02T20:00:00Z,1.3646500000,1.3669400000,1.3644300000,1.3667200000,11886,OTHER,false
2021-02-03T00:00:00Z,1.3666900000,1.3680200000,1.3655300000,1.3678600000,7960,OTHER,false
2021-02-03T04:00:00Z,1.3678600000,1.3683100000,1.3659200000,1.3661500000,8958,OTHER,false
2021-02-03T08:00:00Z,1.3661700000,1.3678100000,1.3637500000,1.3637500000,15958,LONDON,false
2021-02-03T12:00:00Z,1.3637500000,1.3653600000,1.3619300000,1.3648100000,14830,OTHER,false
2021-02-03T16:00:00Z,1.3647600000,1.3668500000,1.3637300000,1.3657300000,18965,OTHER,false
2021-02-03T20:00:00Z,1.3657300000,1.3658100000,1.3632100000,1.3643500000,10447,OTHER,false
2021-02-04T00:00:00Z,1.3642800000,1.3652700000,1.3636200000,1.3637100000,7889,OTHER,false
2021-02-04T04:00:00Z,1.3637200000,1.3647400000,1.3595900000,1.3605400000,10638,OTHER,false
2021-02-04T08:00:00Z,1.3604900000,1.3611600000,1.3572700000,1.3584100000,15267,LONDON,false
2021-02-04T12:00:00Z,1.3584300000,1.3697700000,1.3564700000,1.3680700000,20470,OTHER,false
2021-02-04T16:00:00Z,1.3680800000,1.3687400000,1.3652700000,1.3659900000,19138,OTHER,false
2021-02-04T20:00:00Z,1.3659800000,1.3677200000,1.3650500000,1.3671500000,8584,OTHER,false
2021-02-05T00:00:00Z,1.3671500000,1.3690200000,1.3660300000,1.3682500000,10285,OTHER,false
2021-02-05T04:00:00Z,1.3682500000,1.3686200000,1.3665600000,1.3681400000,9768,OTHER,false
2021-02-05T08:00:00Z,1.3681500000,1.3712500000,1.3675000000,1.3690400000,14985,LONDON,false
2021-02-05T12:00:00Z,1.3690400000,1.3719000000,1.3673400000,1.3705000000,19459,OTHER,false
2021-02-05T16:00:00Z,1.3704700000,1.3739900000,1.3700300000,1.3733200000,22665,OTHER,false
2021-02-05T20:00:00Z,1.3733100000,1.3739000000,1.3721200000,1.3736300000,6959,OTHER,false
2021-02-08T00:00:00Z,1.3716900000,1.3741200000,1.3714300000,1.3732200000,13721,OTHER,false
2021-02-08T04:00:00Z,1.3732200000,1.3735400000,1.3722900000,1.3729700000,7225,OTHER,false
2021-02-08T08:00:00Z,1.3729600000,1.3741500000,1.3702500000,1.3706900000,13522,LONDON,false
2021-02-08T12:00:00Z,1.3707000000,1.3711800000,1.3680200000,1.3695100000,15881,OTHER,false
2021-02-08T16:00:00Z,1.3695000000,1.3749200000,1.3693600000,1.3741500000,21188,OTHER,false
2021-02-08T20:00:00Z,1.3741400000,1.3744400000,1.3730800000,1.3737900000,8899,OTHER,false
2021-02-09T00:00:00Z,1.3737600000,1.3759900000,1.3731200000,1.3757100000,8683,OTHER,false
2021-02-09T04:00:00Z,1.3757100000,1.3784700000,1.3753600000,1.3783400000,10373,OTHER,false
2021-02-09T08:00:00Z,1.3783200000,1.3789300000,1.3762100000,1.3781100000,18969,LONDON,false
2021-02-09T12:00:00Z,1.3781100000,1.3788800000,1.3761400000,1.3783500000,16916,OTHER,false
2021-02-09T16:00:00Z,1.3784100000,1.3798400000,1.3772000000,1.3797600000,18192,OTHER,false
2021-02-09T20:00:00Z,1.3797600000,1.3820600000,1.3790600000,1.3815400000,8722,OTHER,false
2021-02-10T00:00:00Z,1.3815400000,1.3817400000,1.3802400000,1.3815400000,6415,OTHER,false
2021-02-10T04:00:00Z,1.3815400000,1.3827500000,1.3814400000,1.3820500000,4892,OTHER,false
2021-02-10T08:00:00Z,1.3820500000,1.3856000000,1.3810100000,1.3834200000,13197,LONDON,false
2021-02-10T12:00:00Z,1.3834200000,1.3851500000,1.3828400000,1.3848100000,13652,OTHER,false
2021-02-10T16:00:00Z,1.3848100000,1.3865900000,1.3837600000,1.3851400000,22381,OTHER,false
2021-02-10T20:00:00Z,1.3851500000,1.3852800000,1.3827600000,1.3831400000,7787,OTHER,false
2021-02-11T00:00:00Z,1.3830300000,1.3835600000,1.3820500000,1.3829300000,4306,OTHER,false
2021-02-11T04:00:00Z,1.3829200000,1.3852000000,1.3827000000,1.3846700000,5299,OTHER,false
2021-02-11T08:00:00Z,1.3846800000,1.3859100000,1.3813600000,1.3834700000,10430,LONDON,false
2021-02-11T12:00:00Z,1.3834800000,1.3845000000,1.3819200000,1.3836500000,12964,OTHER,false
2021-02-11T16:00:00Z,1.3836600000,1.3837200000,1.3800500000,1.3811400000,23266,OTHER,false
2021-02-11T20:00:00Z,1.3811400000,1.3819500000,1.3803200000,1.3814300000,11095,OTHER,false
2021-02-12T00:00:00Z,1.3812700000,1.3816600000,1.3801400000,1.3802200000,6101,OTHER,false
2021-02-12T04:00:00Z,1.3802100000,1.3802200000,1.3787000000,1.3800600000,8629,OTHER,false
2021-02-12T08:00:00Z,1.3800600000,1.3807300000,1.3775600000,1.3788300000,14863,LONDON,false
2021-02-12T12:00:00Z,1.3788300000,1.3810400000,1.3779800000,1.3799900000,15551,OTHER,false
2021-02-12T16:00:00Z,1.3799800000,1.3861000000,1.3795000000,1.3858500000,21954,OTHER,false
2021-02-12T20:00:00Z,1.3858500000,1.3862300000,1.3845600000,1.3853300000,8893,OTHER,false
2021-02-15T00:00:00Z,1.3846200000,1.3891000000,1.3846200000,1.3889200000,9456,OTHER,false
2021-02-15T04:00:00Z,1.3889100000,1.3902800000,1.3883800000,1.3899700000,9175,OTHER,false
2021-02-15T08:00:00Z,1.3899700000,1.3914200000,1.3884100000,1.3897900000,15468,LONDON,false
2021-02-15T12:00:00Z,1.3897900000,1.3913000000,1.3893900000,1.3897300000,12784,OTHER,false
2021-02-15T16:00:00Z,1.3897400000,1.3919100000,1.3896400000,1.3911500000,11943,OTHER,false
2021-02-15T20:00:00Z,1.3911200000,1.3914700000,1.3899700000,1.3899700000,4027,OTHER,false
2021-02-16T00:00:00Z,1.3899500000,1.3945400000,1.3899200000,1.3939800000,8198,OTHER,false
2021-02-16T04:00:00Z,1.3939800000,1.3952100000,1.3925900000,1.3933900000,12136,OTHER,false
2021-02-16T08:00:00Z,1.3933800000,1.3942200000,1.3908700000,1.3930200000,17534,LONDON,false
2021-02-16T12:00:00Z,1.3930300000,1.3940600000,1.3880400000,1.3884800000,20901,OTHER,false
2021-02-16T16:00:00Z,1.3885500000,1.3934200000,1.3869400000,1.3913400000,29915,OTHER,false
2021-02-16T20:00:00Z,1.3913300000,1.3920700000,1.3901000000,1.3902100000,9868,OTHER,false
2021-02-17T00:00:00Z,1.3901400000,1.3907600000,1.3861800000,1.3874700000,12037,OTHER,false
2021-02-17T04:00:00Z,1.3874700000,1.3899300000,1.3872900000,1.3891000000,13018,OTHER,false
2021-02-17T08:00:00Z,1.3891000000,1.3903600000,1.3870300000,1.3884500000,21277,LONDON,false
2021-02-17T12:00:00Z,1.3884500000,1.3886100000,1.3844500000,1.3847900000,21300,OTHER,false
2021-02-17T16:00:00Z,1.3848000000,1.3863800000,1.3829600000,1.3855900000,28261,OTHER,false
2021-02-17T20:00:00Z,1.3855900000,1.3866200000,1.3852000000,1.3859600000,8120,OTHER,false
2021-02-18T00:00:00Z,1.3862600000,1.3877600000,1.3853100000,1.3863200000,8327,OTHER,false
2021-02-18T04:00:00Z,1.3863200000,1.3865100000,1.3847100000,1.3853200000,12530,OTHER,false
2021-02-18T08:00:00Z,1.3853200000,1.3927600000,1.3839600000,1.3924900000,16697,LONDON,false
2021-02-18T12:00:00Z,1.3924700000,1.3985700000,1.3921900000,1.3977600000,19439,OTHER,false
2021-02-18T16:00:00Z,1.3978000000,1.3979900000,1.3926700000,1.3963600000,26655,OTHER,false
2021-02-18T20:00:00Z,1.3963600000,1.3980200000,1.3961300000,1.3972500000,9525,OTHER,false
2021-02-19T00:00:00Z,1.3972500000,1.3975800000,1.3960300000,1.3962300000,8887,OTHER,false
2021-02-19T04:00:00Z,1.3962300000,1.3975600000,1.3951100000,1.3972100000,10004,OTHER,false
2021-02-19T08:00:00Z,1.3972100000,1.4008200000,1.3966800000,1.3989500000,17656,LONDON,false
2021-02-19T12:00:00Z,1.3989500000,1.4036200000,1.3980800000,1.4029700000,19429,OTHER,false
2021-02-19T16:00:00Z,1.4029600000,1.4030100000,1.4007800000,1.4023200000,22006,OTHER,false
2021-02-19T20:00:00Z,1.4023200000,1.4023200000,1.4001100000,1.4004300000,10593,OTHER,false
2021-02-22T00:00:00Z,1.4009200000,1.4051900000,1.4006500000,1.4033600000,19358,OTHER,false
2021-02-22T04:00:00Z,1.4033600000,1.4034500000,1.4011500000,1.4017100000,11913,OTHER,false
2021-02-22T08:00:00Z,1.4017200000,1.4025700000,1.3980300000,1.4013600000,19209,LONDON,false
2021-02-22T12:00:00Z,1.4013600000,1.4046100000,1.4013400000,1.4046000000,16017,OTHER,false
2021-02-22T16:00:00Z,1.4046000000,1.4086100000,1.4023100000,1.4082200000,22998,OTHER,false
2021-02-22T20:00:00Z,1.4082000000,1.4085800000,1.4058100000,1.4060800000,8586,OTHER,false
2021-02-23T00:00:00Z,1.4060800000,1.4083700000,1.4058800000,1.4081500000,8495,OTHER,false
2021-02-23T04:00:00Z,1.4081400000,1.4084300000,1.4067200000,1.4081700000,7068,OTHER,false
2021-02-23T08:00:00Z,1.4081700000,1.4098300000,1.4058900000,1.4089600000,16113,LONDON,false
2021-02-23T12:00:00Z,1.4089600000,1.4096200000,1.4062300000,1.4074700000,16964,OTHER,false
2021-02-23T16:00:00Z,1.4074600000,1.4117200000,1.4054300000,1.4091800000,29358,OTHER,false
2021-02-23T20:00:00Z,1.4091700000,1.4116400000,1.4091000000,1.4112600000,12007,OTHER,false
2021-02-24T00:00:00Z,1.4112500000,1.4240900000,1.4101400000,1.4177300000,13606,OTHER,false
2021-02-24T04:00:00Z,1.4178300000,1.4180300000,1.4150200000,1.4163700000,17091,OTHER,false
2021-02-24T08:00:00Z,1.4163700000,1.4207600000,1.4156400000,1.4162000000,21053,LONDON,false
2021-02-24T12:00:00Z,1.4162000000,1.4164400000,1.4092300000,1.4097700000,20725,OTHER,false
2021-02-24T16:00:00Z,1.4097400000,1.4129100000,1.4082100000,1.4101300000,29399,OTHER,false
2021-02-24T20:00:00Z,1.4101200000,1.4146300000,1.4097200000,1.4138900000,12214,OTHER,false
2021-02-25T00:00:00Z,1.4137800000,1.4150400000,1.4126900000,1.4127100000,11490,OTHER,false
2021-02-25T04:00:00Z,1.4127200000,1.4169600000,1.4126900000,1.4162400000,12645,OTHER,false
2021-02-25T08:00:00Z,1.4162600000,1.4175400000,1.4121800000,1.4174800000,23125,LONDON,false
2021-02-25T12:00:00Z,1.4174800000,1.4174800000,1.4126600000,1.4142700000,26036,OTHER,false
2021-02-25T16:00:00Z,1.4142600000,1.4181700000,1.4054700000,1.4064500000,34646,OTHER,false
2021-02-25T20:00:00Z,1.4064500000,1.4067400000,1.4000100000,1.4007000000,32772,OTHER,false
2021-02-26T00:00:00Z,1.4009100000,1.4026200000,1.3949900000,1.3997100000,21622,OTHER,false
2021-02-26T04:00:00Z,1.3997100000,1.4021900000,1.3942400000,1.3949900000,22915,OTHER,false
2021-02-26T08:00:00Z,1.3949900000,1.3961400000,1.3901400000,1.3942700000,30844,LONDON,false
2021-02-26T12:00:00Z,1.3942400000,1.3968200000,1.3887700000,1.3956800000,34381,OTHER,false
2021-02-26T16:00:00Z,1.3956800000,1.3987200000,1.3913200000,1.3944900000,46075,OTHER,false
2021-02-26T20:00:00Z,1.3944900000,1.3957600000,1.3923800000,1.3927000000,19271,OTHER,false
2021-03-01T00:00:00Z,1.3928400000,1.3999100000,1.3927900000,1.3985200000,21468,OTHER,false
2021-03-01T04:00:00Z,1.3985200000,1.3995800000,1.3963500000,1.3983300000,14663,OTHER,false
2021-03-01T08:00:00Z,1.3983200000,1.3998900000,1.3927200000,1.3946100000,20970,LONDON,false
2021-03-01T12:00:00Z,1.3945900000,1.3977900000,1.3903800000,1.3937400000,21635,OTHER,false
2021-03-01T16:00:00Z,1.3937400000,1.3961700000,1.3911800000,1.3919000000,30812,OTHER,false
2021-03-01T20:00:00Z,1.3919000000,1.3932500000,1.3904200000,1.3924700000,13870,OTHER,false
2021-03-02T00:00:00Z,1.3924100000,1.3932400000,1.3901800000,1.3905900000,11374,OTHER,false
2021-03-02T04:00:00Z,1.3905900000,1.3911900000,1.3865900000,1.3881500000,20360,OTHER,false
2021-03-02T08:00:00Z,1.3881800000,1.3902000000,1.3859000000,1.3866400000,21417,LONDON,false
2021-03-02T12:00:00Z,1.3866100000,1.3928400000,1.3858800000,1.3911000000,17187,OTHER,false
2021-03-02T16:00:00Z,1.3911000000,1.3970200000,1.3909500000,1.3967400000,23474,OTHER,false
2021-03-02T20:00:00Z,1.3967400000,1.3976900000,1.3950400000,1.3951700000,9325,OTHER,false
2021-03-03T00:00:00Z,1.3951500000,1.3966000000,1.3948400000,1.3960700000,6463,OTHER,false
2021-03-03T04:00:00Z,1.3960700000,1.3965600000,1.3949000000,1.3951700000,9357,OTHER,false
2021-03-03T08:00:00Z,1.3951800000,1.4006200000,1.3937000000,1.3981600000,16266,LONDON,false
2021-03-03T12:00:00Z,1.3981600000,1.3987900000,1.3942200000,1.3970500000,17685,OTHER,false
2021-03-03T16:00:00Z,1.3970500000,1.3991100000,1.3920700000,1.3971000000,30636,OTHER,false
2021-03-03T20:00:00Z,1.3971000000,1.3984400000,1.3946900000,1.3948600000,13361,OTHER,false
2021-03-04T00:00:00Z,1.3947800000,1.3955200000,1.3920600000,1.3941600000,8172,OTHER,false
2021-03-04T04:00:00Z,1.3941700000,1.3960900000,1.3931800000,1.3955200000,12934,OTHER,false
2021-03-04T08:00:00Z,1.3955400000,1.3968400000,1.3916300000,1.3928500000,18055,LONDON,false
2021-03-04T12:00:00Z,1.3928500000,1.3971600000,1.3920300000,1.3961600000,17532,OTHER,false
2021-03-04T16:00:00Z,1.3961200000,1.4016500000,1.3921500000,1.3924700000,34910,OTHER,false
2021-03-04T20:00:00Z,1.3922600000,1.3937700000,1.3879900000,1.3893600000,26489,OTHER,false
2021-03-05T00:00:00Z,1.3892700000,1.3896800000,1.3866800000,1.3881200000,11913,OTHER,false
2021-03-05T04:00:00Z,1.3881200000,1.3906500000,1.3871400000,1.3885600000,12597,OTHER,false
2021-03-05T08:00:00Z,1.3885600000,1.3889900000,1.3811500000,1.3819200000,18411,LONDON,false
2021-03-05T12:00:00Z,1.3819200000,1.3837300000,1.3777800000,1.3825100000,20494,OTHER,false
2021-03-05T16:00:00Z,1.3825100000,1.3869200000,1.3793300000,1.3823900000,31483,OTHER,false
2021-03-05T20:00:00Z,1.3823800000,1.3853200000,1.3820800000,1.3828900000,7646,OTHER,false
2021-03-08T00:00:00Z,1.3797600000,1.3864500000,1.3797600000,1.3850000000,17551,OTHER,false
2021-03-08T04:00:00Z,1.3850000000,1.3853000000,1.3808500000,1.3834100000,18116,OTHER,false
2021-03-08T08:00:00Z,1.3833700000,1.3846100000,1.3799500000,1.3830500000,23604,LONDON,false
2021-03-08T12:00:00Z,1.3830500000,1.3856100000,1.3813500000,1.3848700000,25643,OTHER,false
2021-03-08T16:00:00Z,1.3848600000,1.3854300000,1.3802400000,1.3837500000,36278,OTHER,false
2021-03-08T20:00:00Z,1.3837900000,1.3846000000,1.3814300000,1.3819800000,18169,OTHER,false
2021-03-09T00:00:00Z,1.3820200000,1.3826200000,1.3801400000,1.3806700000,13276,OTHER,false
2021-03-09T04:00:00Z,1.3806600000,1.3850100000,1.3806300000,1.3838300000,19566,OTHER,false
2021-03-09T08:00:00Z,1.3838400000,1.3899300000,1.3826700000,1.3895500000,25066,LONDON,false
2021-03-09T12:00:00Z,1.3895500000,1.3896900000,1.3859500000,1.3886600000,24701,OTHER,false
2021-03-09T16:00:00Z,1.3886300000,1.3925000000,1.3880400000,1.3889500000,30791,OTHER,false
2021-03-09T20:00:00Z,1.3889500000,1.3904200000,1.3884200000,1.3886600000,13774,OTHER,false
2021-03-10T00:00:00Z,1.3885500000,1.3896700000,1.3868200000,1.3869800000,10236,OTHER,false
2021-03-10T04:00:00Z,1.3870000000,1.3871800000,1.3847200000,1.3858100000,14161,OTHER,false
2021-03-10T08:00:00Z,1.3857800000,1.3909400000,1.3844900000,1.3908300000,18121,LONDON,false
2021-03-10T12:00:00Z,1.3908300000,1.3913700000,1.3854200000,1.3906100000,23289,OTHER,false
2021-03-10T16:00:00Z,1.3906000000,1.3933800000,1.3879500000,1.3904300000,31963,OTHER,false
2021-03-10T20:00:00Z,1.3904200000,1.3937700000,1.3895700000,1.3933200000,18795,OTHER,false
2021-03-11T00:00:00Z,1.3933100000,1.3935500000,1.3917000000,1.3925800000,10664,OTHER,false
2021-03-11T04:00:00Z,1.3925900000,1.3941100000,1.3925700000,1.3938900000,12186,OTHER,false
2021-03-11T08:00:00Z,1.3939000000,1.3958200000,1.3924400000,1.3949700000,19618,LONDON,false
2021-03-11T12:00:00Z,1.3949700000,1.3976800000,1.3945500000,1.3965100000,21787,OTHER,false
2021-03-11T16:00:00Z,1.3964900000,1.3980500000,1.3938800000,1.3969200000,26841,OTHER,false
2021-03-11T20:00:00Z,1.3969200000,1.3995000000,1.3967300000,1.3990000000,13431,OTHER,false
2021-03-12T00:00:00Z,1.3989100000,1.4004600000,1.3981600000,1.3994100000,8397,OTHER,false
2021-03-12T04:00:00Z,1.3994100000,1.3994300000,1.3970100000,1.3975200000,13169,OTHER,false
2021-03-12T08:00:00Z,1.3974800000,1.3976300000,1.3906400000,1.3912000000,21564,LONDON,false
2021-03-12T12:00:00Z,1.3912000000,1.3933400000,1.3878500000,1.3885300000,21762,OTHER,false
2021-03-12T16:00:00Z,1.3885300000,1.3934600000,1.3862800000,1.3921400000,30279,OTHER,false
2021-03-12T20:00:00Z,1.3921500000,1.3932200000,1.3913800000,1.3918600000,12057,OTHER,false
2021-03-15T00:00:00Z,1.3916500000,1.3949600000,1.3916200000,1.3935900000,10525,OTHER,false
2021-03-15T04:00:00Z,1.3935800000,1.3941100000,1.3903100000,1.3907100000,15756,OTHER,false
2021-03-15T08:00:00Z,1.3907000000,1.3946800000,1.3895500000,1.3933500000,19248,LONDON,false
2021-03-15T12:00:00Z,1.3933500000,1.3935600000,1.3903900000,1.3907200000,18764,OTHER,false
2021-03-15T16:00:00Z,1.3907200000,1.3912000000,1.3853000000,1.3892400000,22272,OTHER,false
2021-03-15T20:00:00Z,1.3892400000,1.3903300000,1.3873100000,1.3900100000,7700,OTHER,false
2021-03-16T00:00:00Z,1.3899600000,1.3902600000,1.3881800000,1.3884000000,7660,OTHER,false
2021-03-16T04:00:00Z,1.3884000000,1.3885300000,1.3862500000,1.3871800000,12642,OTHER,false
2021-03-16T08:00:00Z,1.3871800000,1.3872500000,1.3808800000,1.3827300000,18359,LONDON,false
2021-03-16T12:00:00Z,1.3827300000,1.3893900000,1.3824200000,1.3878100000,21119,OTHER,false
2021-03-16T16:00:00Z,1.3878100000,1.3905600000,1.3868500000,1.3892000000,21644,OTHER,false
2021-03-16T20:00:00Z,1.3892000000,1.3903400000,1.3885400000,1.3891500000,9353,OTHER,false
2021-03-17T00:00:00Z,1.3892400000,1.3904900000,1.3877900000,1.3885500000,8515,OTHER,false
2021-03-17T04:00:00Z,1.3885600000,1.3897600000,1.3879400000,1.3880800000,10021,OTHER,false
2021-03-17T08:00:00Z,1.3880800000,1.3929100000,1.3877400000,1.3899500000,15699,LONDON,false
2021-03-17T12:00:00Z,1.3899500000,1.3923500000,1.3886300000,1.3898900000,18232,OTHER,false
2021-03-17T16:00:00Z,1.3898900000,1.3910400000,1.3850500000,1.3856000000,21283,OTHER,false
2021-03-17T20:00:00Z,1.3863200000,1.3970300000,1.3862600000,1.3959300000,22220,OTHER,false
2021-03-18T00:00:00Z,1.3959200000,1.3977100000,1.3947000000,1.3952000000,11643,OTHER,false
2021-03-18T04:00:00Z,1.3952000000,1.3959500000,1.3935700000,1.3956600000,12675,OTHER,false
2021-03-18T08:00:00Z,1.3956600000,1.4000900000,1.3944700000,1.3960100000,22448,LONDON,false
2021-03-18T12:00:00Z,1.3960200000,1.3993300000,1.3898800000,1.3901600000,26194,OTHER,false
2021-03-18T16:00:00Z,1.3901700000,1.3952000000,1.3896900000,1.3949200000,25594,OTHER,false
2021-03-18T20:00:00Z,1.3949200000,1.3949800000,1.3914500000,1.3927600000,15918,OTHER,false
2021-03-19T00:00:00Z,1.3927700000,1.3933200000,1.3892000000,1.3914300000,9865,OTHER,false
2021-03-19T04:00:00Z,1.3914400000,1.3925500000,1.3900200000,1.3915400000,13573,OTHER,false
2021-03-19T08:00:00Z,1.3915400000,1.3958800000,1.3906200000,1.3923000000,19336,LONDON,false
2021-03-19T12:00:00Z,1.3922900000,1.3936700000,1.3833400000,1.3840400000,24831,OTHER,false
2021-03-19T16:00:00Z,1.3840300000,1.3881300000,1.3830400000,1.3880500000,23822,OTHER,false
2021-03-19T20:00:00Z,1.3880500000,1.3885500000,1.3857900000,1.3862800000,8568,OTHER,false
2021-03-22T00:00:00Z,1.3836600000,1.3846400000,1.3817100000,1.3826000000,9182,OTHER,false
2021-03-22T04:00:00Z,1.3826000000,1.3861500000,1.3825200000,1.3854600000,7787,OTHER,false
2021-03-22T08:00:00Z,1.3854500000,1.3873600000,1.3836000000,1.3853900000,18097,LONDON,false
2021-03-22T12:00:00Z,1.3853900000,1.3876300000,1.3820900000,1.3827600000,18566,OTHER,false
2021-03-22T16:00:00Z,1.3827600000,1.3871200000,1.3822500000,1.3864600000,17836,OTHER,false
2021-03-22T20:00:00Z,1.3864200000,1.3868500000,1.3855200000,1.3858300000,6181,OTHER,false
2021-03-23T00:00:00Z,1.3858300000,1.3864000000,1.3838800000,1.3844700000,6827,OTHER,false
2021-03-23T04:00:00Z,1.3844700000,1.3851000000,1.3824500000,1.3830400000,9226,OTHER,false
2021-03-23T08:00:00Z,1.3830500000,1.3852400000,1.3767400000,1.3776100000,18170,LONDON,false
2021-03-23T12:00:00Z,1.3776200000,1.3801300000,1.3751100000,1.3775700000,22047,OTHER,false
2021-03-23T16:00:00Z,1.3775700000,1.3800100000,1.3755900000,1.3759200000,20990,OTHER,false
2021-03-23T20:00:00Z,1.3759000000,1.3766700000,1.3740100000,1.3749400000,10588,OTHER,false
2021-03-24T00:00:00Z,1.3749400000,1.3756800000,1.3723300000,1.3733700000,7886,OTHER,false
2021-03-24T04:00:00Z,1.3733600000,1.3735600000,1.3700800000,1.3707900000,8070,OTHER,false
2021-03-24T08:00:00Z,1.3708000000,1.3731300000,1.3673600000,1.3729800000,18204,LONDON,false
2021-03-24T12:00:00Z,1.3729800000,1.3732200000,1.3697500000,1.3708200000,17418,OTHER,false
2021-03-24T16:00:00Z,1.3708400000,1.3732600000,1.3695600000,1.3712000000,18818,OTHER,false
2021-03-24T20:00:00Z,1.3712000000,1.3712300000,1.3679200000,1.3686600000,9360,OTHER,false
2021-03-25T00:00:00Z,1.3686600000,1.3697100000,1.3678500000,1.3682300000,6721,OTHER,false
2021-03-25T04:00:00Z,1.3682300000,1.3707400000,1.3681400000,1.3695500000,8632,OTHER,false
2021-03-25T08:00:00Z,1.3695600000,1.3704000000,1.3669800000,1.3701200000,14051,LONDON,false
2021-03-25T12:00:00Z,1.3701200000,1.3730300000,1.3691900000,1.3717000000,20655,OTHER,false
2021-03-25T16:00:00Z,1.3717000000,1.3742500000,1.3705400000,1.3737500000,24705,OTHER,false
2021-03-25T20:00:00Z,1.3737500000,1.3744800000,1.3721900000,1.3738000000,10061,OTHER,false
2021-03-26T00:00:00Z,1.3737600000,1.3765500000,1.3732400000,1.3761700000,5825,OTHER,false
2021-03-26T04:00:00Z,1.3761700000,1.3768600000,1.3753000000,1.3766100000,6835,OTHER,false
2021-03-26T08:00:00Z,1.3765800000,1.3790700000,1.3741400000,1.3790500000,13857,LONDON,false
2021-03-26T12:00:00Z,1.3790300000,1.3798600000,1.3750800000,1.3792900000,15951,OTHER,false
2021-03-26T16:00:00Z,1.3792700000,1.3811900000,1.3783600000,1.3792500000,16207,OTHER,false
2021-03-26T20:00:00Z,1.3792400000,1.3794000000,1.3775700000,1.3791300000,7789,OTHER,false
2021-03-29T00:00:00Z,1.3776200000,1.3797900000,1.3770200000,1.3774200000,4266,OTHER,false
2021-03-29T04:00:00Z,1.3774200000,1.3789200000,1.3765300000,1.3772400000,6026,OTHER,false
2021-03-29T08:00:00Z,1.3772400000,1.3836200000,1.3756000000,1.3809100000,13816,LONDON,false
2021-03-29T12:00:00Z,1.3809100000,1.3846400000,1.3806700000,1.3822100000,13741,OTHER,false
2021-03-29T16:00:00Z,1.3822200000,1.3837100000,1.3764200000,1.3777500000,20844,OTHER,false
2021-03-29T20:00:00Z,1.3777400000,1.3781500000,1.3754800000,1.3759800000,8843,OTHER,false
2021-03-30T00:00:00Z,1.3760100000,1.3775400000,1.3757100000,1.3768100000,3804,OTHER,false
2021-03-30T04:00:00Z,1.3768100000,1.3780900000,1.3759600000,1.3780700000,6181,OTHER,false
2021-03-30T08:00:00Z,1.3780700000,1.3783200000,1.3741600000,1.3772000000,12840,LONDON,false
2021-03-30T12:00:00Z,1.3772000000,1.3778600000,1.3729700000,1.3738600000,15714,OTHER,false
2021-03-30T16:00:00Z,1.3738600000,1.3754300000,1.3705700000,1.3718000000,19333,OTHER,false
2021-03-30T20:00:00Z,1.3718000000,1.3741200000,1.3712800000,1.3739000000,8281,OTHER,false
2021-03-31T00:00:00Z,1.3738500000,1.3750500000,1.3726900000,1.3742400000,5374,OTHER,false
2021-03-31T04:00:00Z,1.3742500000,1.3745100000,1.3717800000,1.3725600000,7210,OTHER,false
2021-03-31T08:00:00Z,1.3725600000,1.3782500000,1.3715600000,1.3782000000,13244,LONDON,false
2021-03-31T12:00:00Z,1.3782000000,1.3794000000,1.3754800000,1.3767500000,14682,OTHER,false
2021-03-31T16:00:00Z,1.3767600000,1.3811500000,1.3758600000,1.3799700000,19802,OTHER,false
2021-03-31T20:00:00Z,1.3799400000,1.3808200000,1.3775800000,1.3779700000,8314,OTHER,false
2021-04-01T00:00:00Z,1.3781600000,1.3789500000,1.3771100000,1.3787700000,5172,OTHER,false
2021-04-01T04:00:00Z,1.3787700000,1.3790300000,1.3764700000,1.3766800000,8776,OTHER,false
2021-04-01T08:00:00Z,1.3766600000,1.3795700000,1.3745800000,1.3775300000,16044,LONDON,false
2021-04-01T12:00:00Z,1.3775300000,1.3795700000,1.3758000000,1.3790900000,15163,OTHER,false
2021-04-01T16:00:00Z,1.3790900000,1.3836000000,1.3790100000,1.3817500000,15295,OTHER,false
2021-04-01T20:00:00Z,1.3817500000,1.3835700000,1.3817300000,1.3831600000,4707,OTHER,false
2021-04-02T00:00:00Z,1.3832000000,1.3845100000,1.3827400000,1.3840800000,3443,OTHER,false
2021-04-02T04:00:00Z,1.3840500000,1.3849300000,1.3832600000,1.3845300000,4200,OTHER,false
2021-04-02T08:00:00Z,1.3844700000,1.3851400000,1.3832100000,1.3834600000,4316,LONDON,false
2021-04-02T12:00:00Z,1.3834500000,1.3842100000,1.3809600000,1.3832600000,4246,OTHER,false
2021-04-02T16:00:00Z,1.3832700000,1.3833100000,1.3812800000,1.3818900000,10152,OTHER,false
2021-04-02T20:00:00Z,1.3819000000,1.3833500000,1.3813400000,1.3831100000,32954,OTHER,false
2021-04-05T00:00:00Z,1.3810400000,1.3834800000,1.3810400000,1.3828800000,2956,OTHER,false
2021-04-05T04:00:00Z,1.3827700000,1.3842600000,1.3826000000,1.3826700000,5691,OTHER,false
2021-04-05T08:00:00Z,1.3826600000,1.3867900000,1.3812400000,1.3861000000,7760,LONDON,false
2021-04-05T12:00:00Z,1.3861100000,1.3879700000,1.3852800000,1.3876200000,8117,OTHER,false
2021-04-05T16:00:00Z,1.3876300000,1.3913000000,1.3872900000,1.3902000000,12452,OTHER,false
2021-04-05T20:00:00Z,1.3902000000,1.3906900000,1.3898100000,1.3898600000,5356,OTHER,false
2021-04-06T00:00:00Z,1.3898600000,1.3914800000,1.3894300000,1.3902700000,4241,OTHER,false
2021-04-06T04:00:00Z,1.3902600000,1.3907900000,1.3888900000,1.3905300000,6096,OTHER,false
2021-04-06T08:00:00Z,1.3905300000,1.3918200000,1.3838500000,1.3853900000,13561,LONDON,false
2021-04-06T12:00:00Z,1.3854000000,1.3858600000,1.3817500000,1.3839600000,13077,OTHER,false
2021-04-06T16:00:00Z,1.3839600000,1.3865600000,1.3819100000,1.3821400000,14242,OTHER,false
2021-04-06T20:00:00Z,1.3821200000,1.3833600000,1.3801600000,1.3822100000,8712,OTHER,false
2021-04-07T00:00:00Z,1.3821700000,1.3834400000,1.3817400000,1.3833000000,4037,OTHER,false
2021-04-07T04:00:00Z,1.3833100000,1.3839300000,1.3819300000,1.3829800000,7581,OTHER,false
2021-04-07T08:00:00Z,1.3829800000,1.3831700000,1.3771900000,1.3830300000,14726,LONDON,false
2021-04-07T12:00:00Z,1.3830400000,1.3837400000,1.3755500000,1.3761000000,14119,OTHER,false
2021-04-07T16:00:00Z,1.3761000000,1.3793500000,1.3727900000,1.3741600000,18155,OTHER,false
2021-04-07T20:00:00Z,1.3741200000,1.3748700000,1.3723800000,1.3737100000,7862,OTHER,false
2021-04-08T00:00:00Z,1.3737000000,1.3743900000,1.3730700000,1.3739400000,3748,OTHER,false
2021-04-08T04:00:00Z,1.3739400000,1.3762500000,1.3732100000,1.3758700000,5917,OTHER,false
2021-04-08T08:00:00Z,1.3758700000,1.3782200000,1.3718400000,1.3725700000,9977,LONDON,false
2021-04-08T12:00:00Z,1.3725300000,1.3773300000,1.3724600000,1.3766400000,10418,OTHER,false
2021-04-08T16:00:00Z,1.3766800000,1.3769700000,1.3722400000,1.3739600000,16928,OTHER,false
2021-04-08T20:00:00Z,1.3739600000,1.3746100000,1.3727400000,1.3732500000,7811,OTHER,false
2021-04-09T00:00:00Z,1.3731900000,1.3749300000,1.3721500000,1.3747700000,4956,OTHER,false
2021-04-09T04:00:00Z,1.3747800000,1.3750400000,1.3728600000,1.3732700000,6963,OTHER,false
2021-04-09T08:00:00Z,1.3732700000,1.3734400000,1.3669600000,1.3711800000,10764,LONDON,false
2021-04-09T12:00:00Z,1.3711800000,1.3727600000,1.3695200000,1.3716500000,10509,OTHER,false
2021-04-09T16:00:00Z,1.3716600000,1.3743900000,1.3711800000,1.3725800000,15491,OTHER,false
2021-04-09T20:00:00Z,1.3725600000,1.3732100000,1.3701900000,1.3702000000,5411,OTHER,false
2021-04-12T00:00:00Z,1.3701200000,1.3713500000,1.3696600000,1.3708500000,3927,OTHER,false
2021-04-12T04:00:00Z,1.3708500000,1.3708700000,1.3680000000,1.3681500000,9891,OTHER,false
2021-04-12T08:00:00Z,1.3681400000,1.3746500000,1.3668400000,1.3740100000,12219,LONDON,false
2021-04-12T12:00:00Z,1.3740200000,1.3776000000,1.3733200000,1.3766100000,9527,OTHER,false
2021-04-12T16:00:00Z,1.3766100000,1.3768200000,1.3731000000,1.3742400000,11004,OTHER,false
2021-04-12T20:00:00Z,1.3742400000,1.3746500000,1.3733900000,1.3738700000,6091,OTHER,false
2021-04-13T00:00:00Z,1.3740100000,1.3755400000,1.3729400000,1.3741900000,3860,OTHER,false
2021-04-13T04:00:00Z,1.3740500000,1.3743500000,1.3725000000,1.3726300000,6734,OTHER,false
2021-04-13T08:00:00Z,1.3726300000,1.3765800000,1.3725400000,1.3754400000,10688,LONDON,false
2021-04-13T12:00:00Z,1.3754500000,1.3768200000,1.3712900000,1.3729900000,14060,OTHER,false
2021-04-13T16:00:00Z,1.3729300000,1.3754300000,1.3693400000,1.3736600000,15642,OTHER,false
2021-04-13T20:00:00Z,1.3736700000,1.3757100000,1.3736700000,1.3750700000,6990,OTHER,false
2021-04-14T00:00:00Z,1.3750000000,1.3762200000,1.3745900000,1.3751700000,3925,OTHER,false
2021-04-14T04:00:00Z,1.3751800000,1.3778600000,1.3749400000,1.3768900000,7475,OTHER,false
2021-04-14T08:00:00Z,1.3768900000,1.3808100000,1.3765000000,1.3794400000,10112,LONDON,false
2021-04-14T12:00:00Z,1.3794400000,1.3796600000,1.3750200000,1.3753700000,8207,OTHER,false
2021-04-14T16:00:00Z,1.3753700000,1.3798700000,1.3753000000,1.3795700000,11874,OTHER,false
2021-04-14T20:00:00Z,1.3795700000,1.3796500000,1.3774100000,1.3777300000,4475,OTHER,false
2021-04-15T00:00:00Z,1.3777300000,1.3791600000,1.3772300000,1.3790400000,4372,OTHER,false
2021-04-15T04:00:00Z,1.3790100000,1.3794100000,1.3764400000,1.3766000000,5386,OTHER,false
2021-04-15T08:00:00Z,1.3766000000,1.3798000000,1.3764800000,1.3777700000,9462,LONDON,false
2021-04-15T12:00:00Z,1.3777700000,1.3808500000,1.3761100000,1.3784800000,10049,OTHER,false
2021-04-15T16:00:00Z,1.3784800000,1.3794700000,1.3771300000,1.3785900000,13929,OTHER,false
2021-04-15T20:00:00Z,1.3785900000,1.3793800000,1.3773100000,1.3782900000,6740,OTHER,false
2021-04-16T00:00:00Z,1.3782400000,1.3787000000,1.3765100000,1.3767900000,3619,OTHER,false
2021-04-16T04:00:00Z,1.3767900000,1.3770600000,1.3752200000,1.3765400000,6521,OTHER,false
2021-04-16T08:00:00Z,1.3765300000,1.3768000000,1.3715700000,1.3755800000,9450,LONDON,false
2021-04-16T12:00:00Z,1.3755800000,1.3815600000,1.3751900000,1.3802900000,12673,OTHER,false
2021-04-16T16:00:00Z,1.3803300000,1.3827100000,1.3790000000,1.3825000000,10283,OTHER,false
2021-04-16T20:00:00Z,1.3824700000,1.3840400000,1.3824500000,1.3840100000,4230,OTHER,false
2021-04-19T00:00:00Z,1.3824400000,1.3834500000,1.3814000000,1.3815200000,4651,OTHER,false
2021-04-19T04:00:00Z,1.3815300000,1.3856500000,1.3809200000,1.3850500000,7311,OTHER,false
2021-04-19T08:00:00Z,1.3850400000,1.3889000000,1.3838900000,1.3876500000,13113,LONDON,false
2021-04-19T12:00:00Z,1.3876600000,1.3968100000,1.3867700000,1.3963000000,15197,OTHER,false
2021-04-19T16:00:00Z,1.3963000000,1.3992200000,1.3942600000,1.3985700000,15317,OTHER,false
2021-04-19T20:00:00Z,1.3985600000,1.3990600000,1.3980300000,1.3984600000,5210,OTHER,false
2021-04-20T00:00:00Z,1.3985300000,1.3994000000,1.3976800000,1.3985200000,3937,OTHER,false
2021-04-20T04:00:00Z,1.3985000000,1.4007600000,1.3975300000,1.4002600000,8697,OTHER,false
2021-04-20T08:00:00Z,1.4002600000,1.4008700000,1.3981000000,1.3981300000,11381,LONDON,false
2021-04-20T12:00:00Z,1.3981100000,1.3990000000,1.3949200000,1.3957400000,10939,OTHER,false
2021-04-20T16:00:00Z,1.3957300000,1.3973000000,1.3933000000,1.3939200000,12601,OTHER,false
2021-04-20T20:00:00Z,1.3939200000,1.3943800000,1.3925700000,1.3937100000,5968,OTHER,false
2021-04-21T00:00:00Z,1.3937100000,1.3947200000,1.3925500000,1.3935600000,4226,OTHER,false
2021-04-21T04:00:00Z,1.3935700000,1.3949200000,1.3916400000,1.3920100000,8035,OTHER,false
2021-04-21T08:00:00Z,1.3920100000,1.3947400000,1.3909600000,1.3928900000,10141,LONDON,false
2021-04-21T12:00:00Z,1.3929000000,1.3941000000,1.3904800000,1.3911600000,8288,OTHER,false
2021-04-21T16:00:00Z,1.3911200000,1.3942900000,1.3885600000,1.3929500000,12985,OTHER,false
2021-04-21T20:00:00Z,1.3929900000,1.3938200000,1.3922900000,1.3927100000,5904,OTHER,false
2021-04-22T00:00:00Z,1.3927200000,1.3939600000,1.3921700000,1.3937100000,3793,OTHER,false
2021-04-22T04:00:00Z,1.3937100000,1.3949600000,1.3927000000,1.3928300000,7429,OTHER,false
2021-04-22T08:00:00Z,1.3928300000,1.3946100000,1.3897100000,1.3899200000,9918,LONDON,false
2021-04-22T12:00:00Z,1.3899300000,1.3918900000,1.3859000000,1.3869500000,10777,OTHER,false
2021-04-22T16:00:00Z,1.3868400000,1.3875600000,1.3826900000,1.3843100000,14219,OTHER,false
2021-04-22T20:00:00Z,1.3843100000,1.3846100000,1.3823800000,1.3838300000,11123,OTHER,false
2021-04-23T00:00:00Z,1.3838100000,1.3846500000,1.3830400000,1.3846100000,4001,OTHER,false
2021-04-23T04:00:00Z,1.3846000000,1.3866200000,1.3842700000,1.3863700000,7211,OTHER,false
2021-04-23T08:00:00Z,1.3863700000,1.3890800000,1.3852900000,1.3875200000,9641,LONDON,false
2021-04-23T12:00:00Z,1.3875300000,1.3895500000,1.3864500000,1.3884400000,8807,OTHER,false
2021-04-23T16:00:00Z,1.3884700000,1.3889100000,1.3835800000,1.3856400000,12755,OTHER,false
2021-04-23T20:00:00Z,1.3856500000,1.3890100000,1.3854300000,1.3884700000,4999,OTHER,false
2021-04-26T00:00:00Z,1.3869000000,1.3892900000,1.3864200000,1.3887600000,3330,OTHER,false
2021-04-26T04:00:00Z,1.3887000000,1.3907500000,1.3886800000,1.3902300000,6257,OTHER,false
2021-04-26T08:00:00Z,1.3902300000,1.3929100000,1.3890500000,1.3904500000,9487,LONDON,false
2021-04-26T12:00:00Z,1.3904600000,1.3926600000,1.3867100000,1.3868800000,10859,OTHER,false
2021-04-26T16:00:00Z,1.3868800000,1.3904600000,1.3865800000,1.3887100000,11842,OTHER,false
2021-04-26T20:00:00Z,1.3887100000,1.3908300000,1.3885500000,1.3898100000,6346,OTHER,false
2021-04-27T00:00:00Z,1.3898000000,1.3902200000,1.3887900000,1.3892300000,3571,OTHER,false
2021-04-27T04:00:00Z,1.3892400000,1.3894800000,1.3874600000,1.3888900000,5653,OTHER,false
2021-04-27T08:00:00Z,1.3888900000,1.3901100000,1.3858800000,1.3860000000,7831,LONDON,false
2021-04-27T12:00:00Z,1.3860000000,1.3917500000,1.3858900000,1.3904000000,9377,OTHER,false
2021-04-27T16:00:00Z,1.3904100000,1.3924000000,1.3886500000,1.3905700000,12528,OTHER,false
2021-04-27T20:00:00Z,1.3905700000,1.3914800000,1.3900500000,1.3910700000,5170,OTHER,false
2021-04-28T00:00:00Z,1.3911000000,1.3911000000,1.3887400000,1.3887800000,5348,OTHER,false
2021-04-28T04:00:00Z,1.3887800000,1.3892300000,1.3874000000,1.3874800000,5792,OTHER,false
2021-04-28T08:00:00Z,1.3874700000,1.3892100000,1.3862300000,1.3881200000,8900,LONDON,false
2021-04-28T12:00:00Z,1.3881100000,1.3897100000,1.3861100000,1.3867900000,9763,OTHER,false
2021-04-28T16:00:00Z,1.3867800000,1.3923600000,1.3867000000,1.3914600000,13266,OTHER,false
2021-04-28T20:00:00Z,1.3914600000,1.3950700000,1.3889500000,1.3933400000,14471,OTHER,false
2021-04-29T00:00:00Z,1.3933100000,1.3968900000,1.3926700000,1.3964300000,2967,OTHER,false
2021-04-29T04:00:00Z,1.3964300000,1.3976700000,1.3939500000,1.3950800000,5735,OTHER,false
2021-04-29T08:00:00Z,1.3950800000,1.3969800000,1.3933600000,1.3941800000,10644,LONDON,false
2021-04-29T12:00:00Z,1.3941800000,1.3966200000,1.3932000000,1.3962000000,11908,OTHER,false
2021-04-29T16:00:00Z,1.3962000000,1.3965600000,1.3937700000,1.3942300000,18457,OTHER,false
2021-04-29T20:00:00Z,1.3942300000,1.3951300000,1.3934500000,1.3940200000,7495,OTHER,false
2021-04-30T00:00:00Z,1.3940100000,1.3954300000,1.3926600000,1.3953300000,3640,OTHER,false
2021-04-30T04:00:00Z,1.3953300000,1.3958100000,1.3942200000,1.3945300000,4385,OTHER,false
2021-04-30T08:00:00Z,1.3945400000,1.3946800000,1.3904400000,1.3907200000,9384,LONDON,false
2021-04-30T12:00:00Z,1.3907200000,1.3923700000,1.3872400000,1.3878800000,10180,OTHER,false
2021-04-30T16:00:00Z,1.3879100000,1.3887800000,1.3807500000,1.3829700000,20000,OTHER,false
2021-04-30T20:00:00Z,1.3829700000,1.3831000000,1.3802700000,1.3812800000,7561,OTHER,false
2021-05-03T00:00:00Z,1.3807100000,1.3833800000,1.3797100000,1.3833600000,2617,OTHER,false
2021-05-03T04:00:00Z,1.3833600000,1.3836000000,1.3816600000,1.3820700000,4169,OTHER,false
2021-05-03T08:00:00Z,1.3820700000,1.3858100000,1.3801200000,1.3856400000,8887,LONDON,false
2021-05-03T12:00:00Z,1.3856400000,1.3894700000,1.3844600000,1.3878000000,9251,OTHER,false
2021-05-03T16:00:00Z,1.3877900000,1.3931900000,1.3877600000,1.3907200000,12638,OTHER,false
2021-05-03T20:00:00Z,1.3907300000,1.3914900000,1.3904800000,1.3908100000,7034,OTHER,false
2021-05-04T00:00:00Z,1.3908300000,1.3913300000,1.3892900000,1.3900700000,3069,OTHER,false
2021-05-04T04:00:00Z,1.3900700000,1.3901600000,1.3871100000,1.3874700000,4632,OTHER,false
2021-05-04T08:00:00Z,1.3874600000,1.3892300000,1.3851400000,1.3869400000,11101,LONDON,false
2021-05-04T12:00:00Z,1.3869400000,1.3891000000,1.3838200000,1.3850200000,14465,OTHER,false
2021-05-04T16:00:00Z,1.3850100000,1.3895900000,1.3843500000,1.3887500000,22514,OTHER,false
2021-05-04T20:00:00Z,1.3887400000,1.3897600000,1.3883000000,1.3885400000,10713,OTHER,false
2021-05-05T00:00:00Z,1.3885600000,1.3900500000,1.3880600000,1.3898800000,3220,OTHER,false
2021-05-05T04:00:00Z,1.3899300000,1.3914600000,1.3895300000,1.3909200000,4199,OTHER,false
2021-05-05T08:00:00Z,1.3909200000,1.3914300000,1.3884300000,1.3893400000,10964,LONDON,false
2021-05-05T12:00:00Z,1.3893400000,1.3926200000,1.3876300000,1.3906400000,9926,OTHER,false
2021-05-05T16:00:00Z,1.3906300000,1.3921300000,1.3890700000,1.3902300000,12821,OTHER,false
2021-05-05T20:00:00Z,1.3902300000,1.3912600000,1.3898300000,1.3903600000,8167,OTHER,false
2021-05-06T00:00:00Z,1.3904600000,1.3913800000,1.3895200000,1.3899500000,3766,OTHER,false
2021-05-06T04:00:00Z,1.3899500000,1.3911100000,1.3885300000,1.3898300000,8598,OTHER,false
2021-05-06T08:00:00Z,1.3898300000,1.3913700000,1.3897000000,1.3900500000,10618,LONDON,false
2021-05-06T12:00:00Z,1.3900400000,1.3940700000,1.3856700000,1.3892500000,14821,OTHER,false
2021-05-06T16:00:00Z,1.3892700000,1.3911300000,1.3863100000,1.3886500000,15029,OTHER,false
2021-05-06T20:00:00Z,1.3886200000,1.3899500000,1.3884000000,1.3887800000,7220,OTHER,false
2021-05-07T00:00:00Z,1.3887800000,1.3900600000,1.3882400000,1.3896900000,2890,OTHER,false
2021-05-07T04:00:00Z,1.3896900000,1.3911700000,1.3890300000,1.3908700000,6103,OTHER,false
2021-05-07T08:00:00Z,1.3908600000,1.3928800000,1.3894900000,1.3924900000,10448,LONDON,false
2021-05-07T12:00:00Z,1.3925300000,1.3971800000,1.3891100000,1.3953300000,15331,OTHER,false
2021-05-07T16:00:00Z,1.3953500000,1.4000300000,1.3918400000,1.3982100000,21523,OTHER,false
2021-05-07T20:00:00Z,1.3981800000,1.4005700000,1.3980200000,1.3987000000,7567,OTHER,false
2021-05-10T00:00:00Z,1.4004400000,1.4044400000,1.3994100000,1.4028400000,5303,OTHER,false
2021-05-10T04:00:00Z,1.4028600000,1.4037600000,1.4015100000,1.4025600000,4883,OTHER,false
2021-05-10T08:00:00Z,1.4026100000,1.4096400000,1.4026100000,1.4089900000,14957,LONDON,false
2021-05-10T12:00:00Z,1.4089500000,1.4158300000,1.4080700000,1.4147300000,12201,OTHER,false
2021-05-10T16:00:00Z,1.4147200000,1.4155300000,1.4107300000,1.4142600000,16052,OTHER,false
2021-05-10T20:00:00Z,1.4142600000,1.4153300000,1.4116100000,1.4116600000,10995,OTHER,false
2021-05-11T00:00:00Z,1.4116600000,1.4134800000,1.4113000000,1.4116600000,4189,OTHER,false
2021-05-11T04:00:00Z,1.4116700000,1.4132800000,1.4113200000,1.4125400000,8182,OTHER,false
2021-05-11T08:00:00Z,1.4125500000,1.4143600000,1.4104100000,1.4140800000,12766,LONDON,false
2021-05-11T12:00:00Z,1.4140800000,1.4157800000,1.4121000000,1.4151500000,12794,OTHER,false
2021-05-11T16:00:00Z,1.4151600000,1.4166200000,1.4116500000,1.4164500000,21874,OTHER,false
2021-05-11T20:00:00Z,1.4164300000,1.4165600000,1.4137500000,1.4141000000,9519,OTHER,false
2021-05-12T00:00:00Z,1.4141100000,1.4146600000,1.4121900000,1.4126800000,4447,OTHER,false
2021-05-12T04:00:00Z,1.4126600000,1.4128000000,1.4107400000,1.4114500000,6953,OTHER,false
2021-05-12T08:00:00Z,1.4114500000,1.4149400000,1.4114400000,1.4141200000,10259,LONDON,false
2021-05-12T12:00:00Z,1.4141200000,1.4146500000,1.4080200000,1.4133900000,15296,OTHER,false
2021-05-12T16:00:00Z,1.4133700000,1.4153300000,1.4056200000,1.4057600000,27211,OTHER,false
2021-05-12T20:00:00Z,1.4057600000,1.4068200000,1.4050000000,1.4052100000,13413,OTHER,false
2021-05-13T00:00:00Z,1.4052000000,1.4071300000,1.4049200000,1.4065100000,3813,OTHER,false
2021-05-13T04:00:00Z,1.4065100000,1.4078300000,1.4057900000,1.4066200000,8476,OTHER,false
2021-05-13T08:00:00Z,1.4066400000,1.4071600000,1.4022600000,1.4030300000,14210,LONDON,false
2021-05-13T12:00:00Z,1.4030300000,1.4052600000,1.4005900000,1.4032300000,14286,OTHER,false
2021-05-13T16:00:00Z,1.4032300000,1.4062700000,1.4025300000,1.4037000000,18590,OTHER,false
2021-05-13T20:00:00Z,1.4037000000,1.4055400000,1.4016200000,1.4049400000,11987,OTHER,false
2021-05-14T00:00:00Z,1.4048800000,1.4053500000,1.4035800000,1.4045600000,3461,OTHER,false
2021-05-14T04:00:00Z,1.4045600000,1.4052200000,1.4036500000,1.4044200000,6514,OTHER,false
2021-05-14T08:00:00Z,1.4044100000,1.4076400000,1.4039200000,1.4066400000,10714,LONDON,false
2021-05-14T12:00:00Z,1.4066400000,1.4095800000,1.4053800000,1.4089300000,13172,OTHER,false
2021-05-14T16:00:00Z,1.4089500000,1.4110700000,1.4077900000,1.4096800000,16097,OTHER,false
2021-05-14T20:00:00Z,1.4096800000,1.4103800000,1.4085700000,1.4096800000,5799,OTHER,false
2021-05-17T00:00:00Z,1.4094200000,1.4104400000,1.4085300000,1.4086900000,3492,OTHER,false
2021-05-17T04:00:00Z,1.4086900000,1.4093500000,1.4078100000,1.4083800000,6830,OTHER,false
2021-05-17T08:00:00Z,1.4083800000,1.4119400000,1.4080300000,1.4106400000,11782,LONDON,false
2021-05-17T12:00:00Z,1.4106400000,1.4116100000,1.4077500000,1.4089600000,13385,OTHER,false
2021-05-17T16:00:00Z,1.4089600000,1.4139800000,1.4087900000,1.4138800000,16588,OTHER,false
2021-05-17T20:00:00Z,1.4138800000,1.4146600000,1.4134900000,1.4137600000,5943,OTHER,false
2021-05-18T00:00:00Z,1.4136000000,1.4158400000,1.4129700000,1.4151100000,3547,OTHER,false
2021-05-18T04:00:00Z,1.4151200000,1.4178200000,1.4150000000,1.4171000000,6950,OTHER,false
2021-05-18T08:00:00Z,1.4171000000,1.4215000000,1.4164700000,1.4211500000,11572,LONDON,false
2021-05-18T12:00:00Z,1.4211500000,1.4220000000,1.4183200000,1.4203000000,12686,OTHER,false
2021-05-18T16:00:00Z,1.4203500000,1.4215200000,1.4181100000,1.4192600000,18277,OTHER,false
2021-05-18T20:00:00Z,1.4192500000,1.4197900000,1.4183100000,1.4184900000,7847,OTHER,false
2021-05-19T00:00:00Z,1.4185700000,1.4200900000,1.4180200000,1.4193200000,3302,OTHER,false
2021-05-19T04:00:00Z,1.4193200000,1.4195800000,1.4179500000,1.4187700000,8090,OTHER,false
2021-05-19T08:00:00Z,1.4187600000,1.4200700000,1.4168000000,1.4182500000,14564,LONDON,false
2021-05-19T12:00:00Z,1.4182600000,1.4187700000,1.4141700000,1.4150400000,16568,OTHER,false
2021-05-19T16:00:00Z,1.4150400000,1.4180600000,1.4130000000,1.4158200000,23550,OTHER,false
2021-05-19T20:00:00Z,1.4158200000,1.4167000000,1.4099500000,1.4112800000,21404,OTHER,false
2021-05-20T00:00:00Z,1.4112900000,1.4121500000,1.4104100000,1.4121400000,4013,OTHER,false
2021-05-20T04:00:00Z,1.4120800000,1.4121300000,1.4101200000,1.4116400000,9062,OTHER,false
2021-05-20T08:00:00Z,1.4116400000,1.4141500000,1.4105000000,1.4111900000,12419,LONDON,false
2021-05-20T12:00:00Z,1.4111900000,1.4136700000,1.4102600000,1.4132500000,13909,OTHER,false
2021-05-20T16:00:00Z,1.4132500000,1.4183500000,1.4127400000,1.4180000000,18647,OTHER,false
2021-05-20T20:00:00Z,1.4180000000,1.4192300000,1.4172700000,1.4189100000,9125,OTHER,false
2021-05-21T00:00:00Z,1.4189100000,1.4194100000,1.4175900000,1.4180400000,11613,OTHER,false
2021-05-21T04:00:00Z,1.4181000000,1.4184400000,1.4169300000,1.4181200000,7500,OTHER,false
2021-05-21T08:00:00Z,1.4181300000,1.4205200000,1.4168200000,1.4205200000,12898,LONDON,false
2021-05-21T12:00:00Z,1.4205200000,1.4233600000,1.4185500000,1.4202200000,15355,OTHER,false
2021-05-21T16:00:00Z,1.4202300000,1.4206800000,1.4140800000,1.4145500000,19625,OTHER,false
2021-05-21T20:00:00Z,1.4145600000,1.4160300000,1.4144700000,1.4150700000,7044,OTHER,false
2021-05-24T00:00:00Z,1.4141400000,1.4160100000,1.4137400000,1.4142000000,4215,OTHER,false
2021-05-24T04:00:00Z,1.4141600000,1.4150700000,1.4136300000,1.4148500000,9987,OTHER,false
2021-05-24T08:00:00Z,1.4148500000,1.4171700000,1.4111600000,1.4138500000,15902,LONDON,false
2021-05-24T12:00:00Z,1.4138900000,1.4146500000,1.4118900000,1.4144300000,18073,OTHER,false
2021-05-24T16:00:00Z,1.4144200000,1.4167900000,1.4135200000,1.4157100000,16842,OTHER,false
2021-05-24T20:00:00Z,1.4156900000,1.4161200000,1.4147500000,1.4154900000,7325,OTHER,false
2021-05-25T00:00:00Z,1.4154600000,1.4167500000,1.4149700000,1.4166900000,5222,OTHER,false
2021-05-25T04:00:00Z,1.4166900000,1.4185500000,1.4165000000,1.4180300000,11139,OTHER,false
2021-05-25T08:00:00Z,1.4180800000,1.4210900000,1.4169100000,1.4185400000,17862,LONDON,false
2021-05-25T12:00:00Z,1.4185800000,1.4193900000,1.4135600000,1.4141500000,15685,OTHER,false
2021-05-25T16:00:00Z,1.4141400000,1.4144300000,1.4115500000,1.4140400000,18107,OTHER,false
2021-05-25T20:00:00Z,1.4140400000,1.4161200000,1.4138200000,1.4149000000,9577,OTHER,false
2021-05-26T00:00:00Z,1.4148600000,1.4154100000,1.4140300000,1.4149800000,5376,OTHER,false
2021-05-26T04:00:00Z,1.4149800000,1.4170200000,1.4141200000,1.4168800000,11253,OTHER,false
2021-05-26T08:00:00Z,1.4169200000,1.4171900000,1.4133300000,1.4156600000,13823,LONDON,false
2021-05-26T12:00:00Z,1.4156600000,1.4175900000,1.4142300000,1.4144800000,14787,OTHER,false
2021-05-26T16:00:00Z,1.4144600000,1.4159300000,1.4116400000,1.4121300000,17487,OTHER,false
2021-05-26T20:00:00Z,1.4121300000,1.4128500000,1.4112400000,1.4115800000,9376,OTHER,false
2021-05-27T00:00:00Z,1.4116600000,1.4125400000,1.4098300000,1.4105800000,5231,OTHER,false
2021-05-27T04:00:00Z,1.4106100000,1.4119600000,1.4091400000,1.4113400000,10173,OTHER,false
2021-05-27T08:00:00Z,1.4113400000,1.4139800000,1.4100700000,1.4116200000,15786,LONDON,false
2021-05-27T12:00:00Z,1.4116200000,1.4183400000,1.4114400000,1.4157200000,18354,OTHER,false
2021-05-27T16:00:00Z,1.4157200000,1.4196000000,1.4153600000,1.4177800000,19463,OTHER,false
2021-05-27T20:00:00Z,1.4177800000,1.4219300000,1.4177100000,1.4203600000,10548,OTHER,false
2021-05-28T00:00:00Z,1.4202500000,1.4208300000,1.4189400000,1.4190200000,5285,OTHER,false
2021-05-28T04:00:00Z,1.4190200000,1.4199800000,1.4182200000,1.4195700000,9052,OTHER,false
2021-05-28T08:00:00Z,1.4195900000,1.4205600000,1.4173400000,1.4199200000,19276,LONDON,false
2021-05-28T12:00:00Z,1.4199300000,1.4200500000,1.4139500000,1.4141800000,22456,OTHER,false
2021-05-28T16:00:00Z,1.4141800000,1.4199300000,1.4136400000,1.4196600000,25281,OTHER,false
2021-05-28T20:00:00Z,1.4196600000,1.4199700000,1.4185300000,1.4187900000,11869,OTHER,false
2021-05-31T00:00:00Z,1.4174400000,1.4192300000,1.4173000000,1.4181400000,3683,OTHER,false
2021-05-31T04:00:00Z,1.4181400000,1.4200600000,1.4178200000,1.4194700000,7421,OTHER,false
2021-05-31T08:00:00Z,1.4194700000,1.4197600000,1.4163700000,1.4171500000,14916,LONDON,false
2021-05-31T12:00:00Z,1.4171500000,1.4186200000,1.4164600000,1.4183300000,12098,OTHER,false
2021-05-31T16:00:00Z,1.4179800000,1.4217500000,1.4166500000,1.4205700000,13439,OTHER,false
2021-05-31T20:00:00Z,1.4205800000,1.4216100000,1.4199600000,1.4209400000,4625,OTHER,false
2021-06-01T00:00:00Z,1.4209100000,1.4229200000,1.4203300000,1.4227200000,3249,OTHER,false
2021-06-01T04:00:00Z,1.4227800000,1.4249000000,1.4226500000,1.4233200000,11791,OTHER,false
2021-06-01T08:00:00Z,1.4233000000,1.4243500000,1.4176400000,1.4189800000,18898,LONDON,false
2021-06-01T12:00:00Z,1.4189900000,1.4195200000,1.4155300000,1.4159800000,18590,OTHER,false
2021-06-01T16:00:00Z,1.4159800000,1.4192400000,1.4157600000,1.4160900000,24675,OTHER,false
2021-06-01T20:00:00Z,1.4160900000,1.4163200000,1.4146600000,1.4147400000,10321,OTHER,false
2021-06-02T00:00:00Z,1.4147400000,1.4162800000,1.4145300000,1.4157900000,4474,OTHER,false
2021-06-02T04:00:00Z,1.4157500000,1.4164200000,1.4148100000,1.4148500000,7515,OTHER,false
2021-06-02T08:00:00Z,1.4148500000,1.4158300000,1.4124800000,1.4136600000,18049,LONDON,false
2021-06-02T12:00:00Z,1.4136600000,1.4172600000,1.4111800000,1.4167300000,19001,OTHER,false
2021-06-02T16:00:00Z,1.4167400000,1.4183400000,1.4154200000,1.4174400000,18979,OTHER,false
2021-06-02T20:00:00Z,1.4174400000,1.4180300000,1.4163200000,1.4169500000,11213,OTHER,false
2021-06-03T00:00:00Z,1.4169300000,1.4179800000,1.4164600000,1.4178100000,2452,OTHER,false
2021-06-03T04:00:00Z,1.4178700000,1.4178800000,1.4161000000,1.4161800000,5675,OTHER,false
2021-06-03T08:00:00Z,1.4161900000,1.4187600000,1.4143400000,1.4178200000,16722,LONDON,false
2021-06-03T12:00:00Z,1.4178200000,1.4202800000,1.4151700000,1.4156500000,24842,OTHER,false
2021-06-03T16:00:00Z,1.4156700000,1.4158600000,1.4092100000,1.4098900000,27469,OTHER,false
2021-06-03T20:00:00Z,1.4099000000,1.4109700000,1.4086400000,1.4103900000,10682,OTHER,false
2021-06-04T00:00:00Z,1.4103900000,1.4112500000,1.4094900000,1.4104400000,4008,OTHER,false
2021-06-04T04:00:00Z,1.4104400000,1.4111000000,1.4090500000,1.4094800000,9202,OTHER,false
2021-06-04T08:00:00Z,1.4094800000,1.4131500000,1.4083200000,1.4126900000,16993,LONDON,false
2021-06-04T12:00:00Z,1.4127000000,1.4185900000,1.4115700000,1.4178600000,22067,OTHER,false
2021-06-04T16:00:00Z,1.4178400000,1.4200400000,1.4161300000,1.4163600000,22536,OTHER,false
2021-06-04T20:00:00Z,1.4163600000,1.4167500000,1.4155400000,1.4164900000,7845,OTHER,false
2021-06-07T00:00:00Z,1.4153400000,1.4170300000,1.4147600000,1.4161200000,4384,OTHER,false
2021-06-07T04:00:00Z,1.4161100000,1.4161700000,1.4138800000,1.4146400000,10382,OTHER,false
2021-06-07T08:00:00Z,1.4146400000,1.4147000000,1.4111500000,1.4142100000,16027,LONDON,false
2021-06-07T12:00:00Z,1.4142100000,1.4180500000,1.4126200000,1.4175200000,15295,OTHER,false
2021-06-07T16:00:00Z,1.4175200000,1.4185300000,1.4162600000,1.4180000000,18861,OTHER,false
2021-06-07T20:00:00Z,1.4180100000,1.4191100000,1.4175400000,1.4180300000,5525,OTHER,false
2021-06-08T00:00:00Z,1.4180100000,1.4184600000,1.4166000000,1.4170600000,4020,OTHER,false
2021-06-08T04:00:00Z,1.4170600000,1.4177200000,1.4156100000,1.4157400000,8132,OTHER,false
2021-06-08T08:00:00Z,1.4157400000,1.4165200000,1.4128600000,1.4142100000,13772,LONDON,false
2021-06-08T12:00:00Z,1.4142100000,1.4157400000,1.4131200000,1.4144700000,17993,OTHER,false
2021-06-08T16:00:00Z,1.4144400000,1.4158800000,1.4121100000,1.4148100000,19614,OTHER,false
2021-06-08T20:00:00Z,1.4148100000,1.4164500000,1.4146200000,1.4154800000,6952,OTHER,false
2021-06-09T00:00:00Z,1.4155100000,1.4160100000,1.4143900000,1.4159700000,3066,OTHER,false
2021-06-09T04:00:00Z,1.4159700000,1.4168300000,1.4151600000,1.4151900000,5485,OTHER,false
2021-06-09T08:00:00Z,1.4151900000,1.4188900000,1.4151100000,1.4185400000,11611,LONDON,false
2021-06-09T12:00:00Z,1.4185400000,1.4186300000,1.4131600000,1.4134700000,13182,OTHER,false
2021-06-09T16:00:00Z,1.4134700000,1.4160000000,1.4112100000,1.4113700000,17879,OTHER,false
2021-06-09T20:00:00Z,1.4113700000,1.4119500000,1.4109800000,1.4114900000,7265,OTHER,false
2021-06-10T00:00:00Z,1.4112700000,1.4116000000,1.4109500000,1.4110800000,2692,OTHER,false
2021-06-10T04:00:00Z,1.4110700000,1.4125100000,1.4104800000,1.4107700000,6076,OTHER,false
2021-06-10T08:00:00Z,1.4107700000,1.4116600000,1.4073300000,1.4087900000,15953,LONDON,false
2021-06-10T12:00:00Z,1.4087900000,1.4150300000,1.4083100000,1.4148200000,25410,OTHER,false
2021-06-10T16:00:00Z,1.4148200000,1.4171700000,1.4120300000,1.4165300000,27863,OTHER,false
2021-06-10T20:00:00Z,1.4165400000,1.4178200000,1.4162100000,1.4175400000,10064,OTHER,false
2021-06-11T00:00:00Z,1.4175900000,1.4178600000,1.4159400000,1.4171300000,3306,OTHER,false
2021-06-11T04:00:00Z,1.4171400000,1.4184200000,1.4168200000,1.4181800000,6170,OTHER,false
2021-06-11T08:00:00Z,1.4181800000,1.4185300000,1.4152600000,1.4156400000,15128,LONDON,false
2021-06-11T12:00:00Z,1.4156400000,1.4165800000,1.4139800000,1.4140700000,18378,OTHER,false
2021-06-11T16:00:00Z,1.4140800000,1.4150400000,1.4102800000,1.4105400000,19711,OTHER,false
2021-06-11T20:00:00Z,1.4105400000,1.4118800000,1.4096000000,1.4113000000,7280,OTHER,false
2021-06-14T00:00:00Z,1.4094400000,1.4119100000,1.4094400000,1.4108100000,3499,OTHER,false
2021-06-14T04:00:00Z,1.4108100000,1.4118500000,1.4105100000,1.4112800000,5945,OTHER,false
2021-06-14T08:00:00Z,1.4112900000,1.4116400000,1.4070400000,1.4083800000,15309,LONDON,false
2021-06-14T12:00:00Z,1.4083900000,1.4118100000,1.4078700000,1.4108800000,15494,OTHER,false
2021-06-14T16:00:00Z,1.4108900000,1.4123900000,1.4107300000,1.4112800000,15728,OTHER,false
2021-06-14T20:00:00Z,1.4112700000,1.4115100000,1.4103700000,1.4108400000,8141,OTHER,false
2021-06-15T00:00:00Z,1.4106500000,1.4116800000,1.4102400000,1.4111700000,2680,OTHER,false
2021-06-15T04:00:00Z,1.4111800000,1.4115400000,1.4098900000,1.4113800000,8608,OTHER,false
2021-06-15T08:00:00Z,1.4113800000,1.4128700000,1.4085900000,1.4087200000,14482,LONDON,false
2021-06-15T12:00:00Z,1.4087000000,1.4087900000,1.4034400000,1.4068000000,16351,OTHER,false
2021-06-15T16:00:00Z,1.4068100000,1.4094500000,1.4066500000,1.4078000000,17953,OTHER,false
2021-06-15T20:00:00Z,1.4078100000,1.4086500000,1.4076100000,1.4083200000,8979,OTHER,false
2021-06-16T00:00:00Z,1.4080900000,1.4085600000,1.4077300000,1.4078400000,3212,OTHER,false
2021-06-16T04:00:00Z,1.4078400000,1.4090000000,1.4076400000,1.4087500000,7310,OTHER,false
2021-06-16T08:00:00Z,1.4087400000,1.4123600000,1.4084400000,1.4103500000,14287,LONDON,false
2021-06-16T12:00:00Z,1.4103400000,1.4132700000,1.4098800000,1.4119100000,10962,OTHER,false
2021-06-16T16:00:00Z,1.4109800000,1.4114300000,1.4098700000,1.4102600000,9294,OTHER,false
2021-06-16T20:00:00Z,1.4102700000,1.4104900000,1.3982300000,1.3986600000,31379,OTHER,false
2021-06-17T00:00:00Z,1.3985000000,1.3995700000,1.3970900000,1.3975900000,7088,OTHER,false
2021-06-17T04:00:00Z,1.3975800000,1.4003000000,1.3975200000,1.3999000000,10167,OTHER,false
2021-06-17T08:00:00Z,1.3998900000,1.4008800000,1.3966200000,1.3976800000,20325,LONDON,false
2021-06-17T12:00:00Z,1.3976800000,1.3984100000,1.3922700000,1.3927800000,22599,OTHER,false
2021-06-17T16:00:00Z,1.3927500000,1.3962700000,1.3895900000,1.3896300000,27945,OTHER,false
2021-06-17T20:00:00Z,1.3896400000,1.3929800000,1.3895900000,1.3925500000,10516,OTHER,false
2021-06-18T00:00:00Z,1.3922700000,1.3942500000,1.3909400000,1.3933600000,5108,OTHER,false
2021-06-18T04:00:00Z,1.3933800000,1.3944900000,1.3909900000,1.3910400000,9488,OTHER,false
2021-06-18T08:00:00Z,1.3910400000,1.3912700000,1.3855200000,1.3879900000,21205,LONDON,false
2021-06-18T12:00:00Z,1.3879300000,1.3910500000,1.3848100000,1.3849100000,22651,OTHER,false
2021-06-18T16:00:00Z,1.3849000000,1.3861700000,1.3798400000,1.3818300000,14066,OTHER,false
2021-06-18T20:00:00Z,1.3818300000,1.3832800000,1.3791900000,1.3796700000,12936,OTHER,false
2021-06-21T00:00:00Z,1.3794200000,1.3829200000,1.3794200000,1.3827900000,6511,OTHER,false
2021-06-21T04:00:00Z,1.3827900000,1.3829300000,1.3786400000,1.3800600000,14192,OTHER,false
2021-06-21T08:00:00Z,1.3800700000,1.3845300000,1.3791700000,1.3841300000,22113,LONDON,false
2021-06-21T12:00:00Z,1.3841400000,1.3887600000,1.3838100000,1.3874200000,20119,OTHER,false
2021-06-21T16:00:00Z,1.3874200000,1.3932100000,1.3871300000,1.3927800000,23738,OTHER,false
2021-06-21T20:00:00Z,1.3927900000,1.3937000000,1.3923700000,1.3933500000,11847,OTHER,false
2021-06-22T00:00:00Z,1.3932500000,1.3936600000,1.3908400000,1.3913800000,4998,OTHER,false
2021-06-22T04:00:00Z,1.3913700000,1.3920300000,1.3901300000,1.3910200000,5778,OTHER,false
2021-06-22T08:00:00Z,1.3910200000,1.3910700000,1.3866600000,1.3867400000,15457,LONDON,false
2021-06-22T12:00:00Z,1.3867400000,1.3907900000,1.3860300000,1.3884400000,18048,OTHER,false
2021-06-22T16:00:00Z,1.3884400000,1.3941500000,1.3880200000,1.3938800000,22685,OTHER,false
2021-06-22T20:00:00Z,1.3938900000,1.3963600000,1.3936200000,1.3947500000,12857,OTHER,false
2021-06-23T00:00:00Z,1.3945500000,1.3956500000,1.3931900000,1.3940200000,5793,OTHER,false
2021-06-23T04:00:00Z,1.3940200000,1.3943200000,1.3923900000,1.3931400000,10147,OTHER,false
2021-06-23T08:00:00Z,1.3931400000,1.3987400000,1.3924500000,1.3969700000,19964,LONDON,false
2021-06-23T12:00:00Z,1.3969700000,1.3993400000,1.3953400000,1.3980900000,18290,OTHER,false
2021-06-23T16:00:00Z,1.3980700000,1.4001300000,1.3958200000,1.3963200000,19979,OTHER,false
2021-06-23T20:00:00Z,1.3963400000,1.3971800000,1.3951700000,1.3962300000,11161,OTHER,false
2021-06-24T00:00:00Z,1.3962500000,1.3969000000,1.3955500000,1.3962900000,5149,OTHER,false
2021-06-24T04:00:00Z,1.3962800000,1.3967000000,1.3951300000,1.3960100000,9175,OTHER,false
2021-06-24T08:00:00Z,1.3959800000,1.3986200000,1.3948400000,1.3970200000,16958,LONDON,false
2021-06-24T12:00:00Z,1.3970400000,1.3983100000,1.3890600000,1.3927400000,21079,OTHER,false
2021-06-24T16:00:00Z,1.3927400000,1.3930100000,1.3889600000,1.3916100000,20039,OTHER,false
2021-06-24T20:00:00Z,1.3915800000,1.3939000000,1.3914900000,1.3924300000,11981,OTHER,false
2021-06-25T00:00:00Z,1.3921900000,1.3924500000,1.3901200000,1.3916000000,4058,OTHER,false
2021-06-25T04:00:00Z,1.3916000000,1.3935500000,1.3916000000,1.3922500000,8783,OTHER,false
2021-06-25T08:00:00Z,1.3922400000,1.3932500000,1.3896000000,1.3911600000,14247,LONDON,false
2021-06-25T12:00:00Z,1.3911200000,1.3916200000,1.3890900000,1.3904400000,16029,OTHER,false
2021-06-25T16:00:00Z,1.3904400000,1.3931200000,1.3894500000,1.3902000000,18487,OTHER,false
2021-06-25T20:00:00Z,1.3902100000,1.3903200000,1.3871500000,1.3882200000,7163,OTHER,false
2021-06-28T00:00:00Z,1.3869200000,1.3896500000,1.3869200000,1.3891000000,3759,OTHER,false
2021-06-28T04:00:00Z,1.3890900000,1.3893200000,1.3876200000,1.3890600000,7437,OTHER,false
2021-06-28T08:00:00Z,1.3890800000,1.3939400000,1.3889400000,1.3924700000,14799,LONDON,false
2021-06-28T12:00:00Z,1.3924700000,1.3928500000,1.3886200000,1.3901800000,15344,OTHER,false
2021-06-28T16:00:00Z,1.3901800000,1.3926600000,1.3880500000,1.3883600000,17765,OTHER,false
2021-06-28T20:00:00Z,1.3883700000,1.3888200000,1.3871100000,1.3881500000,7306,OTHER,false
2021-06-29T00:00:00Z,1.3878500000,1.3884600000,1.3859400000,1.3863600000,3583,OTHER,false
2021-06-29T04:00:00Z,1.3863600000,1.3871100000,1.3858700000,1.3864400000,7740,OTHER,false
2021-06-29T08:00:00Z,1.3864400000,1.3879400000,1.3836600000,1.3836600000,13235,LONDON,false
2021-06-29T12:00:00Z,1.3836600000,1.3864800000,1.3814000000,1.3823700000,18543,OTHER,false
2021-06-29T16:00:00Z,1.3823400000,1.3852100000,1.3815800000,1.3841100000,17936,OTHER,false
2021-06-29T20:00:00Z,1.3841100000,1.3853300000,1.3833800000,1.3837800000,6997,OTHER,false
2021-06-30T00:00:00Z,1.3836400000,1.3854700000,1.3834200000,1.3853200000,4100,OTHER,false
2021-06-30T04:00:00Z,1.3853200000,1.3860700000,1.3843000000,1.3848900000,7821,OTHER,false
2021-06-30T08:00:00Z,1.3848900000,1.3856500000,1.3815400000,1.3834800000,15764,LONDON,false
2021-06-30T12:00:00Z,1.3834900000,1.3872800000,1.3830900000,1.3842900000,18918,OTHER,false
2021-06-30T16:00:00Z,1.3842900000,1.3845000000,1.3800000000,1.3800600000,20875,OTHER,false
2021-06-30T20:00:00Z,1.3800600000,1.3838000000,1.3798700000,1.3831500000,11001,OTHER,false
2021-07-01T00:00:00Z,1.3829600000,1.3833700000,1.3812000000,1.3812100000,4884,OTHER,false
2021-07-01T04:00:00Z,1.3813400000,1.3822200000,1.3810700000,1.3817300000,6060,OTHER,false
2021-07-01T08:00:00Z,1.3817300000,1.3834600000,1.3774400000,1.3780200000,15301,LONDON,false
2021-07-01T12:00:00Z,1.3780200000,1.3817600000,1.3764900000,1.3810700000,18813,OTHER,false
2021-07-01T16:00:00Z,1.3810700000,1.3820500000,1.3761300000,1.3766000000,23173,OTHER,false
2021-07-01T20:00:00Z,1.3766000000,1.3771500000,1.3752900000,1.3763000000,9809,OTHER,false
2021-07-02T00:00:00Z,1.3760300000,1.3775500000,1.3751400000,1.3760800000,4503,OTHER,false
2021-07-02T04:00:00Z,1.3761000000,1.3776200000,1.3757800000,1.3770900000,8109,OTHER,false
2021-07-02T08:00:00Z,1.3770900000,1.3774000000,1.3744100000,1.3754700000,14777,LONDON,false
2021-07-02T12:00:00Z,1.3754700000,1.3787200000,1.3731600000,1.3780100000,21294,OTHER,false
2021-07-02T16:00:00Z,1.3780100000,1.3805000000,1.3759400000,1.3804400000,23958,OTHER,false
2021-07-02T20:00:00Z,1.3804400000,1.3844500000,1.3799100000,1.3832500000,8853,OTHER,false
2021-07-05T00:00:00Z,1.3815200000,1.3838400000,1.3815200000,1.3822500000,4505,OTHER,false
2021-07-05T04:00:00Z,1.3822700000,1.3829800000,1.3818500000,1.3824300000,6299,OTHER,false
2021-07-05T08:00:00Z,1.3824300000,1.3858000000,1.3818400000,1.3850400000,12844,LONDON,false
2021-07-05T12:00:00Z,1.3850300000,1.3862000000,1.3844200000,1.3845900000,11237,OTHER,false
2021-07-05T16:00:00Z,1.3845800000,1.3858800000,1.3837600000,1.3856600000,10670,OTHER,false
2021-07-05T20:00:00Z,1.3856900000,1.3858000000,1.3841000000,1.3845300000,7008,OTHER,false
2021-07-06T00:00:00Z,1.3843800000,1.3860600000,1.3834300000,1.3857600000,4035,OTHER,false
2021-07-06T04:00:00Z,1.3857600000,1.3888700000,1.3855900000,1.3881300000,8917,OTHER,false
2021-07-06T08:00:00Z,1.3881200000,1.3898000000,1.3850700000,1.3856100000,18879,LONDON,false
2021-07-06T12:00:00Z,1.3856100000,1.3874900000,1.3834600000,1.3860900000,17720,OTHER,false
2021-07-06T16:00:00Z,1.3860700000,1.3863600000,1.3773000000,1.3779300000,28544,OTHER,false
2021-07-06T20:00:00Z,1.3779500000,1.3808200000,1.3777700000,1.3799000000,10064,OTHER,false
2021-07-07T00:00:00Z,1.3799000000,1.3805900000,1.3789200000,1.3796800000,5991,OTHER,false
2021-07-07T04:00:00Z,1.3796700000,1.3806000000,1.3792200000,1.3801600000,8981,OTHER,false
2021-07-07T08:00:00Z,1.3801500000,1.3815300000,1.3777300000,1.3779700000,16967,LONDON,false
2021-07-07T12:00:00Z,1.3779800000,1.3841800000,1.3779000000,1.3821600000,17945,OTHER,false
2021-07-07T16:00:00Z,1.3821400000,1.3824100000,1.3753900000,1.3796700000,24753,OTHER,false
2021-07-07T20:00:00Z,1.3796700000,1.3817400000,1.3789300000,1.3801100000,16774,OTHER,false
2021-07-08T00:00:00Z,1.3799000000,1.3805200000,1.3788900000,1.3789700000,3589,OTHER,false
2021-07-08T04:00:00Z,1.3789700000,1.3794300000,1.3774500000,1.3785700000,9664,OTHER,false
2021-07-08T08:00:00Z,1.3785700000,1.3794500000,1.3759800000,1.3785700000,25543,LONDON,false
2021-07-08T12:00:00Z,1.3785800000,1.3793900000,1.3742200000,1.3761100000,25698,OTHER,false
2021-07-08T16:00:00Z,1.3761000000,1.3797000000,1.3754300000,1.3772700000,24997,OTHER,false
2021-07-08T20:00:00Z,1.3772700000,1.3792300000,1.3761800000,1.3785600000,13657,OTHER,false
2021-07-09T00:00:00Z,1.3785100000,1.3794600000,1.3760000000,1.3787600000,5234,OTHER,false
2021-07-09T04:00:00Z,1.3787600000,1.3788900000,1.3767000000,1.3774600000,13468,OTHER,false
2021-07-09T08:00:00Z,1.3774600000,1.3792400000,1.3755300000,1.3777800000,20205,LONDON,false
2021-07-09T12:00:00Z,1.3777800000,1.3841400000,1.3770900000,1.3840000000,22616,OTHER,false
2021-07-09T16:00:00Z,1.3839900000,1.3876600000,1.3823600000,1.3858200000,21821,OTHER,false
2021-07-09T20:00:00Z,1.3858200000,1.3900500000,1.3857200000,1.3899700000,11686,OTHER,false
2021-07-12T00:00:00Z,1.3888400000,1.3901900000,1.3882800000,1.3900000000,4985,OTHER,false
2021-07-12T04:00:00Z,1.3900000000,1.3909900000,1.3883200000,1.3891500000,7894,OTHER,false
2021-07-12T08:00:00Z,1.3891500000,1.3894200000,1.3856300000,1.3860100000,13418,LONDON,false
2021-07-12T12:00:00Z,1.3860100000,1.3872800000,1.3839200000,1.3846600000,14815,OTHER,false
2021-07-12T16:00:00Z,1.3846900000,1.3905100000,1.3839900000,1.3881300000,15548,OTHER,false
2021-07-12T20:00:00Z,1.3881300000,1.3885200000,1.3872100000,1.3883100000,6851,OTHER,false
2021-07-13T00:00:00Z,1.3880400000,1.3894800000,1.3878100000,1.3892400000,4258,OTHER,false
2021-07-13T04:00:00Z,1.3892500000,1.3905300000,1.3883100000,1.3893100000,6200,OTHER,false
2021-07-13T08:00:00Z,1.3893100000,1.3893400000,1.3850700000,1.3861100000,11647,LONDON,false
2021-07-13T12:00:00Z,1.3861000000,1.3862800000,1.3800100000,1.3806400000,15672,OTHER,false
2021-07-13T16:00:00Z,1.3806600000,1.3855900000,1.3801600000,1.3841800000,21596,OTHER,false
2021-07-13T20:00:00Z,1.3841800000,1.3842000000,1.3808800000,1.3814500000,9707,OTHER,false
2021-07-14T00:00:00Z,1.3812900000,1.3831000000,1.3801600000,1.3806500000,4924,OTHER,false
2021-07-14T04:00:00Z,1.3806500000,1.3824100000,1.3805800000,1.3820200000,8280,OTHER,false
2021-07-14T08:00:00Z,1.3820300000,1.3861800000,1.3819200000,1.3846200000,13774,LONDON,false
2021-07-14T12:00:00Z,1.3846200000,1.3891700000,1.3834900000,1.3884800000,16604,OTHER,false
2021-07-14T16:00:00Z,1.3884800000,1.3891500000,1.3848600000,1.3854100000,21009,OTHER,false
2021-07-14T20:00:00Z,1.3854100000,1.3867400000,1.3850500000,1.3860300000,7800,OTHER,false
2021-07-15T00:00:00Z,1.3859100000,1.3862900000,1.3835200000,1.3841100000,7598,OTHER,false
2021-07-15T04:00:00Z,1.3841400000,1.3842900000,1.3821800000,1.3836100000,7674,OTHER,false
2021-07-15T08:00:00Z,1.3836100000,1.3866600000,1.3813500000,1.3844500000,14996,LONDON,false
2021-07-15T12:00:00Z,1.3844500000,1.3898800000,1.3829800000,1.3844800000,20390,OTHER,false
2021-07-15T16:00:00Z,1.3844700000,1.3867000000,1.3823600000,1.3825600000,20368,OTHER,false
2021-07-15T20:00:00Z,1.3825600000,1.3829800000,1.3805000000,1.3827200000,9336,OTHER,false
2021-07-16T00:00:00Z,1.3824900000,1.3835800000,1.3820500000,1.3831200000,3948,OTHER,false
2021-07-16T04:00:00Z,1.3831600000,1.3840700000,1.3823800000,1.3836800000,9513,OTHER,false
2021-07-16T08:00:00Z,1.3837300000,1.3861800000,1.3791300000,1.3859200000,13696,LONDON,false
2021-07-16T12:00:00Z,1.3859100000,1.3859100000,1.3800100000,1.3808600000,15388,OTHER,false
2021-07-16T16:00:00Z,1.3808600000,1.3822000000,1.3772700000,1.3778100000,18286,OTHER,false
2021-07-16T20:00:00Z,1.3778100000,1.3785100000,1.3760400000,1.3764900000,7298,OTHER,false
2021-07-19T00:00:00Z,1.3762200000,1.3776300000,1.3748300000,1.3750000000,4487,OTHER,false
2021-07-19T04:00:00Z,1.3750100000,1.3761600000,1.3747000000,1.3755300000,8287,OTHER,false
2021-07-19T08:00:00Z,1.3755300000,1.3761500000,1.3702200000,1.3711700000,16383,LONDON,false
2021-07-19T12:00:00Z,1.3711700000,1.3745000000,1.3688300000,1.3703200000,23342,OTHER,false
2021-07-19T16:00:00Z,1.3703300000,1.3724800000,1.3662300000,1.3670100000,30902,OTHER,false
2021-07-19T20:00:00Z,1.3670000000,1.3680100000,1.3654900000,1.3675600000,13924,OTHER,false
2021-07-20T00:00:00Z,1.3675300000,1.3678600000,1.3666000000,1.3669200000,4027,OTHER,false
2021-07-20T04:00:00Z,1.3669100000,1.3689500000,1.3661000000,1.3670300000,9574,OTHER,false
2021-07-20T08:00:00Z,1.3670300000,1.3672000000,1.3627000000,1.3665100000,17268,LONDON,false
2021-07-20T12:00:00Z,1.3665100000,1.3677000000,1.3587000000,1.3593900000,17782,OTHER,false
2021-07-20T16:00:00Z,1.3593600000,1.3631500000,1.3571900000,1.3629300000,23794,OTHER,false
2021-07-20T20:00:00Z,1.3629300000,1.3632700000,1.3613100000,1.3628200000,9259,OTHER,false
2021-07-21T00:00:00Z,1.3625700000,1.3642000000,1.3619700000,1.3634000000,6035,OTHER,false
2021-07-21T04:00:00Z,1.3633900000,1.3634900000,1.3606600000,1.3614400000,5013,OTHER,false
2021-07-21T08:00:00Z,1.3614400000,1.3634300000,1.3591300000,1.3628400000,14093,LONDON,false
2021-07-21T12:00:00Z,1.3628400000,1.3638800000,1.3596100000,1.3636000000,14858,OTHER,false
2021-07-21T16:00:00Z,1.3635700000,1.3699100000,1.3635000000,1.3698200000,20248,OTHER,false
2021-07-21T20:00:00Z,1.3698200000,1.3723000000,1.3697400000,1.3715900000,7939,OTHER,false
2021-07-22T00:00:00Z,1.3713500000,1.3715700000,1.3697700000,1.3698300000,3697,OTHER,false
2021-07-22T04:00:00Z,1.3698300000,1.3719200000,1.3690700000,1.3715800000,6423,OTHER,false
2021-07-22T08:00:00Z,1.3715800000,1.3758200000,1.3711100000,1.3732000000,13959,LONDON,false
2021-07-22T12:00:00Z,1.3732000000,1.3779900000,1.3724700000,1.3768300000,18467,OTHER,false
2021-07-22T16:00:00Z,1.3768300000,1.3787000000,1.3740000000,1.3765900000,19641,OTHER,false
2021-07-22T20:00:00Z,1.3765900000,1.3778600000,1.3762100000,1.3768300000,7093,OTHER,false
2021-07-23T00:00:00Z,1.3765600000,1.3779900000,1.3736000000,1.3773900000,5077,OTHER,false
2021-07-23T04:00:00Z,1.3773900000,1.3776000000,1.3756000000,1.3757400000,5226,OTHER,false
2021-07-23T08:00:00Z,1.3757600000,1.3766000000,1.3724100000,1.3731400000,15952,LONDON,false
2021-07-23T12:00:00Z,1.3731200000,1.3767900000,1.3719900000,1.3766800000,16769,OTHER,false
2021-07-23T16:00:00Z,1.3766800000,1.3772800000,1.3744100000,1.3758900000,17176,OTHER,false
2021-07-23T20:00:00Z,1.3758800000,1.3762900000,1.3746300000,1.3746300000,4767,OTHER,false
2021-07-26T00:00:00Z,1.3752400000,1.3763700000,1.3739200000,1.3747200000,5249,OTHER,false
2021-07-26T04:00:00Z,1.3747200000,1.3756300000,1.3741300000,1.3753800000,9232,OTHER,false
2021-07-26T08:00:00Z,1.3753800000,1.3772900000,1.3736600000,1.3767700000,14087,LONDON,false
2021-07-26T12:00:00Z,1.3767700000,1.3800000000,1.3763400000,1.3778800000,14884,OTHER,false
2021-07-26T16:00:00Z,1.3778800000,1.3833300000,1.3777000000,1.3827300000,16796,OTHER,false
2021-07-26T20:00:00Z,1.3827300000,1.3829300000,1.3810800000,1.3818400000,6926,OTHER,false
2021-07-27T00:00:00Z,1.3816400000,1.3831800000,1.3815600000,1.3824500000,4751,OTHER,false
2021-07-27T04:00:00Z,1.3824500000,1.3829700000,1.3818500000,1.3827900000,9186,OTHER,false
2021-07-27T08:00:00Z,1.3827900000,1.3828800000,1.3766900000,1.3779300000,16147,LONDON,false
2021-07-27T12:00:00Z,1.3779000000,1.3823900000,1.3773700000,1.3823400000,14353,OTHER,false
2021-07-27T16:00:00Z,1.3823600000,1.3892000000,1.3803900000,1.3884700000,21845,OTHER,false
2021-07-27T20:00:00Z,1.3884800000,1.3894100000,1.3876000000,1.3878500000,8383,OTHER,false
2021-07-28T00:00:00Z,1.3877200000,1.3889700000,1.3873900000,1.3876300000,4847,OTHER,false
2021-07-28T04:00:00Z,1.3876400000,1.3889900000,1.3870700000,1.3870700000,5690,OTHER,false
2021-07-28T08:00:00Z,1.3870700000,1.3894900000,1.3862000000,1.3894300000,11489,LONDON,false
2021-07-28T12:00:00Z,1.3894300000,1.3894500000,1.3864200000,1.3868100000,12368,OTHER,false
2021-07-28T16:00:00Z,1.3868100000,1.3889400000,1.3845000000,1.3884700000,14253,OTHER,false
2021-07-28T20:00:00Z,1.3884700000,1.3910700000,1.3843300000,1.3902800000,20759,OTHER,false
2021-07-29T00:00:00Z,1.3900700000,1.3908300000,1.3898000000,1.3904200000,3525,OTHER,false
2021-07-29T04:00:00Z,1.3904300000,1.3931500000,1.3902700000,1.3928700000,6290,OTHER,false
2021-07-29T08:00:00Z,1.3928700000,1.3970000000,1.3926800000,1.3958400000,10872,LONDON,false
2021-07-29T12:00:00Z,1.3958400000,1.3972800000,1.3945800000,1.3954500000,11729,OTHER,false
2021-07-29T16:00:00Z,1.3954800000,1.3981700000,1.3951400000,1.3964500000,14325,OTHER,false
2021-07-29T20:00:00Z,1.3964500000,1.3970700000,1.3958700000,1.3961900000,6141,OTHER,false
2021-07-30T00:00:00Z,1.3959900000,1.3971000000,1.3948200000,1.3948600000,5039,OTHER,false
2021-07-30T04:00:00Z,1.3948600000,1.3956400000,1.3941200000,1.3948400000,7309,OTHER,false
2021-07-30T08:00:00Z,1.3948400000,1.3979300000,1.3934300000,1.3976500000,9072,LONDON,false
2021-07-30T12:00:00Z,1.3976500000,1.3983200000,1.3947500000,1.3948800000,11491,OTHER,false
2021-07-30T16:00:00Z,1.3949100000,1.3960500000,1.3890400000,1.3899100000,17529,OTHER,false
2021-07-30T20:00:00Z,1.3899800000,1.3912600000,1.3887500000,1.3907000000,7385,OTHER,false
2021-08-02T00:00:00Z,1.3891200000,1.3904600000,1.3883900000,1.3900600000,3590,OTHER,false
2021-08-02T04:00:00Z,1.3900600000,1.3903700000,1.3886500000,1.3899000000,5288,OTHER,false
2021-08-02T08:00:00Z,1.3898900000,1.3932300000,1.3896400000,1.3921200000,9384,LONDON,false
2021-08-02T12:00:00Z,1.3921400000,1.3924700000,1.3884200000,1.3890000000,9539,OTHER,false
2021-08-02T16:00:00Z,1.3889900000,1.3918100000,1.3875600000,1.3894900000,16946,OTHER,false
2021-08-02T20:00:00Z,1.3895100000,1.3895200000,1.3879400000,1.3887100000,6694,OTHER,false
2021-08-03T00:00:00Z,1.3884900000,1.3901000000,1.3870300000,1.3894000000,3407,OTHER,false
2021-08-03T04:00:00Z,1.3894000000,1.3904400000,1.3886800000,1.3895100000,6440,OTHER,false
2021-08-03T08:00:00Z,1.3895100000,1.3924900000,1.3887900000,1.3913200000,10091,LONDON,false
2021-08-03T12:00:00Z,1.3913100000,1.3938900000,1.3907000000,1.3921600000,11471,OTHER,false
2021-08-03T16:00:00Z,1.3922400000,1.3924400000,1.3882700000,1.3917100000,18163,OTHER,false
2021-08-03T20:00:00Z,1.3917200000,1.3919000000,1.3907500000,1.3915600000,5627,OTHER,false
2021-08-04T00:00:00Z,1.3913900000,1.3917700000,1.3900400000,1.3902700000,2958,OTHER,false
2021-08-04T04:00:00Z,1.3902700000,1.3933000000,1.3902700000,1.3926300000,3257,OTHER,false
2021-08-04T08:00:00Z,1.3926300000,1.3947200000,1.3918200000,1.3931600000,9713,LONDON,false
2021-08-04T12:00:00Z,1.3931600000,1.3942100000,1.3918600000,1.3939300000,11674,OTHER,false
2021-08-04T16:00:00Z,1.3939100000,1.3957600000,1.3893500000,1.3897600000,20123,OTHER,false
2021-08-04T20:00:00Z,1.3897700000,1.3905600000,1.3885700000,1.3888700000,5721,OTHER,false
2021-08-05T00:00:00Z,1.3887600000,1.3897600000,1.3884200000,1.3887000000,2824,OTHER,false
2021-08-05T04:00:00Z,1.3887200000,1.3894300000,1.3877600000,1.3890300000,3280,OTHER,false
2021-08-05T08:00:00Z,1.3890300000,1.3924500000,1.3872200000,1.3915100000,10440,LONDON,false
2021-08-05T12:00:00Z,1.3915100000,1.3945900000,1.3901700000,1.3906000000,16160,OTHER,false
2021-08-05T16:00:00Z,1.3905200000,1.3948900000,1.3899300000,1.3931400000,15370,OTHER,false
2021-08-05T20:00:00Z,1.3931400000,1.3938200000,1.3925900000,1.3929700000,6554,OTHER,false
2021-08-06T00:00:00Z,1.3926800000,1.3932300000,1.3916700000,1.3918500000,3059,OTHER,false
2021-08-06T04:00:00Z,1.3918600000,1.3923400000,1.3915300000,1.3920800000,3825,OTHER,false
2021-08-06T08:00:00Z,1.3920800000,1.3932700000,1.3910100000,1.3917400000,7888,LONDON,false
2021-08-06T12:00:00Z,1.3917500000,1.3929900000,1.3894000000,1.3902200000,14076,OTHER,false
2021-08-06T16:00:00Z,1.3902200000,1.3907200000,1.3861300000,1.3865600000,12979,OTHER,false
2021-08-06T20:00:00Z,1.3865700000,1.3881600000,1.3865000000,1.3874100000,4322,OTHER,false
2021-08-09T00:00:00Z,1.3869200000,1.3883000000,1.3854800000,1.3860500000,6355,OTHER,false
2021-08-09T04:00:00Z,1.3861100000,1.3870300000,1.3856000000,1.3869800000,4424,OTHER,false
2021-08-09T08:00:00Z,1.3869800000,1.3890400000,1.3850100000,1.3857500000,7966,LONDON,false
2021-08-09T12:00:00Z,1.3857400000,1.3894400000,1.3855800000,1.3883100000,10967,OTHER,false
2021-08-09T16:00:00Z,1.3883100000,1.3889500000,1.3840700000,1.3847300000,13553,OTHER,false
2021-08-09T20:00:00Z,1.3847300000,1.3858500000,1.3845200000,1.3846200000,5598,OTHER,false
2021-08-10T00:00:00Z,1.3846800000,1.3853000000,1.3840500000,1.3850600000,2192,OTHER,false
2021-08-10T04:00:00Z,1.3851000000,1.3851300000,1.3836300000,1.3844400000,3929,OTHER,false
2021-08-10T08:00:00Z,1.3844500000,1.3872500000,1.3840000000,1.3864300000,7992,LONDON,false
2021-08-10T12:00:00Z,1.3864300000,1.3865400000,1.3851300000,1.3852200000,8962,OTHER,false
2021-08-10T16:00:00Z,1.3852300000,1.3868100000,1.3827700000,1.3832400000,12488,OTHER,false
2021-08-10T20:00:00Z,1.3832400000,1.3843200000,1.3831000000,1.3838700000,5090,OTHER,false
2021-08-11T00:00:00Z,1.3835900000,1.3843000000,1.3819700000,1.3823700000,2245,OTHER,false
2021-08-11T04:00:00Z,1.3823600000,1.3833600000,1.3820400000,1.3828100000,3693,OTHER,false
2021-08-11T08:00:00Z,1.3828100000,1.3832900000,1.3807200000,1.3809500000,7913,LONDON,false
2021-08-11T12:00:00Z,1.3809600000,1.3876000000,1.3802800000,1.3860100000,11197,OTHER,false
2021-08-11T16:00:00Z,1.3860000000,1.3879300000,1.3846800000,1.3879100000,13900,OTHER,false
2021-08-11T20:00:00Z,1.3878900000,1.3887800000,1.3863600000,1.3865000000,6189,OTHER,false
2021-08-12T00:00:00Z,1.3866700000,1.3873700000,1.3862600000,1.3870900000,3040,OTHER,false
2021-08-12T04:00:00Z,1.3870900000,1.3874700000,1.3863800000,1.3868100000,3173,OTHER,false
2021-08-12T08:00:00Z,1.3868200000,1.3878600000,1.3855100000,1.3862600000,6570,LONDON,false
2021-08-12T12:00:00Z,1.3862500000,1.3866100000,1.3837100000,1.3847000000,9055,OTHER,false
2021-08-12T16:00:00Z,1.3847200000,1.3847500000,1.3816700000,1.3816700000,9807,OTHER,false
2021-08-12T20:00:00Z,1.3816700000,1.3817900000,1.3795000000,1.3806900000,7003,OTHER,false
2021-08-13T00:00:00Z,1.3803700000,1.3813600000,1.3800600000,1.3810100000,1770,OTHER,false
2021-08-13T04:00:00Z,1.3810000000,1.3816700000,1.3803400000,1.3813800000,1735,OTHER,false
2021-08-13T08:00:00Z,1.3813700000,1.3814600000,1.3790600000,1.3800300000,4888,LONDON,false
2021-08-13T12:00:00Z,1.3800200000,1.3833700000,1.3792000000,1.3829700000,6848,OTHER,false
2021-08-13T16:00:00Z,1.3829600000,1.3871000000,1.3829600000,1.3866500000,11262,OTHER,false
2021-08-13T20:00:00Z,1.3866500000,1.3875100000,1.3864000000,1.3869900000,4516,OTHER,false
2021-08-16T00:00:00Z,1.3848700000,1.3873300000,1.3842300000,1.3858000000,2872,OTHER,false
2021-08-16T04:00:00Z,1.3858300000,1.3867100000,1.3851300000,1.3856100000,2900,OTHER,false
2021-08-16T08:00:00Z,1.3855700000,1.3868100000,1.3838600000,1.3860500000,5761,LONDON,false
2021-08-16T12:00:00Z,1.3860500000,1.3878200000,1.3848400000,1.3864600000,8289,OTHER,false
2021-08-16T16:00:00Z,1.3864500000,1.3872100000,1.3827800000,1.3845500000,14573,OTHER,false
2021-08-16T20:00:00Z,1.3845600000,1.3845700000,1.3835800000,1.3841500000,3602,OTHER,false
2021-08-17T00:00:00Z,1.3839500000,1.3844900000,1.3833600000,1.3835100000,2394,OTHER,false
2021-08-17T04:00:00Z,1.3835300000,1.3836600000,1.3814400000,1.3818900000,3353,OTHER,false
2021-08-17T08:00:00Z,1.3818900000,1.3829900000,1.3787900000,1.3809400000,10302,LONDON,false
2021-08-17T12:00:00Z,1.3809400000,1.3812100000,1.3766900000,1.3773300000,10308,OTHER,false
2021-08-17T16:00:00Z,1.3773400000,1.3775700000,1.3726100000,1.3726800000,12812,OTHER,false
2021-08-17T20:00:00Z,1.3726800000,1.3745400000,1.3726800000,1.3743800000,5689,OTHER,false
2021-08-18T00:00:00Z,1.3739100000,1.3742800000,1.3723700000,1.3741000000,2388,OTHER,false
2021-08-18T04:00:00Z,1.3741100000,1.3758900000,1.3739300000,1.3742700000,3443,OTHER,false
2021-08-18T08:00:00Z,1.3742600000,1.3762800000,1.3731200000,1.3756900000,5291,LONDON,false
2021-08-18T12:00:00Z,1.3757400000,1.3768900000,1.3747100000,1.3766800000,7156,OTHER,false
2021-08-18T16:00:00Z,1.3766800000,1.3770700000,1.3744900000,1.3748900000,9881,OTHER,false
2021-08-18T20:00:00Z,1.3748900000,1.3786500000,1.3746800000,1.3755600000,12617,OTHER,false
2021-08-19T00:00:00Z,1.3753500000,1.3758100000,1.3732600000,1.3734000000,3340,OTHER,false
2021-08-19T04:00:00Z,1.3734000000,1.3739200000,1.3712000000,1.3721100000,2925,OTHER,false
2021-08-19T08:00:00Z,1.3721100000,1.3722300000,1.3674400000,1.3676700000,11474,LONDON,false
2021-08-19T12:00:00Z,1.3676700000,1.3699000000,1.3665300000,1.3681000000,9971,OTHER,false
2021-08-19T16:00:00Z,1.3680900000,1.3694000000,1.3652600000,1.3653200000,13987,OTHER,false
2021-08-19T20:00:00Z,1.3653400000,1.3653800000,1.3632100000,1.3635200000,7694,OTHER,false
2021-08-20T00:00:00Z,1.3635200000,1.3645600000,1.3627400000,1.3640200000,2998,OTHER,false
2021-08-20T04:00:00Z,1.3640300000,1.3640900000,1.3617800000,1.3633300000,4145,OTHER,false
2021-08-20T08:00:00Z,1.3633200000,1.3634700000,1.3609200000,1.3621900000,9685,LONDON,false
2021-08-20T12:00:00Z,1.3622100000,1.3622700000,1.3605000000,1.3605400000,7594,OTHER,false
2021-08-20T16:00:00Z,1.3605000000,1.3635900000,1.3602200000,1.3627700000,11342,OTHER,false
2021-08-20T20:00:00Z,1.3627700000,1.3629400000,1.3618300000,1.3623200000,5307,OTHER,false
2021-08-23T00:00:00Z,1.3609200000,1.3644400000,1.3607600000,1.3641700000,3584,OTHER,false
2021-08-23T04:00:00Z,1.3641600000,1.3654900000,1.3639600000,1.3648700000,3401,OTHER,false
2021-08-23T08:00:00Z,1.3648700000,1.3662100000,1.3632400000,1.3653800000,8281,LONDON,false
2021-08-23T12:00:00Z,1.3653800000,1.3699200000,1.3651700000,1.3696600000,8367,OTHER,false
2021-08-23T16:00:00Z,1.3696500000,1.3724600000,1.3685600000,1.3721600000,11471,OTHER,false
2021-08-23T20:00:00Z,1.3721900000,1.3732100000,1.3719600000,1.3724300000,3485,OTHER,false
2021-08-24T00:00:00Z,1.3721900000,1.3726400000,1.3707200000,1.3715900000,2391,OTHER,false
2021-08-24T04:00:00Z,1.3715900000,1.3726100000,1.3710500000,1.3725900000,2092,OTHER,false
2021-08-24T08:00:00Z,1.3726000000,1.3747700000,1.3693800000,1.3708600000,8258,LONDON,false
2021-08-24T12:00:00Z,1.3708400000,1.3732300000,1.3703800000,1.3712000000,9199,OTHER,false
2021-08-24T16:00:00Z,1.3712100000,1.3747400000,1.3708200000,1.3721700000,11838,OTHER,false
2021-08-24T20:00:00Z,1.3721800000,1.3731900000,1.3720000000,1.3727900000,3837,OTHER,false
2021-08-25T00:00:00Z,1.3727000000,1.3732000000,1.3717700000,1.3719700000,2370,OTHER,false
2021-08-25T04:00:00Z,1.3719800000,1.3723400000,1.3713500000,1.3717800000,3079,OTHER,false
2021-08-25T08:00:00Z,1.3717800000,1.3743200000,1.3706300000,1.3729800000,8167,LONDON,false
2021-08-25T12:00:00Z,1.3729800000,1.3733600000,1.3696800000,1.3703700000,7745,OTHER,false
2021-08-25T16:00:00Z,1.3703200000,1.3739800000,1.3699600000,1.3738000000,13457,OTHER,false
2021-08-25T20:00:00Z,1.3737800000,1.3766700000,1.3735100000,1.3763000000,5888,OTHER,false
2021-08-26T00:00:00Z,1.3761200000,1.3768100000,1.3750700000,1.3760500000,3173,OTHER,false
2021-08-26T04:00:00Z,1.3760500000,1.3760500000,1.3749300000,1.3756000000,3184,OTHER,false
2021-08-26T08:00:00Z,1.3756000000,1.3758200000,1.3730800000,1.3735400000,8628,LONDON,false
2021-08-26T12:00:00Z,1.3735400000,1.3750000000,1.3717400000,1.3718800000,10137,OTHER,false
2021-08-26T16:00:00Z,1.3718500000,1.3736100000,1.3702300000,1.3702800000,15239,OTHER,false
2021-08-26T20:00:00Z,1.3702800000,1.3707300000,1.3689500000,1.3698900000,5648,OTHER,false
2021-08-27T00:00:00Z,1.3697100000,1.3702900000,1.3679700000,1.3682000000,2773,OTHER,false
2021-08-27T04:00:00Z,1.3682200000,1.3701000000,1.3679700000,1.3700700000,2448,OTHER,false
2021-08-27T08:00:00Z,1.3700700000,1.3720600000,1.3693800000,1.3702200000,8299,LONDON,false
2021-08-27T12:00:00Z,1.3702300000,1.3729000000,1.3695600000,1.3724100000,8684,OTHER,false
2021-08-27T16:00:00Z,1.3724200000,1.3780300000,1.3701900000,1.3777400000,22278,OTHER,false
2021-08-27T20:00:00Z,1.3777400000,1.3778600000,1.3754400000,1.3756200000,5572,OTHER,false
2021-08-30T00:00:00Z,1.3751000000,1.3765800000,1.3747900000,1.3762700000,3715,OTHER,false
2021-08-30T04:00:00Z,1.3762800000,1.3774900000,1.3758100000,1.3770200000,3772,OTHER,false
2021-08-30T08:00:00Z,1.3770100000,1.3774900000,1.3750700000,1.3762700000,7257,LONDON,false
2021-08-30T12:00:00Z,1.3762700000,1.3767500000,1.3739600000,1.3740700000,7536,OTHER,false
2021-08-30T16:00:00Z,1.3740600000,1.3763600000,1.3733800000,1.3754900000,9333,OTHER,false
2021-08-30T20:00:00Z,1.3754900000,1.3767200000,1.3753500000,1.3757100000,3683,OTHER,false
2021-08-31T00:00:00Z,1.3755600000,1.3765200000,1.3749100000,1.3762600000,3154,OTHER,false
2021-08-31T04:00:00Z,1.3762600000,1.3781500000,1.3757400000,1.3779000000,4275,OTHER,false
2021-08-31T08:00:00Z,1.3779100000,1.3800900000,1.3769500000,1.3769500000,9864,LONDON,false
2021-08-31T12:00:00Z,1.3769600000,1.3792000000,1.3759000000,1.3783500000,13855,OTHER,false
2021-08-31T16:00:00Z,1.3783600000,1.3807700000,1.3742800000,1.3751800000,22070,OTHER,false
2021-08-31T20:00:00Z,1.3751800000,1.3759700000,1.3746900000,1.3753900000,7094,OTHER,false
2021-09-01T00:00:00Z,1.3752800000,1.3758300000,1.3736000000,1.3737200000,2633,OTHER,false
2021-09-01T04:00:00Z,1.3737200000,1.3741600000,1.3731100000,1.3735300000,2931,OTHER,false
2021-09-01T08:00:00Z,1.3735800000,1.3764800000,1.3730400000,1.3755700000,10831,LONDON,false
2021-09-01T12:00:00Z,1.3755700000,1.3790400000,1.3743800000,1.3786400000,11728,OTHER,false
2021-09-01T16:00:00Z,1.3786400000,1.3797600000,1.3774000000,1.3783900000,15390,OTHER,false
2021-09-01T20:00:00Z,1.3783900000,1.3784300000,1.3766300000,1.3767800000,6280,OTHER,false
2021-09-02T00:00:00Z,1.3767700000,1.3779100000,1.3765300000,1.3774200000,2825,OTHER,false
2021-09-02T04:00:00Z,1.3774100000,1.3780200000,1.3770600000,1.3770700000,3069,OTHER,false
2021-09-02T08:00:00Z,1.3770600000,1.3790900000,1.3770200000,1.3786200000,8396,LONDON,false
2021-09-02T12:00:00Z,1.3786300000,1.3801200000,1.3782200000,1.3786200000,8465,OTHER,false
2021-09-02T16:00:00Z,1.3786200000,1.3836100000,1.3781700000,1.3831700000,13586,OTHER,false
2021-09-02T20:00:00Z,1.3831700000,1.3839300000,1.3828500000,1.3831400000,5195,OTHER,false
2021-09-03T00:00:00Z,1.3832000000,1.3845300000,1.3827400000,1.3843800000,2009,OTHER,false
2021-09-03T04:00:00Z,1.3843900000,1.3845000000,1.3831800000,1.3832400000,2872,OTHER,false
2021-09-03T08:00:00Z,1.3832500000,1.3841200000,1.3824600000,1.3835000000,7767,LONDON,false
2021-09-03T12:00:00Z,1.3834900000,1.3867000000,1.3817900000,1.3849600000,14168,OTHER,false
2021-09-03T16:00:00Z,1.3849900000,1.3874800000,1.3837900000,1.3874400000,18342,OTHER,false
2021-09-03T20:00:00Z,1.3874400000,1.3891400000,1.3856400000,1.3857600000,6039,OTHER,false
2021-09-06T00:00:00Z,1.3854400000,1.3866800000,1.3848600000,1.3854900000,3091,OTHER,false
2021-09-06T04:00:00Z,1.3854900000,1.3859500000,1.3842800000,1.3843900000,3653,OTHER,false
2021-09-06T08:00:00Z,1.3844100000,1.3855700000,1.3836400000,1.3842000000,7082,LONDON,false
2021-09-06T12:00:00Z,1.3842000000,1.3846800000,1.3830900000,1.3839000000,6496,OTHER,false
2021-09-06T16:00:00Z,1.3839100000,1.3840600000,1.3818500000,1.3831200000,5828,OTHER,false
2021-09-06T20:00:00Z,1.3831200000,1.3838100000,1.3827400000,1.3834200000,6582,OTHER,false
2021-09-07T00:00:00Z,1.3831800000,1.3851900000,1.3822700000,1.3847600000,2962,OTHER,false
2021-09-07T04:00:00Z,1.3846900000,1.3856500000,1.3837900000,1.3838100000,4183,OTHER,false
2021-09-07T08:00:00Z,1.3838200000,1.3849500000,1.3810100000,1.3817700000,11732,LONDON,false
2021-09-07T12:00:00Z,1.3818000000,1.3824700000,1.3767700000,1.3780100000,13319,OTHER,false
2021-09-07T16:00:00Z,1.3780300000,1.3799700000,1.3767700000,1.3789400000,13858,OTHER,false
2021-09-07T20:00:00Z,1.3789400000,1.3796100000,1.3778700000,1.3784100000,5997,OTHER,false
2021-09-08T00:00:00Z,1.3781200000,1.3788100000,1.3774900000,1.3786100000,3700,OTHER,false
2021-09-08T04:00:00Z,1.3786000000,1.3790200000,1.3776800000,1.3779100000,2970,OTHER,false
2021-09-08T08:00:00Z,1.3779100000,1.3779600000,1.3750700000,1.3763300000,13667,LONDON,false
2021-09-08T12:00:00Z,1.3763200000,1.3778100000,1.3752900000,1.3765700000,11626,OTHER,false
2021-09-08T16:00:00Z,1.3765700000,1.3783200000,1.3726300000,1.3770800000,20413,OTHER,false
2021-09-08T20:00:00Z,1.3770800000,1.3784100000,1.3767800000,1.3770800000,7097,OTHER,false
2021-09-09T00:00:00Z,1.3770600000,1.3774400000,1.3758400000,1.3760500000,2665,OTHER,false
2021-09-09T04:00:00Z,1.3760600000,1.3772800000,1.3753200000,1.3757200000,5058,OTHER,false
2021-09-09T08:00:00Z,1.3757200000,1.3811600000,1.3755300000,1.3810700000,11589,LONDON,false
2021-09-09T12:00:00Z,1.3810700000,1.3842000000,1.3805100000,1.3836400000,15184,OTHER,false
2021-09-09T16:00:00Z,1.3836400000,1.3859700000,1.3824600000,1.3856500000,17824,OTHER,false
2021-09-09T20:00:00Z,1.3856500000,1.3862400000,1.3832200000,1.3835400000,10260,OTHER,false
2021-09-10T00:00:00Z,1.3834700000,1.3846000000,1.3831900000,1.3841300000,2543,OTHER,false
2021-09-10T04:00:00Z,1.3841300000,1.3851600000,1.3832600000,1.3848900000,4395,OTHER,false
2021-09-10T08:00:00Z,1.3848800000,1.3885000000,1.3839500000,1.3878300000,12386,LONDON,false
2021-09-10T12:00:00Z,1.3878300000,1.3888400000,1.3864100000,1.3879500000,10425,OTHER,false
2021-09-10T16:00:00Z,1.3879500000,1.3879900000,1.3841500000,1.3853700000,14689,OTHER,false
2021-09-10T20:00:00Z,1.3853700000,1.3855700000,1.3825200000,1.3829400000,6590,OTHER,false
2021-09-13T00:00:00Z,1.3822400000,1.3843100000,1.3822400000,1.3834100000,2287,OTHER,false
2021-09-13T04:00:00Z,1.3834100000,1.3845700000,1.3821900000,1.3825700000,6658,OTHER,false
2021-09-13T08:00:00Z,1.3825700000,1.3826800000,1.3796700000,1.3816700000,13290,LONDON,false
2021-09-13T12:00:00Z,1.3816600000,1.3841100000,1.3814000000,1.3836000000,10094,OTHER,false
2021-09-13T16:00:00Z,1.3836000000,1.3851100000,1.3813600000,1.3835500000,18603,OTHER,false
2021-09-13T20:00:00Z,1.3835600000,1.3841500000,1.3826000000,1.3838700000,9100,OTHER,false
2021-09-14T00:00:00Z,1.3836700000,1.3843800000,1.3823300000,1.3839400000,3031,OTHER,false
2021-09-14T04:00:00Z,1.3839100000,1.3849800000,1.3837100000,1.3839200000,7689,OTHER,false
2021-09-14T08:00:00Z,1.3839300000,1.3882200000,1.3829500000,1.3866100000,14328,LONDON,false
2021-09-14T12:00:00Z,1.3866100000,1.3906900000,1.3850300000,1.3902400000,15747,OTHER,false
2021-09-14T16:00:00Z,1.3902800000,1.3913100000,1.3839500000,1.3848600000,21435,OTHER,false
2021-09-14T20:00:00Z,1.3848700000,1.3849800000,1.3803200000,1.3807300000,9729,OTHER,false
2021-09-15T00:00:00Z,1.3806300000,1.3812000000,1.3802200000,1.3803000000,4844,OTHER,false
2021-09-15T04:00:00Z,1.3803000000,1.3809500000,1.3792000000,1.3807600000,5992,OTHER,false
2021-09-15T08:00:00Z,1.3807600000,1.3842600000,1.3797700000,1.3834600000,13594,LONDON,false
2021-09-15T12:00:00Z,1.3834600000,1.3835200000,1.3812700000,1.3822400000,14032,OTHER,false
2021-09-15T16:00:00Z,1.3822400000,1.3853200000,1.3816900000,1.3826900000,20286,OTHER,false
2021-09-15T20:00:00Z,1.3827000000,1.3846100000,1.3824900000,1.3840700000,6309,OTHER,false
2021-09-16T00:00:00Z,1.3838800000,1.3852200000,1.3826100000,1.3848000000,3354,OTHER,false
2021-09-16T04:00:00Z,1.3848000000,1.3848000000,1.3831800000,1.3834100000,5272,OTHER,false
2021-09-16T08:00:00Z,1.3834000000,1.3837800000,1.3811600000,1.3822100000,15059,LONDON,false
2021-09-16T12:00:00Z,1.3822000000,1.3841200000,1.3800400000,1.3806500000,16197,OTHER,false
2021-09-16T16:00:00Z,1.3806500000,1.3806500000,1.3764200000,1.3782600000,19524,OTHER,false
2021-09-16T20:00:00Z,1.3782500000,1.3802300000,1.3774500000,1.3793800000,9301,OTHER,false
2021-09-17T00:00:00Z,1.3791400000,1.3799500000,1.3777400000,1.3784400000,5556,OTHER,false
2021-09-17T04:00:00Z,1.3784400000,1.3806800000,1.3783900000,1.3806300000,7409,OTHER,false
2021-09-17T08:00:00Z,1.3806400000,1.3812700000,1.3786700000,1.3795300000,12357,LONDON,false
2021-09-17T12:00:00Z,1.3795300000,1.3807300000,1.3775800000,1.3797800000,16395,OTHER,false
2021-09-17T16:00:00Z,1.3797800000,1.3805700000,1.3741100000,1.3747000000,21451,OTHER,false
2021-09-17T20:00:00Z,1.3746900000,1.3755300000,1.3726500000,1.3727100000,7441,OTHER,false
2021-09-20T00:00:00Z,1.3725200000,1.3749800000,1.3721800000,1.3725500000,3052,OTHER,false
2021-09-20T04:00:00Z,1.3725500000,1.3725600000,1.3701000000,1.3704900000,4428,OTHER,false
2021-09-20T08:00:00Z,1.3704900000,1.3715200000,1.3662000000,1.3674300000,14564,LONDON,false
2021-09-20T12:00:00Z,1.3674300000,1.3699600000,1.3646100000,1.3670300000,14997,OTHER,false
2021-09-20T16:00:00Z,1.3670200000,1.3685000000,1.3643600000,1.3643600000,20230,OTHER,false
2021-09-20T20:00:00Z,1.3643500000,1.3665800000,1.3640600000,1.3657200000,9846,OTHER,false
2021-09-21T00:00:00Z,1.3657700000,1.3664700000,1.3644100000,1.3653400000,4639,OTHER,false
2021-09-21T04:00:00Z,1.3653300000,1.3674900000,1.3648600000,1.3674100000,6950,OTHER,false
2021-09-21T08:00:00Z,1.3674100000,1.3692600000,1.3663000000,1.3684700000,15333,LONDON,false
2021-09-21T12:00:00Z,1.3684800000,1.3692900000,1.3664100000,1.3669000000,14054,OTHER,false
2021-09-21T16:00:00Z,1.3669200000,1.3673400000,1.3641200000,1.3661600000,25774,OTHER,false
2021-09-21T20:00:00Z,1.3661400000,1.3674400000,1.3649800000,1.3658700000,13425,OTHER,false
2021-09-22T00:00:00Z,1.3657600000,1.3662700000,1.3653400000,1.3656300000,4408,OTHER,false
2021-09-22T04:00:00Z,1.3656300000,1.3677600000,1.3647100000,1.3652200000,8965,OTHER,false
2021-09-22T08:00:00Z,1.3652100000,1.3660500000,1.3633400000,1.3638500000,14508,LONDON,false
2021-09-22T12:00:00Z,1.3638500000,1.3650300000,1.3617000000,1.3627100000,11847,OTHER,false
2021-09-22T16:00:00Z,1.3627200000,1.3669000000,1.3615800000,1.3653100000,18366,OTHER,false
2021-09-22T20:00:00Z,1.3653100000,1.3689400000,1.3609200000,1.3614700000,29861,OTHER,false
2021-09-23T00:00:00Z,1.3615100000,1.3632700000,1.3609200000,1.3617000000,7283,OTHER,false
2021-09-23T04:00:00Z,1.3617000000,1.3646400000,1.3613800000,1.3646100000,6277,OTHER,false
2021-09-23T08:00:00Z,1.3646000000,1.3672900000,1.3633400000,1.3655300000,17038,LONDON,false
2021-09-23T12:00:00Z,1.3655300000,1.3725500000,1.3654200000,1.3724500000,26497,OTHER,false
2021-09-23T16:00:00Z,1.3724500000,1.3750500000,1.3705300000,1.3744400000,21090,OTHER,false
2021-09-23T20:00:00Z,1.3744700000,1.3746000000,1.3717300000,1.3719100000,11750,OTHER,false
2021-09-24T00:00:00Z,1.3718000000,1.3736000000,1.3713200000,1.3734800000,4136,OTHER,false
2021-09-24T04:00:00Z,1.3734800000,1.3735100000,1.3716100000,1.3722300000,6336,OTHER,false
2021-09-24T08:00:00Z,1.3722300000,1.3727200000,1.3697400000,1.3717300000,15884,LONDON,false
2021-09-24T12:00:00Z,1.3717300000,1.3717700000,1.3661200000,1.3665900000,15975,OTHER,false
2021-09-24T16:00:00Z,1.3665900000,1.3695300000,1.3658100000,1.3678800000,17984,OTHER,false
2021-09-24T20:00:00Z,1.3678800000,1.3678800000,1.3658700000,1.3670900000,5871,OTHER,false
2021-09-27T00:00:00Z,1.3664400000,1.3676100000,1.3656700000,1.3669600000,4087,OTHER,false
2021-09-27T04:00:00Z,1.3669600000,1.3679900000,1.3664000000,1.3676500000,6249,OTHER,false
2021-09-27T08:00:00Z,1.3676500000,1.3710300000,1.3658000000,1.3701900000,15749,LONDON,false
2021-09-27T12:00:00Z,1.3701900000,1.3718800000,1.3680700000,1.3707800000,20009,OTHER,false
2021-09-27T16:00:00Z,1.3707700000,1.3728700000,1.3691300000,1.3706500000,21690,OTHER,false
2021-09-27T20:00:00Z,1.3706500000,1.3715600000,1.3697100000,1.3698400000,6904,OTHER,false
2021-09-28T00:00:00Z,1.3698300000,1.3705000000,1.3690100000,1.3695000000,2158,OTHER,false
2021-09-28T04:00:00Z,1.3695000000,1.3714000000,1.3687700000,1.3714000000,2723,OTHER,false
2021-09-28T08:00:00Z,1.3714000000,1.3717100000,1.3659700000,1.3672300000,14277,LONDON,false
2021-09-28T12:00:00Z,1.3672300000,1.3676600000,1.3531300000,1.3545500000,22999,OTHER,false
2021-09-28T16:00:00Z,1.3545500000,1.3561800000,1.3523100000,1.3529600000,29892,OTHER,false
2021-09-28T20:00:00Z,1.3529600000,1.3545600000,1.3520500000,1.3536700000,12909,OTHER,false
2021-09-29T00:00:00Z,1.3534600000,1.3544000000,1.3528300000,1.3534700000,7571,OTHER,false
2021-09-29T04:00:00Z,1.3534800000,1.3549200000,1.3529600000,1.3549100000,7885,OTHER,false
2021-09-29T08:00:00Z,1.3549100000,1.3554900000,1.3500300000,1.3501800000,20540,LONDON,false
2021-09-29T12:00:00Z,1.3501800000,1.3529800000,1.3454900000,1.3462800000,18510,OTHER,false
2021-09-29T16:00:00Z,1.3463100000,1.3468700000,1.3411700000,1.3424200000,25832,OTHER,false
2021-09-29T20:00:00Z,1.3424200000,1.3441500000,1.3412500000,1.3425300000,11532,OTHER,false
2021-09-30T00:00:00Z,1.3424300000,1.3441100000,1.3421300000,1.3440700000,5032,OTHER,false
2021-09-30T04:00:00Z,1.3440600000,1.3459500000,1.3436100000,1.3448000000,5283,OTHER,false
2021-09-30T08:00:00Z,1.3448100000,1.3457500000,1.3415500000,1.3438700000,15694,LONDON,false
2021-09-30T12:00:00Z,1.3438700000,1.3480100000,1.3432500000,1.3473900000,16860,OTHER,false
2021-09-30T16:00:00Z,1.3473900000,1.3517400000,1.3446900000,1.3460700000,28555,OTHER,false
2021-09-30T20:00:00Z,1.3460700000,1.3484500000,1.3449900000,1.3472800000,14428,OTHER,false
2021-10-01T00:00:00Z,1.3470700000,1.3479900000,1.3454000000,1.3454000000,7436,OTHER,false
2021-10-01T04:00:00Z,1.3454100000,1.3462200000,1.3444300000,1.3459200000,10523,OTHER,false
2021-10-01T08:00:00Z,1.3459200000,1.3482100000,1.3433400000,1.3473900000,24617,LONDON,false
2021-10-01T12:00:00Z,1.3473900000,1.3546900000,1.3473400000,1.3542700000,23038,OTHER,false
2021-10-01T16:00:00Z,1.3542800000,1.3575700000,1.3535000000,1.3561100000,31127,OTHER,false
2021-10-01T20:00:00Z,1.3561100000,1.3565800000,1.3541500000,1.3542700000,7494,OTHER,false
2021-10-04T00:00:00Z,1.3541800000,1.3576700000,1.3538400000,1.3557500000,4392,OTHER,false
2021-10-04T04:00:00Z,1.3557500000,1.3557800000,1.3533500000,1.3547800000,8389,OTHER,false
2021-10-04T08:00:00Z,1.3547800000,1.3568100000,1.3531600000,1.3559100000,19417,LONDON,false
2021-10-04T12:00:00Z,1.3559200000,1.3610800000,1.3557000000,1.3605400000,19467,OTHER,false
2021-10-04T16:00:00Z,1.3605400000,1.3640000000,1.3594700000,1.3607700000,25631,OTHER,false
2021-10-04T20:00:00Z,1.3607700000,1.3618200000,1.3603000000,1.3607100000,9799,OTHER,false
2021-10-05T00:00:00Z,1.3605900000,1.3612300000,1.3593300000,1.3594700000,3582,OTHER,false
2021-10-05T04:00:00Z,1.3594700000,1.3606100000,1.3584500000,1.3589600000,8239,OTHER,false
2021-10-05T08:00:00Z,1.3589600000,1.3627400000,1.3584900000,1.3620100000,17530,LONDON,false
2021-10-05T12:00:00Z,1.3620100000,1.3642600000,1.3613000000,1.3622700000,16270,OTHER,false
2021-10-05T16:00:00Z,1.3622600000,1.3647800000,1.3599800000,1.3641300000,25348,OTHER,false
2021-10-05T20:00:00Z,1.3641300000,1.3644300000,1.3620400000,1.3625200000,9469,OTHER,false
2021-10-06T00:00:00Z,1.3622800000,1.3631200000,1.3621500000,1.3624000000,7685,OTHER,false
2021-10-06T04:00:00Z,1.3624000000,1.3629000000,1.3599100000,1.3605500000,7441,OTHER,false
2021-10-06T08:00:00Z,1.3605500000,1.3615000000,1.3550200000,1.3551400000,21967,LONDON,false
2021-10-06T12:00:00Z,1.3551300000,1.3590500000,1.3543800000,1.3583000000,22715,OTHER,false
2021-10-06T16:00:00Z,1.3583000000,1.3590900000,1.3550100000,1.3554200000,28164,OTHER,false
2021-10-06T20:00:00Z,1.3554200000,1.3590600000,1.3553500000,1.3580700000,14982,OTHER,false
2021-10-07T00:00:00Z,1.3580500000,1.3597200000,1.3576600000,1.3593100000,3852,OTHER,false
2021-10-07T04:00:00Z,1.3593100000,1.3594800000,1.3577200000,1.3581900000,4414,OTHER,false
2021-10-07T08:00:00Z,1.3581900000,1.3605100000,1.3570300000,1.3587500000,16810,LONDON,false
2021-10-07T12:00:00Z,1.3587200000,1.3617800000,1.3581000000,1.3595000000,17060,OTHER,false
2021-10-07T16:00:00Z,1.3595000000,1.3638000000,1.3585200000,1.3621800000,20452,OTHER,false
2021-10-07T20:00:00Z,1.3621700000,1.3624500000,1.3611400000,1.3615300000,8507,OTHER,false
2021-10-08T00:00:00Z,1.3613500000,1.3622400000,1.3606800000,1.3618200000,4267,OTHER,false
2021-10-08T04:00:00Z,1.3618200000,1.3620600000,1.3601900000,1.3602100000,5662,OTHER,false
2021-10-08T08:00:00Z,1.3602100000,1.3607500000,1.3583500000,1.3599900000,14574,LONDON,false
2021-10-08T12:00:00Z,1.3599900000,1.3658300000,1.3597600000,1.3640100000,17610,OTHER,false
2021-10-08T16:00:00Z,1.3640300000,1.3649000000,1.3611100000,1.3617200000,26055,OTHER,false
2021-10-08T20:00:00Z,1.3617200000,1.3625800000,1.3609300000,1.3617400000,8322,OTHER,false
2021-10-11T00:00:00Z,1.3614400000,1.3641900000,1.3607700000,1.3638500000,4275,OTHER,false
2021-10-11T04:00:00Z,1.3638500000,1.3655300000,1.3634100000,1.3639800000,5378,OTHER,false
2021-10-11T08:00:00Z,1.3639800000,1.3673500000,1.3631400000,1.3647500000,17325,LONDON,false
2021-10-11T12:00:00Z,1.3647400000,1.3648100000,1.3610900000,1.3620100000,13663,OTHER,false
2021-10-11T16:00:00Z,1.3620000000,1.3651100000,1.3609300000,1.3610000000,13446,OTHER,false
2021-10-11T20:00:00Z,1.3610200000,1.3610500000,1.3583900000,1.3593700000,10673,OTHER,false
2021-10-12T00:00:00Z,1.3592500000,1.3595500000,1.3581800000,1.3584800000,4111,OTHER,false
2021-10-12T04:00:00Z,1.3584800000,1.3602600000,1.3580700000,1.3596400000,5367,OTHER,false
2021-10-12T08:00:00Z,1.3596400000,1.3611500000,1.3568800000,1.3599900000,15483,LONDON,false
2021-10-12T12:00:00Z,1.3600000000,1.3637400000,1.3595300000,1.3607400000,15082,OTHER,false
2021-10-12T16:00:00Z,1.3607500000,1.3621500000,1.3569200000,1.3587100000,24408,OTHER,false
2021-10-12T20:00:00Z,1.3587100000,1.3597200000,1.3576300000,1.3586600000,9910,OTHER,false
2021-10-13T00:00:00Z,1.3585600000,1.3596200000,1.3575200000,1.3596000000,4622,OTHER,false
2021-10-13T04:00:00Z,1.3596000000,1.3618000000,1.3594900000,1.3617900000,5284,OTHER,false
2021-10-13T08:00:00Z,1.3617900000,1.3638500000,1.3601600000,1.3627000000,14762,LONDON,false
2021-10-13T12:00:00Z,1.3627000000,1.3644400000,1.3587400000,1.3595400000,19133,OTHER,false
2021-10-13T16:00:00Z,1.3595400000,1.3651500000,1.3593600000,1.3641700000,23944,OTHER,false
2021-10-13T20:00:00Z,1.3641700000,1.3664400000,1.3631500000,1.3657600000,11596,OTHER,false
2021-10-14T00:00:00Z,1.3656400000,1.3669800000,1.3650200000,1.3666600000,4166,OTHER,false
2021-10-14T04:00:00Z,1.3666600000,1.3671900000,1.3658000000,1.3664000000,3874,OTHER,false
2021-10-14T08:00:00Z,1.3664000000,1.3717900000,1.3660700000,1.3712000000,12325,LONDON,false
2021-10-14T12:00:00Z,1.3712000000,1.3734300000,1.3699600000,1.3716000000,15573,OTHER,false
2021-10-14T16:00:00Z,1.3715900000,1.3719100000,1.3675400000,1.3685100000,18691,OTHER,false
2021-10-14T20:00:00Z,1.3685000000,1.3687700000,1.3667200000,1.3671300000,8513,OTHER,false
2021-10-15T00:00:00Z,1.3669500000,1.3676900000,1.3667500000,1.3676600000,3316,OTHER,false
2021-10-15T04:00:00Z,1.3676700000,1.3688700000,1.3670300000,1.3686000000,4556,OTHER,false
2021-10-15T08:00:00Z,1.3686000000,1.3738900000,1.3674500000,1.3721000000,16141,LONDON,false
2021-10-15T12:00:00Z,1.3721000000,1.3757800000,1.3717000000,1.3733700000,15903,OTHER,false
2021-10-15T16:00:00Z,1.3734000000,1.3773000000,1.3732500000,1.3758100000,18364,OTHER,false
2021-10-15T20:00:00Z,1.3758100000,1.3761800000,1.3738500000,1.3744000000,8641,OTHER,false
2021-10-18T00:00:00Z,1.3743900000,1.3764700000,1.3737200000,1.3743100000,6777,OTHER,false
2021-10-18T04:00:00Z,1.3743000000,1.3746000000,1.3727100000,1.3730300000,6318,OTHER,false
2021-10-18T08:00:00Z,1.3730300000,1.3747200000,1.3716300000,1.3719400000,13460,LONDON,false
2021-10-18T12:00:00Z,1.3719400000,1.3745800000,1.3718500000,1.3732200000,16347,OTHER,false
2021-10-18T16:00:00Z,1.3732200000,1.3739700000,1.3709500000,1.3732700000,19423,OTHER,false
2021-10-18T20:00:00Z,1.3732800000,1.3740000000,1.3725500000,1.3726400000,7288,OTHER,false
2021-10-19T00:00:00Z,1.3725900000,1.3751700000,1.3720200000,1.3751700000,5107,OTHER,false
2021-10-19T04:00:00Z,1.3751600000,1.3774600000,1.3747000000,1.3769500000,6946,OTHER,false
2021-10-19T08:00:00Z,1.3769600000,1.3794800000,1.3768200000,1.3794000000,15709,LONDON,false
2021-10-19T12:00:00Z,1.3793800000,1.3834000000,1.3787400000,1.3813500000,14663,OTHER,false
2021-10-19T16:00:00Z,1.3813500000,1.3818900000,1.3791600000,1.3796700000,16771,OTHER,false
2021-10-19T20:00:00Z,1.3796700000,1.3812500000,1.3788200000,1.3793000000,7033,OTHER,false
2021-10-20T00:00:00Z,1.3789600000,1.3801400000,1.3785500000,1.3798800000,3697,OTHER,false
2021-10-20T04:00:00Z,1.3798700000,1.3814700000,1.3791200000,1.3807800000,7021,OTHER,false
2021-10-20T08:00:00Z,1.3808000000,1.3809900000,1.3768300000,1.3778500000,14204,LONDON,false
2021-10-20T12:00:00Z,1.3778400000,1.3786300000,1.3742400000,1.3781700000,14643,OTHER,false
2021-10-20T16:00:00Z,1.3781400000,1.3830500000,1.3774700000,1.3829300000,17551,OTHER,false
2021-10-20T20:00:00Z,1.3829300000,1.3834600000,1.3820300000,1.3822600000,10023,OTHER,false
2021-10-21T00:00:00Z,1.3821500000,1.3827900000,1.3807900000,1.3826700000,3451,OTHER,false
2021-10-21T04:00:00Z,1.3826700000,1.3833200000,1.3813300000,1.3815700000,7243,OTHER,false
2021-10-21T08:00:00Z,1.3815700000,1.3820300000,1.3791100000,1.3803900000,14854,LONDON,false
2021-10-21T12:00:00Z,1.3804000000,1.3816500000,1.3785600000,1.3807700000,14147,OTHER,false
2021-10-21T16:00:00Z,1.3807700000,1.3824400000,1.3795400000,1.3799200000,19247,OTHER,false
2021-10-21T20:00:00Z,1.3799300000,1.3799300000,1.3776200000,1.3790800000,12037,OTHER,false
2021-10-22T00:00:00Z,1.3788900000,1.3795100000,1.3782400000,1.3790700000,5231,OTHER,false
2021-10-22T04:00:00Z,1.3790700000,1.3809600000,1.3789500000,1.3798700000,11017,OTHER,false
2021-10-22T08:00:00Z,1.3798700000,1.3811400000,1.3770800000,1.3810200000,19957,LONDON,false
2021-10-22T12:00:00Z,1.3810200000,1.3814800000,1.3780100000,1.3787200000,16962,OTHER,false
2021-10-22T16:00:00Z,1.3787200000,1.3792300000,1.3735800000,1.3754700000,29000,OTHER,false
2021-10-22T20:00:00Z,1.3755000000,1.3761600000,1.3740300000,1.3759300000,13316,OTHER,false
2021-10-25T00:00:00Z,1.3736600000,1.3776000000,1.3736600000,1.3771400000,6577,OTHER,false
2021-10-25T04:00:00Z,1.3771500000,1.3785200000,1.3759300000,1.3782800000,13287,OTHER,false
2021-10-25T08:00:00Z,1.3782800000,1.3792300000,1.3759400000,1.3770500000,20519,LONDON,false
2021-10-25T12:00:00Z,1.3770500000,1.3776300000,1.3741600000,1.3748000000,20547,OTHER,false
2021-10-25T16:00:00Z,1.3748000000,1.3779900000,1.3745400000,1.3759100000,24954,OTHER,false
2021-10-25T20:00:00Z,1.3758800000,1.3775600000,1.3758800000,1.3764300000,8698,OTHER,false
2021-10-26T00:00:00Z,1.3764200000,1.3767500000,1.3756600000,1.3759400000,3286,OTHER,false
2021-10-26T04:00:00Z,1.3759400000,1.3772000000,1.3757100000,1.3761400000,8616,OTHER,false
2021-10-26T08:00:00Z,1.3761400000,1.3788000000,1.3757000000,1.3784400000,20166,LONDON,false
2021-10-26T12:00:00Z,1.3784400000,1.3829500000,1.3779700000,1.3805900000,19415,OTHER,false
2021-10-26T16:00:00Z,1.3805900000,1.3807000000,1.3758300000,1.3760200000,23122,OTHER,false
2021-10-26T20:00:00Z,1.3760100000,1.3771200000,1.3758200000,1.3766200000,10210,OTHER,false
2021-10-27T00:00:00Z,1.3762000000,1.3777700000,1.3757500000,1.3767500000,4769,OTHER,false
2021-10-27T04:00:00Z,1.3767400000,1.3775700000,1.3765000000,1.3774800000,7864,OTHER,false
2021-10-27T08:00:00Z,1.3774800000,1.3780800000,1.3722300000,1.3723500000,20260,LONDON,false
2021-10-27T12:00:00Z,1.3723500000,1.3754300000,1.3710500000,1.3739100000,23219,OTHER,false
2021-10-27T16:00:00Z,1.3739100000,1.3752300000,1.3709400000,1.3747200000,33590,OTHER,false
2021-10-27T20:00:00Z,1.3747200000,1.3758800000,1.3731300000,1.3741600000,12917,OTHER,false
2021-10-28T00:00:00Z,1.3739100000,1.3741500000,1.3723500000,1.3727900000,5274,OTHER,false
2021-10-28T04:00:00Z,1.3727900000,1.3747600000,1.3721800000,1.3745000000,10438,OTHER,false
2021-10-28T08:00:00Z,1.3745000000,1.3774000000,1.3734800000,1.3750300000,21209,LONDON,false
2021-10-28T12:00:00Z,1.3750200000,1.3764000000,1.3729900000,1.3759000000,25668,OTHER,false
2021-10-28T16:00:00Z,1.3759000000,1.3814800000,1.3755400000,1.3791900000,34104,OTHER,false
2021-10-28T20:00:00Z,1.3792100000,1.3796500000,1.3785400000,1.3792100000,14862,OTHER,false
2021-10-29T00:00:00Z,1.3791900000,1.3804100000,1.3784600000,1.3794700000,5512,OTHER,false
2021-10-29T04:00:00Z,1.3794400000,1.3799300000,1.3787400000,1.3788000000,9968,OTHER,false
2021-10-29T08:00:00Z,1.3788000000,1.3801800000,1.3769100000,1.3772000000,20146,LONDON,false
2021-10-29T12:00:00Z,1.3772000000,1.3800200000,1.3754800000,1.3759300000,23188,OTHER,false
2021-10-29T16:00:00Z,1.3759300000,1.3775600000,1.3668300000,1.3673300000,34154,OTHER,false
2021-10-29T20:00:00Z,1.3673300000,1.3698600000,1.3671100000,1.3692000000,12358,OTHER,false
2021-11-01T00:00:00Z,1.3680700000,1.3687800000,1.3665500000,1.3681400000,8127,OTHER,false
2021-11-01T04:00:00Z,1.3681200000,1.3687600000,1.3672300000,1.3686600000,8848,OTHER,false
2021-11-01T08:00:00Z,1.3686700000,1.3686700000,1.3642700000,1.3656100000,21170,LONDON,false
2021-11-01T12:00:00Z,1.3656300000,1.3693400000,1.3641900000,1.3673500000,18994,OTHER,false
2021-11-01T16:00:00Z,1.3673500000,1.3692600000,1.3653100000,1.3660000000,20233,OTHER,false
2021-11-01T20:00:00Z,1.3659900000,1.3677100000,1.3652700000,1.3664400000,9088,OTHER,false
2021-11-02T00:00:00Z,1.3663800000,1.3664400000,1.3647400000,1.3651400000,6705,OTHER,false
2021-11-02T04:00:00Z,1.3651500000,1.3661900000,1.3645300000,1.3655100000,11338,OTHER,false
2021-11-02T08:00:00Z,1.3655000000,1.3667700000,1.3628800000,1.3641400000,20594,LONDON,false
2021-11-02T12:00:00Z,1.3641400000,1.3663700000,1.3625800000,1.3632800000,20245,OTHER,false
2021-11-02T16:00:00Z,1.3632800000,1.3635600000,1.3605100000,1.3619300000,17759,OTHER,false
2021-11-02T20:00:00Z,1.3619300000,1.3624800000,1.3607900000,1.3615400000,8990,OTHER,false
2021-11-03T00:00:00Z,1.3612500000,1.3629400000,1.3610400000,1.3628900000,4167,OTHER,false
2021-11-03T04:00:00Z,1.3628900000,1.3633300000,1.3622500000,1.3630600000,6866,OTHER,false
2021-11-03T08:00:00Z,1.3630500000,1.3634900000,1.3607200000,1.3626400000,15814,LONDON,false
2021-11-03T12:00:00Z,1.3626500000,1.3664300000,1.3617000000,1.3644700000,16016,OTHER,false
2021-11-03T16:00:00Z,1.3644200000,1.3666900000,1.3633100000,1.3658300000,17509,OTHER,false
2021-11-03T20:00:00Z,1.3658200000,1.3691300000,1.3642100000,1.3683000000,27696,OTHER,false
2021-11-04T00:00:00Z,1.3683300000,1.3697900000,1.3670600000,1.3672600000,6129,OTHER,false
2021-11-04T04:00:00Z,1.3672500000,1.3676800000,1.3651700000,1.3656900000,6685,OTHER,false
2021-11-04T08:00:00Z,1.3656900000,1.3669900000,1.3624400000,1.3628400000,14345,LONDON,false
2021-11-04T12:00:00Z,1.3628300000,1.3651700000,1.3521600000,1.3528900000,26689,OTHER,false
2021-11-04T16:00:00Z,1.3528900000,1.3531400000,1.3471200000,1.3492500000,23879,OTHER,false
2021-11-04T20:00:00Z,1.3492600000,1.3504000000,1.3489600000,1.3497800000,8635,OTHER,false
2021-11-05T00:00:00Z,1.3494500000,1.3508100000,1.3484900000,1.3486100000,6855,OTHER,false
2021-11-05T04:00:00Z,1.3486100000,1.3501600000,1.3483600000,1.3491900000,6908,OTHER,false
2021-11-05T08:00:00Z,1.3491900000,1.3509100000,1.3430500000,1.3433300000,17849,LONDON,false
2021-11-05T12:00:00Z,1.3433400000,1.3477800000,1.3424200000,1.3458300000,25171,OTHER,false
2021-11-05T16:00:00Z,1.3458300000,1.3506900000,1.3453600000,1.3491800000,18898,OTHER,false
2021-11-05T20:00:00Z,1.3491900000,1.3495500000,1.3480100000,1.3495300000,8241,OTHER,false
2021-11-08T00:00:00Z,1.3481200000,1.3494600000,1.3471700000,1.3472200000,8552,OTHER,false
2021-11-08T04:00:00Z,1.3472200000,1.3487100000,1.3471300000,1.3486400000,6237,OTHER,false
2021-11-08T08:00:00Z,1.3486500000,1.3500600000,1.3450100000,1.3489700000,15032,LONDON,false
2021-11-08T12:00:00Z,1.3489700000,1.3549500000,1.3475100000,1.3541500000,16369,OTHER,false
2021-11-08T16:00:00Z,1.3541600000,1.3579400000,1.3530700000,1.3557600000,18742,OTHER,false
2021-11-08T20:00:00Z,1.3557600000,1.3567900000,1.3549900000,1.3563500000,8983,OTHER,false
2021-11-09T00:00:00Z,1.3563100000,1.3567000000,1.3547300000,1.3554100000,4709,OTHER,false
2021-11-09T04:00:00Z,1.3554100000,1.3582700000,1.3553600000,1.3576700000,8746,OTHER,false
2021-11-09T08:00:00Z,1.3576700000,1.3607100000,1.3556700000,1.3600200000,14947,LONDON,false
2021-11-09T12:00:00Z,1.3600200000,1.3601000000,1.3544900000,1.3557200000,18262,OTHER,false
2021-11-09T16:00:00Z,1.3557200000,1.3570200000,1.3524200000,1.3564700000,25162,OTHER,false
2021-11-09T20:00:00Z,1.3564600000,1.3567600000,1.3552600000,1.3557000000,11545,OTHER,false
2021-11-10T00:00:00Z,1.3556500000,1.3561700000,1.3546300000,1.3550300000,4808,OTHER,false
2021-11-10T04:00:00Z,1.3550300000,1.3565300000,1.3546100000,1.3551300000,6923,OTHER,false
2021-11-10T08:00:00Z,1.3551400000,1.3563800000,1.3517800000,1.3535000000,18489,LONDON,false
2021-11-10T12:00:00Z,1.3535000000,1.3540300000,1.3480300000,1.3506300000,20772,OTHER,false
2021-11-10T16:00:00Z,1.3506300000,1.3538800000,1.3454700000,1.3458300000,29086,OTHER,false
2021-11-10T20:00:00Z,1.3458300000,1.3460500000,1.3400400000,1.3403400000,20469,OTHER,false
2021-11-11T00:00:00Z,1.3400300000,1.3419900000,1.3397900000,1.3405800000,6641,OTHER,false
2021-11-11T04:00:00Z,1.3405800000,1.3417700000,1.3392300000,1.3416900000,9028,OTHER,false
2021-11-11T08:00:00Z,1.3416900000,1.3433000000,1.3363700000,1.3393000000,17532,LONDON,false
2021-11-11T12:00:00Z,1.3392700000,1.3414700000,1.3383200000,1.3407700000,14336,OTHER,false
2021-11-11T16:00:00Z,1.3408100000,1.3416800000,1.3369100000,1.3370000000,17027,OTHER,false
2021-11-11T20:00:00Z,1.3370000000,1.3371500000,1.3358300000,1.3369600000,7020,OTHER,false
2021-11-12T00:00:00Z,1.3365900000,1.3371400000,1.3354400000,1.3356900000,5575,OTHER,false
2021-11-12T04:00:00Z,1.3357000000,1.3370200000,1.3352700000,1.3369200000,6166,OTHER,false
2021-11-12T08:00:00Z,1.3369200000,1.3411500000,1.3362600000,1.3394300000,13721,LONDON,false
2021-11-12T12:00:00Z,1.3394300000,1.3406600000,1.3381900000,1.3398000000,14283,OTHER,false
2021-11-12T16:00:00Z,1.3397900000,1.3424600000,1.3378600000,1.3422300000,20922,OTHER,false
2021-11-12T20:00:00Z,1.3422300000,1.3426100000,1.3409300000,1.3412500000,8354,OTHER,false
2021-11-15T00:00:00Z,1.3404600000,1.3437100000,1.3404600000,1.3436700000,6951,OTHER,false
2021-11-15T04:00:00Z,1.3436600000,1.3439900000,1.3426400000,1.3436900000,6167,OTHER,false
2021-11-15T08:00:00Z,1.3436900000,1.3439400000,1.3403000000,1.3413800000,13423,LONDON,false
2021-11-15T12:00:00Z,1.3413700000,1.3443700000,1.3408300000,1.3435900000,14465,OTHER,false
2021-11-15T16:00:00Z,1.3435700000,1.3449500000,1.3420600000,1.3422700000,24265,OTHER,false
2021-11-15T20:00:00Z,1.3422700000,1.3435900000,1.3404800000,1.3412700000,10381,OTHER,false
2021-11-16T00:00:00Z,1.3409500000,1.3427400000,1.3405000000,1.3424100000,6930,OTHER,false
2021-11-16T04:00:00Z,1.3424000000,1.3438600000,1.3416800000,1.3417800000,7035,OTHER,false
2021-11-16T08:00:00Z,1.3417700000,1.3473000000,1.3417300000,1.3466200000,19044,LONDON,false
2021-11-16T12:00:00Z,1.3466200000,1.3466700000,1.3431800000,1.3458200000,18597,OTHER,false
2021-11-16T16:00:00Z,1.3458200000,1.3458200000,1.3415000000,1.3428800000,25958,OTHER,false
2021-11-16T20:00:00Z,1.3428800000,1.3442800000,1.3419600000,1.3427400000,11722,OTHER,false
2021-11-17T00:00:00Z,1.3427000000,1.3436400000,1.3419500000,1.3429900000,5100,OTHER,false
2021-11-17T04:00:00Z,1.3429900000,1.3433500000,1.3395600000,1.3421100000,8649,OTHER,false
2021-11-17T08:00:00Z,1.3420900000,1.3472900000,1.3420500000,1.3431500000,20795,LONDON,false
2021-11-17T12:00:00Z,1.3431500000,1.3482200000,1.3416500000,1.3454300000,16783,OTHER,false
2021-11-17T16:00:00Z,1.3454300000,1.3494400000,1.3451200000,1.3490200000,21136,OTHER,false
2021-11-17T20:00:00Z,1.3490200000,1.3496100000,1.3479100000,1.3488900000,11197,OTHER,false
2021-11-18T00:00:00Z,1.3488400000,1.3496500000,1.3480400000,1.3488600000,4871,OTHER,false
2021-11-18T04:00:00Z,1.3488600000,1.3503600000,1.3483500000,1.3489000000,7385,OTHER,false
2021-11-18T08:00:00Z,1.3488900000,1.3513600000,1.3486500000,1.3492500000,14089,LONDON,false
2021-11-18T12:00:00Z,1.3492500000,1.3500800000,1.3463500000,1.3466500000,17361,OTHER,false
2021-11-18T16:00:00Z,1.3466400000,1.3500800000,1.3464000000,1.3497700000,22510,OTHER,false
2021-11-18T20:00:00Z,1.3497700000,1.3504500000,1.3493600000,1.3497600000,7530,OTHER,false
2021-11-19T00:00:00Z,1.3495300000,1.3504100000,1.3474600000,1.3490400000,4334,OTHER,false
2021-11-19T04:00:00Z,1.3490300000,1.3491000000,1.3480800000,1.3486800000,5023,OTHER,false
2021-11-19T08:00:00Z,1.3486800000,1.3509400000,1.3419100000,1.3432800000,19478,LONDON,false
2021-11-19T12:00:00Z,1.3433100000,1.3456900000,1.3407000000,1.3440000000,28794,OTHER,false
2021-11-19T16:00:00Z,1.3440000000,1.3475000000,1.3439100000,1.3455800000,29492,OTHER,false
2021-11-19T20:00:00Z,1.3455800000,1.3458700000,1.3439700000,1.3444800000,8816,OTHER,false
2021-11-22T00:00:00Z,1.3438400000,1.3458000000,1.3427800000,1.3430700000,9340,OTHER,false
2021-11-22T04:00:00Z,1.3431100000,1.3446500000,1.3426900000,1.3445700000,8342,OTHER,false
2021-11-22T08:00:00Z,1.3445800000,1.3448900000,1.3418900000,1.3428200000,17035,LONDON,false
2021-11-22T12:00:00Z,1.3428200000,1.3449500000,1.3426100000,1.3445000000,17841,OTHER,false
2021-11-22T16:00:00Z,1.3445100000,1.3445100000,1.3389600000,1.3393800000,28543,OTHER,false
2021-11-22T20:00:00Z,1.3393800000,1.3398700000,1.3384100000,1.3394300000,8763,OTHER,false
2021-11-23T00:00:00Z,1.3394200000,1.3405500000,1.3389000000,1.3399100000,3626,OTHER,false
2021-11-23T04:00:00Z,1.3399200000,1.3401100000,1.3382200000,1.3388300000,5040,OTHER,false
2021-11-23T08:00:00Z,1.3388300000,1.3409300000,1.3373800000,1.3379000000,23035,LONDON,false
2021-11-23T12:00:00Z,1.3379100000,1.3387000000,1.3342300000,1.3368100000,21336,OTHER,false
2021-11-23T16:00:00Z,1.3368200000,1.3387900000,1.3352200000,1.3373900000,26163,OTHER,false
2021-11-23T20:00:00Z,1.3374000000,1.3384700000,1.3365400000,1.3377100000,10835,OTHER,false
2021-11-24T00:00:00Z,1.3375500000,1.3382400000,1.3367000000,1.3380600000,7810,OTHER,false
2021-11-24T04:00:00Z,1.3380600000,1.3382600000,1.3368900000,1.3380300000,6498,OTHER,false
2021-11-24T08:00:00Z,1.3380200000,1.3390200000,1.3352000000,1.3354900000,18590,LONDON,false
2021-11-24T12:00:00Z,1.3355100000,1.3378600000,1.3339700000,1.3352700000,18125,OTHER,false
2021-11-24T16:00:00Z,1.3352700000,1.3357900000,1.3319100000,1.3323700000,26637,OTHER,false
2021-11-24T20:00:00Z,1.3323600000,1.3335100000,1.3315400000,1.3326700000,10870,OTHER,false
2021-11-25T00:00:00Z,1.3325700000,1.3344100000,1.3321300000,1.3336000000,3835,OTHER,false
2021-11-25T04:00:00Z,1.3336000000,1.3352200000,1.3333400000,1.3344000000,3072,OTHER,false
2021-11-25T08:00:00Z,1.3344100000,1.3353400000,1.3328400000,1.3333400000,9731,LONDON,false
2021-11-25T12:00:00Z,1.3333400000,1.3337800000,1.3305200000,1.3313800000,11488,OTHER,false
2021-11-25T16:00:00Z,1.3313900000,1.3327400000,1.3308200000,1.3324100000,9674,OTHER,false
2021-11-25T20:00:00Z,1.3324000000,1.3332700000,1.3314200000,1.3320800000,29938,OTHER,false
2021-11-26T00:00:00Z,1.3319000000,1.3323000000,1.3298400000,1.3304300000,7503,OTHER,false
2021-11-26T04:00:00Z,1.3304200000,1.3307700000,1.3298400000,1.3305100000,10180,OTHER,false
2021-11-26T08:00:00Z,1.3305100000,1.3334000000,1.3278100000,1.3314900000,32750,LONDON,false
2021-11-26T12:00:00Z,1.3315000000,1.3349400000,1.3305800000,1.3338100000,22703,OTHER,false
2021-11-26T16:00:00Z,1.3337500000,1.3345500000,1.3307400000,1.3333800000,24596,OTHER,false
2021-11-26T20:00:00Z,1.3333900000,1.3364700000,1.3321300000,1.3327500000,15175,OTHER,false
2021-11-29T00:00:00Z,1.3328100000,1.3343100000,1.3322400000,1.3335400000,8197,OTHER,false
2021-11-29T04:00:00Z,1.3335100000,1.3341200000,1.3327200000,1.3338100000,5082,OTHER,false
2021-11-29T08:00:00Z,1.3338100000,1.3355300000,1.3318900000,1.3339900000,17165,LONDON,false
2021-11-29T12:00:00Z,1.3339900000,1.3363100000,1.3319300000,1.3319300000,14866,OTHER,false
2021-11-29T16:00:00Z,1.3319400000,1.3322600000,1.3288100000,1.3301100000,18605,OTHER,false
2021-11-29T20:00:00Z,1.3301100000,1.3316300000,1.3287300000,1.3313100000,9127,OTHER,false
2021-11-30T00:00:00Z,1.3311600000,1.3328700000,1.3303700000,1.3325700000,7839,OTHER,false
2021-11-30T04:00:00Z,1.3325700000,1.3328900000,1.3311600000,1.3317800000,6404,OTHER,false
2021-11-30T08:00:00Z,1.3317800000,1.3368700000,1.3306200000,1.3362700000,20966,LONDON,false
2021-11-30T12:00:00Z,1.3363200000,1.3370300000,1.3328100000,1.3345300000,19471,OTHER,false
2021-11-30T16:00:00Z,1.3345300000,1.3366800000,1.3194000000,1.3264100000,40483,OTHER,false
2021-11-30T20:00:00Z,1.3264200000,1.3309200000,1.3253100000,1.3298400000,12719,OTHER,false
2021-12-01T00:00:00Z,1.3297300000,1.3313700000,1.3287600000,1.3293100000,5336,OTHER,false
2021-12-01T04:00:00Z,1.3293100000,1.3326400000,1.3292200000,1.3325800000,5742,OTHER,false
2021-12-01T08:00:00Z,1.3325800000,1.3332000000,1.3276300000,1.3311200000,19437,LONDON,false
2021-12-01T12:00:00Z,1.3311200000,1.3344100000,1.3300800000,1.3343000000,19261,OTHER,false
2021-12-01T16:00:00Z,1.3342500000,1.3352200000,1.3298400000,1.3302600000,27215,OTHER,false
2021-12-01T20:00:00Z,1.3302500000,1.3306900000,1.3261500000,1.3275400000,18326,OTHER,false
2021-12-02T00:00:00Z,1.3273700000,1.3294700000,1.3268100000,1.3294400000,4598,OTHER,false
2021-12-02T04:00:00Z,1.3294400000,1.3305400000,1.3285700000,1.3288200000,3720,OTHER,false
2021-12-02T08:00:00Z,1.3288200000,1.3322100000,1.3276400000,1.3321000000,16317,LONDON,false
2021-12-02T12:00:00Z,1.3320900000,1.3333500000,1.3307100000,1.3312000000,20187,OTHER,false
2021-12-02T16:00:00Z,1.3312000000,1.3322700000,1.3299400000,1.3301700000,26877,OTHER,false
2021-12-02T20:00:00Z,1.3301700000,1.3305900000,1.3289300000,1.3302000000,10875,OTHER,false
2021-12-03T00:00:00Z,1.3297000000,1.3303500000,1.3284000000,1.3291200000,3776,OTHER,false
2021-12-03T04:00:00Z,1.3291300000,1.3299200000,1.3283000000,1.3295400000,3823,OTHER,false
2021-12-03T08:00:00Z,1.3295400000,1.3298600000,1.3268200000,1.3286100000,12872,LONDON,false
2021-12-03T12:00:00Z,1.3286100000,1.3310300000,1.3254000000,1.3284900000,21922,OTHER,false
2021-12-03T16:00:00Z,1.3284900000,1.3285500000,1.3208900000,1.3236500000,30877,OTHER,false
2021-12-03T20:00:00Z,1.3236500000,1.3253000000,1.3227300000,1.3229900000,10894,OTHER,false
2021-12-06T00:00:00Z,1.3211600000,1.3250700000,1.3211400000,1.3239200000,5139,OTHER,false
2021-12-06T04:00:00Z,1.3239200000,1.3240200000,1.3229000000,1.3230200000,3846,OTHER,false
2021-12-06T08:00:00Z,1.3230200000,1.3266200000,1.3222100000,1.3259800000,12782,LONDON,false
2021-12-06T12:00:00Z,1.3259700000,1.3286000000,1.3249100000,1.3266700000,14765,OTHER,false
2021-12-06T16:00:00Z,1.3266700000,1.3269400000,1.3230800000,1.3254000000,20274,OTHER,false
2021-12-06T20:00:00Z,1.3254000000,1.3267500000,1.3246500000,1.3262700000,8732,OTHER,false
2021-12-07T00:00:00Z,1.3260000000,1.3267100000,1.3249300000,1.3264700000,7700,OTHER,false
2021-12-07T04:00:00Z,1.3265100000,1.3289200000,1.3263900000,1.3285000000,4494,OTHER,false
2021-12-07T08:00:00Z,1.3284400000,1.3288000000,1.3246300000,1.3260900000,12521,LONDON,false
2021-12-07T12:00:00Z,1.3260900000,1.3268500000,1.3219200000,1.3226600000,15160,OTHER,false
2021-12-07T16:00:00Z,1.3226300000,1.3250400000,1.3208900000,1.3227000000,17553,OTHER,false
2021-12-07T20:00:00Z,1.3228000000,1.3245200000,1.3221400000,1.3242000000,6818,OTHER,false
2021-12-08T00:00:00Z,1.3240800000,1.3251500000,1.3230400000,1.3243300000,4168,OTHER,false
2021-12-08T04:00:00Z,1.3243400000,1.3260900000,1.3243400000,1.3253700000,4953,OTHER,false
2021-12-08T08:00:00Z,1.3253900000,1.3256400000,1.3231900000,1.3242700000,13858,LONDON,false
2021-12-08T12:00:00Z,1.3242700000,1.3245300000,1.3160200000,1.3216100000,27176,OTHER,false
2021-12-08T16:00:00Z,1.3216200000,1.3243900000,1.3189500000,1.3236800000,21579,OTHER,false
2021-12-08T20:00:00Z,1.3236600000,1.3242500000,1.3191100000,1.3203100000,7721,OTHER,false
2021-12-09T00:00:00Z,1.3203600000,1.3211700000,1.3193300000,1.3199800000,6028,OTHER,false
2021-12-09T04:00:00Z,1.3199900000,1.3214700000,1.3193200000,1.3207800000,3471,OTHER,false
2021-12-09T08:00:00Z,1.3207500000,1.3216300000,1.3192300000,1.3205100000,11916,LONDON,false
2021-12-09T12:00:00Z,1.3205100000,1.3212000000,1.3170900000,1.3206000000,16290,OTHER,false
2021-12-09T16:00:00Z,1.3206000000,1.3216500000,1.3185700000,1.3211900000,19261,OTHER,false
2021-12-09T20:00:00Z,1.3211800000,1.3222200000,1.3206900000,1.3218900000,8374,OTHER,false
2021-12-10T00:00:00Z,1.3218400000,1.3229600000,1.3212800000,1.3226800000,3654,OTHER,false
2021-12-10T04:00:00Z,1.3226800000,1.3233100000,1.3216500000,1.3220200000,4732,OTHER,false
2021-12-10T08:00:00Z,1.3220000000,1.3229400000,1.3196800000,1.3201400000,12867,LONDON,false
2021-12-10T12:00:00Z,1.3201400000,1.3242200000,1.3186900000,1.3228900000,15831,OTHER,false
2021-12-10T16:00:00Z,1.3229100000,1.3271200000,1.3203800000,1.3268000000,18194,OTHER,false
2021-12-10T20:00:00Z,1.3268000000,1.3275300000,1.3255600000,1.3262900000,4373,OTHER,false
2021-12-13T00:00:00Z,1.3249600000,1.3261300000,1.3249600000,1.3254700000,5590,OTHER,false
2021-12-13T04:00:00Z,1.3254600000,1.3258800000,1.3246000000,1.3249400000,3489,OTHER,false
2021-12-13T08:00:00Z,1.3249400000,1.3249800000,1.3221000000,1.3245400000,11475,LONDON,false
2021-12-13T12:00:00Z,1.3245500000,1.3268400000,1.3238100000,1.3256000000,17139,OTHER,false
2021-12-13T16:00:00Z,1.3255800000,1.3268900000,1.3212400000,1.3212800000,20724,OTHER,false
2021-12-13T20:00:00Z,1.3212400000,1.3221500000,1.3206400000,1.3215000000,6536,OTHER,false
2021-12-14T00:00:00Z,1.3211100000,1.3215400000,1.3200800000,1.3202900000,2847,OTHER,false
2021-12-14T04:00:00Z,1.3202900000,1.3206700000,1.3190800000,1.3205900000,3585,OTHER,false
2021-12-14T08:00:00Z,1.3205900000,1.3225300000,1.3197900000,1.3222400000,11501,LONDON,false
2021-12-14T12:00:00Z,1.3222300000,1.3256500000,1.3217800000,1.3232900000,16361,OTHER,false
2021-12-14T16:00:00Z,1.3232800000,1.3247900000,1.3222500000,1.3227700000,16966,OTHER,false
2021-12-14T20:00:00Z,1.3227700000,1.3231900000,1.3219200000,1.3229000000,6268,OTHER,false
2021-12-15T00:00:00Z,1.3226600000,1.3236500000,1.3221900000,1.3232600000,2783,OTHER,false
2021-12-15T04:00:00Z,1.3232600000,1.3244600000,1.3226500000,1.3242800000,3035,OTHER,false
2021-12-15T08:00:00Z,1.3242900000,1.3282800000,1.3236500000,1.3260200000,11947,LONDON,false
2021-12-15T12:00:00Z,1.3260200000,1.3267900000,1.3246600000,1.3256400000,12669,OTHER,false
2021-12-15T16:00:00Z,1.3256400000,1.3259300000,1.3206300000,1.3212100000,18123,OTHER,false
2021-12-15T20:00:00Z,1.3212100000,1.3273500000,1.3171600000,1.3261800000,29103,OTHER,false
2021-12-16T00:00:00Z,1.3257600000,1.3267800000,1.3249000000,1.3253200000,5225,OTHER,false
2021-12-16T04:00:00Z,1.3253200000,1.3255800000,1.3241400000,1.3243400000,5010,OTHER,false
2021-12-16T08:00:00Z,1.3243400000,1.3302700000,1.3241800000,1.3291900000,15875,LONDON,false
2021-12-16T12:00:00Z,1.3291900000,1.3374500000,1.3258900000,1.3356500000,26625,OTHER,false
2021-12-16T16:00:00Z,1.3357000000,1.3357700000,1.3307000000,1.3319300000,24078,OTHER,false
2021-12-16T20:00:00Z,1.3319200000,1.3328000000,1.3302200000,1.3322100000,9486,OTHER,false
2021-12-17T00:00:00Z,1.3318500000,1.3331500000,1.3313900000,1.3325000000,3923,OTHER,false
2021-12-17T04:00:00Z,1.3325000000,1.3336800000,1.3318300000,1.3336800000,5369,OTHER,false
2021-12-17T08:00:00Z,1.3336900000,1.3339400000,1.3306300000,1.3318200000,17955,LONDON,false
2021-12-17T12:00:00Z,1.3318200000,1.3318200000,1.3280400000,1.3289800000,15478,OTHER,false
2021-12-17T16:00:00Z,1.3289800000,1.3297900000,1.3255600000,1.3261700000,22392,OTHER,false
2021-12-17T20:00:00Z,1.3261600000,1.3265500000,1.3229900000,1.3236000000,9007,OTHER,false
2021-12-20T00:00:00Z,1.3235600000,1.3242800000,1.3221300000,1.3227400000,4649,OTHER,false
2021-12-20T04:00:00Z,1.3227400000,1.3232200000,1.3219100000,1.3222200000,3923,OTHER,false
2021-12-20T08:00:00Z,1.3222200000,1.3224800000,1.3173400000,1.3185300000,14561,LONDON,false
2021-12-20T12:00:00Z,1.3185300000,1.3244700000,1.3183600000,1.3239400000,12979,OTHER,false
2021-12-20T16:00:00Z,1.3239200000,1.3243500000,1.3205500000,1.3210900000,17367,OTHER,false
2021-12-20T20:00:00Z,1.3210900000,1.3218800000,1.3199700000,1.3206700000,6744,OTHER,false
2021-12-21T00:00:00Z,1.3205700000,1.3214300000,1.3197200000,1.3211800000,3596,OTHER,false
2021-12-21T04:00:00Z,1.3211700000,1.3219600000,1.3207500000,1.3217500000,2726,OTHER,false
2021-12-21T08:00:00Z,1.3217500000,1.3251200000,1.3210100000,1.3247200000,10099,LONDON,false
2021-12-21T12:00:00Z,1.3247200000,1.3261300000,1.3240500000,1.3254000000,11544,OTHER,false
2021-12-21T16:00:00Z,1.3254000000,1.3261600000,1.3230600000,1.3248600000,14029,OTHER,false
2021-12-21T20:00:00Z,1.3248700000,1.3270400000,1.3246400000,1.3263800000,5505,OTHER,false
2021-12-22T00:00:00Z,1.3262600000,1.3274700000,1.3249900000,1.3271300000,2758,OTHER,false
2021-12-22T04:00:00Z,1.3272000000,1.3272700000,1.3248000000,1.3248600000,3305,OTHER,false
2021-12-22T08:00:00Z,1.3248900000,1.3290700000,1.3240000000,1.3285500000,9287,LONDON,false
2021-12-22T12:00:00Z,1.3285100000,1.3330500000,1.3283700000,1.3329000000,12025,OTHER,false
2021-12-22T16:00:00Z,1.3329000000,1.3361900000,1.3318800000,1.3356200000,15214,OTHER,false
2021-12-22T20:00:00Z,1.3356600000,1.3363200000,1.3347600000,1.3352500000,5288,OTHER,false
2021-12-23T00:00:00Z,1.3352400000,1.3360500000,1.3340500000,1.3350300000,2538,OTHER,false
2021-12-23T04:00:00Z,1.3350300000,1.3353900000,1.3342600000,1.3351100000,2294,OTHER,false
2021-12-23T08:00:00Z,1.3350800000,1.3405600000,1.3348700000,1.3403400000,7578,LONDON,false
2021-12-23T12:00:00Z,1.3403300000,1.3435200000,1.3399700000,1.3414200000,11968,OTHER,false
2021-12-23T16:00:00Z,1.3414400000,1.3437900000,1.3393800000,1.3417600000,13500,OTHER,false
2021-12-23T20:00:00Z,1.3417500000,1.3421100000,1.3408500000,1.3410700000,4512,OTHER,false
2021-12-24T00:00:00Z,1.3410600000,1.3413500000,1.3401100000,1.3408200000,8990,OTHER,false
2021-12-24T04:00:00Z,1.3407300000,1.3411700000,1.3390800000,1.3392700000,22457,OTHER,false
2021-12-24T08:00:00Z,1.3392800000,1.3414800000,1.3390400000,1.3410300000,22536,LONDON,false
2021-12-24T12:00:00Z,1.3410300000,1.3420600000,1.3401100000,1.3402400000,20369,OTHER,false
2021-12-24T16:00:00Z,1.3402700000,1.3416100000,1.3390100000,1.3397400000,11441,OTHER,false
2021-12-24T20:00:00Z,1.3396400000,1.3402800000,1.3392200000,1.3397100000,1150,OTHER,false
2021-12-27T00:00:00Z,1.3379600000,1.3408300000,1.3379600000,1.3401700000,3361,OTHER,false
2021-12-27T04:00:00Z,1.3401700000,1.3415200000,1.3398200000,1.3402500000,2939,OTHER,false
2021-12-27T08:00:00Z,1.3402500000,1.3418900000,1.3391900000,1.3402000000,5870,LONDON,false
2021-12-27T12:00:00Z,1.3402000000,1.3428100000,1.3394600000,1.3426600000,5728,OTHER,false
2021-12-27T16:00:00Z,1.3426600000,1.3444100000,1.3408200000,1.3439300000,6822,OTHER,false
2021-12-27T20:00:00Z,1.3439200000,1.3444900000,1.3431000000,1.3440500000,3238,OTHER,false
2021-12-28T00:00:00Z,1.3438700000,1.3441700000,1.3428100000,1.3430100000,2324,OTHER,false
2021-12-28T04:00:00Z,1.3430000000,1.3439500000,1.3427900000,1.3436900000,2177,OTHER,false
2021-12-28T08:00:00Z,1.3436900000,1.3446700000,1.3429700000,1.3446400000,5700,LONDON,false
2021-12-28T12:00:00Z,1.3446400000,1.3461700000,1.3444600000,1.3457000000,4386,OTHER,false
2021-12-28T16:00:00Z,1.3457000000,1.3459400000,1.3415100000,1.3436300000,10429,OTHER,false
2021-12-28T20:00:00Z,1.3436300000,1.3437100000,1.3420300000,1.3431000000,4324,OTHER,false
2021-12-29T00:00:00Z,1.3429500000,1.3436800000,1.3420400000,1.3423900000,2370,OTHER,false
2021-12-29T04:00:00Z,1.3423800000,1.3437600000,1.3422700000,1.3429100000,2174,OTHER,false
2021-12-29T08:00:00Z,1.3429100000,1.3430800000,1.3409000000,1.3412100000,6149,LONDON,false
2021-12-29T12:00:00Z,1.3412100000,1.3462300000,1.3408300000,1.3454800000,8418,OTHER,false
2021-12-29T16:00:00Z,1.3454300000,1.3499300000,1.3449100000,1.3482000000,12858,OTHER,false
2021-12-29T20:00:00Z,1.3482000000,1.3490200000,1.3480500000,1.3488600000,4307,OTHER,false
2021-12-30T00:00:00Z,1.3485400000,1.3504900000,1.3482100000,1.3503700000,2568,OTHER,false
2021-12-30T04:00:00Z,1.3503700000,1.3504800000,1.3479200000,1.3480900000,2234,OTHER,false
2021-12-30T08:00:00Z,1.3481000000,1.3483100000,1.3454400000,1.3459700000,6983,LONDON,false
2021-12-30T12:00:00Z,1.3459800000,1.3516200000,1.3458100000,1.3484500000,9626,OTHER,false
2021-12-30T16:00:00Z,1.3484500000,1.3521300000,1.3477500000,1.3485200000,12671,OTHER,false
2021-12-30T20:00:00Z,1.3485200000,1.3512700000,1.3479200000,1.3500200000,4389,OTHER,false
2021-12-31T00:00:00Z,1.3497500000,1.3506500000,1.3487300000,1.3503300000,2149,OTHER,false
2021-12-31T04:00:00Z,1.3503200000,1.3505000000,1.3494200000,1.3496500000,1884,OTHER,false
2021-12-31T08:00:00Z,1.3495500000,1.3520100000,1.3493400000,1.3509600000,6123,LONDON,false
2021-12-31T12:00:00Z,1.3509500000,1.3516600000,1.3465000000,1.3503700000,10708,OTHER,false
2021-12-31T16:00:00Z,1.3503700000,1.3549800000,1.3500400000,1.3534100000,14093,OTHER,false
2021-12-31T20:00:00Z,1.3534300000,1.3543800000,1.3522600000,1.3523200000,2668,OTHER,false
2022-01-03T00:00:00Z,1.3525600000,1.3533600000,1.3514900000,1.3517900000,3144,OTHER,false
2022-01-03T04:00:00Z,1.3518000000,1.3518000000,1.3494600000,1.3498300000,2767,OTHER,false
2022-01-03T08:00:00Z,1.3498300000,1.3528000000,1.3496000000,1.3516800000,6606,LONDON,false
2022-01-03T12:00:00Z,1.3516800000,1.3524500000,1.3483100000,1.3486800000,9775,OTHER,false
2022-01-03T16:00:00Z,1.3486800000,1.3491900000,1.3430800000,1.3471000000,15342,OTHER,false
2022-01-03T20:00:00Z,1.3471100000,1.3485600000,1.3470000000,1.3478600000,5464,OTHER,false
2022-01-04T00:00:00Z,1.3476300000,1.3484300000,1.3465300000,1.3479800000,2511,OTHER,false
2022-01-04T04:00:00Z,1.3479900000,1.3480200000,1.3462500000,1.3468500000,3099,OTHER,false
2022-01-04T08:00:00Z,1.3469100000,1.3513600000,1.3459700000,1.3510900000,8658,LONDON,false
2022-01-04T12:00:00Z,1.3510200000,1.3515100000,1.3478800000,1.3514700000,11986,OTHER,false
2022-01-04T16:00:00Z,1.3515000000,1.3557500000,1.3508700000,1.3535700000,15310,OTHER,false
2022-01-04T20:00:00Z,1.3535500000,1.3537500000,1.3520100000,1.3528100000,5846,OTHER,false
2022-01-05T00:00:00Z,1.3525400000,1.3540400000,1.3519700000,1.3539100000,3467,OTHER,false
2022-01-05T04:00:00Z,1.3539000000,1.3540200000,1.3522000000,1.3527700000,2756,OTHER,false
2022-01-05T08:00:00Z,1.3527700000,1.3554500000,1.3526800000,1.3531800000,7018,LONDON,false
2022-01-05T12:00:00Z,1.3531200000,1.3555600000,1.3527600000,1.3548300000,12480,OTHER,false
2022-01-05T16:00:00Z,1.3548300000,1.3590200000,1.3545300000,1.3588500000,14331,OTHER,false
2022-01-05T20:00:00Z,1.3588400000,1.3598500000,1.3548200000,1.3553900000,13390,OTHER,false
2022-01-06T00:00:00Z,1.3552100000,1.3556800000,1.3537100000,1.3551500000,2573,OTHER,false
2022-01-06T04:00:00Z,1.3550900000,1.3551700000,1.3525500000,1.3530400000,4776,OTHER,false
2022-01-06T08:00:00Z,1.3530200000,1.3530500000,1.3490200000,1.3512000000,11133,LONDON,false
2022-01-06T12:00:00Z,1.3512000000,1.3546400000,1.3509600000,1.3534100000,13086,OTHER,false
2022-01-06T16:00:00Z,1.3534200000,1.3558700000,1.3515700000,1.3530300000,19506,OTHER,false
2022-01-06T20:00:00Z,1.3530300000,1.3538000000,1.3521700000,1.3531300000,6061,OTHER,false
2022-01-07T00:00:00Z,1.3530900000,1.3553100000,1.3525100000,1.3552700000,5011,OTHER,false
2022-01-07T04:00:00Z,1.3552400000,1.3553100000,1.3542100000,1.3544200000,2353,OTHER,false
2022-01-07T08:00:00Z,1.3544100000,1.3556900000,1.3526900000,1.3555000000,6640,LONDON,false
2022-01-07T12:00:00Z,1.3555000000,1.3565000000,1.3528600000,1.3538700000,13287,OTHER,false
2022-01-07T16:00:00Z,1.3538600000,1.3583500000,1.3535100000,1.3579400000,17504,OTHER,false
2022-01-07T20:00:00Z,1.3579500000,1.3597100000,1.3575600000,1.3590300000,3819,OTHER,false
2022-01-10T00:00:00Z,1.3566400000,1.3596700000,1.3566400000,1.3594500000,3878,OTHER,false
2022-01-10T04:00:00Z,1.3594500000,1.3596700000,1.3579900000,1.3585100000,2441,OTHER,false
2022-01-10T08:00:00Z,1.3585700000,1.3603600000,1.3573800000,1.3581800000,9303,LONDON,false
2022-01-10T12:00:00Z,1.3581800000,1.3597400000,1.3551900000,1.3553600000,13732,OTHER,false
2022-01-10T16:00:00Z,1.3553600000,1.3570700000,1.3532100000,1.3562400000,16293,OTHER,false
2022-01-10T20:00:00Z,1.3562400000,1.3580400000,1.3560100000,1.3576100000,7140,OTHER,false
2022-01-11T00:00:00Z,1.3574600000,1.3587800000,1.3565600000,1.3579800000,3347,OTHER,false
2022-01-11T04:00:00Z,1.3579800000,1.3600000000,1.3578700000,1.3596900000,3414,OTHER,false
2022-01-11T08:00:00Z,1.3596900000,1.3619400000,1.3579600000,1.3609000000,11156,LONDON,false
2022-01-11T12:00:00Z,1.3609000000,1.3612100000,1.3564400000,1.3573300000,12241,OTHER,false
2022-01-11T16:00:00Z,1.3573300000,1.3624100000,1.3560900000,1.3616700000,17290,OTHER,false
2022-01-11T20:00:00Z,1.3616700000,1.3635800000,1.3611200000,1.3634000000,6428,OTHER,false
2022-01-12T00:00:00Z,1.3633000000,1.3642000000,1.3626500000,1.3633100000,2457,OTHER,false
2022-01-12T04:00:00Z,1.3633100000,1.3645800000,1.3632200000,1.3641300000,2106,OTHER,false
2022-01-12T08:00:00Z,1.3641300000,1.3644600000,1.3622600000,1.3627200000,7715,LONDON,false
2022-01-12T12:00:00Z,1.3627100000,1.3683700000,1.3620600000,1.3676600000,13451,OTHER,false
2022-01-12T16:00:00Z,1.3676600000,1.3708600000,1.3667100000,1.3707300000,17540,OTHER,false
2022-01-12T20:00:00Z,1.3707300000,1.3714200000,1.3698400000,1.3700400000,6774,OTHER,false
2022-01-13T00:00:00Z,1.3700300000,1.3712500000,1.3698400000,1.3707200000,3742,OTHER,false
2022-01-13T04:00:00Z,1.3707200000,1.3719100000,1.3707000000,1.3709800000,3106,OTHER,false
2022-01-13T08:00:00Z,1.3709800000,1.3747200000,1.3705200000,1.3737000000,7398,LONDON,false
2022-01-13T12:00:00Z,1.3737000000,1.3748900000,1.3713400000,1.3738100000,12779,OTHER,false
2022-01-13T16:00:00Z,1.3738300000,1.3747900000,1.3708200000,1.3712800000,17167,OTHER,false
2022-01-13T20:00:00Z,1.3712800000,1.3722500000,1.3700700000,1.3705100000,7652,OTHER,false
2022-01-14T00:00:00Z,1.3704600000,1.3718500000,1.3699100000,1.3712100000,3956,OTHER,false
2022-01-14T04:00:00Z,1.3712100000,1.3737400000,1.3711300000,1.3732700000,5077,OTHER,false
2022-01-14T08:00:00Z,1.3732700000,1.3743200000,1.3715900000,1.3733900000,10244,LONDON,false
2022-01-14T12:00:00Z,1.3734000000,1.3734000000,1.3694900000,1.3700100000,14543,OTHER,false
2022-01-14T16:00:00Z,1.3700100000,1.3704300000,1.3653500000,1.3655400000,20076,OTHER,false
2022-01-14T20:00:00Z,1.3655500000,1.3683800000,1.3653300000,1.3679300000,6140,OTHER,false
2022-01-17T00:00:00Z,1.3664600000,1.3679200000,1.3662900000,1.3667400000,5726,OTHER,false
2022-01-17T04:00:00Z,1.3667400000,1.3681700000,1.3664200000,1.3673600000,6268,OTHER,false
2022-01-17T08:00:00Z,1.3673700000,1.3689900000,1.3668900000,1.3679100000,11559,LONDON,false
2022-01-17T12:00:00Z,1.3679100000,1.3686600000,1.3637300000,1.3651700000,13137,OTHER,false
2022-01-17T16:00:00Z,1.3651600000,1.3663300000,1.3641600000,1.3650800000,12076,OTHER,false
2022-01-17T20:00:00Z,1.3650800000,1.3651500000,1.3641600000,1.3644700000,2821,OTHER,false
2022-01-18T00:00:00Z,1.3643700000,1.3661600000,1.3640900000,1.3659200000,3310,OTHER,false
2022-01-18T04:00:00Z,1.3659400000,1.3660700000,1.3620900000,1.3634600000,10814,OTHER,false
2022-01-18T08:00:00Z,1.3634600000,1.3652900000,1.3621000000,1.3626300000,16087,LONDON,false
2022-01-18T12:00:00Z,1.3626400000,1.3627900000,1.3580000000,1.3599400000,16916,OTHER,false
2022-01-18T16:00:00Z,1.3599600000,1.3599800000,1.3572500000,1.3577400000,22739,OTHER,false
2022-01-18T20:00:00Z,1.3577400000,1.3603400000,1.3573200000,1.3593900000,12459,OTHER,false
2022-01-19T00:00:00Z,1.3593400000,1.3602200000,1.3588000000,1.3601000000,5126,OTHER,false
2022-01-19T04:00:00Z,1.3601000000,1.3609700000,1.3593300000,1.3608200000,7791,OTHER,false
2022-01-19T08:00:00Z,1.3608200000,1.3619900000,1.3587800000,1.3613100000,16622,LONDON,false
2022-01-19T12:00:00Z,1.3613200000,1.3644300000,1.3609300000,1.3629400000,15977,OTHER,false
2022-01-19T16:00:00Z,1.3629300000,1.3648800000,1.3622300000,1.3626000000,18975,OTHER,false
2022-01-19T20:00:00Z,1.3626000000,1.3634300000,1.3610600000,1.3611300000,7938,OTHER,false
2022-01-20T00:00:00Z,1.3610300000,1.3635700000,1.3604900000,1.3628000000,4265,OTHER,false
2022-01-20T04:00:00Z,1.3628000000,1.3630000000,1.3618900000,1.3623700000,6438,OTHER,false
2022-01-20T08:00:00Z,1.3623700000,1.3637400000,1.3618800000,1.3626800000,13431,LONDON,false
2022-01-20T12:00:00Z,1.3626800000,1.3634500000,1.3599400000,1.3632800000,15322,OTHER,false
2022-01-20T16:00:00Z,1.3632700000,1.3661600000,1.3625800000,1.3626500000,18751,OTHER,false
2022-01-20T20:00:00Z,1.3626400000,1.3627600000,1.3587100000,1.3598100000,12952,OTHER,false
2022-01-21T00:00:00Z,1.3598100000,1.3601900000,1.3579200000,1.3596000000,9304,OTHER,false
2022-01-21T04:00:00Z,1.3595900000,1.3601100000,1.3588400000,1.3592500000,9155,OTHER,false
2022-01-21T08:00:00Z,1.3592500000,1.3594900000,1.3558100000,1.3568500000,16268,LONDON,false
2022-01-21T12:00:00Z,1.3568500000,1.3576600000,1.3552400000,1.3572700000,15248,OTHER,false
2022-01-21T16:00:00Z,1.3572700000,1.3573400000,1.3545700000,1.3556400000,23070,OTHER,false
2022-01-21T20:00:00Z,1.3556400000,1.3567400000,1.3548400000,1.3551100000,9447,OTHER,false
2022-01-24T00:00:00Z,1.3544600000,1.3560300000,1.3544600000,1.3560300000,4671,OTHER,false
2022-01-24T04:00:00Z,1.3560300000,1.3565200000,1.3545100000,1.3546000000,4909,OTHER,false
2022-01-24T08:00:00Z,1.3546100000,1.3555000000,1.3524700000,1.3525100000,13911,LONDON,false
2022-01-24T12:00:00Z,1.3525000000,1.3527900000,1.3470900000,1.3472600000,20557,OTHER,false
2022-01-24T16:00:00Z,1.3472600000,1.3481100000,1.3439900000,1.3455100000,27934,OTHER,false
2022-01-24T20:00:00Z,1.3454900000,1.3492400000,1.3454800000,1.3487000000,15809,OTHER,false
2022-01-25T00:00:00Z,1.3486500000,1.3489600000,1.3474300000,1.3482600000,5955,OTHER,false
2022-01-25T04:00:00Z,1.3482600000,1.3482700000,1.3466700000,1.3476100000,9260,OTHER,false
2022-01-25T08:00:00Z,1.3476100000,1.3496600000,1.3470900000,1.3482300000,17659,LONDON,false
2022-01-25T12:00:00Z,1.3482500000,1.3482500000,1.3436000000,1.3467300000,21633,OTHER,false
2022-01-25T16:00:00Z,1.3467200000,1.3500500000,1.3459000000,1.3497400000,30281,OTHER,false
2022-01-25T20:00:00Z,1.3497400000,1.3518800000,1.3495300000,1.3502400000,15386,OTHER,false
2022-01-26T00:00:00Z,1.3499100000,1.3513000000,1.3498300000,1.3512700000,6319,OTHER,false
2022-01-26T04:00:00Z,1.3512700000,1.3520600000,1.3505200000,1.3508400000,6623,OTHER,false
2022-01-26T08:00:00Z,1.3508400000,1.3514800000,1.3493300000,1.3509200000,15518,LONDON,false
2022-01-26T12:00:00Z,1.3509600000,1.3523100000,1.3497900000,1.3508100000,17421,OTHER,false
2022-01-26T16:00:00Z,1.3508100000,1.3522700000,1.3491500000,1.3522400000,21955,OTHER,false
2022-01-26T20:00:00Z,1.3522400000,1.3524800000,1.3444000000,1.3462200000,35848,OTHER,false
2022-01-27T00:00:00Z,1.3462300000,1.3467700000,1.3442400000,1.3450300000,9527,OTHER,false
2022-01-27T04:00:00Z,1.3450300000,1.3450300000,1.3430500000,1.3432300000,13828,OTHER,false
2022-01-27T08:00:00Z,1.3432100000,1.3432900000,1.3405700000,1.3426900000,21423,LONDON,false
2022-01-27T12:00:00Z,1.3427000000,1.3431800000,1.3357700000,1.3379700000,28794,OTHER,false
2022-01-27T16:00:00Z,1.3379300000,1.3406800000,1.3366200000,1.3372700000,32006,OTHER,false
2022-01-27T20:00:00Z,1.3372500000,1.3389800000,1.3367000000,1.3381700000,17686,OTHER,false
2022-01-28T00:00:00Z,1.3380000000,1.3394500000,1.3373900000,1.3393800000,8476,OTHER,false
2022-01-28T04:00:00Z,1.3393800000,1.3415100000,1.3391500000,1.3412900000,8210,OTHER,false
2022-01-28T08:00:00Z,1.3413000000,1.3414900000,1.3365000000,1.3382200000,20167,LONDON,false
2022-01-28T12:00:00Z,1.3382200000,1.3427100000,1.3369900000,1.3427000000,27528,OTHER,false
2022-01-28T16:00:00Z,1.3427000000,1.3433000000,1.3388400000,1.3388400000,34328,OTHER,false
2022-01-28T20:00:00Z,1.3388500000,1.3400500000,1.3373500000,1.3394100000,16238,OTHER,false
2022-01-31T00:00:00Z,1.3390600000,1.3413900000,1.3386000000,1.3413100000,7228,OTHER,false
2022-01-31T04:00:00Z,1.3413100000,1.3420200000,1.3407600000,1.3417500000,6895,OTHER,false
2022-01-31T08:00:00Z,1.3417500000,1.3448400000,1.3414900000,1.3445000000,16125,LONDON,false
2022-01-31T12:00:00Z,1.3445000000,1.3448000000,1.3393100000,1.3443100000,21329,OTHER,false
2022-01-31T16:00:00Z,1.3443100000,1.3454800000,1.3405700000,1.3436300000,28830,OTHER,false
2022-01-31T20:00:00Z,1.3436300000,1.3460700000,1.3435200000,1.3445700000,13028,OTHER,false
2022-02-01T00:00:00Z,1.3443700000,1.3447900000,1.3433900000,1.3438700000,5342,OTHER,false
2022-02-01T04:00:00Z,1.3438700000,1.3457300000,1.3435400000,1.3452700000,8461,OTHER,false
2022-02-01T08:00:00Z,1.3452600000,1.3501000000,1.3443000000,1.3498100000,18054,LONDON,false
2022-02-01T12:00:00Z,1.3498000000,1.3514100000,1.3476100000,1.3495600000,20155,OTHER,false
2022-02-01T16:00:00Z,1.3495600000,1.3519400000,1.3485600000,1.3506000000,30354,OTHER,false
2022-02-01T20:00:00Z,1.3506000000,1.3528000000,1.3505200000,1.3522000000,12246,OTHER,false
2022-02-02T00:00:00Z,1.3519500000,1.3527500000,1.3513700000,1.3526000000,5904,OTHER,false
2022-02-02T04:00:00Z,1.3526000000,1.3527300000,1.3516700000,1.3520200000,5560,OTHER,false
2022-02-02T08:00:00Z,1.3520200000,1.3548000000,1.3519500000,1.3541600000,15616,LONDON,false
2022-02-02T12:00:00Z,1.3541900000,1.3586700000,1.3535800000,1.3560100000,20297,OTHER,false
2022-02-02T16:00:00Z,1.3560200000,1.3583400000,1.3554400000,1.3577700000,27085,OTHER,false
2022-02-02T20:00:00Z,1.3577600000,1.3586800000,1.3568200000,1.3576300000,11432,OTHER,false
2022-02-03T00:00:00Z,1.3573400000,1.3575900000,1.3556600000,1.3565100000,5149,OTHER,false
2022-02-03T04:00:00Z,1.3565100000,1.3567600000,1.3550700000,1.3552900000,5597,OTHER,false
2022-02-03T08:00:00Z,1.3553000000,1.3561900000,1.3547300000,1.3557800000,16411,LONDON,false
2022-02-03T12:00:00Z,1.3557800000,1.3628100000,1.3537800000,1.3582000000,32931,OTHER,false
2022-02-03T16:00:00Z,1.3582500000,1.3619800000,1.3569100000,1.3607900000,38338,OTHER,false
2022-02-03T20:00:00Z,1.3607900000,1.3608900000,1.3585100000,1.3596300000,13064,OTHER,false
2022-02-04T00:00:00Z,1.3594300000,1.3612000000,1.3586200000,1.3603700000,5805,OTHER,false
2022-02-04T04:00:00Z,1.3603700000,1.3615300000,1.3594900000,1.3596800000,8255,OTHER,false
2022-02-04T08:00:00Z,1.3596800000,1.3598000000,1.3566000000,1.3568900000,19060,LONDON,false
2022-02-04T12:00:00Z,1.3568900000,1.3579400000,1.3505000000,1.3512100000,27001,OTHER,false
2022-02-04T16:00:00Z,1.3512200000,1.3551200000,1.3507700000,1.3534800000,28926,OTHER,false
2022-02-04T20:00:00Z,1.3534900000,1.3548100000,1.3522900000,1.3527500000,9167,OTHER,false
2022-02-07T00:00:00Z,1.3533600000,1.3549700000,1.3523500000,1.3533000000,5414,OTHER,false
2022-02-07T04:00:00Z,1.3533000000,1.3535000000,1.3515500000,1.3520500000,6804,OTHER,false
2022-02-07T08:00:00Z,1.3520600000,1.3550900000,1.3515000000,1.3516000000,16470,LONDON,false
2022-02-07T12:00:00Z,1.3516000000,1.3524400000,1.3490600000,1.3521700000,19151,OTHER,false
2022-02-07T16:00:00Z,1.3521700000,1.3536000000,1.3502000000,1.3516600000,23558,OTHER,false
2022-02-07T20:00:00Z,1.3516700000,1.3538400000,1.3515600000,1.3535400000,8104,OTHER,false
2022-02-08T00:00:00Z,1.3535500000,1.3539200000,1.3521500000,1.3535300000,5164,OTHER,false
2022-02-08T04:00:00Z,1.3535300000,1.3536400000,1.3511700000,1.3517700000,8192,OTHER,false
2022-02-08T08:00:00Z,1.3517700000,1.3554700000,1.3507400000,1.3551700000,15579,LONDON,false
2022-02-08T12:00:00Z,1.3551600000,1.3563800000,1.3516100000,1.3538200000,16701,OTHER,false
2022-02-08T16:00:00Z,1.3538100000,1.3556600000,1.3535300000,1.3544300000,16303,OTHER,false
2022-02-08T20:00:00Z,1.3544300000,1.3555600000,1.3537300000,1.3543500000,8449,OTHER,false
2022-02-09T00:00:00Z,1.3543400000,1.3555300000,1.3535900000,1.3555000000,5577,OTHER,false
2022-02-09T04:00:00Z,1.3555000000,1.3566400000,1.3554500000,1.3555800000,7893,OTHER,false
2022-02-09T08:00:00Z,1.3555800000,1.3573800000,1.3537400000,1.3568800000,13697,LONDON,false
2022-02-09T12:00:00Z,1.3568800000,1.3589200000,1.3563600000,1.3579300000,14646,OTHER,false
2022-02-09T16:00:00Z,1.3579500000,1.3580100000,1.3529800000,1.3539100000,16673,OTHER,false
2022-02-09T20:00:00Z,1.3539000000,1.3541100000,1.3526600000,1.3532900000,6891,OTHER,false
2022-02-10T00:00:00Z,1.3532300000,1.3537100000,1.3525800000,1.3530900000,4676,OTHER,false
2022-02-10T04:00:00Z,1.3530700000,1.3536700000,1.3525800000,1.3530800000,6560,OTHER,false
2022-02-10T08:00:00Z,1.3530700000,1.3573900000,1.3529000000,1.3571200000,13111,LONDON,false
2022-02-10T12:00:00Z,1.3571200000,1.3580400000,1.3523900000,1.3547200000,21393,OTHER,false
2022-02-10T16:00:00Z,1.3547000000,1.3643500000,1.3523200000,1.3612300000,37947,OTHER,false
2022-02-10T20:00:00Z,1.3612300000,1.3620600000,1.3540400000,1.3557200000,23360,OTHER,false
2022-02-11T00:00:00Z,1.3556900000,1.3562600000,1.3532600000,1.3550300000,9294,OTHER,false
2022-02-11T04:00:00Z,1.3550300000,1.3555500000,1.3520100000,1.3533100000,11759,OTHER,false
2022-02-11T08:00:00Z,1.3533000000,1.3569400000,1.3514100000,1.3555700000,21665,LONDON,false
2022-02-11T12:00:00Z,1.3555700000,1.3599200000,1.3546800000,1.3573000000,17087,OTHER,false
2022-02-11T16:00:00Z,1.3573000000,1.3609500000,1.3567200000,1.3601000000,27579,OTHER,false
2022-02-11T20:00:00Z,1.3600900000,1.3605500000,1.3540700000,1.3560100000,37990,OTHER,false
2022-02-14T00:00:00Z,1.3543500000,1.3571800000,1.3543500000,1.3553900000,7072,OTHER,false
2022-02-14T04:00:00Z,1.3554100000,1.3554100000,1.3534400000,1.3547300000,10038,OTHER,false
2022-02-14T08:00:00Z,1.3547300000,1.3547300000,1.3494800000,1.3513000000,20508,LONDON,false
2022-02-14T12:00:00Z,1.3512800000,1.3547400000,1.3501600000,1.3527500000,25884,OTHER,false
2022-02-14T16:00:00Z,1.3527600000,1.3539500000,1.3509100000,1.3530600000,28547,OTHER,false
2022-02-14T20:00:00Z,1.3530600000,1.3540800000,1.3514900000,1.3530200000,21171,OTHER,false
2022-02-15T00:00:00Z,1.3527400000,1.3546100000,1.3517400000,1.3537400000,5593,OTHER,false
2022-02-15T04:00:00Z,1.3537400000,1.3543600000,1.3528900000,1.3530400000,9676,OTHER,false
2022-02-15T08:00:00Z,1.3529800000,1.3566600000,1.3527200000,1.3551100000,21780,LONDON,false
2022-02-15T12:00:00Z,1.3551100000,1.3563300000,1.3529200000,1.3542500000,20806,OTHER,false
2022-02-15T16:00:00Z,1.3542500000,1.3552300000,1.3486500000,1.3531800000,24492,OTHER,false
2022-02-15T20:00:00Z,1.3531800000,1.3542800000,1.3527700000,1.3536900000,10826,OTHER,false
2022-02-16T00:00:00Z,1.3536800000,1.3547100000,1.3527000000,1.3546300000,8438,OTHER,false
2022-02-16T04:00:00Z,1.3546300000,1.3553400000,1.3538300000,1.3551000000,5516,OTHER,false
2022-02-16T08:00:00Z,1.3551000000,1.3573700000,1.3547800000,1.3562600000,16251,LONDON,false
2022-02-16T12:00:00Z,1.3562400000,1.3574400000,1.3539100000,1.3549600000,18282,OTHER,false
2022-02-16T16:00:00Z,1.3549600000,1.3591600000,1.3541600000,1.3580600000,20745,OTHER,false
2022-02-16T20:00:00Z,1.3580600000,1.3600900000,1.3570000000,1.3583700000,19031,OTHER,false
2022-02-17T00:00:00Z,1.3583100000,1.3593400000,1.3576900000,1.3590000000,6242,OTHER,false
2022-02-17T04:00:00Z,1.3590000000,1.3597500000,1.3555400000,1.3583000000,17648,OTHER,false
2022-02-17T08:00:00Z,1.3583000000,1.3608100000,1.3567900000,1.3604100000,27060,LONDON,false
2022-02-17T12:00:00Z,1.3604100000,1.3628300000,1.3595900000,1.3617600000,23345,OTHER,false
2022-02-17T16:00:00Z,1.3617600000,1.3637800000,1.3608000000,1.3623200000,28485,OTHER,false
2022-02-17T20:00:00Z,1.3623200000,1.3631300000,1.3612400000,1.3615500000,12108,OTHER,false
2022-02-18T00:00:00Z,1.3613200000,1.3619600000,1.3603000000,1.3609400000,9325,OTHER,false
2022-02-18T04:00:00Z,1.3609400000,1.3614000000,1.3599800000,1.3609500000,8158,OTHER,false
2022-02-18T08:00:00Z,1.3609500000,1.3642800000,1.3606400000,1.3623500000,15927,LONDON,false
2022-02-18T12:00:00Z,1.3623300000,1.3628900000,1.3601000000,1.3606300000,20163,OTHER,false
2022-02-18T16:00:00Z,1.3606300000,1.3612100000,1.3573300000,1.3582400000,27728,OTHER,false
2022-02-18T20:00:00Z,1.3582400000,1.3605900000,1.3582000000,1.3592300000,9241,OTHER,false
2022-02-21T00:00:00Z,1.3578400000,1.3616500000,1.3578400000,1.3613100000,10512,OTHER,false
2022-02-21T04:00:00Z,1.3613200000,1.3624900000,1.3611800000,1.3619100000,9322,OTHER,false
2022-02-21T08:00:00Z,1.3618800000,1.3638400000,1.3618200000,1.3636000000,15476,LONDON,false
2022-02-21T12:00:00Z,1.3636100000,1.3638600000,1.3593200000,1.3604400000,20185,OTHER,false
2022-02-21T16:00:00Z,1.3604300000,1.3618800000,1.3599100000,1.3616100000,19463,OTHER,false
2022-02-21T20:00:00Z,1.3616300000,1.3617900000,1.3595800000,1.3600500000,7862,OTHER,false
2022-02-22T00:00:00Z,1.3598200000,1.3599500000,1.3580300000,1.3583300000,8109,OTHER,false
2022-02-22T04:00:00Z,1.3583200000,1.3598700000,1.3579400000,1.3597600000,8772,OTHER,false
2022-02-22T08:00:00Z,1.3597600000,1.3597900000,1.3555600000,1.3579300000,23087,LONDON,false
2022-02-22T12:00:00Z,1.3579300000,1.3589200000,1.3543800000,1.3551200000,25162,OTHER,false
2022-02-22T16:00:00Z,1.3551800000,1.3604400000,1.3538200000,1.3594000000,23211,OTHER,false
2022-02-22T20:00:00Z,1.3594000000,1.3597500000,1.3575600000,1.3585300000,17648,OTHER,false
2022-02-23T00:00:00Z,1.3582600000,1.3604400000,1.3569900000,1.3599800000,5917,OTHER,false
2022-02-23T04:00:00Z,1.3599800000,1.3603200000,1.3584800000,1.3592100000,9331,OTHER,false
2022-02-23T08:00:00Z,1.3592100000,1.3620400000,1.3588200000,1.3603700000,19244,LONDON,false
2022-02-23T12:00:00Z,1.3603400000,1.3613100000,1.3582000000,1.3605300000,19881,OTHER,false
2022-02-23T16:00:00Z,1.3605300000,1.3606600000,1.3548200000,1.3550500000,25438,OTHER,false
2022-02-23T20:00:00Z,1.3550500000,1.3553600000,1.3536000000,1.3542800000,12584,OTHER,false
2022-02-24T00:00:00Z,1.3540200000,1.3548800000,1.3529500000,1.3538200000,8088,OTHER,false
2022-02-24T04:00:00Z,1.3538200000,1.3540100000,1.3485700000,1.3497200000,30334,OTHER,false
2022-02-24T08:00:00Z,1.3497100000,1.3513300000,1.3432700000,1.3433700000,37812,LONDON,false
2022-02-24T12:00:00Z,1.3433700000,1.3442000000,1.3356200000,1.3359000000,37208,OTHER,false
2022-02-24T16:00:00Z,1.3359000000,1.3380500000,1.3273100000,1.3367700000,41409,OTHER,false
2022-02-24T20:00:00Z,1.3367700000,1.3405000000,1.3359100000,1.3376400000,27484,OTHER,false
2022-02-25T00:00:00Z,1.3375400000,1.3391300000,1.3366800000,1.3390700000,11365,OTHER,false
2022-02-25T04:00:00Z,1.3390700000,1.3438700000,1.3389700000,1.3436100000,14776,OTHER,false
2022-02-25T08:00:00Z,1.3436100000,1.3437000000,1.3370700000,1.3374800000,26577,LONDON,false
2022-02-25T12:00:00Z,1.3374800000,1.3412500000,1.3367800000,1.3398200000,27851,OTHER,false
2022-02-25T16:00:00Z,1.3398500000,1.3424500000,1.3366600000,1.3383700000,27146,OTHER,false
2022-02-25T20:00:00Z,1.3383700000,1.3419000000,1.3383700000,1.3409600000,11029,OTHER,false
2022-02-28T00:00:00Z,1.3321700000,1.3381500000,1.3321700000,1.3362000000,19388,OTHER,false
2022-02-28T04:00:00Z,1.3362200000,1.3366200000,1.3341100000,1.3361600000,13676,OTHER,false
2022-02-28T08:00:00Z,1.3361500000,1.3387600000,1.3351800000,1.3375800000,30404,LONDON,false
2022-02-28T12:00:00Z,1.3375800000,1.3412700000,1.3375500000,1.3412600000,27384,OTHER,false
2022-02-28T16:00:00Z,1.3412600000,1.3431700000,1.3386400000,1.3390900000,30085,OTHER,false
2022-02-28T20:00:00Z,1.3390900000,1.3424100000,1.3390500000,1.3417900000,12752,OTHER,false
2022-03-01T00:00:00Z,1.3417000000,1.3423200000,1.3406700000,1.3416400000,4296,OTHER,false
2022-03-01T04:00:00Z,1.3416400000,1.3421700000,1.3404700000,1.3418400000,10537,OTHER,false
2022-03-01T08:00:00Z,1.3418600000,1.3437500000,1.3413300000,1.3413300000,20436,LONDON,false
2022-03-01T12:00:00Z,1.3413200000,1.3424800000,1.3382200000,1.3401800000,25999,OTHER,false
2022-03-01T16:00:00Z,1.3401600000,1.3407500000,1.3304400000,1.3312500000,31364,OTHER,false
2022-03-01T20:00:00Z,1.3312700000,1.3334000000,1.3302100000,1.3323900000,18006,OTHER,false
2022-03-02T00:00:00Z,1.3322400000,1.3338900000,1.3312700000,1.3330600000,4458,OTHER,false
2022-03-02T04:00:00Z,1.3330600000,1.3333600000,1.3301500000,1.3302800000,8177,OTHER,false
2022-03-02T08:00:00Z,1.3302700000,1.3316300000,1.3271200000,1.3307900000,29989,LONDON,false
2022-03-02T12:00:00Z,1.3308000000,1.3348000000,1.3304200000,1.3347700000,28623,OTHER,false
2022-03-02T16:00:00Z,1.3347700000,1.3372600000,1.3309300000,1.3359000000,40240,OTHER,false
2022-03-02T20:00:00Z,1.3359000000,1.3406400000,1.3358800000,1.3404600000,14302,OTHER,false
2022-03-03T00:00:00Z,1.3403200000,1.3403800000,1.3377100000,1.3383400000,8273,OTHER,false
2022-03-03T04:00:00Z,1.3383400000,1.3412500000,1.3377100000,1.3408200000,8068,OTHER,false
2022-03-03T08:00:00Z,1.3408200000,1.3417800000,1.3368400000,1.3380600000,19172,LONDON,false
2022-03-03T12:00:00Z,1.3380600000,1.3392500000,1.3362800000,1.3378600000,22763,OTHER,false
2022-03-03T16:00:00Z,1.3378600000,1.3392500000,1.3317400000,1.3333600000,35497,OTHER,false
2022-03-03T20:00:00Z,1.3333600000,1.3357100000,1.3328600000,1.3346800000,13934,OTHER,false
2022-03-04T00:00:00Z,1.3342000000,1.3353400000,1.3315400000,1.3345300000,16276,OTHER,false
2022-03-04T04:00:00Z,1.3345300000,1.3348000000,1.3333000000,1.3338000000,15972,OTHER,false
2022-03-04T08:00:00Z,1.3338000000,1.3345000000,1.3302200000,1.3304500000,20166,LONDON,false
2022-03-04T12:00:00Z,1.3304500000,1.3317100000,1.3219700000,1.3230900000,27823,OTHER,false
2022-03-04T16:00:00Z,1.3231000000,1.3248300000,1.3202200000,1.3227900000,32314,OTHER,false
2022-03-04T20:00:00Z,1.3227900000,1.3249200000,1.3217000000,1.3233100000,13935,OTHER,false
2022-03-07T00:00:00Z,1.3212900000,1.3251600000,1.3184700000,1.3201200000,16793,OTHER,false
2022-03-07T04:00:00Z,1.3201200000,1.3223000000,1.3188700000,1.3213500000,17655,OTHER,false
2022-03-07T08:00:00Z,1.3213500000,1.3228100000,1.3155600000,1.3168800000,33100,LONDON,false
2022-03-07T12:00:00Z,1.3168600000,1.3214100000,1.3140900000,1.3173000000,38064,OTHER,false
2022-03-07T16:00:00Z,1.3172900000,1.3198000000,1.3102000000,1.3112000000,39585,OTHER,false
2022-03-07T20:00:00Z,1.3111700000,1.3130900000,1.3101900000,1.3103300000,18052,OTHER,false
2022-03-08T00:00:00Z,1.3103500000,1.3128000000,1.3101300000,1.3122700000,13783,OTHER,false
2022-03-08T04:00:00Z,1.3122500000,1.3130400000,1.3106700000,1.3111000000,13341,OTHER,false
2022-03-08T08:00:00Z,1.3111000000,1.3131100000,1.3081600000,1.3120300000,37188,LONDON,false
2022-03-08T12:00:00Z,1.3120200000,1.3133500000,1.3085300000,1.3107200000,29019,OTHER,false
2022-03-08T16:00:00Z,1.3105800000,1.3144400000,1.3089800000,1.3134100000,45374,OTHER,false
2022-03-08T20:00:00Z,1.3133700000,1.3143900000,1.3091900000,1.3099700000,27378,OTHER,false
2022-03-09T00:00:00Z,1.3099900000,1.3116500000,1.3087800000,1.3112500000,9599,OTHER,false
2022-03-09T04:00:00Z,1.3112600000,1.3127800000,1.3105400000,1.3112800000,10941,OTHER,false
2022-03-09T08:00:00Z,1.3112800000,1.3154000000,1.3104800000,1.3150200000,21837,LONDON,false
2022-03-09T12:00:00Z,1.3150200000,1.3181100000,1.3137000000,1.3161600000,24102,OTHER,false
2022-03-09T16:00:00Z,1.3161500000,1.3184100000,1.3147100000,1.3182700000,35667,OTHER,false
2022-03-09T20:00:00Z,1.3182700000,1.3190000000,1.3159800000,1.3179500000,14521,OTHER,false
2022-03-10T00:00:00Z,1.3179400000,1.3187100000,1.3143600000,1.3158300000,8226,OTHER,false
2022-03-10T04:00:00Z,1.3158300000,1.3176600000,1.3150300000,1.3176100000,10031,OTHER,false
2022-03-10T08:00:00Z,1.3176100000,1.3194500000,1.3146500000,1.3168300000,25506,LONDON,false
2022-03-10T12:00:00Z,1.3168500000,1.3194400000,1.3141700000,1.3177400000,33624,OTHER,false
2022-03-10T16:00:00Z,1.3177400000,1.3178600000,1.3092100000,1.3097600000,28241,OTHER,false
2022-03-10T20:00:00Z,1.3097800000,1.3115200000,1.3080800000,1.3085100000,10511,OTHER,false
2022-03-11T00:00:00Z,1.3083500000,1.3103500000,1.3075200000,1.3080300000,6590,OTHER,false
2022-03-11T04:00:00Z,1.3081100000,1.3093800000,1.3069300000,1.3074100000,9852,OTHER,false
2022-03-11T08:00:00Z,1.3074100000,1.3101900000,1.3051100000,1.3074200000,23303,LONDON,false
2022-03-11T12:00:00Z,1.3074200000,1.3125000000,1.3070600000,1.3094400000,32520,OTHER,false
2022-03-11T16:00:00Z,1.3094400000,1.3100100000,1.3042400000,1.3043200000,29285,OTHER,false
2022-03-11T20:00:00Z,1.3043000000,1.3051000000,1.3027400000,1.3036300000,14528,OTHER,false
2022-03-14T00:00:00Z,1.3033000000,1.3052200000,1.3028400000,1.3029800000,11194,OTHER,false
2022-03-14T04:00:00Z,1.3029800000,1.3031100000,1.3009400000,1.3017900000,11254,OTHER,false
2022-03-14T08:00:00Z,1.3017900000,1.3057400000,1.3013400000,1.3044500000,21035,LONDON,false
2022-03-14T12:00:00Z,1.3044800000,1.3078800000,1.3019200000,1.3048600000,23729,OTHER,false
2022-03-14T16:00:00Z,1.3048800000,1.3068400000,1.3024900000,1.3026800000,26623,OTHER,false
2022-03-14T20:00:00Z,1.3026800000,1.3027400000,1.3000300000,1.3003900000,10985,OTHER,false
2022-03-15T00:00:00Z,1.3002400000,1.3017200000,1.3000100000,1.3007100000,8986,OTHER,false
2022-03-15T04:00:00Z,1.3007100000,1.3049800000,1.3006500000,1.3047200000,14182,OTHER,false
2022-03-15T08:00:00Z,1.3047200000,1.3051600000,1.3017900000,1.3041400000,26311,LONDON,false
2022-03-15T12:00:00Z,1.3041500000,1.3078700000,1.3031600000,1.3073500000,24196,OTHER,false
2022-03-15T16:00:00Z,1.3073500000,1.3088700000,1.3040100000,1.3041900000,26475,OTHER,false
2022-03-15T20:00:00Z,1.3041800000,1.3047800000,1.3020900000,1.3037000000,11024,OTHER,false
2022-03-16T00:00:00Z,1.3036000000,1.3056900000,1.3035200000,1.3052700000,9368,OTHER,false
2022-03-16T04:00:00Z,1.3052600000,1.3064100000,1.3049000000,1.3062200000,9416,OTHER,false
2022-03-16T08:00:00Z,1.3062200000,1.3072300000,1.3036100000,1.3060100000,21309,LONDON,false
2022-03-16T12:00:00Z,1.3060200000,1.3105400000,1.3052700000,1.3083700000,21116,OTHER,false
2022-03-16T16:00:00Z,1.3083800000,1.3116500000,1.3074700000,1.3090000000,30263,OTHER,false
2022-03-16T20:00:00Z,1.3089000000,1.3156600000,1.3042900000,1.3145600000,32501,OTHER,false
2022-03-17T00:00:00Z,1.3142500000,1.3159600000,1.3125300000,1.3142500000,12330,OTHER,false
2022-03-17T04:00:00Z,1.3142600000,1.3163900000,1.3140900000,1.3154600000,14217,OTHER,false
2022-03-17T08:00:00Z,1.3154500000,1.3191300000,1.3148500000,1.3173500000,18983,LONDON,false
2022-03-17T12:00:00Z,1.3173500000,1.3210900000,1.3087800000,1.3116900000,27049,OTHER,false
2022-03-17T16:00:00Z,1.3117200000,1.3174100000,1.3103600000,1.3168600000,19462,OTHER,false
2022-03-17T20:00:00Z,1.3168700000,1.3170400000,1.3144100000,1.3149100000,8000,OTHER,false
2022-03-18T00:00:00Z,1.3148400000,1.3183700000,1.3145500000,1.3161000000,10337,OTHER,false
2022-03-18T04:00:00Z,1.3161000000,1.3165000000,1.3151300000,1.3164000000,9548,OTHER,false
2022-03-18T08:00:00Z,1.3164000000,1.3173100000,1.3129600000,1.3138700000,17985,LONDON,false
2022-03-18T12:00:00Z,1.3138700000,1.3147500000,1.3110400000,1.3131400000,20725,OTHER,false
2022-03-18T16:00:00Z,1.3131400000,1.3197200000,1.3130500000,1.3189200000,23501,OTHER,false
2022-03-18T20:00:00Z,1.3189100000,1.3190300000,1.3173600000,1.3176200000,9098,OTHER,false
2022-03-21T00:00:00Z,1.3169000000,1.3175500000,1.3155000000,1.3165800000,3365,OTHER,false
2022-03-21T04:00:00Z,1.3165900000,1.3166300000,1.3148800000,1.3154400000,3014,OTHER,false
2022-03-21T08:00:00Z,1.3154400000,1.3170400000,1.3142000000,1.3150300000,12564,LONDON,false
2022-03-21T12:00:00Z,1.3150300000,1.3187600000,1.3126900000,1.3173400000,17693,OTHER,false
2022-03-21T16:00:00Z,1.3173400000,1.3210100000,1.3167100000,1.3177000000,24513,OTHER,false
2022-03-21T20:00:00Z,1.3177100000,1.3178200000,1.3154900000,1.3164200000,10021,OTHER,false
2022-03-22T00:00:00Z,1.3163100000,1.3169100000,1.3132800000,1.3143000000,10920,OTHER,false
2022-03-22T04:00:00Z,1.3143000000,1.3154500000,1.3123900000,1.3126800000,15080,OTHER,false
2022-03-22T08:00:00Z,1.3126600000,1.3196800000,1.3120000000,1.3185100000,23660,LONDON,false
2022-03-22T12:00:00Z,1.3184900000,1.3268500000,1.3178000000,1.3267500000,25984,OTHER,false
2022-03-22T16:00:00Z,1.3267600000,1.3274000000,1.3235500000,1.3251600000,23220,OTHER,false
2022-03-22T20:00:00Z,1.3251700000,1.3268200000,1.3247900000,1.3260100000,8361,OTHER,false
2022-03-23T00:00:00Z,1.3257700000,1.3281100000,1.3252900000,1.3280500000,9098,OTHER,false
2022-03-23T04:00:00Z,1.3280500000,1.3298600000,1.3277200000,1.3286600000,12170,OTHER,false
2022-03-23T08:00:00Z,1.3286600000,1.3288000000,1.3217200000,1.3227400000,17693,LONDON,false
2022-03-23T12:00:00Z,1.3227500000,1.3232600000,1.3175300000,1.3175900000,22700,OTHER,false
2022-03-23T16:00:00Z,1.3175800000,1.3214800000,1.3175800000,1.3207600000,20108,OTHER,false
2022-03-23T20:00:00Z,1.3207800000,1.3213000000,1.3200800000,1.3202300000,6545,OTHER,false
2022-03-24T00:00:00Z,1.3201800000,1.3212900000,1.3183600000,1.3191600000,10661,OTHER,false
2022-03-24T04:00:00Z,1.3191500000,1.3195800000,1.3181800000,1.3184100000,15064,OTHER,false
2022-03-24T08:00:00Z,1.3184000000,1.3205600000,1.3157000000,1.3175400000,21632,LONDON,false
2022-03-24T12:00:00Z,1.3175300000,1.3214100000,1.3167600000,1.3180500000,25113,OTHER,false
2022-03-24T16:00:00Z,1.3180400000,1.3205600000,1.3166900000,1.3171200000,26068,OTHER,false
2022-03-24T20:00:00Z,1.3171200000,1.3195500000,1.3167000000,1.3182500000,8483,OTHER,false
2022-03-25T00:00:00Z,1.3180300000,1.3213000000,1.3180300000,1.3212900000,12234,OTHER,false
2022-03-25T04:00:00Z,1.3212900000,1.3224900000,1.3199400000,1.3218600000,14169,OTHER,false
2022-03-25T08:00:00Z,1.3218600000,1.3220200000,1.3159200000,1.3164300000,19646,LONDON,false
2022-03-25T12:00:00Z,1.3164200000,1.3205300000,1.3163100000,1.3186700000,19986,OTHER,false
2022-03-25T16:00:00Z,1.3187300000,1.3222600000,1.3180900000,1.3194600000,29580,OTHER,false
2022-03-25T20:00:00Z,1.3194700000,1.3198100000,1.3178900000,1.3183700000,10833,OTHER,false
2022-03-28T00:00:00Z,1.3170600000,1.3183900000,1.3155500000,1.3158500000,5363,OTHER,false
2022-03-28T04:00:00Z,1.3158300000,1.3166100000,1.3145400000,1.3146700000,18639,OTHER,false
2022-03-28T08:00:00Z,1.3146600000,1.3167400000,1.3130300000,1.3162700000,26119,LONDON,false
2022-03-28T12:00:00Z,1.3162800000,1.3162800000,1.3097000000,1.3101000000,26490,OTHER,false
2022-03-28T16:00:00Z,1.3101000000,1.3105800000,1.3066800000,1.3090100000,26707,OTHER,false
2022-03-28T20:00:00Z,1.3089900000,1.3099800000,1.3082100000,1.3089600000,10548,OTHER,false
2022-03-29T00:00:00Z,1.3089000000,1.3105800000,1.3078300000,1.3079800000,7916,OTHER,false
2022-03-29T04:00:00Z,1.3079700000,1.3105800000,1.3079700000,1.3092900000,16777,OTHER,false
2022-03-29T08:00:00Z,1.3092900000,1.3115500000,1.3056000000,1.3060100000,22226,LONDON,false
2022-03-29T12:00:00Z,1.3060100000,1.3160000000,1.3051200000,1.3145600000,37081,OTHER,false
2022-03-29T16:00:00Z,1.3145500000,1.3156900000,1.3081200000,1.3086200000,35030,OTHER,false
2022-03-29T20:00:00Z,1.3085700000,1.3105700000,1.3060100000,1.3091600000,11698,OTHER,false
2022-03-30T00:00:00Z,1.3087100000,1.3101700000,1.3082300000,1.3098100000,6958,OTHER,false
2022-03-30T04:00:00Z,1.3098200000,1.3111700000,1.3092700000,1.3100700000,17716,OTHER,false
2022-03-30T08:00:00Z,1.3100600000,1.3141700000,1.3098900000,1.3140600000,25023,LONDON,false
2022-03-30T12:00:00Z,1.3140600000,1.3167800000,1.3129600000,1.3158900000,24895,OTHER,false
2022-03-30T16:00:00Z,1.3158900000,1.3182800000,1.3140400000,1.3143700000,24779,OTHER,false
2022-03-30T20:00:00Z,1.3143700000,1.3144400000,1.3127000000,1.3132800000,9517,OTHER,false
2022-03-31T00:00:00Z,1.3131300000,1.3142600000,1.3128000000,1.3141500000,8049,OTHER,false
2022-03-31T04:00:00Z,1.3141700000,1.3143900000,1.3109800000,1.3115400000,14025,OTHER,false
2022-03-31T08:00:00Z,1.3115400000,1.3148500000,1.3110300000,1.3121100000,22776,LONDON,false
2022-03-31T12:00:00Z,1.3121100000,1.3141000000,1.3112000000,1.3139200000,21975,OTHER,false
2022-03-31T16:00:00Z,1.3139200000,1.3175600000,1.3105500000,1.3138300000,31147,OTHER,false
2022-03-31T20:00:00Z,1.3138000000,1.3152600000,1.3130400000,1.3135400000,11326,OTHER,false
2022-04-01T00:00:00Z,1.3132500000,1.3150600000,1.3129000000,1.3137100000,11205,OTHER,false
2022-04-01T04:00:00Z,1.3137100000,1.3139700000,1.3122000000,1.3130700000,12339,OTHER,false
2022-04-01T08:00:00Z,1.3130900000,1.3139100000,1.3113200000,1.3128400000,18416,LONDON,false
2022-04-01T12:00:00Z,1.3128500000,1.3145800000,1.3108500000,1.3111900000,19559,OTHER,false
2022-04-01T16:00:00Z,1.3111900000,1.3117900000,1.3086300000,1.3104400000,22545,OTHER,false
2022-04-01T20:00:00Z,1.3104400000,1.3115300000,1.3092100000,1.3110800000,10755,OTHER,false
2022-04-04T00:00:00Z,1.3082900000,1.3116300000,1.3082900000,1.3112400000,5247,OTHER,false
2022-04-04T04:00:00Z,1.3112300000,1.3120200000,1.3106500000,1.3117800000,10541,OTHER,false
2022-04-04T08:00:00Z,1.3117800000,1.3136900000,1.3113900000,1.3115000000,18585,LONDON,false
2022-04-04T12:00:00Z,1.3115000000,1.3123900000,1.3093300000,1.3107300000,18098,OTHER,false
2022-04-04T16:00:00Z,1.3107300000,1.3129000000,1.3099200000,1.3104000000,19089,OTHER,false
2022-04-04T20:00:00Z,1.3104000000,1.3120200000,1.3097000000,1.3113900000,8880,OTHER,false
2022-04-05T00:00:00Z,1.3112000000,1.3116700000,1.3103300000,1.3110900000,4142,OTHER,false
2022-04-05T04:00:00Z,1.3110900000,1.3124000000,1.3106900000,1.3120400000,9265,OTHER,false
2022-04-05T08:00:00Z,1.3120500000,1.3144900000,1.3115600000,1.3119900000,19820,LONDON,false
2022-04-05T12:00:00Z,1.3119900000,1.3142700000,1.3118600000,1.3136300000,18248,OTHER,false
2022-04-05T16:00:00Z,1.3136600000,1.3166600000,1.3082200000,1.3084600000,25363,OTHER,false
2022-04-05T20:00:00Z,1.3084600000,1.3096200000,1.3066800000,1.3072400000,10478,OTHER,false
2022-04-06T00:00:00Z,1.3072300000,1.3082600000,1.3063300000,1.3064600000,7729,OTHER,false
2022-04-06T04:00:00Z,1.3064600000,1.3078100000,1.3056000000,1.3068400000,11577,OTHER,false
2022-04-06T08:00:00Z,1.3068400000,1.3098600000,1.3045200000,1.3097000000,21526,LONDON,false
2022-04-06T12:00:00Z,1.3096800000,1.3108000000,1.3071500000,1.3093500000,19672,OTHER,false
2022-04-06T16:00:00Z,1.3093600000,1.3099400000,1.3068000000,1.3076400000,23005,OTHER,false
2022-04-06T20:00:00Z,1.3076200000,1.3103200000,1.3048000000,1.3067200000,26450,OTHER,false
2022-04-07T00:00:00Z,1.3068200000,1.3080800000,1.3055300000,1.3076700000,5701,OTHER,false
2022-04-07T04:00:00Z,1.3076700000,1.3083400000,1.3068500000,1.3082200000,9920,OTHER,false
2022-04-07T08:00:00Z,1.3082100000,1.3106500000,1.3070800000,1.3072200000,18882,LONDON,false
2022-04-07T12:00:00Z,1.3072300000,1.3095200000,1.3062800000,1.3070300000,21604,OTHER,false
2022-04-07T16:00:00Z,1.3070200000,1.3084600000,1.3051600000,1.3054200000,24615,OTHER,false
2022-04-07T20:00:00Z,1.3054200000,1.3075900000,1.3054200000,1.3074400000,12405,OTHER,false
2022-04-08T00:00:00Z,1.3074500000,1.3085100000,1.3064700000,1.3070000000,6066,OTHER,false
2022-04-08T04:00:00Z,1.3070000000,1.3077400000,1.3060600000,1.3060600000,10941,OTHER,false
2022-04-08T08:00:00Z,1.3060600000,1.3073800000,1.3026200000,1.3043500000,17551,LONDON,false
2022-04-08T12:00:00Z,1.3043400000,1.3052600000,1.3012700000,1.3023000000,15753,OTHER,false
2022-04-08T16:00:00Z,1.3023000000,1.3033800000,1.2982100000,1.3031400000,22427,OTHER,false
2022-04-08T20:00:00Z,1.3031500000,1.3039700000,1.3021400000,1.3033000000,11993,OTHER,false
2022-04-11T00:00:00Z,1.3023100000,1.3039800000,1.3011300000,1.3020900000,5978,OTHER,false
2022-04-11T04:00:00Z,1.3020900000,1.3032000000,1.3008500000,1.3016400000,15281,OTHER,false
2022-04-11T08:00:00Z,1.3016400000,1.3035500000,1.2989200000,1.3028900000,22860,LONDON,false
2022-04-11T12:00:00Z,1.3028900000,1.3056500000,1.3019000000,1.3036700000,18325,OTHER,false
2022-04-11T16:00:00Z,1.3036100000,1.3046600000,1.3018500000,1.3024800000,23121,OTHER,false
2022-04-11T20:00:00Z,1.3024900000,1.3038800000,1.3019600000,1.3029200000,10059,OTHER,false
2022-04-12T00:00:00Z,1.3027700000,1.3037900000,1.3017400000,1.3020000000,5859,OTHER,false
2022-04-12T04:00:00Z,1.3020000000,1.3031300000,1.3004200000,1.3025700000,12264,OTHER,false
2022-04-12T08:00:00Z,1.3025700000,1.3034700000,1.3001000000,1.3003100000,20114,LONDON,false
2022-04-12T12:00:00Z,1.3003100000,1.3050000000,1.2993800000,1.3048600000,20347,OTHER,false
2022-04-12T16:00:00Z,1.3048600000,1.3053800000,1.3016000000,1.3021700000,30420,OTHER,false
2022-04-12T20:00:00Z,1.3021500000,1.3025300000,1.2999200000,1.2999500000,12774,OTHER,false
2022-04-13T00:00:00Z,1.2999200000,1.3005900000,1.2987400000,1.2992500000,4854,OTHER,false
2022-04-13T04:00:00Z,1.2992600000,1.3014700000,1.2992000000,1.3004000000,11248,OTHER,false
2022-04-13T08:00:00Z,1.3004000000,1.3025300000,1.2972900000,1.3006500000,19193,LONDON,false
2022-04-13T12:00:00Z,1.3006500000,1.3024700000,1.2990900000,1.2994800000,19043,OTHER,false
2022-04-13T16:00:00Z,1.2994800000,1.3103000000,1.2992600000,1.3093600000,26345,OTHER,false
2022-04-13T20:00:00Z,1.3093600000,1.3116900000,1.3088700000,1.3116300000,10575,OTHER,false
2022-04-14T00:00:00Z,1.3115100000,1.3130400000,1.3095000000,1.3115600000,6084,OTHER,false
2022-04-14T04:00:00Z,1.3115700000,1.3141400000,1.3113300000,1.3138100000,9752,OTHER,false
2022-04-14T08:00:00Z,1.3138200000,1.3147400000,1.3126100000,1.3135000000,15642,LONDON,false
2022-04-14T12:00:00Z,1.3135000000,1.3146300000,1.3094700000,1.3096300000,22335,OTHER,false
2022-04-14T16:00:00Z,1.3096300000,1.3097200000,1.3033200000,1.3056900000,32419,OTHER,false
2022-04-14T20:00:00Z,1.3056500000,1.3082400000,1.3056200000,1.3075300000,9608,OTHER,false
2022-04-15T00:00:00Z,1.3071600000,1.3076600000,1.3046500000,1.3056500000,13814,OTHER,false
2022-04-15T04:00:00Z,1.3056500000,1.3071000000,1.3046100000,1.3069100000,30889,OTHER,false
2022-04-15T08:00:00Z,1.3069500000,1.3074900000,1.3050100000,1.3067500000,30450,LONDON,false
2022-04-15T12:00:00Z,1.3066900000,1.3070900000,1.3057000000,1.3066300000,16106,OTHER,false
2022-04-15T16:00:00Z,1.3065500000,1.3068400000,1.3057300000,1.3063200000,5750,OTHER,false
2022-04-15T20:00:00Z,1.3061200000,1.3067900000,1.3054000000,1.3060600000,10566,OTHER,false
2022-04-18T00:00:00Z,1.3044500000,1.3063500000,1.3034900000,1.3043600000,6155,OTHER,false
2022-04-18T04:00:00Z,1.3043700000,1.3053100000,1.3018400000,1.3021600000,13807,OTHER,false
2022-04-18T08:00:00Z,1.3021200000,1.3029400000,1.3006400000,1.3014900000,10519,LONDON,false
2022-04-18T12:00:00Z,1.3014800000,1.3045200000,1.3009900000,1.3036700000,11545,OTHER,false
2022-04-18T16:00:00Z,1.3036600000,1.3044600000,1.3004900000,1.3009900000,16760,OTHER,false
2022-04-18T20:00:00Z,1.3009900000,1.3019100000,1.3005100000,1.3013300000,8798,OTHER,false
2022-04-19T00:00:00Z,1.3007100000,1.3018800000,1.3001100000,1.3006100000,5633,OTHER,false
2022-04-19T04:00:00Z,1.3006000000,1.3011000000,1.2989400000,1.2998900000,12350,OTHER,false
2022-04-19T08:00:00Z,1.2998900000,1.3040100000,1.2987700000,1.3040000000,18564,LONDON,false
2022-04-19T12:00:00Z,1.3040000000,1.3040800000,1.2997100000,1.3001100000,17991,OTHER,false
2022-04-19T16:00:00Z,1.3001200000,1.3012300000,1.2980600000,1.3007200000,22847,OTHER,false
2022-04-19T20:00:00Z,1.3007200000,1.3015100000,1.2991800000,1.2996900000,9188,OTHER,false
2022-04-20T00:00:00Z,1.2994100000,1.3020300000,1.2987600000,1.3018600000,5969,OTHER,false
2022-04-20T04:00:00Z,1.3018600000,1.3045600000,1.3010800000,1.3036100000,16797,OTHER,false
2022-04-20T08:00:00Z,1.3036200000,1.3038300000,1.2996500000,1.3029600000,16540,LONDON,false
2022-04-20T12:00:00Z,1.3029600000,1.3066600000,1.3023000000,1.3055100000,19970,OTHER,false
2022-04-20T16:00:00Z,1.3055100000,1.3065700000,1.3034300000,1.3050800000,23255,OTHER,false
2022-04-20T20:00:00Z,1.3050900000,1.3070900000,1.3049300000,1.3066600000,11494,OTHER,false
2022-04-21T00:00:00Z,1.3066800000,1.3073600000,1.3033600000,1.3052800000,9187,OTHER,false
2022-04-21T04:00:00Z,1.3052800000,1.3061700000,1.3042100000,1.3051100000,12348,OTHER,false
2022-04-21T08:00:00Z,1.3051100000,1.3082600000,1.3048500000,1.3060000000,21901,LONDON,false
2022-04-21T12:00:00Z,1.3060000000,1.3090300000,1.3024100000,1.3047000000,15234,OTHER,false
2022-04-21T16:00:00Z,1.3046300000,1.3076000000,1.3022500000,1.3035300000,24449,OTHER,false
2022-04-21T20:00:00Z,1.3035300000,1.3047800000,1.3022900000,1.3029200000,15131,OTHER,false
2022-04-22T00:00:00Z,1.3027700000,1.3034900000,1.3015200000,1.3023300000,7066,OTHER,false
2022-04-22T04:00:00Z,1.3023300000,1.3031400000,1.3009800000,1.3026400000,13870,OTHER,false
2022-04-22T08:00:00Z,1.3026400000,1.3033300000,1.2883000000,1.2887300000,24301,LONDON,false
2022-04-22T12:00:00Z,1.2887400000,1.2915900000,1.2862300000,1.2880600000,19016,OTHER,false
2022-04-22T16:00:00Z,1.2880700000,1.2894700000,1.2828900000,1.2836700000,26240,OTHER,false
2022-04-22T20:00:00Z,1.2836300000,1.2844900000,1.2823100000,1.2837900000,12797,OTHER,false
2022-04-25T00:00:00Z,1.2833200000,1.2842800000,1.2816700000,1.2821500000,7486,OTHER,false
2022-04-25T04:00:00Z,1.2822100000,1.2825400000,1.2792200000,1.2799400000,17517,OTHER,false
2022-04-25T08:00:00Z,1.2799400000,1.2807400000,1.2729100000,1.2747000000,31376,LONDON,false
2022-04-25T12:00:00Z,1.2746900000,1.2755100000,1.2704900000,1.2737100000,25973,OTHER,false
2022-04-25T16:00:00Z,1.2737000000,1.2737900000,1.2697500000,1.2730000000,30838,OTHER,false
2022-04-25T20:00:00Z,1.2730000000,1.2744900000,1.2721800000,1.2739300000,18064,OTHER,false
2022-04-26T00:00:00Z,1.2737200000,1.2747700000,1.2722800000,1.2746400000,7104,OTHER,false
2022-04-26T04:00:00Z,1.2746200000,1.2772400000,1.2735900000,1.2761200000,15990,OTHER,false
2022-04-26T08:00:00Z,1.2761300000,1.2761800000,1.2711100000,1.2721200000,21687,LONDON,false
2022-04-26T12:00:00Z,1.2721100000,1.2726700000,1.2669900000,1.2680600000,20049,OTHER,false
2022-04-26T16:00:00Z,1.2680700000,1.2697600000,1.2600100000,1.2611500000,29499,OTHER,false
2022-04-26T20:00:00Z,1.2611600000,1.2614200000,1.2570700000,1.2573300000,14076,OTHER,false
2022-04-27T00:00:00Z,1.2571500000,1.2587400000,1.2559800000,1.2581400000,6910,OTHER,false
2022-04-27T04:00:00Z,1.2581100000,1.2591400000,1.2573800000,1.2584700000,14190,OTHER,false
2022-04-27T08:00:00Z,1.2584700000,1.2597700000,1.2535900000,1.2538100000,24548,LONDON,false
2022-04-27T12:00:00Z,1.2538100000,1.2602000000,1.2527200000,1.2541700000,24934,OTHER,false
2022-04-27T16:00:00Z,1.2541800000,1.2578300000,1.2502700000,1.2567400000,30307,OTHER,false
2022-04-27T20:00:00Z,1.2567500000,1.2569300000,1.2535200000,1.2544100000,13886,OTHER,false
2022-04-28T00:00:00Z,1.2539600000,1.2547500000,1.2526400000,1.2532400000,7845,OTHER,false
2022-04-28T04:00:00Z,1.2532300000,1.2545600000,1.2508600000,1.2516000000,17449,OTHER,false
2022-04-28T08:00:00Z,1.2515900000,1.2570200000,1.2491300000,1.2536300000,29518,LONDON,false
2022-04-28T12:00:00Z,1.2536300000,1.2539900000,1.2421500000,1.2430400000,28462,OTHER,false
2022-04-28T16:00:00Z,1.2430900000,1.2470300000,1.2411300000,1.2464100000,32619,OTHER,false
2022-04-28T20:00:00Z,1.2463800000,1.2473800000,1.2446900000,1.2457400000,11561,OTHER,false
2022-04-29T00:00:00Z,1.2455900000,1.2487400000,1.2438100000,1.2484900000,5351,OTHER,false
2022-04-29T04:00:00Z,1.2484900000,1.2497000000,1.2465700000,1.2494100000,12085,OTHER,false
2022-04-29T08:00:00Z,1.2494000000,1.2575200000,1.2493700000,1.2552800000,21309,LONDON,false
2022-04-29T12:00:00Z,1.2552800000,1.2585600000,1.2532500000,1.2545900000,21411,OTHER,false
2022-04-29T16:00:00Z,1.2546000000,1.2578500000,1.2530100000,1.2578200000,30687,OTHER,false
2022-04-29T20:00:00Z,1.2578300000,1.2614700000,1.2568800000,1.2576500000,15892,OTHER,false
2022-05-02T00:00:00Z,1.2577400000,1.2596800000,1.2567200000,1.2569000000,9802,OTHER,false
2022-05-02T04:00:00Z,1.2568900000,1.2576500000,1.2546400000,1.2551800000,14822,OTHER,false
2022-05-02T08:00:00Z,1.2551800000,1.2587300000,1.2539400000,1.2573100000,20312,LONDON,false
2022-05-02T12:00:00Z,1.2573100000,1.2580700000,1.2534900000,1.2537100000,16251,OTHER,false
2022-05-02T16:00:00Z,1.2537000000,1.2549600000,1.2493500000,1.2497800000,25986,OTHER,false
2022-05-02T20:00:00Z,1.2497800000,1.2500500000,1.2473000000,1.2489800000,12675,OTHER,false
2022-05-03T00:00:00Z,1.2489600000,1.2521400000,1.2478600000,1.2519800000,5905,OTHER,false
2022-05-03T04:00:00Z,1.2519800000,1.2541500000,1.2509400000,1.2512800000,9921,OTHER,false
2022-05-03T08:00:00Z,1.2512800000,1.2555600000,1.2505800000,1.2541200000,20802,LONDON,false
2022-05-03T12:00:00Z,1.2541200000,1.2567500000,1.2492700000,1.2557400000,20287,OTHER,false
2022-05-03T16:00:00Z,1.2557300000,1.2566100000,1.2487400000,1.2488300000,23014,OTHER,false
2022-05-03T20:00:00Z,1.2488300000,1.2514700000,1.2470300000,1.2497800000,14764,OTHER,false
2022-05-04T00:00:00Z,1.2497900000,1.2505900000,1.2483000000,1.2496800000,5141,OTHER,false
2022-05-04T04:00:00Z,1.2496800000,1.2500900000,1.2481900000,1.2482300000,7614,OTHER,false
2022-05-04T08:00:00Z,1.2482000000,1.2524100000,1.2466600000,1.2515300000,15236,LONDON,false
2022-05-04T12:00:00Z,1.2515300000,1.2536500000,1.2502200000,1.2530000000,15238,OTHER,false
2022-05-04T16:00:00Z,1.2529900000,1.2537600000,1.2467600000,1.2494300000,23398,OTHER,false
2022-05-04T20:00:00Z,1.2494400000,1.2638000000,1.2451000000,1.2634500000,44341,OTHER,false
2022-05-05T00:00:00Z,1.2626000000,1.2634500000,1.2600900000,1.2609300000,8849,OTHER,false
2022-05-05T04:00:00Z,1.2609400000,1.2633200000,1.2541700000,1.2547000000,15268,OTHER,false
2022-05-05T08:00:00Z,1.2547000000,1.2568200000,1.2517400000,1.2546800000,21532,LONDON,false
2022-05-05T12:00:00Z,1.2546700000,1.2578200000,1.2361200000,1.2388700000,30363,OTHER,false
2022-05-05T16:00:00Z,1.2389600000,1.2412200000,1.2326100000,1.2338100000,35361,OTHER,false
2022-05-05T20:00:00Z,1.2338100000,1.2369400000,1.2325100000,1.2361700000,21385,OTHER,false
2022-05-06T00:00:00Z,1.2361600000,1.2380100000,1.2353200000,1.2366000000,8347,OTHER,false
2022-05-06T04:00:00Z,1.2366100000,1.2374200000,1.2333300000,1.2367900000,17578,OTHER,false
2022-05-06T08:00:00Z,1.2367900000,1.2368000000,1.2275700000,1.2340100000,32185,LONDON,false
2022-05-06T12:00:00Z,1.2340200000,1.2379600000,1.2318200000,1.2323300000,29287,OTHER,false
2022-05-06T16:00:00Z,1.2323300000,1.2370100000,1.2301000000,1.2356800000,46237,OTHER,false
2022-05-06T20:00:00Z,1.2356700000,1.2362500000,1.2322800000,1.2335200000,20791,OTHER,false
2022-05-09T00:00:00Z,1.2347500000,1.2347500000,1.2302100000,1.2303000000,8514,OTHER,false
2022-05-09T04:00:00Z,1.2303100000,1.2312300000,1.2280900000,1.2283300000,17247,OTHER,false
2022-05-09T08:00:00Z,1.2283200000,1.2307400000,1.2260700000,1.2270600000,24067,LONDON,false
2022-05-09T12:00:00Z,1.2270500000,1.2406200000,1.2268800000,1.2389500000,29196,OTHER,false
2022-05-09T16:00:00Z,1.2389500000,1.2390300000,1.2300800000,1.2347400000,33633,OTHER,false
2022-05-09T20:00:00Z,1.2347300000,1.2355500000,1.2326200000,1.2328800000,20130,OTHER,false
2022-05-10T00:00:00Z,1.2329000000,1.2342300000,1.2317600000,1.2330900000,10466,OTHER,false
2022-05-10T04:00:00Z,1.2330900000,1.2372300000,1.2324000000,1.2365400000,20689,OTHER,false
2022-05-10T08:00:00Z,1.2365000000,1.2376000000,1.2317100000,1.2339000000,26070,LONDON,false
2022-05-10T12:00:00Z,1.2339200000,1.2358700000,1.2303800000,1.2317800000,22996,OTHER,false
2022-05-10T16:00:00Z,1.2317800000,1.2341500000,1.2291300000,1.2310000000,40379,OTHER,false
2022-05-10T20:00:00Z,1.2309900000,1.2330900000,1.2302800000,1.2314500000,20536,OTHER,false
2022-05-11T00:00:00Z,1.2312000000,1.2326400000,1.2304500000,1.2317100000,5709,OTHER,false
2022-05-11T04:00:00Z,1.2317100000,1.2340400000,1.2312300000,1.2336400000,13694,OTHER,false
2022-05-11T08:00:00Z,1.2336400000,1.2373100000,1.2322800000,1.2372600000,21407,LONDON,false
2022-05-11T12:00:00Z,1.2372400000,1.2389900000,1.2276900000,1.2287900000,28772,OTHER,false
2022-05-11T16:00:00Z,1.2287700000,1.2400200000,1.2282200000,1.2289500000,47812,OTHER,false
2022-05-11T20:00:00Z,1.2289500000,1.2293100000,1.2237400000,1.2242700000,24518,OTHER,false
2022-05-12T00:00:00Z,1.2246300000,1.2251500000,1.2224900000,1.2244100000,11397,OTHER,false
2022-05-12T04:00:00Z,1.2244100000,1.2246300000,1.2207300000,1.2210000000,19440,OTHER,false
2022-05-12T08:00:00Z,1.2210000000,1.2221500000,1.2179600000,1.2180000000,37620,LONDON,false
2022-05-12T12:00:00Z,1.2180000000,1.2248000000,1.2164800000,1.2229800000,30134,OTHER,false
2022-05-12T16:00:00Z,1.2229700000,1.2243600000,1.2187300000,1.2192300000,40485,OTHER,false
2022-05-12T20:00:00Z,1.2192300000,1.2200700000,1.2173100000,1.2196100000,23359,OTHER,false
2022-05-13T00:00:00Z,1.2196300000,1.2214100000,1.2192100000,1.2206300000,7682,OTHER,false
2022-05-13T04:00:00Z,1.2206300000,1.2227200000,1.2192900000,1.2223500000,18355,OTHER,false
2022-05-13T08:00:00Z,1.2223400000,1.2231400000,1.2199600000,1.2205700000,25307,LONDON,false
2022-05-13T12:00:00Z,1.2205700000,1.2216900000,1.2173900000,1.2196300000,19280,OTHER,false
2022-05-13T16:00:00Z,1.2196200000,1.2248700000,1.2155300000,1.2235600000,28911,OTHER,false
2022-05-13T20:00:00Z,1.2235600000,1.2259800000,1.2220100000,1.2258600000,12890,OTHER,false
2022-05-16T00:00:00Z,1.2237200000,1.2270800000,1.2235300000,1.2267400000,8448,OTHER,false
2022-05-16T04:00:00Z,1.2267200000,1.2296200000,1.2232300000,1.2241200000,17349,OTHER,false
2022-05-16T08:00:00Z,1.2241400000,1.2253800000,1.2217200000,1.2237100000,24240,LONDON,false
2022-05-16T12:00:00Z,1.2237100000,1.2270700000,1.2219300000,1.2252900000,20310,OTHER,false
2022-05-16T16:00:00Z,1.2252900000,1.2281400000,1.2236200000,1.2274800000,28232,OTHER,false
2022-05-16T20:00:00Z,1.2274700000,1.2329700000,1.2273400000,1.2317800000,13015,OTHER,false
2022-05-17T00:00:00Z,1.2317700000,1.2337300000,1.2312100000,1.2328200000,6067,OTHER,false
2022-05-17T04:00:00Z,1.2327900000,1.2346900000,1.2320400000,1.2342900000,14746,OTHER,false
2022-05-17T08:00:00Z,1.2342900000,1.2482600000,1.2334900000,1.2476600000,24624,LONDON,false
2022-05-17T12:00:00Z,1.2477000000,1.2498700000,1.2442400000,1.2488800000,30839,OTHER,false
2022-05-17T16:00:00Z,1.2488800000,1.2489000000,1.2449400000,1.2482400000,25929,OTHER,false
2022-05-17T20:00:00Z,1.2482400000,1.2494800000,1.2452400000,1.2487800000,24394,OTHER,false
2022-05-18T00:00:00Z,1.2487800000,1.2500700000,1.2481400000,1.2487500000,8023,OTHER,false
2022-05-18T04:00:00Z,1.2487000000,1.2493000000,1.2463100000,1.2473500000,14580,OTHER,false
2022-05-18T08:00:00Z,1.2473500000,1.2495300000,1.2371500000,1.2375300000,21881,LONDON,false
2022-05-18T12:00:00Z,1.2375300000,1.2435800000,1.2373900000,1.2415800000,17989,OTHER,false
2022-05-18T16:00:00Z,1.2415800000,1.2426300000,1.2373100000,1.2383400000,26375,OTHER,false
2022-05-18T20:00:00Z,1.2383300000,1.2383300000,1.2329800000,1.2338400000,16479,OTHER,false
2022-05-19T00:00:00Z,1.2338400000,1.2364800000,1.2326800000,1.2350700000,10070,OTHER,false
2022-05-19T04:00:00Z,1.2350700000,1.2394900000,1.2338300000,1.2385600000,15319,OTHER,false
2022-05-19T08:00:00Z,1.2385600000,1.2407400000,1.2338100000,1.2389900000,27318,LONDON,false
2022-05-19T12:00:00Z,1.2389500000,1.2437800000,1.2369700000,1.2426500000,28509,OTHER,false
2022-05-19T16:00:00Z,1.2426500000,1.2524900000,1.2426500000,1.2500700000,41451,OTHER,false
2022-05-19T20:00:00Z,1.2501100000,1.2512500000,1.2458300000,1.2458300000,23631,OTHER,false
2022-05-20T00:00:00Z,1.2459400000,1.2477700000,1.2450200000,1.2464100000,10329,OTHER,false
2022-05-20T04:00:00Z,1.2464100000,1.2469200000,1.2437100000,1.2453300000,22524,OTHER,false
2022-05-20T08:00:00Z,1.2453300000,1.2496600000,1.2447900000,1.2484700000,25476,LONDON,false
2022-05-20T12:00:00Z,1.2484700000,1.2490900000,1.2461700000,1.2476300000,18620,OTHER,false
2022-05-20T16:00:00Z,1.2476300000,1.2500200000,1.2452400000,1.2472700000,28797,OTHER,false
2022-05-20T20:00:00Z,1.2472700000,1.2496800000,1.2453300000,1.2490700000,19505,OTHER,false
2022-05-23T00:00:00Z,1.2465600000,1.2529300000,1.2462900000,1.2525500000,8199,OTHER,false
2022-05-23T04:00:00Z,1.2525500000,1.2553500000,1.2521400000,1.2546300000,17957,OTHER,false
2022-05-23T08:00:00Z,1.2546200000,1.2575700000,1.2540800000,1.2571800000,24861,LONDON,false
2022-05-23T12:00:00Z,1.2571900000,1.2600900000,1.2563200000,1.2568300000,21554,OTHER,false
2022-05-23T16:00:00Z,1.2567800000,1.2593600000,1.2556200000,1.2568200000,24277,OTHER,false
2022-05-23T20:00:00Z,1.2568200000,1.2588100000,1.2558500000,1.2578300000,11491,OTHER,false
2022-05-24T00:00:00Z,1.2578400000,1.2587000000,1.2556700000,1.2558600000,7423,OTHER,false
2022-05-24T04:00:00Z,1.2558600000,1.2568800000,1.2547300000,1.2560700000,13280,OTHER,false
2022-05-24T08:00:00Z,1.2560700000,1.2599000000,1.2474800000,1.2486700000,24885,LONDON,false
2022-05-24T12:00:00Z,1.2486700000,1.2522400000,1.2471200000,1.2490900000,20968,OTHER,false
2022-05-24T16:00:00Z,1.2490900000,1.2554600000,1.2482700000,1.2534400000,33867,OTHER,false
2022-05-24T20:00:00Z,1.2534200000,1.2543700000,1.2510100000,1.2529000000,17129,OTHER,false
2022-05-25T00:00:00Z,1.2528300000,1.2548100000,1.2521100000,1.2526800000,9602,OTHER,false
2022-05-25T04:00:00Z,1.2527000000,1.2542600000,1.2514000000,1.2537800000,20305,OTHER,false
2022-05-25T08:00:00Z,1.2537900000,1.2560000000,1.2520000000,1.2522700000,24944,LONDON,false
2022-05-25T12:00:00Z,1.2522600000,1.2523500000,1.2481100000,1.2501000000,23808,OTHER,false
2022-05-25T16:00:00Z,1.2501000000,1.2558300000,1.2493200000,1.2531200000,26908,OTHER,false
2022-05-25T20:00:00Z,1.2531500000,1.2590600000,1.2524400000,1.2572200000,22108,OTHER,false
2022-05-26T00:00:00Z,1.2572100000,1.2612500000,1.2559400000,1.2605500000,7688,OTHER,false
2022-05-26T04:00:00Z,1.2605500000,1.2608900000,1.2564300000,1.2568500000,23248,OTHER,false
2022-05-26T08:00:00Z,1.2568500000,1.2597500000,1.2551500000,1.2564800000,23045,LONDON,false
2022-05-26T12:00:00Z,1.2564800000,1.2621000000,1.2557900000,1.2565500000,24871,OTHER,false
2022-05-26T16:00:00Z,1.2565500000,1.2587600000,1.2553300000,1.2576700000,23222,OTHER,false
2022-05-26T20:00:00Z,1.2576700000,1.2608300000,1.2568000000,1.2602200000,10278,OTHER,false
2022-05-27T00:00:00Z,1.2602200000,1.2625600000,1.2570200000,1.2622300000,8172,OTHER,false
2022-05-27T04:00:00Z,1.2622300000,1.2666900000,1.2615000000,1.2651000000,21924,OTHER,false
2022-05-27T08:00:00Z,1.2651000000,1.2652300000,1.2607700000,1.2618700000,20736,LONDON,false
2022-05-27T12:00:00Z,1.2618600000,1.2643900000,1.2586100000,1.2625000000,20102,OTHER,false
2022-05-27T16:00:00Z,1.2625000000,1.2654100000,1.2596800000,1.2606700000,21030,OTHER,false
2022-05-27T20:00:00Z,1.2606500000,1.2631600000,1.2602800000,1.2628900000,6860,OTHER,false
2022-05-30T00:00:00Z,1.2608100000,1.2634400000,1.2608100000,1.2628200000,6712,OTHER,false
2022-05-30T04:00:00Z,1.2628200000,1.2657400000,1.2621300000,1.2646300000,19149,OTHER,false
2022-05-30T08:00:00Z,1.2646400000,1.2651300000,1.2616300000,1.2629700000,21009,LONDON,false
2022-05-30T12:00:00Z,1.2629700000,1.2655200000,1.2624800000,1.2632300000,16333,OTHER,false
2022-05-30T16:00:00Z,1.2632300000,1.2659600000,1.2631200000,1.2654300000,14747,OTHER,false
2022-05-30T20:00:00Z,1.2654300000,1.2658900000,1.2648200000,1.2650200000,6420,OTHER,false
2022-05-31T00:00:00Z,1.2647200000,1.2653100000,1.2610200000,1.2611700000,14273,OTHER,false
2022-05-31T04:00:00Z,1.2611700000,1.2629400000,1.2598200000,1.2612300000,19521,OTHER,false
2022-05-31T08:00:00Z,1.2612300000,1.2631500000,1.2591300000,1.2612600000,20285,LONDON,false
2022-05-31T12:00:00Z,1.2612800000,1.2618800000,1.2560300000,1.2562200000,22393,OTHER,false
2022-05-31T16:00:00Z,1.2562100000,1.2630200000,1.2562100000,1.2619900000,30493,OTHER,false
2022-05-31T20:00:00Z,1.2619900000,1.2623900000,1.2598700000,1.2601200000,11184,OTHER,false
2022-06-01T00:00:00Z,1.2597600000,1.2616300000,1.2592800000,1.2609200000,4407,OTHER,false
2022-06-01T04:00:00Z,1.2608800000,1.2609100000,1.2575000000,1.2582100000,10728,OTHER,false
2022-06-01T08:00:00Z,1.2582100000,1.2611800000,1.2574900000,1.2578600000,18343,LONDON,false
2022-06-01T12:00:00Z,1.2578700000,1.2604700000,1.2559700000,1.2587600000,16275,OTHER,false
2022-06-01T16:00:00Z,1.2587700000,1.2594700000,1.2458600000,1.2470000000,30963,OTHER,false
2022-06-01T20:00:00Z,1.2470000000,1.2502200000,1.2469300000,1.2485000000,14004,OTHER,false
2022-06-02T00:00:00Z,1.2483500000,1.2491700000,1.2474100000,1.2485500000,7275,OTHER,false
2022-06-02T04:00:00Z,1.2485200000,1.2487800000,1.2470400000,1.2485500000,9360,OTHER,false
2022-06-02T08:00:00Z,1.2485500000,1.2544800000,1.2468800000,1.2537500000,12770,LONDON,false
2022-06-02T12:00:00Z,1.2537100000,1.2571400000,1.2535400000,1.2554700000,15507,OTHER,false
2022-06-02T16:00:00Z,1.2554800000,1.2581900000,1.2524700000,1.2581500000,23269,OTHER,false
2022-06-02T20:00:00Z,1.2581500000,1.2586500000,1.2564300000,1.2576200000,9733,OTHER,false
2022-06-03T00:00:00Z,1.2572400000,1.2589400000,1.2566300000,1.2578100000,4209,OTHER,false
2022-06-03T04:00:00Z,1.2578300000,1.2584800000,1.2568700000,1.2570200000,9293,OTHER,false
2022-06-03T08:00:00Z,1.2570200000,1.2583800000,1.2559100000,1.2574800000,10933,LONDON,false
2022-06-03T12:00:00Z,1.2574700000,1.2576900000,1.2520700000,1.2535000000,15822,OTHER,false
2022-06-03T16:00:00Z,1.2535000000,1.2573500000,1.2491800000,1.2515200000,21934,OTHER,false
2022-06-03T20:00:00Z,1.2515200000,1.2515900000,1.2484800000,1.2485400000,8361,OTHER,false
2022-06-06T00:00:00Z,1.2486900000,1.2501500000,1.2480000000,1.2481200000,1750,OTHER,false
2022-06-06T04:00:00Z,1.2481000000,1.2500800000,1.2475500000,1.2499300000,4819,OTHER,false
2022-06-06T08:00:00Z,1.2499300000,1.2577200000,1.2490500000,1.2572800000,16800,LONDON,false
2022-06-06T12:00:00Z,1.2572800000,1.2573200000,1.2541000000,1.2556000000,12724,OTHER,false
2022-06-06T16:00:00Z,1.2556000000,1.2560800000,1.2525200000,1.2539600000,20700,OTHER,false
2022-06-06T20:00:00Z,1.2539600000,1.2548000000,1.2525300000,1.2529400000,9611,OTHER,false
2022-06-07T00:00:00Z,1.2530700000,1.2530900000,1.2512600000,1.2515900000,8137,OTHER,false
2022-06-07T04:00:00Z,1.2515900000,1.2522300000,1.2488100000,1.2491100000,14788,OTHER,false
2022-06-07T08:00:00Z,1.2491200000,1.2533800000,1.2430100000,1.2493900000,25045,LONDON,false
2022-06-07T12:00:00Z,1.2493900000,1.2519200000,1.2485900000,1.2487000000,19212,OTHER,false
2022-06-07T16:00:00Z,1.2486900000,1.2599400000,1.2482000000,1.2592900000,22719,OTHER,false
2022-06-07T20:00:00Z,1.2593000000,1.2599600000,1.2571800000,1.2590200000,8775,OTHER,false
2022-06-08T00:00:00Z,1.2587700000,1.2597400000,1.2573700000,1.2574200000,6083,OTHER,false
2022-06-08T04:00:00Z,1.2574200000,1.2587000000,1.2556600000,1.2557200000,14481,OTHER,false
2022-06-08T08:00:00Z,1.2557000000,1.2583300000,1.2518600000,1.2522100000,16807,LONDON,false
2022-06-08T12:00:00Z,1.2522100000,1.2559700000,1.2513200000,1.2536600000,20645,OTHER,false
2022-06-08T16:00:00Z,1.2536600000,1.2564100000,1.2531500000,1.2547300000,21793,OTHER,false
2022-06-08T20:00:00Z,1.2547400000,1.2548400000,1.2532800000,1.2533600000,10555,OTHER,false
2022-06-09T00:00:00Z,1.2531100000,1.2545700000,1.2528100000,1.2533700000,10395,OTHER,false
2022-06-09T04:00:00Z,1.2533700000,1.2548500000,1.2519600000,1.2528600000,10361,OTHER,false
2022-06-09T08:00:00Z,1.2528600000,1.2532700000,1.2491900000,1.2525600000,15963,LONDON,false
2022-06-09T12:00:00Z,1.2525800000,1.2548600000,1.2513000000,1.2531800000,29379,OTHER,false
2022-06-09T16:00:00Z,1.2531800000,1.2558600000,1.2507400000,1.2515000000,33004,OTHER,false
2022-06-09T20:00:00Z,1.2515000000,1.2522700000,1.2487200000,1.2491200000,12449,OTHER,false
2022-06-10T00:00:00Z,1.2487900000,1.2513900000,1.2481900000,1.2498900000,6119,OTHER,false
2022-06-10T04:00:00Z,1.2498900000,1.2501000000,1.2478500000,1.2496000000,9408,OTHER,false
2022-06-10T08:00:00Z,1.2496000000,1.2517800000,1.2469200000,1.2482400000,20857,LONDON,false
2022-06-10T12:00:00Z,1.2482400000,1.2484400000,1.2382600000,1.2383300000,27441,OTHER,false
2022-06-10T16:00:00Z,1.2383300000,1.2414400000,1.2309800000,1.2311200000,34072,OTHER,false
2022-06-10T20:00:00Z,1.2311300000,1.2323000000,1.2301200000,1.2310300000,15203,OTHER,false
2022-06-13T00:00:00Z,1.2314400000,1.2319500000,1.2270400000,1.2275500000,10567,OTHER,false
2022-06-13T04:00:00Z,1.2275400000,1.2292200000,1.2261700000,1.2286000000,19460,OTHER,false
2022-06-13T08:00:00Z,1.2286000000,1.2300300000,1.2212600000,1.2219500000,29145,LONDON,false
2022-06-13T12:00:00Z,1.2219400000,1.2222800000,1.2161600000,1.2195200000,31219,OTHER,false
2022-06-13T16:00:00Z,1.2195100000,1.2200600000,1.2123600000,1.2173500000,36280,OTHER,false
2022-06-13T20:00:00Z,1.2173500000,1.2186800000,1.2106300000,1.2132800000,29144,OTHER,false
2022-06-14T00:00:00Z,1.2128200000,1.2160900000,1.2120600000,1.2155000000,11617,OTHER,false
2022-06-14T04:00:00Z,1.2154900000,1.2195700000,1.2133600000,1.2176200000,23748,OTHER,false
2022-06-14T08:00:00Z,1.2176200000,1.2207900000,1.2149400000,1.2152300000,30211,LONDON,false
2022-06-14T12:00:00Z,1.2151900000,1.2159100000,1.2062300000,1.2076900000,35080,OTHER,false
2022-06-14T16:00:00Z,1.2076900000,1.2083900000,1.1989100000,1.1994600000,45290,OTHER,false
2022-06-14T20:00:00Z,1.1994600000,1.2031300000,1.1933500000,1.1996000000,24369,OTHER,false
2022-06-15T00:00:00Z,1.1995000000,1.2018200000,1.1987300000,1.2018200000,11572,OTHER,false
2022-06-15T04:00:00Z,1.2018200000,1.2041400000,1.1998600000,1.2001700000,18573,OTHER,false
2022-06-15T08:00:00Z,1.2001700000,1.2089600000,1.1989100000,1.2088500000,36028,LONDON,false
2022-06-15T12:00:00Z,1.2088500000,1.2125200000,1.2058500000,1.2064000000,37157,OTHER,false
2022-06-15T16:00:00Z,1.2064100000,1.2097500000,1.2046200000,1.2064500000,33944,OTHER,false
2022-06-15T20:00:00Z,1.2064500000,1.2204700000,1.2027600000,1.2178500000,53771,OTHER,false
2022-06-16T00:00:00Z,1.2178300000,1.2188800000,1.2157800000,1.2177400000,9468,OTHER,false
2022-06-16T04:00:00Z,1.2177400000,1.2186100000,1.2141100000,1.2146400000,16158,OTHER,false
2022-06-16T08:00:00Z,1.2146400000,1.2154600000,1.2058000000,1.2128200000,33645,LONDON,false
2022-06-16T12:00:00Z,1.2128400000,1.2247000000,1.2041100000,1.2221000000,47866,OTHER,false
2022-06-16T16:00:00Z,1.2220800000,1.2406100000,1.2220800000,1.2380200000,44775,OTHER,false
2022-06-16T20:00:00Z,1.2380400000,1.2398100000,1.2344600000,1.2349100000,29434,OTHER,false
2022-06-17T00:00:00Z,1.2347000000,1.2366600000,1.2318900000,1.2324400000,14349,OTHER,false
2022-06-17T04:00:00Z,1.2324400000,1.2331100000,1.2285300000,1.2305100000,22097,OTHER,false
2022-06-17T08:00:00Z,1.2305200000,1.2342900000,1.2252200000,1.2316100000,31276,LONDON,false
2022-06-17T12:00:00Z,1.2316000000,1.2335100000,1.2252300000,1.2267200000,29450,OTHER,false
2022-06-17T16:00:00Z,1.2267200000,1.2268200000,1.2172300000,1.2188700000,40257,OTHER,false
2022-06-17T20:00:00Z,1.2188300000,1.2231800000,1.2186800000,1.2217300000,17920,OTHER,false
2022-06-20T00:00:00Z,1.2209600000,1.2231100000,1.2205400000,1.2223200000,11425,OTHER,false
2022-06-20T04:00:00Z,1.2223200000,1.2253700000,1.2198500000,1.2235700000,16778,OTHER,false
2022-06-20T08:00:00Z,1.2235600000,1.2253000000,1.2218000000,1.2246100000,24709,LONDON,false
2022-06-20T12:00:00Z,1.2246800000,1.2280300000,1.2233500000,1.2262800000,20022,OTHER,false
2022-06-20T16:00:00Z,1.2262700000,1.2262700000,1.2225800000,1.2254400000,19058,OTHER,false
2022-06-20T20:00:00Z,1.2254300000,1.2259800000,1.2231100000,1.2250800000,4802,OTHER,false
2022-06-21T00:00:00Z,1.2248000000,1.2271300000,1.2234400000,1.2270000000,9389,OTHER,false
2022-06-21T04:00:00Z,1.2270000000,1.2283600000,1.2261900000,1.2264800000,11576,OTHER,false
2022-06-21T08:00:00Z,1.2264800000,1.2324100000,1.2244800000,1.2309400000,21587,LONDON,false
2022-06-21T12:00:00Z,1.2309300000,1.2318200000,1.2251200000,1.2266700000,23570,OTHER,false
2022-06-21T16:00:00Z,1.2266900000,1.2294700000,1.2248700000,1.2271800000,27847,OTHER,false
2022-06-21T20:00:00Z,1.2271800000,1.2282100000,1.2261500000,1.2278800000,11968,OTHER,false
2022-06-22T00:00:00Z,1.2277600000,1.2280000000,1.2242800000,1.2245300000,9758,OTHER,false
2022-06-22T04:00:00Z,1.2245300000,1.2259500000,1.2228400000,1.2233100000,17907,OTHER,false
2022-06-22T08:00:00Z,1.2233100000,1.2243100000,1.2161200000,1.2217800000,25524,LONDON,false
2022-06-22T12:00:00Z,1.2217800000,1.2272400000,1.2214400000,1.2253500000,26574,OTHER,false
2022-06-22T16:00:00Z,1.2253700000,1.2314700000,1.2247700000,1.2265800000,36475,OTHER,false
2022-06-22T20:00:00Z,1.2265700000,1.2287600000,1.2256700000,1.2261900000,13890,OTHER,false
2022-06-23T00:00:00Z,1.2258200000,1.2266200000,1.2241600000,1.2260500000,7430,OTHER,false
2022-06-23T04:00:00Z,1.2260500000,1.2264500000,1.2230600000,1.2254800000,19277,OTHER,false
2022-06-23T08:00:00Z,1.2254700000,1.2263400000,1.2169700000,1.2199600000,28242,LONDON,false
2022-06-23T12:00:00Z,1.2199600000,1.2258600000,1.2194100000,1.2244200000,26123,OTHER,false
2022-06-23T16:00:00Z,1.2244200000,1.2294800000,1.2221000000,1.2228600000,41005,OTHER,false
2022-06-23T20:00:00Z,1.2228700000,1.2272600000,1.2219900000,1.2261200000,15131,OTHER,false
2022-06-24T00:00:00Z,1.2259500000,1.2270700000,1.2240100000,1.2249700000,11495,OTHER,false
2022-06-24T04:00:00Z,1.2249700000,1.2285000000,1.2245400000,1.2279700000,10819,OTHER,false
2022-06-24T08:00:00Z,1.2279000000,1.2284500000,1.2243200000,1.2275500000,19518,LONDON,false
2022-06-24T12:00:00Z,1.2275500000,1.2309500000,1.2261900000,1.2283400000,22888,OTHER,false
2022-06-24T16:00:00Z,1.2283400000,1.2321200000,1.2264600000,1.2268800000,36723,OTHER,false
2022-06-24T20:00:00Z,1.2268600000,1.2287200000,1.2250200000,1.2271400000,9544,OTHER,false
2022-06-27T00:00:00Z,1.2249400000,1.2296000000,1.2249400000,1.2269800000,6444,OTHER,false
2022-06-27T04:00:00Z,1.2270000000,1.2290200000,1.2265900000,1.2284200000,15097,OTHER,false
2022-06-27T08:00:00Z,1.2284100000,1.2332400000,1.2264200000,1.2317400000,19635,LONDON,false
2022-06-27T12:00:00Z,1.2317400000,1.2319300000,1.2237900000,1.2255400000,19857,OTHER,false
2022-06-27T16:00:00Z,1.2255500000,1.2313400000,1.2255200000,1.2291100000,30680,OTHER,false
2022-06-27T20:00:00Z,1.2291100000,1.2291900000,1.2261800000,1.2265200000,17483,OTHER,false
2022-06-28T00:00:00Z,1.2264300000,1.2280000000,1.2260400000,1.2271700000,7174,OTHER,false
2022-06-28T04:00:00Z,1.2271600000,1.2283600000,1.2260800000,1.2267100000,17975,OTHER,false
2022-06-28T08:00:00Z,1.2267400000,1.2291400000,1.2251400000,1.2284000000,23529,LONDON,false
2022-06-28T12:00:00Z,1.2284000000,1.2284600000,1.2210600000,1.2213200000,23099,OTHER,false
2022-06-28T16:00:00Z,1.2213200000,1.2225900000,1.2185200000,1.2193700000,35171,OTHER,false
2022-06-28T20:00:00Z,1.2193900000,1.2200000000,1.2180800000,1.2181700000,19096,OTHER,false
2022-06-29T00:00:00Z,1.2181000000,1.2202800000,1.2175200000,1.2191500000,17357,OTHER,false
2022-06-29T04:00:00Z,1.2191500000,1.2212600000,1.2188500000,1.2196800000,17978,OTHER,false
2022-06-29T08:00:00Z,1.2197100000,1.2211800000,1.2165400000,1.2174600000,26095,LONDON,false
2022-06-29T12:00:00Z,1.2174600000,1.2189900000,1.2141700000,1.2153200000,29241,OTHER,false
2022-06-29T16:00:00Z,1.2153200000,1.2176500000,1.2105800000,1.2121900000,39753,OTHER,false
2022-06-29T20:00:00Z,1.2121900000,1.2138000000,1.2113400000,1.2120500000,14347,OTHER,false
2022-06-30T00:00:00Z,1.2119700000,1.2132400000,1.2105500000,1.2126100000,12067,OTHER,false
2022-06-30T04:00:00Z,1.2126200000,1.2141500000,1.2107000000,1.2131100000,12094,OTHER,false
2022-06-30T08:00:00Z,1.2131200000,1.2165800000,1.2124700000,1.2142600000,26702,LONDON,false
2022-06-30T12:00:00Z,1.2142500000,1.2142600000,1.2091900000,1.2122700000,24519,OTHER,false
2022-06-30T16:00:00Z,1.2122200000,1.2188100000,1.2121400000,1.2177400000,37800,OTHER,false
2022-06-30T20:00:00Z,1.2177400000,1.2188400000,1.2163900000,1.2177800000,17542,OTHER,false
2022-07-01T00:00:00Z,1.2172500000,1.2177400000,1.2148800000,1.2153600000,7434,OTHER,false
2022-07-01T04:00:00Z,1.2153600000,1.2157100000,1.2111000000,1.2119100000,18912,OTHER,false
2022-07-01T08:00:00Z,1.2119100000,1.2138700000,1.2093100000,1.2101300000,26531,LONDON,false
2022-07-01T12:00:00Z,1.2101200000,1.2117400000,1.2004000000,1.2007200000,28302,OTHER,false
2022-07-01T16:00:00Z,1.2007200000,1.2063500000,1.1975800000,1.2045600000,39710,OTHER,false
2022-07-01T20:00:00Z,1.2045300000,1.2107000000,1.2036700000,1.2093200000,12715,OTHER,false
2022-07-04T00:00:00Z,1.2097000000,1.2120800000,1.2094700000,1.2105600000,9775,OTHER,false
2022-07-04T04:00:00Z,1.2105600000,1.2108600000,1.2083900000,1.2092700000,18781,OTHER,false
2022-07-04T08:00:00Z,1.2092700000,1.2126900000,1.2090900000,1.2122200000,17538,LONDON,false
2022-07-04T12:00:00Z,1.2122200000,1.2165200000,1.2107900000,1.2153300000,19169,OTHER,false
2022-07-04T16:00:00Z,1.2153300000,1.2161000000,1.2095800000,1.2111300000,17440,OTHER,false
2022-07-04T20:00:00Z,1.2110900000,1.2113000000,1.2096600000,1.2104000000,4922,OTHER,false
2022-07-05T00:00:00Z,1.2106400000,1.2118000000,1.2096300000,1.2110300000,12049,OTHER,false
2022-07-05T04:00:00Z,1.2110400000,1.2122100000,1.2097600000,1.2112700000,12461,OTHER,false
2022-07-05T08:00:00Z,1.2112300000,1.2125400000,1.2042700000,1.2043900000,26182,LONDON,false
2022-07-05T12:00:00Z,1.2043900000,1.2056800000,1.1959700000,1.1969500000,33249,OTHER,false
2022-07-05T16:00:00Z,1.1969600000,1.1972500000,1.1898600000,1.1924100000,36365,OTHER,false
2022-07-05T20:00:00Z,1.1924200000,1.1959400000,1.1917000000,1.1956100000,16130,OTHER,false
2022-07-06T00:00:00Z,1.1954100000,1.1964800000,1.1924800000,1.1964300000,8809,OTHER,false
2022-07-06T04:00:00Z,1.1964300000,1.1971900000,1.1926600000,1.1935000000,18873,OTHER,false
2022-07-06T08:00:00Z,1.1935000000,1.1989600000,1.1910900000,1.1960000000,27232,LONDON,false
2022-07-06T12:00:00Z,1.1960100000,1.1963400000,1.1875700000,1.1897300000,34668,OTHER,false
2022-07-06T16:00:00Z,1.1897100000,1.1940700000,1.1885900000,1.1909600000,46031,OTHER,false
2022-07-06T20:00:00Z,1.1909600000,1.1944900000,1.1908000000,1.1922600000,23909,OTHER,false
2022-07-07T00:00:00Z,1.1919200000,1.1929800000,1.1908200000,1.1925100000,10638,OTHER,false
2022-07-07T04:00:00Z,1.1925400000,1.1953100000,1.1914600000,1.1947500000,12331,OTHER,false
2022-07-07T08:00:00Z,1.1947700000,1.1994300000,1.1933400000,1.1969300000,25663,LONDON,false
2022-07-07T12:00:00Z,1.1969400000,1.2023700000,1.1955100000,1.1964000000,31779,OTHER,false
2022-07-07T16:00:00Z,1.1963900000,1.2014200000,1.1948100000,1.2008100000,32475,OTHER,false
2022-07-07T20:00:00Z,1.2008700000,1.2029700000,1.1996400000,1.2020800000,11577,OTHER,false
2022-07-08T00:00:00Z,1.2019400000,1.2051500000,1.2010600000,1.2049500000,8184,OTHER,false
2022-07-08T04:00:00Z,1.2049500000,1.2056100000,1.1996200000,1.2014200000,18497,OTHER,false
2022-07-08T08:00:00Z,1.2014300000,1.2014400000,1.1919200000,1.1934900000,27730,LONDON,false
2022-07-08T12:00:00Z,1.1934900000,1.2029900000,1.1927800000,1.1986700000,33166,OTHER,false
2022-07-08T16:00:00Z,1.1986800000,1.2048500000,1.1971600000,1.2019200000,33957,OTHER,false
2022-07-08T20:00:00Z,1.2019200000,1.2035100000,1.2011900000,1.2033300000,11855,OTHER,false
2022-07-11T00:00:00Z,1.1998900000,1.2036300000,1.1998900000,1.2008100000,9892,OTHER,false
2022-07-11T04:00:00Z,1.2008300000,1.2009100000,1.1976500000,1.1987700000,10676,OTHER,false
2022-07-11T08:00:00Z,1.1987700000,1.1989400000,1.1953400000,1.1966500000,19801,LONDON,false
2022-07-11T12:00:00Z,1.1966400000,1.1977400000,1.1907400000,1.1923100000,25126,OTHER,false
2022-07-11T16:00:00Z,1.1923100000,1.1923200000,1.1866500000,1.1883100000,36474,OTHER,false
2022-07-11T20:00:00Z,1.1882800000,1.1909600000,1.1880300000,1.1891200000,15161,OTHER,false
2022-07-12T00:00:00Z,1.1890600000,1.1909900000,1.1883800000,1.1892200000,11474,OTHER,false
2022-07-12T04:00:00Z,1.1892300000,1.1893400000,1.1859600000,1.1864200000,22135,OTHER,false
2022-07-12T08:00:00Z,1.1864400000,1.1873700000,1.1807500000,1.1830000000,33164,LONDON,false
2022-07-12T12:00:00Z,1.1829900000,1.1882300000,1.1812800000,1.1859100000,31178,OTHER,false
2022-07-12T16:00:00Z,1.1858700000,1.1916000000,1.1858700000,1.1910500000,33549,OTHER,false
2022-07-12T20:00:00Z,1.1910400000,1.1913100000,1.1881800000,1.1886100000,12724,OTHER,false
2022-07-13T00:00:00Z,1.1883200000,1.1890300000,1.1874000000,1.1878900000,9296,OTHER,false
2022-07-13T04:00:00Z,1.1878900000,1.1919000000,1.1869800000,1.1901200000,16303,OTHER,false
2022-07-13T08:00:00Z,1.1901200000,1.1936400000,1.1876400000,1.1890500000,29643,LONDON,false
2022-07-13T12:00:00Z,1.1890400000,1.1947100000,1.1827200000,1.1855600000,33125,OTHER,false
2022-07-13T16:00:00Z,1.1855700000,1.1967500000,1.1843100000,1.1921300000,44323,OTHER,false
2022-07-13T20:00:00Z,1.1921400000,1.1932700000,1.1886400000,1.1889200000,16792,OTHER,false
2022-07-14T00:00:00Z,1.1886300000,1.1891900000,1.1849900000,1.1857300000,11888,OTHER,false
2022-07-14T04:00:00Z,1.1857400000,1.1883600000,1.1846000000,1.1860400000,17996,OTHER,false
2022-07-14T08:00:00Z,1.1860400000,1.1875200000,1.1823500000,1.1842200000,26859,LONDON,false
2022-07-14T12:00:00Z,1.1842200000,1.1877000000,1.1810900000,1.1811400000,34939,OTHER,false
2022-07-14T16:00:00Z,1.1811800000,1.1842400000,1.1760000000,1.1779400000,51201,OTHER,false
2022-07-14T20:00:00Z,1.1779500000,1.1838200000,1.1777500000,1.1823900000,22197,OTHER,false
2022-07-15T00:00:00Z,1.1821000000,1.1841400000,1.1817400000,1.1826600000,8613,OTHER,false
2022-07-15T04:00:00Z,1.1826600000,1.1851700000,1.1825400000,1.1831000000,19191,OTHER,false
2022-07-15T08:00:00Z,1.1831000000,1.1845300000,1.1804200000,1.1827400000,26396,LONDON,false
2022-07-15T12:00:00Z,1.1827300000,1.1853200000,1.1807000000,1.1847000000,32288,OTHER,false
2022-07-15T16:00:00Z,1.1847200000,1.1874700000,1.1813800000,1.1855300000,37890,OTHER,false
2022-07-15T20:00:00Z,1.1855500000,1.1870200000,1.1849200000,1.1863200000,9309,OTHER,false
2022-07-18T00:00:00Z,1.1865600000,1.1890400000,1.1861200000,1.1882700000,8509,OTHER,false
2022-07-18T04:00:00Z,1.1882800000,1.1906400000,1.1881100000,1.1886000000,12581,OTHER,false
2022-07-18T08:00:00Z,1.1886000000,1.1965800000,1.1878200000,1.1946000000,24664,LONDON,false
2022-07-18T12:00:00Z,1.1945900000,1.1991700000,1.1941800000,1.1979300000,27765,OTHER,false
2022-07-18T16:00:00Z,1.1979300000,1.2033400000,1.1969700000,1.1976500000,28264,OTHER,false
2022-07-18T20:00:00Z,1.1976500000,1.1980400000,1.1946000000,1.1951300000,16187,OTHER,false
2022-07-19T00:00:00Z,1.1948900000,1.1958200000,1.1932900000,1.1934700000,10674,OTHER,false
2022-07-19T04:00:00Z,1.1934600000,1.1956600000,1.1924300000,1.1945600000,12615,OTHER,false
2022-07-19T08:00:00Z,1.1945700000,1.2024300000,1.1943500000,1.2021200000,29309,LONDON,false
2022-07-19T12:00:00Z,1.2021200000,1.2040000000,1.1999900000,1.2011600000,30173,OTHER,false
2022-07-19T16:00:00Z,1.2011000000,1.2045600000,1.2004800000,1.2007600000,31491,OTHER,false
2022-07-19T20:00:00Z,1.2007800000,1.2010500000,1.1985600000,1.1992900000,13226,OTHER,false
2022-07-20T00:00:00Z,1.1993100000,1.2018000000,1.1987700000,1.2015400000,11845,OTHER,false
2022-07-20T04:00:00Z,1.2015500000,1.2037000000,1.2009200000,1.2029300000,14192,OTHER,false
2022-07-20T08:00:00Z,1.2029300000,1.2034900000,1.1988600000,1.2004600000,24551,LONDON,false
2022-07-20T12:00:00Z,1.2004700000,1.2032500000,1.1955300000,1.1983600000,32217,OTHER,false
2022-07-20T16:00:00Z,1.1983100000,1.2006500000,1.1960000000,1.1971900000,33873,OTHER,false
2022-07-20T20:00:00Z,1.1971600000,1.1980700000,1.1953400000,1.1974300000,18441,OTHER,false
2022-07-21T00:00:00Z,1.1970600000,1.1980800000,1.1962600000,1.1966600000,8385,OTHER,false
2022-07-21T04:00:00Z,1.1966600000,1.2000200000,1.1962600000,1.1998400000,17631,OTHER,false
2022-07-21T08:00:00Z,1.1998400000,1.2003700000,1.1920500000,1.1939200000,27312,LONDON,false
2022-07-21T12:00:00Z,1.1939200000,1.1993000000,1.1913300000,1.1985100000,37395,OTHER,false
2022-07-21T16:00:00Z,1.1984400000,1.1991900000,1.1889700000,1.1951200000,49100,OTHER,false
2022-07-21T20:00:00Z,1.1951300000,1.2004100000,1.1950800000,1.1993800000,18208,OTHER,false
2022-07-22T00:00:00Z,1.1990200000,1.2002700000,1.1957000000,1.1986300000,12767,OTHER,false
2022-07-22T04:00:00Z,1.1986300000,1.1990400000,1.1955500000,1.1956300000,21002,OTHER,false
2022-07-22T08:00:00Z,1.1956300000,1.1989500000,1.1916000000,1.1955500000,30536,LONDON,false
2022-07-22T12:00:00Z,1.1955500000,1.1976300000,1.1926800000,1.1958700000,34802,OTHER,false
2022-07-22T16:00:00Z,1.1958600000,1.2063800000,1.1952000000,1.2022100000,40270,OTHER,false
2022-07-22T20:00:00Z,1.2022200000,1.2024500000,1.1970700000,1.2004800000,18178,OTHER,false
2022-07-25T00:00:00Z,1.1979900000,1.2009000000,1.1960000000,1.1962600000,5983,OTHER,false
2022-07-25T04:00:00Z,1.1962600000,1.1995700000,1.1961100000,1.1982300000,16302,OTHER,false
2022-07-25T08:00:00Z,1.1982300000,1.2029700000,1.1962800000,1.2027500000,25639,LONDON,false
2022-07-25T12:00:00Z,1.2027400000,1.2082600000,1.2022400000,1.2070300000,29268,OTHER,false
2022-07-25T16:00:00Z,1.2070400000,1.2086900000,1.2024900000,1.2051100000,30317,OTHER,false
2022-07-25T20:00:00Z,1.2051100000,1.2059600000,1.2042700000,1.2042800000,11823,OTHER,false
2022-07-26T00:00:00Z,1.2039800000,1.2063000000,1.2032300000,1.2059600000,11282,OTHER,false
2022-07-26T04:00:00Z,1.2059100000,1.2090000000,1.2057500000,1.2062700000,9536,OTHER,false
2022-07-26T08:00:00Z,1.2062800000,1.2070700000,1.2030500000,1.2033900000,22377,LONDON,false
2022-07-26T12:00:00Z,1.2033900000,1.2034800000,1.1963700000,1.2002800000,29057,OTHER,false
2022-07-26T16:00:00Z,1.2002700000,1.2054000000,1.1989200000,1.2025000000,31603,OTHER,false
2022-07-26T20:00:00Z,1.2025000000,1.2041800000,1.2020500000,1.2028400000,13916,OTHER,false
2022-07-27T00:00:00Z,1.2025600000,1.2053100000,1.2011300000,1.2044000000,10607,OTHER,false
2022-07-27T04:00:00Z,1.2043900000,1.2059400000,1.2036700000,1.2059000000,13725,OTHER,false
2022-07-27T08:00:00Z,1.2059000000,1.2074300000,1.2036000000,1.2059900000,25187,LONDON,false
2022-07-27T12:00:00Z,1.2059800000,1.2087700000,1.2042800000,1.2047100000,24576,OTHER,false
2022-07-27T16:00:00Z,1.2047300000,1.2058600000,1.2020600000,1.2038600000,27339,OTHER,false
2022-07-27T20:00:00Z,1.2038500000,1.2186300000,1.2029200000,1.2155800000,36660,OTHER,false
2022-07-28T00:00:00Z,1.2152900000,1.2170000000,1.2141700000,1.2148100000,9148,OTHER,false
2022-07-28T04:00:00Z,1.2148300000,1.2186000000,1.2145700000,1.2159300000,14108,OTHER,false
2022-07-28T08:00:00Z,1.2159300000,1.2191700000,1.2153600000,1.2187000000,28514,LONDON,false
2022-07-28T12:00:00Z,1.2187100000,1.2187100000,1.2103200000,1.2139400000,34985,OTHER,false
2022-07-28T16:00:00Z,1.2139400000,1.2166100000,1.2109000000,1.2130300000,37933,OTHER,false
2022-07-28T20:00:00Z,1.2130400000,1.2183600000,1.2129600000,1.2178100000,12231,OTHER,false
2022-07-29T00:00:00Z,1.2176800000,1.2180000000,1.2161800000,1.2173700000,12857,OTHER,false
2022-07-29T04:00:00Z,1.2173700000,1.2203600000,1.2162400000,1.2187800000,16803,OTHER,false
2022-07-29T08:00:00Z,1.2187800000,1.2245700000,1.2155200000,1.2169800000,28590,LONDON,false
2022-07-29T12:00:00Z,1.2169400000,1.2186900000,1.2106000000,1.2115200000,30556,OTHER,false
2022-07-29T16:00:00Z,1.2115400000,1.2186600000,1.2063200000,1.2168700000,39543,OTHER,false
2022-07-29T20:00:00Z,1.2168700000,1.2188500000,1.2151800000,1.2182200000,8998,OTHER,false
2022-08-01T00:00:00Z,1.2157400000,1.2188100000,1.2145400000,1.2172600000,9736,OTHER,false
2022-08-01T04:00:00Z,1.2172600000,1.2198300000,1.2167800000,1.2182900000,13392,OTHER,false
2022-08-01T08:00:00Z,1.2182800000,1.2230800000,1.2174000000,1.2230500000,18365,LONDON,false
2022-08-01T12:00:00Z,1.2230500000,1.2261700000,1.2218500000,1.2247700000,24761,OTHER,false
2022-08-01T16:00:00Z,1.2247700000,1.2293500000,1.2235100000,1.2277000000,35103,OTHER,false
2022-08-01T20:00:00Z,1.2277100000,1.2277400000,1.2241300000,1.2248300000,14116,OTHER,false
2022-08-02T00:00:00Z,1.2245100000,1.2278600000,1.2238900000,1.2270100000,10277,OTHER,false
2022-08-02T04:00:00Z,1.2270100000,1.2276300000,1.2243800000,1.2248500000,22083,OTHER,false
2022-08-02T08:00:00Z,1.2248500000,1.2256300000,1.2185800000,1.2191700000,28869,LONDON,false
2022-08-02T12:00:00Z,1.2191300000,1.2227900000,1.2191200000,1.2221300000,25549,OTHER,false
2022-08-02T16:00:00Z,1.2222000000,1.2240900000,1.2179700000,1.2214400000,38017,OTHER,false
2022-08-02T20:00:00Z,1.2213900000,1.2214400000,1.2158100000,1.2165200000,17597,OTHER,false
2022-08-03T00:00:00Z,1.2160000000,1.2172100000,1.2134300000,1.2146300000,14948,OTHER,false
2022-08-03T04:00:00Z,1.2146600000,1.2194000000,1.2145200000,1.2179600000,15521,OTHER,false
2022-08-03T08:00:00Z,1.2179500000,1.2207900000,1.2157000000,1.2178500000,22000,LONDON,false
2022-08-03T12:00:00Z,1.2178500000,1.2205500000,1.2166800000,1.2174600000,25294,OTHER,false
2022-08-03T16:00:00Z,1.2174500000,1.2179900000,1.2100100000,1.2142700000,37888,OTHER,false
2022-08-03T20:00:00Z,1.2142700000,1.2155300000,1.2137800000,1.2146200000,14101,OTHER,false
2022-08-04T00:00:00Z,1.2141200000,1.2160100000,1.2133800000,1.2158500000,7278,OTHER,false
2022-08-04T04:00:00Z,1.2158400000,1.2167500000,1.2144000000,1.2155400000,12248,OTHER,false
2022-08-04T08:00:00Z,1.2155400000,1.2175800000,1.2128600000,1.2164800000,17515,LONDON,false
2022-08-04T12:00:00Z,1.2164900000,1.2216400000,1.2064700000,1.2112900000,33684,OTHER,false
2022-08-04T16:00:00Z,1.2112700000,1.2161500000,1.2090000000,1.2145900000,33415,OTHER,false
2022-08-04T20:00:00Z,1.2145500000,1.2175800000,1.2144400000,1.2158600000,11617,OTHER,false
2022-08-05T00:00:00Z,1.2155000000,1.2162900000,1.2134100000,1.2138100000,8033,OTHER,false
2022-08-05T04:00:00Z,1.2138100000,1.2146800000,1.2129900000,1.2140400000,12397,OTHER,false
2022-08-05T08:00:00Z,1.2140400000,1.2169000000,1.2135600000,1.2144600000,16016,LONDON,false
2022-08-05T12:00:00Z,1.2144600000,1.2148800000,1.2025000000,1.2027400000,24975,OTHER,false
2022-08-05T16:00:00Z,1.2027300000,1.2084200000,1.2003400000,1.2077500000,38370,OTHER,false
2022-08-05T20:00:00Z,1.2077300000,1.2094200000,1.2060600000,1.2073000000,10525,OTHER,false
2022-08-08T00:00:00Z,1.2065900000,1.2067900000,1.2047000000,1.2056000000,4940,OTHER,false
2022-08-08T04:00:00Z,1.2055900000,1.2079900000,1.2054700000,1.2076300000,9149,OTHER,false
2022-08-08T08:00:00Z,1.2076300000,1.2123000000,1.2068800000,1.2085500000,17843,LONDON,false
2022-08-08T12:00:00Z,1.2085500000,1.2122000000,1.2071500000,1.2120800000,18930,OTHER,false
2022-08-08T16:00:00Z,1.2121000000,1.2138000000,1.2076000000,1.2077100000,21526,OTHER,false
2022-08-08T20:00:00Z,1.2077200000,1.2093400000,1.2068600000,1.2080600000,12590,OTHER,false
2022-08-09T00:00:00Z,1.2077000000,1.2088400000,1.2074500000,1.2077800000,11441,OTHER,false
2022-08-09T04:00:00Z,1.2077900000,1.2085500000,1.2069900000,1.2084500000,9495,OTHER,false
2022-08-09T08:00:00Z,1.2084800000,1.2122200000,1.2065300000,1.2118300000,13789,LONDON,false
2022-08-09T12:00:00Z,1.2119100000,1.2130400000,1.2094800000,1.2107300000,18927,OTHER,false
2022-08-09T16:00:00Z,1.2107300000,1.2128900000,1.2076200000,1.2082900000,24178,OTHER,false
2022-08-09T20:00:00Z,1.2082900000,1.2086500000,1.2063000000,1.2076900000,9692,OTHER,false
2022-08-10T00:00:00Z,1.2073600000,1.2088200000,1.2064400000,1.2068400000,7828,OTHER,false
2022-08-10T04:00:00Z,1.2068300000,1.2084300000,1.2065900000,1.2083500000,8722,OTHER,false
2022-08-10T08:00:00Z,1.2083500000,1.2105800000,1.2067400000,1.2095100000,16510,LONDON,false
2022-08-10T12:00:00Z,1.2095300000,1.2250900000,1.2081000000,1.2218800000,25158,OTHER,false
2022-08-10T16:00:00Z,1.2218900000,1.2277100000,1.2191100000,1.2248000000,40182,OTHER,false
2022-08-10T20:00:00Z,1.2248000000,1.2261400000,1.2210000000,1.2214100000,17310,OTHER,false
2022-08-11T00:00:00Z,1.2211400000,1.2222600000,1.2204500000,1.2209000000,11148,OTHER,false
2022-08-11T04:00:00Z,1.2209000000,1.2209600000,1.2182000000,1.2190400000,11799,OTHER,false
2022-08-11T08:00:00Z,1.2190400000,1.2245600000,1.2183300000,1.2241900000,19667,LONDON,false
2022-08-11T12:00:00Z,1.2242200000,1.2244500000,1.2194200000,1.2235300000,27245,OTHER,false
2022-08-11T16:00:00Z,1.2235300000,1.2249400000,1.2196600000,1.2223900000,34657,OTHER,false
2022-08-11T20:00:00Z,1.2224300000,1.2226900000,1.2185400000,1.2202600000,15708,OTHER,false
2022-08-12T00:00:00Z,1.2196400000,1.2202800000,1.2177000000,1.2184100000,6628,OTHER,false
2022-08-12T04:00:00Z,1.2184100000,1.2197000000,1.2178200000,1.2189600000,10570,OTHER,false
2022-08-12T08:00:00Z,1.2189300000,1.2216900000,1.2167700000,1.2178500000,19325,LONDON,false
2022-08-12T12:00:00Z,1.2178500000,1.2178900000,1.2108400000,1.2110600000,25235,OTHER,false
2022-08-12T16:00:00Z,1.2111300000,1.2144400000,1.2099900000,1.2128900000,32638,OTHER,false
2022-08-12T20:00:00Z,1.2128700000,1.2146500000,1.2128400000,1.2135400000,9641,OTHER,false
2022-08-15T00:00:00Z,1.2108900000,1.2148200000,1.2108900000,1.2142100000,5726,OTHER,false
2022-08-15T04:00:00Z,1.2142100000,1.2144800000,1.2107800000,1.2115100000,10880,OTHER,false
2022-08-15T08:00:00Z,1.2115100000,1.2121600000,1.2068800000,1.2074600000,17841,LONDON,false
2022-08-15T12:00:00Z,1.2074600000,1.2114700000,1.2050400000,1.2089200000,24572,OTHER,false
2022-08-15T16:00:00Z,1.2089300000,1.2109400000,1.2068600000,1.2084600000,21195,OTHER,false
2022-08-15T20:00:00Z,1.2084600000,1.2086200000,1.2049700000,1.2053500000,9093,OTHER,false
2022-08-16T00:00:00Z,1.2052200000,1.2059000000,1.2037600000,1.2039500000,12274,OTHER,false
2022-08-16T04:00:00Z,1.2039700000,1.2060500000,1.2034900000,1.2051900000,9369,OTHER,false
2022-08-16T08:00:00Z,1.2051700000,1.2058500000,1.2007800000,1.2036800000,18660,LONDON,false
2022-08-16T12:00:00Z,1.2037200000,1.2057500000,1.2013000000,1.2055100000,23726,OTHER,false
2022-08-16T16:00:00Z,1.2055000000,1.2117800000,1.2048800000,1.2081300000,25939,OTHER,false
2022-08-16T20:00:00Z,1.2081300000,1.2104700000,1.2079300000,1.2095800000,10331,OTHER,false
2022-08-17T00:00:00Z,1.2093700000,1.2108400000,1.2083300000,1.2107500000,12389,OTHER,false
2022-08-17T04:00:00Z,1.2107200000,1.2122800000,1.2097800000,1.2119200000,13896,OTHER,false
2022-08-17T08:00:00Z,1.2119000000,1.2143200000,1.2077500000,1.2103400000,20670,LONDON,false
2022-08-17T12:00:00Z,1.2103400000,1.2114600000,1.2047500000,1.2062700000,23524,OTHER,false
2022-08-17T16:00:00Z,1.2062700000,1.2095600000,1.2028000000,1.2039500000,26226,OTHER,false
2022-08-17T20:00:00Z,1.2040100000,1.2088000000,1.2035500000,1.2047000000,19982,OTHER,false
2022-08-18T00:00:00Z,1.2044000000,1.2060500000,1.2041600000,1.2050700000,11899,OTHER,false
2022-08-18T04:00:00Z,1.2050600000,1.2059200000,1.2029900000,1.2039900000,14774,OTHER,false
2022-08-18T08:00:00Z,1.2040000000,1.2058300000,1.1994400000,1.2047800000,27110,LONDON,false
2022-08-18T12:00:00Z,1.2047800000,1.2079800000,1.2035400000,1.2049000000,26424,OTHER,false
2022-08-18T16:00:00Z,1.2049200000,1.2053400000,1.1935800000,1.1937000000,30609,OTHER,false
2022-08-18T20:00:00Z,1.1937000000,1.1943600000,1.1922400000,1.1929500000,16058,OTHER,false
2022-08-19T00:00:00Z,1.1927700000,1.1936800000,1.1904900000,1.1905500000,14161,OTHER,false
2022-08-19T04:00:00Z,1.1905500000,1.1925800000,1.1893900000,1.1902200000,14043,OTHER,false
2022-08-19T08:00:00Z,1.1902200000,1.1926000000,1.1879800000,1.1895600000,26899,LONDON,false
2022-08-19T12:00:00Z,1.1895600000,1.1896500000,1.1815600000,1.1847600000,27041,OTHER,false
2022-08-19T16:00:00Z,1.1847300000,1.1857700000,1.1792000000,1.1825500000,28909,OTHER,false
2022-08-19T20:00:00Z,1.1825600000,1.1834500000,1.1810600000,1.1825300000,12217,OTHER,false
2022-08-22T00:00:00Z,1.1810400000,1.1833600000,1.1805100000,1.1806900000,6874,OTHER,false
2022-08-22T04:00:00Z,1.1806800000,1.1836600000,1.1805700000,1.1830500000,14689,OTHER,false
2022-08-22T08:00:00Z,1.1830300000,1.1836400000,1.1782200000,1.1812600000,27460,LONDON,false
2022-08-22T12:00:00Z,1.1812400000,1.1822800000,1.1789400000,1.1818400000,24804,OTHER,false
2022-08-22T16:00:00Z,1.1818400000,1.1827100000,1.1742100000,1.1775200000,28737,OTHER,false
2022-08-22T20:00:00Z,1.1775100000,1.1776000000,1.1751700000,1.1765700000,10113,OTHER,false
2022-08-23T00:00:00Z,1.1763700000,1.1782100000,1.1757100000,1.1774300000,8326,OTHER,false
2022-08-23T04:00:00Z,1.1774200000,1.1784800000,1.1763400000,1.1764200000,12639,OTHER,false
2022-08-23T08:00:00Z,1.1763300000,1.1779200000,1.1717400000,1.1777700000,32521,LONDON,false
2022-08-23T12:00:00Z,1.1777700000,1.1783000000,1.1746000000,1.1764800000,24633,OTHER,false
2022-08-23T16:00:00Z,1.1764800000,1.1877900000,1.1757100000,1.1848700000,39139,OTHER,false
2022-08-23T20:00:00Z,1.1848700000,1.1850400000,1.1816700000,1.1833400000,12565,OTHER,false
2022-08-24T00:00:00Z,1.1828900000,1.1838200000,1.1812700000,1.1813000000,8895,OTHER,false
2022-08-24T04:00:00Z,1.1813100000,1.1827900000,1.1798600000,1.1824900000,14220,OTHER,false
2022-08-24T08:00:00Z,1.1824600000,1.1833800000,1.1800800000,1.1822600000,19559,LONDON,false
2022-08-24T12:00:00Z,1.1822500000,1.1826400000,1.1758200000,1.1772400000,28712,OTHER,false
2022-08-24T16:00:00Z,1.1772500000,1.1825800000,1.1755900000,1.1785300000,35714,OTHER,false
2022-08-24T20:00:00Z,1.1785300000,1.1802000000,1.1781000000,1.1796400000,11926,OTHER,false
2022-08-25T00:00:00Z,1.1793000000,1.1815000000,1.1783200000,1.1811700000,9856,OTHER,false
2022-08-25T04:00:00Z,1.1812200000,1.1842500000,1.1803600000,1.1834800000,14514,OTHER,false
2022-08-25T08:00:00Z,1.1834900000,1.1864600000,1.1825200000,1.1844000000,25018,LONDON,false
2022-08-25T12:00:00Z,1.1844000000,1.1857200000,1.1809100000,1.1820400000,25709,OTHER,false
2022-08-25T16:00:00Z,1.1820400000,1.1850200000,1.1793000000,1.1820900000,31379,OTHER,false
2022-08-25T20:00:00Z,1.1821000000,1.1839100000,1.1817600000,1.1832900000,13701,OTHER,false
2022-08-26T00:00:00Z,1.1831600000,1.1838200000,1.1805500000,1.1814000000,8281,OTHER,false
2022-08-26T04:00:00Z,1.1814000000,1.1831300000,1.1807900000,1.1808800000,11765,OTHER,false
2022-08-26T08:00:00Z,1.1808900000,1.1810300000,1.1775400000,1.1801300000,25160,LONDON,false
2022-08-26T12:00:00Z,1.1801300000,1.1854400000,1.1801100000,1.1853600000,25714,OTHER,false
2022-08-26T16:00:00Z,1.1853500000,1.1901200000,1.1745600000,1.1753500000,53216,OTHER,false
2022-08-26T20:00:00Z,1.1753500000,1.1757800000,1.1733100000,1.1738000000,12871,OTHER,false
2022-08-29T00:00:00Z,1.1729400000,1.1734200000,1.1674900000,1.1678200000,10430,OTHER,false
2022-08-29T04:00:00Z,1.1678200000,1.1685700000,1.1652000000,1.1654300000,14865,OTHER,false
2022-08-29T08:00:00Z,1.1654400000,1.1682900000,1.1648500000,1.1658500000,32008,LONDON,false
2022-08-29T12:00:00Z,1.1658500000,1.1734500000,1.1656800000,1.1717000000,30184,OTHER,false
2022-08-29T16:00:00Z,1.1717000000,1.1744300000,1.1686200000,1.1722600000,33624,OTHER,false
2022-08-29T20:00:00Z,1.1722800000,1.1729300000,1.1698200000,1.1709000000,11647,OTHER,false
2022-08-30T00:00:00Z,1.1709000000,1.1725200000,1.1701000000,1.1716200000,14772,OTHER,false
2022-08-30T04:00:00Z,1.1716400000,1.1726500000,1.1686700000,1.1705300000,13405,OTHER,false
2022-08-30T08:00:00Z,1.1705000000,1.1752800000,1.1698300000,1.1738300000,31052,LONDON,false
2022-08-30T12:00:00Z,1.1738300000,1.1760700000,1.1688100000,1.1698600000,30349,OTHER,false
2022-08-30T16:00:00Z,1.1698400000,1.1722000000,1.1621500000,1.1651100000,43273,OTHER,false
2022-08-30T20:00:00Z,1.1651100000,1.1669900000,1.1646600000,1.1654300000,14268,OTHER,false
2022-08-31T00:00:00Z,1.1646200000,1.1675200000,1.1646200000,1.1666700000,9820,OTHER,false
2022-08-31T04:00:00Z,1.1666700000,1.1692400000,1.1659300000,1.1684000000,13003,OTHER,false
2022-08-31T08:00:00Z,1.1684200000,1.1693700000,1.1636000000,1.1641400000,28106,LONDON,false
2022-08-31T12:00:00Z,1.1641600000,1.1650900000,1.1601900000,1.1637700000,30730,OTHER,false
2022-08-31T16:00:00Z,1.1637700000,1.1653700000,1.1599100000,1.1625500000,43176,OTHER,false
2022-08-31T20:00:00Z,1.1625500000,1.1630500000,1.1605700000,1.1620600000,17161,OTHER,false
2022-09-01T00:00:00Z,1.1620700000,1.1622100000,1.1573600000,1.1583100000,22372,OTHER,false
2022-09-01T04:00:00Z,1.1583000000,1.1590800000,1.1567800000,1.1577700000,14762,OTHER,false
2022-09-01T08:00:00Z,1.1577600000,1.1616800000,1.1572000000,1.1597600000,32901,LONDON,false
2022-09-01T12:00:00Z,1.1597600000,1.1607800000,1.1549700000,1.1564600000,31685,OTHER,false
2022-09-01T16:00:00Z,1.1564800000,1.1579000000,1.1498900000,1.1533900000,43563,OTHER,false
2022-09-01T20:00:00Z,1.1533900000,1.1555400000,1.1532500000,1.1544200000,15164,OTHER,false
2022-09-02T00:00:00Z,1.1541800000,1.1559600000,1.1525500000,1.1550300000,8540,OTHER,false
2022-09-02T04:00:00Z,1.1549700000,1.1555600000,1.1539700000,1.1550500000,13748,OTHER,false
2022-09-02T08:00:00Z,1.1550400000,1.1569500000,1.1532400000,1.1555300000,24476,LONDON,false
2022-09-02T12:00:00Z,1.1555300000,1.1588800000,1.1531600000,1.1539900000,31149,OTHER,false
2022-09-02T16:00:00Z,1.1539900000,1.1588900000,1.1515400000,1.1523800000,44009,OTHER,false
2022-09-02T20:00:00Z,1.1523700000,1.1523800000,1.1495700000,1.1512600000,18756,OTHER,false
2022-09-05T00:00:00Z,1.1479700000,1.1498400000,1.1465300000,1.1479700000,13571,OTHER,false
2022-09-05T04:00:00Z,1.1479500000,1.1493100000,1.1456800000,1.1464800000,20986,OTHER,false
2022-09-05T08:00:00Z,1.1464800000,1.1494100000,1.1443500000,1.1490300000,35058,LONDON,false
2022-09-05T12:00:00Z,1.1490200000,1.1518900000,1.1480300000,1.1491000000,23518,OTHER,false
2022-09-05T16:00:00Z,1.1491100000,1.1521400000,1.1491100000,1.1515100000,16618,OTHER,false
2022-09-05T20:00:00Z,1.1515400000,1.1521600000,1.1512700000,1.1516700000,3426,OTHER,false
2022-09-06T00:00:00Z,1.1515900000,1.1591300000,1.1508800000,1.1590500000,10134,OTHER,false
2022-09-06T04:00:00Z,1.1590400000,1.1600100000,1.1559900000,1.1563000000,18974,OTHER,false
2022-09-06T08:00:00Z,1.1563000000,1.1609400000,1.1549200000,1.1574200000,38542,LONDON,false
2022-09-06T12:00:00Z,1.1574100000,1.1608600000,1.1546600000,1.1547100000,30063,OTHER,false
2022-09-06T16:00:00Z,1.1547200000,1.1551600000,1.1493800000,1.1530200000,43767,OTHER,false
2022-09-06T20:00:00Z,1.1530300000,1.1532900000,1.1512500000,1.1518400000,17916,OTHER,false
2022-09-07T00:00:00Z,1.1514100000,1.1523800000,1.1478500000,1.1479800000,7410,OTHER,false
2022-09-07T04:00:00Z,1.1479500000,1.1486000000,1.1451200000,1.1478100000,21225,OTHER,false
2022-09-07T08:00:00Z,1.1478600000,1.1523400000,1.1469400000,1.1495500000,27810,LONDON,false
2022-09-07T12:00:00Z,1.1495500000,1.1501500000,1.1414100000,1.1431500000,33598,OTHER,false
2022-09-07T16:00:00Z,1.1431500000,1.1500400000,1.1405000000,1.1495200000,35102,OTHER,false
2022-09-07T20:00:00Z,1.1495200000,1.1539500000,1.1493800000,1.1533100000,14844,OTHER,false
2022-09-08T00:00:00Z,1.1531600000,1.1541100000,1.1500400000,1.1505900000,10691,OTHER,false
2022-09-08T04:00:00Z,1.1505900000,1.1516000000,1.1490500000,1.1505100000,18297,OTHER,false
2022-09-08T08:00:00Z,1.1505100000,1.1522200000,1.1477900000,1.1495800000,31700,LONDON,false
2022-09-08T12:00:00Z,1.1495900000,1.1560900000,1.1476100000,1.1502900000,36363,OTHER,false
2022-09-08T16:00:00Z,1.1502700000,1.1516200000,1.1460500000,1.1481700000,50657,OTHER,false
2022-09-08T20:00:00Z,1.1481700000,1.1517100000,1.1479100000,1.1501200000,20832,OTHER,false
2022-09-09T00:00:00Z,1.1497200000,1.1552000000,1.1488100000,1.1542700000,12430,OTHER,false
2022-09-09T04:00:00Z,1.1542700000,1.1595900000,1.1540200000,1.1588000000,21937,OTHER,false
2022-09-09T08:00:00Z,1.1588100000,1.1648200000,1.1578500000,1.1629700000,32180,LONDON,false
2022-09-09T12:00:00Z,1.1629700000,1.1630600000,1.1551100000,1.1575400000,31355,OTHER,false
2022-09-09T16:00:00Z,1.1575300000,1.1602300000,1.1567700000,1.1601500000,33543,OTHER,false
2022-09-09T20:00:00Z,1.1601500000,1.1601600000,1.1580600000,1.1586300000,10578,OTHER,false
2022-09-12T00:00:00Z,1.1635500000,1.1637600000,1.1602100000,1.1611700000,10349,OTHER,false
2022-09-12T04:00:00Z,1.1611500000,1.1628800000,1.1600500000,1.1604900000,15245,OTHER,false
2022-09-12T08:00:00Z,1.1605000000,1.1700000000,1.1604800000,1.1691800000,39589,LONDON,false
2022-09-12T12:00:00Z,1.1691800000,1.1704500000,1.1663100000,1.1692200000,29376,OTHER,false
2022-09-12T16:00:00Z,1.1692200000,1.1710800000,1.1663600000,1.1709100000,29260,OTHER,false
2022-09-12T20:00:00Z,1.1709100000,1.1709100000,1.1675200000,1.1680700000,13211,OTHER,false
2022-09-13T00:00:00Z,1.1680700000,1.1705400000,1.1675200000,1.1695000000,9100,OTHER,false
2022-09-13T04:00:00Z,1.1694800000,1.1698200000,1.1678800000,1.1681700000,13693,OTHER,false
2022-09-13T08:00:00Z,1.1681900000,1.1732400000,1.1679800000,1.1714400000,24350,LONDON,false
2022-09-13T12:00:00Z,1.1714400000,1.1738300000,1.1553600000,1.1555400000,33163,OTHER,false
2022-09-13T16:00:00Z,1.1555000000,1.1584600000,1.1515300000,1.1524500000,42674,OTHER,false
2022-09-13T20:00:00Z,1.1524400000,1.1537100000,1.1491500000,1.1491900000,17910,OTHER,false
2022-09-14T00:00:00Z,1.1494300000,1.1512500000,1.1480700000,1.1501900000,15086,OTHER,false
2022-09-14T04:00:00Z,1.1501900000,1.1530000000,1.1487300000,1.1521100000,17058,OTHER,false
2022-09-14T08:00:00Z,1.1521000000,1.1552400000,1.1479900000,1.1538300000,37187,LONDON,false
2022-09-14T12:00:00Z,1.1537900000,1.1572700000,1.1532800000,1.1556800000,32743,OTHER,false
2022-09-14T16:00:00Z,1.1556900000,1.1589800000,1.1539500000,1.1565600000,33162,OTHER,false
2022-09-14T20:00:00Z,1.1565400000,1.1570500000,1.1526500000,1.1539200000,13444,OTHER,false
2022-09-15T00:00:00Z,1.1539200000,1.1549200000,1.1509700000,1.1533700000,3829,OTHER,false
2022-09-15T04:00:00Z,1.1533700000,1.1547600000,1.1520100000,1.1524600000,5751,OTHER,false
2022-09-15T08:00:00Z,1.1524800000,1.1538200000,1.1506300000,1.1528100000,19334,LONDON,false
2022-09-15T12:00:00Z,1.1528000000,1.1528200000,1.1471700000,1.1509500000,26463,OTHER,false
2022-09-15T16:00:00Z,1.1509300000,1.1517500000,1.1463300000,1.1481100000,31821,OTHER,false
2022-09-15T20:00:00Z,1.1481100000,1.1498700000,1.1461600000,1.1468500000,10889,OTHER,false
2022-09-16T00:00:00Z,1.1468500000,1.1478300000,1.1450700000,1.1470900000,5276,OTHER,false
2022-09-16T04:00:00Z,1.1470900000,1.1480300000,1.1454800000,1.1465700000,5803,OTHER,false
2022-09-16T08:00:00Z,1.1465700000,1.1465700000,1.1350700000,1.1370800000,27121,LONDON,false
2022-09-16T12:00:00Z,1.1371000000,1.1413600000,1.1371000000,1.1378300000,25831,OTHER,false
2022-09-16T16:00:00Z,1.1378400000,1.1446900000,1.1376600000,1.1397400000,39230,OTHER,false
2022-09-16T20:00:00Z,1.1397400000,1.1425900000,1.1386100000,1.1423000000,15230,OTHER,false
2022-09-19T00:00:00Z,1.1405400000,1.1441600000,1.1405400000,1.1424200000,5794,OTHER,false
2022-09-19T04:00:00Z,1.1424200000,1.1428200000,1.1394100000,1.1401200000,7780,OTHER,false
2022-09-19T08:00:00Z,1.1401300000,1.1404800000,1.1364900000,1.1366000000,16353,LONDON,false
2022-09-19T12:00:00Z,1.1366000000,1.1391300000,1.1355500000,1.1371700000,19683,OTHER,false
2022-09-19T16:00:00Z,1.1371600000,1.1421100000,1.1363000000,1.1417700000,21380,OTHER,false
2022-09-19T20:00:00Z,1.1417800000,1.1440100000,1.1408100000,1.1432200000,9033,OTHER,false
2022-09-20T00:00:00Z,1.1428800000,1.1460400000,1.1410500000,1.1430600000,8853,OTHER,false
2022-09-20T04:00:00Z,1.1430600000,1.1436400000,1.1408900000,1.1427900000,8956,OTHER,false
2022-09-20T08:00:00Z,1.1427900000,1.1460800000,1.1412400000,1.1432300000,20554,LONDON,false
2022-09-20T12:00:00Z,1.1432300000,1.1455600000,1.1405800000,1.1418200000,26750,OTHER,false
2022-09-20T16:00:00Z,1.1418000000,1.1426000000,1.1372100000,1.1383500000,30486,OTHER,false
2022-09-20T20:00:00Z,1.1383500000,1.1387600000,1.1357400000,1.1379900000,14894,OTHER,false
2022-09-21T00:00:00Z,1.1376300000,1.1384100000,1.1363800000,1.1371700000,9007,OTHER,false
2022-09-21T04:00:00Z,1.1371700000,1.1382600000,1.1365000000,1.1368300000,10672,OTHER,false
2022-09-21T08:00:00Z,1.1368300000,1.1382800000,1.1304100000,1.1329900000,35396,LONDON,false
2022-09-21T12:00:00Z,1.1329900000,1.1349700000,1.1327600000,1.1342600000,21658,OTHER,false
2022-09-21T16:00:00Z,1.1342400000,1.1350400000,1.1312600000,1.1314300000,29508,OTHER,false
2022-09-21T20:00:00Z,1.1314400000,1.1357300000,1.1235800000,1.1268100000,42779,OTHER,false
2022-09-22T00:00:00Z,1.1264800000,1.1291800000,1.1224300000,1.1227200000,7949,OTHER,false
2022-09-22T04:00:00Z,1.1227200000,1.1254000000,1.1219800000,1.1243000000,17880,OTHER,false
2022-09-22T08:00:00Z,1.1242900000,1.1354700000,1.1211700000,1.1325900000,45837,LONDON,false
2022-09-22T12:00:00Z,1.1325900000,1.1364900000,1.1269500000,1.1336000000,45409,OTHER,false
2022-09-22T16:00:00Z,1.1334400000,1.1335600000,1.1241700000,1.1264400000,43570,OTHER,false
2022-09-22T20:00:00Z,1.1264400000,1.1271000000,1.1249900000,1.1253800000,16039,OTHER,false
2022-09-23T00:00:00Z,1.1257600000,1.1274100000,1.1250200000,1.1264200000,5780,OTHER,false
2022-09-23T04:00:00Z,1.1264000000,1.1268600000,1.1222500000,1.1231800000,12321,OTHER,false
2022-09-23T08:00:00Z,1.1231700000,1.1244700000,1.1150600000,1.1175100000,29913,LONDON,false
2022-09-23T12:00:00Z,1.1175300000,1.1209600000,1.1020500000,1.1060900000,56557,OTHER,false
2022-09-23T16:00:00Z,1.1060800000,1.1096400000,1.0862100000,1.0896400000,52561,OTHER,false
2022-09-23T20:00:00Z,1.0896700000,1.0904000000,1.0838800000,1.0844900000,27148,OTHER,false
2022-09-26T00:00:00Z,1.0794800000,1.0845700000,1.0388900000,1.0399800000,25086,OTHER,false
2022-09-26T04:00:00Z,1.0397300000,1.0602500000,1.0352800000,1.0533900000,42859,OTHER,false
2022-09-26T08:00:00Z,1.0534000000,1.0789300000,1.0523900000,1.0754200000,65432,LONDON,false
2022-09-26T12:00:00Z,1.0754200000,1.0930300000,1.0671800000,1.0880200000,63105,OTHER,false
2022-09-26T16:00:00Z,1.0880400000,1.0891400000,1.0631200000,1.0681500000,71832,OTHER,false
2022-09-26T20:00:00Z,1.0681200000,1.0720200000,1.0641600000,1.0689500000,22939,OTHER,false
2022-09-27T00:00:00Z,1.0677100000,1.0788700000,1.0651200000,1.0769700000,11348,OTHER,false
2022-09-27T04:00:00Z,1.0769600000,1.0793200000,1.0738100000,1.0769800000,23591,OTHER,false
2022-09-27T08:00:00Z,1.0769800000,1.0838000000,1.0763800000,1.0807400000,47429,LONDON,false
2022-09-27T12:00:00Z,1.0806900000,1.0826000000,1.0769200000,1.0771500000,44085,OTHER,false
2022-09-27T16:00:00Z,1.0772000000,1.0795400000,1.0660600000,1.0675600000,65234,OTHER,false
2022-09-27T20:00:00Z,1.0675600000,1.0736500000,1.0658400000,1.0729000000,29377,OTHER,false
2022-09-28T00:00:00Z,1.0728300000,1.0738400000,1.0685500000,1.0691600000,8826,OTHER,false
2022-09-28T04:00:00Z,1.0691400000,1.0699000000,1.0630900000,1.0647600000,19203,OTHER,false
2022-09-28T08:00:00Z,1.0648100000,1.0712300000,1.0640200000,1.0689900000,53301,LONDON,false
2022-09-28T12:00:00Z,1.0690000000,1.0839800000,1.0539500000,1.0672200000,74392,OTHER,false
2022-09-28T16:00:00Z,1.0671500000,1.0875900000,1.0619200000,1.0860800000,73241,OTHER,false
2022-09-28T20:00:00Z,1.0860900000,1.0915300000,1.0852400000,1.0888000000,19119,OTHER,false
2022-09-29T00:00:00Z,1.0885900000,1.0887200000,1.0803600000,1.0805800000,15999,OTHER,false
2022-09-29T04:00:00Z,1.0805500000,1.0826500000,1.0781700000,1.0807000000,26626,OTHER,false
2022-09-29T08:00:00Z,1.0807300000,1.0817200000,1.0762200000,1.0797900000,56769,LONDON,false
2022-09-29T12:00:00Z,1.0797900000,1.0897700000,1.0796800000,1.0878700000,56661,OTHER,false
2022-09-29T16:00:00Z,1.0878700000,1.1108700000,1.0878300000,1.1059400000,65873,OTHER,false
2022-09-29T20:00:00Z,1.1059800000,1.1119100000,1.1037500000,1.1116200000,27616,OTHER,false
2022-09-30T00:00:00Z,1.1109900000,1.1201600000,1.1107700000,1.1157300000,19083,OTHER,false
2022-09-30T04:00:00Z,1.1157200000,1.1175000000,1.1070000000,1.1105900000,32188,OTHER,false
2022-09-30T08:00:00Z,1.1106000000,1.1234600000,1.1092700000,1.1217300000,54190,LONDON,false
2022-09-30T12:00:00Z,1.1218500000,1.1221100000,1.1025000000,1.1068700000,56853,OTHER,false
2022-09-30T16:00:00Z,1.1068700000,1.1176900000,1.1050400000,1.1129500000,68379,OTHER,false
2022-09-30T20:00:00Z,1.1129300000,1.1180000000,1.1118000000,1.1154500000,24797,OTHER,false
2022-10-03T00:00:00Z,1.1159500000,1.1193500000,1.1110300000,1.1127400000,11965,OTHER,false
2022-10-03T04:00:00Z,1.1127500000,1.1163100000,1.1085900000,1.1093600000,19181,OTHER,false
2022-10-03T08:00:00Z,1.1093600000,1.1281400000,1.1091200000,1.1210300000,53511,LONDON,false
2022-10-03T12:00:00Z,1.1210300000,1.1239700000,1.1169300000,1.1216700000,29038,OTHER,false
2022-10-03T16:00:00Z,1.1216700000,1.1334500000,1.1199900000,1.1276000000,59744,OTHER,false
2022-10-03T20:00:00Z,1.1276200000,1.1326500000,1.1265000000,1.1322300000,22890,OTHER,false
2022-10-04T00:00:00Z,1.1318600000,1.1343300000,1.1309700000,1.1330000000,10869,OTHER,false
2022-10-04T04:00:00Z,1.1330000000,1.1336000000,1.1280200000,1.1321000000,22431,OTHER,false
2022-10-04T08:00:00Z,1.1320800000,1.1429400000,1.1318400000,1.1379300000,55798,LONDON,false
2022-10-04T12:00:00Z,1.1379200000,1.1393700000,1.1299200000,1.1385000000,50167,OTHER,false
2022-10-04T16:00:00Z,1.1385600000,1.1489500000,1.1351300000,1.1454300000,56019,OTHER,false
2022-10-04T20:00:00Z,1.1454400000,1.1481500000,1.1427300000,1.1473700000,19205,OTHER,false
2022-10-05T00:00:00Z,1.1473300000,1.1487100000,1.1419800000,1.1439100000,9996,OTHER,false
2022-10-05T04:00:00Z,1.1439000000,1.1464100000,1.1413700000,1.1432500000,20237,OTHER,false
2022-10-05T08:00:00Z,1.1432500000,1.1496000000,1.1380000000,1.1422500000,45875,LONDON,false
2022-10-05T12:00:00Z,1.1422500000,1.1429400000,1.1304700000,1.1321000000,38955,OTHER,false
2022-10-05T16:00:00Z,1.1321100000,1.1327700000,1.1227100000,1.1290600000,54311,OTHER,false
2022-10-05T20:00:00Z,1.1290600000,1.1356600000,1.1289100000,1.1325300000,23808,OTHER,false
2022-10-06T00:00:00Z,1.1322500000,1.1383300000,1.1296900000,1.1362900000,18188,OTHER,false
2022-10-06T04:00:00Z,1.1362900000,1.1379000000,1.1332500000,1.1366000000,25010,OTHER,false
2022-10-06T08:00:00Z,1.1366000000,1.1367200000,1.1278800000,1.1288500000,48249,LONDON,false
2022-10-06T12:00:00Z,1.1288600000,1.1315700000,1.1241600000,1.1266000000,42867,OTHER,false
2022-10-06T16:00:00Z,1.1266000000,1.1269400000,1.1113100000,1.1144200000,57734,OTHER,false
2022-10-06T20:00:00Z,1.1144300000,1.1192900000,1.1141500000,1.1157600000,26619,OTHER,false
2022-10-07T00:00:00Z,1.1155700000,1.1172600000,1.1134400000,1.1148100000,14421,OTHER,false
2022-10-07T04:00:00Z,1.1148200000,1.1189200000,1.1138900000,1.1153800000,17221,OTHER,false
2022-10-07T08:00:00Z,1.1154000000,1.1219200000,1.1115300000,1.1192700000,43491,LONDON,false
2022-10-07T12:00:00Z,1.1193000000,1.1225000000,1.1091300000,1.1132600000,39443,OTHER,false
2022-10-07T16:00:00Z,1.1132300000,1.1169800000,1.1090600000,1.1097600000,55651,OTHER,false
2022-10-07T20:00:00Z,1.1097900000,1.1104200000,1.1055200000,1.1086300000,24805,OTHER,false
2022-10-10T00:00:00Z,1.1079800000,1.1095800000,1.1057600000,1.1087600000,20627,OTHER,false
2022-10-10T04:00:00Z,1.1087600000,1.1110900000,1.1069200000,1.1080600000,25412,OTHER,false
2022-10-10T08:00:00Z,1.1080600000,1.1110700000,1.1027200000,1.1054700000,47265,LONDON,false
2022-10-10T12:00:00Z,1.1054800000,1.1099900000,1.1042500000,1.1073700000,31730,OTHER,false
2022-10-10T16:00:00Z,1.1073900000,1.1081300000,1.1024900000,1.1027000000,44169,OTHER,false
2022-10-10T20:00:00Z,1.1026800000,1.1081600000,1.1019600000,1.1054000000,29396,OTHER,false
2022-10-11T00:00:00Z,1.1052500000,1.1095000000,1.1049600000,1.1087300000,13080,OTHER,false
2022-10-11T04:00:00Z,1.1087300000,1.1094300000,1.1017900000,1.1023300000,29640,OTHER,false
2022-10-11T08:00:00Z,1.1023100000,1.1056300000,1.0997400000,1.1044000000,59073,LONDON,false
2022-10-11T12:00:00Z,1.1043800000,1.1114200000,1.1031000000,1.1087900000,44249,OTHER,false
2022-10-11T16:00:00Z,1.1088000000,1.1179900000,1.1043600000,1.1161700000,62208,OTHER,false
2022-10-11T20:00:00Z,1.1161800000,1.1164900000,1.0951900000,1.0966700000,43026,OTHER,false
2022-10-12T00:00:00Z,1.0962700000,1.0991800000,1.0948000000,1.0969800000,23349,OTHER,false
2022-10-12T04:00:00Z,1.0969700000,1.1060500000,1.0923000000,1.0996900000,49144,OTHER,false
2022-10-12T08:00:00Z,1.0996200000,1.1065500000,1.0953900000,1.1036300000,65553,LONDON,false
2022-10-12T12:00:00Z,1.1036500000,1.1098900000,1.1021000000,1.1047100000,47992,OTHER,false
2022-10-12T16:00:00Z,1.1047100000,1.1099700000,1.1022100000,1.1062700000,57503,OTHER,false
2022-10-12T20:00:00Z,1.1062500000,1.1133500000,1.1059900000,1.1098200000,34347,OTHER,false
2022-10-13T00:00:00Z,1.1098300000,1.1119800000,1.1087600000,1.1111500000,18072,OTHER,false
2022-10-13T04:00:00Z,1.1111500000,1.1114800000,1.1075400000,1.1089600000,26348,OTHER,false
2022-10-13T08:00:00Z,1.1089500000,1.1103800000,1.1057500000,1.1103200000,45978,LONDON,false
2022-10-13T12:00:00Z,1.1103200000,1.1297300000,1.1100000000,1.1216700000,49363,OTHER,false
2022-10-13T16:00:00Z,1.1216200000,1.1380500000,1.1158900000,1.1329500000,67620,OTHER,false
2022-10-13T20:00:00Z,1.1327900000,1.1351900000,1.1300900000,1.1322700000,20310,OTHER,false
2022-10-14T00:00:00Z,1.1310500000,1.1334100000,1.1289300000,1.1307000000,7242,OTHER,false
2022-10-14T04:00:00Z,1.1307000000,1.1366100000,1.1305600000,1.1321300000,13889,OTHER,false
2022-10-14T08:00:00Z,1.1321000000,1.1335000000,1.1254700000,1.1274800000,41274,LONDON,false
2022-10-14T12:00:00Z,1.1275100000,1.1310700000,1.1166700000,1.1261400000,54138,OTHER,false
2022-10-14T16:00:00Z,1.1261200000,1.1288300000,1.1152100000,1.1161200000,71882,OTHER,false
2022-10-14T20:00:00Z,1.1161100000,1.1185500000,1.1155300000,1.1178100000,27262,OTHER,false
2022-10-17T00:00:00Z,1.1210800000,1.1251500000,1.1208900000,1.1223800000,25227,OTHER,false
2022-10-17T04:00:00Z,1.1223800000,1.1241600000,1.1215700000,1.1225400000,33118,OTHER,false
2022-10-17T08:00:00Z,1.1225600000,1.1305400000,1.1223500000,1.1266600000,64371,LONDON,false
2022-10-17T12:00:00Z,1.1267100000,1.1352100000,1.1255500000,1.1338300000,49864,OTHER,false
2022-10-17T16:00:00Z,1.1338200000,1.1440000000,1.1334300000,1.1390100000,65446,OTHER,false
2022-10-17T20:00:00Z,1.1390100000,1.1403200000,1.1343100000,1.1358100000,23526,OTHER,false
2022-10-18T00:00:00Z,1.1355900000,1.1369200000,1.1345500000,1.1352700000,27453,OTHER,false
2022-10-18T04:00:00Z,1.1352600000,1.1410200000,1.1330800000,1.1389200000,36926,OTHER,false
2022-10-18T08:00:00Z,1.1389300000,1.1402400000,1.1286700000,1.1293900000,63861,LONDON,false
2022-10-18T12:00:00Z,1.1293900000,1.1346500000,1.1255500000,1.1327300000,64247,OTHER,false
2022-10-18T16:00:00Z,1.1327100000,1.1338700000,1.1280100000,1.1313100000,70615,OTHER,false
2022-10-18T20:00:00Z,1.1312900000,1.1334500000,1.1279200000,1.1321700000,32259,OTHER,false
2022-10-19T00:00:00Z,1.1313000000,1.1358400000,1.1309600000,1.1340600000,22484,OTHER,false
2022-10-19T04:00:00Z,1.1340400000,1.1350700000,1.1317500000,1.1325800000,44232,OTHER,false
2022-10-19T08:00:00Z,1.1325400000,1.1330400000,1.1245600000,1.1261900000,61850,LONDON,false
2022-10-19T12:00:00Z,1.1262200000,1.1286300000,1.1221400000,1.1245900000,59042,OTHER,false
2022-10-19T16:00:00Z,1.1246200000,1.1278400000,1.1188600000,1.1193200000,53342,OTHER,false
2022-10-19T20:00:00Z,1.1193400000,1.1226700000,1.1184600000,1.1216600000,27833,OTHER,false
2022-10-20T00:00:00Z,1.1215600000,1.1228400000,1.1197000000,1.1208600000,23060,OTHER,false
2022-10-20T04:00:00Z,1.1208400000,1.1241600000,1.1190600000,1.1221100000,44386,OTHER,false
2022-10-20T08:00:00Z,1.1221100000,1.1240300000,1.1179900000,1.1184600000,64462,LONDON,false
2022-10-20T12:00:00Z,1.1184900000,1.1307700000,1.1171400000,1.1255100000,72027,OTHER,false
2022-10-20T16:00:00Z,1.1255400000,1.1336700000,1.1242500000,1.1255200000,76190,OTHER,false
2022-10-20T20:00:00Z,1.1255200000,1.1255600000,1.1202400000,1.1235000000,39358,OTHER,false
2022-10-21T00:00:00Z,1.1232400000,1.1238000000,1.1198000000,1.1206300000,18784,OTHER,false
2022-10-21T04:00:00Z,1.1206400000,1.1218900000,1.1190000000,1.1196200000,40839,OTHER,false
2022-10-21T08:00:00Z,1.1196200000,1.1222700000,1.1123000000,1.1130700000,61233,LONDON,false
2022-10-21T12:00:00Z,1.1130600000,1.1153900000,1.1060700000,1.1129000000,59312,OTHER,false
2022-10-21T16:00:00Z,1.1128900000,1.1299800000,1.1117100000,1.1259700000,88257,OTHER,false
2022-10-21T20:00:00Z,1.1260400000,1.1314300000,1.1242600000,1.1293200000,28183,OTHER,false
2022-10-24T00:00:00Z,1.1379300000,1.1408300000,1.1306700000,1.1327800000,34133,OTHER,false
2022-10-24T04:00:00Z,1.1327700000,1.1353800000,1.1299900000,1.1347900000,39721,OTHER,false
2022-10-24T08:00:00Z,1.1347800000,1.1382400000,1.1302900000,1.1326400000,55250,LONDON,false
2022-10-24T12:00:00Z,1.1327600000,1.1349000000,1.1273200000,1.1324500000,59506,OTHER,false
2022-10-24T16:00:00Z,1.1324200000,1.1344200000,1.1257900000,1.1275200000,69975,OTHER,false
2022-10-24T20:00:00Z,1.1275500000,1.1295900000,1.1271400000,1.1276700000,17161,OTHER,false
2022-10-25T00:00:00Z,1.1271200000,1.1325500000,1.1269500000,1.1318400000,19820,OTHER,false
2022-10-25T04:00:00Z,1.1318300000,1.1324100000,1.1292100000,1.1298800000,39504,OTHER,false
2022-10-25T08:00:00Z,1.1299100000,1.1332100000,1.1271100000,1.1320600000,49395,LONDON,false
2022-10-25T12:00:00Z,1.1320400000,1.1364100000,1.1305100000,1.1363300000,41493,OTHER,false
2022-10-25T16:00:00Z,1.1363400000,1.1499400000,1.1362900000,1.1469900000,56318,OTHER,false
2022-10-25T20:00:00Z,1.1469500000,1.1488000000,1.1459800000,1.1469300000,24412,OTHER,false
2022-10-26T00:00:00Z,1.1469300000,1.1476000000,1.1431700000,1.1438400000,17301,OTHER,false
2022-10-26T04:00:00Z,1.1438400000,1.1467700000,1.1430200000,1.1452500000,33543,OTHER,false
2022-10-26T08:00:00Z,1.1452500000,1.1606400000,1.1445300000,1.1600300000,62494,LONDON,false
2022-10-26T12:00:00Z,1.1600100000,1.1620300000,1.1545600000,1.1555300000,64570,OTHER,false
2022-10-26T16:00:00Z,1.1555200000,1.1638900000,1.1543900000,1.1610500000,59769,OTHER,false
2022-10-26T20:00:00Z,1.1610800000,1.1633500000,1.1597500000,1.1626700000,13655,OTHER,false
2022-10-27T00:00:00Z,1.1616200000,1.1645100000,1.1577200000,1.1624700000,12561,OTHER,false
2022-10-27T04:00:00Z,1.1624900000,1.1639600000,1.1604600000,1.1623100000,16259,OTHER,false
2022-10-27T08:00:00Z,1.1623000000,1.1636600000,1.1585300000,1.1590400000,40674,LONDON,false
2022-10-27T12:00:00Z,1.1590200000,1.1595600000,1.1549000000,1.1577800000,46063,OTHER,false
2022-10-27T16:00:00Z,1.1577700000,1.1634300000,1.1556700000,1.1573300000,60971,OTHER,false
2022-10-27T20:00:00Z,1.1573400000,1.1601700000,1.1557300000,1.1562900000,14766,OTHER,false
2022-10-28T00:00:00Z,1.1557400000,1.1573900000,1.1543800000,1.1552200000,8116,OTHER,false
2022-10-28T04:00:00Z,1.1552700000,1.1594100000,1.1547700000,1.1572100000,18814,OTHER,false
2022-10-28T08:00:00Z,1.1572200000,1.1573300000,1.1503500000,1.1526900000,43401,LONDON,false
2022-10-28T12:00:00Z,1.1527400000,1.1575100000,1.1512500000,1.1538700000,47452,OTHER,false
2022-10-28T16:00:00Z,1.1538800000,1.1600000000,1.1533500000,1.1588400000,53323,OTHER,false
2022-10-28T20:00:00Z,1.1588400000,1.1623300000,1.1582700000,1.1614100000,15877,OTHER,false
2022-10-31T00:00:00Z,1.1585800000,1.1613400000,1.1579500000,1.1594000000,23578,OTHER,false
2022-10-31T04:00:00Z,1.1594100000,1.1609700000,1.1585300000,1.1593600000,29889,OTHER,false
2022-10-31T08:00:00Z,1.1593700000,1.1607400000,1.1542700000,1.1564400000,45339,LONDON,false
2022-10-31T12:00:00Z,1.1564400000,1.1564500000,1.1475500000,1.1479700000,38426,OTHER,false
2022-10-31T16:00:00Z,1.1479700000,1.1528500000,1.1460000000,1.1468200000,42560,OTHER,false
2022-10-31T20:00:00Z,1.1468400000,1.1477600000,1.1450700000,1.1466300000,18271,OTHER,false
2022-11-01T00:00:00Z,1.1466200000,1.1496600000,1.1463700000,1.1490900000,22614,OTHER,false
2022-11-01T04:00:00Z,1.1490900000,1.1532400000,1.1489100000,1.1523400000,38359,OTHER,false
2022-11-01T08:00:00Z,1.1523100000,1.1549800000,1.1501500000,1.1534400000,51065,LONDON,false
2022-11-01T12:00:00Z,1.1533900000,1.1566300000,1.1527200000,1.1548900000,37562,OTHER,false
2022-11-01T16:00:00Z,1.1548800000,1.1550700000,1.1437000000,1.1485400000,54118,OTHER,false
2022-11-01T20:00:00Z,1.1485300000,1.1488500000,1.1466400000,1.1488100000,14983,OTHER,false
2022-11-02T00:00:00Z,1.1487300000,1.1510300000,1.1471900000,1.1506400000,32634,OTHER,false
2022-11-02T04:00:00Z,1.1506300000,1.1526400000,1.1496300000,1.1510700000,41357,OTHER,false
2022-11-02T08:00:00Z,1.1510700000,1.1524000000,1.1484700000,1.1497600000,44732,LONDON,false
2022-11-02T12:00:00Z,1.1497600000,1.1517100000,1.1480400000,1.1493200000,41493,OTHER,false
2022-11-02T16:00:00Z,1.1493200000,1.1494400000,1.1448800000,1.1472300000,34092,OTHER,false
2022-11-02T20:00:00Z,1.1470000000,1.1564500000,1.1383600000,1.1389600000,47556,OTHER,false
2022-11-03T00:00:00Z,1.1389500000,1.1421800000,1.1374300000,1.1412500000,27718,OTHER,false
2022-11-03T04:00:00Z,1.1412400000,1.1420700000,1.1403500000,1.1409400000,27871,OTHER,false
2022-11-03T08:00:00Z,1.1408900000,1.1409000000,1.1244000000,1.1253000000,50333,LONDON,false
2022-11-03T12:00:00Z,1.1253000000,1.1269800000,1.1156600000,1.1177500000,57820,OTHER,false
2022-11-03T16:00:00Z,1.1177300000,1.1229900000,1.1157500000,1.1176600000,51059,OTHER,false
2022-11-03T20:00:00Z,1.1176600000,1.1179300000,1.1150300000,1.1159700000,17312,OTHER,false
2022-11-04T00:00:00Z,1.1159900000,1.1198500000,1.1149400000,1.1198200000,24119,OTHER,false
2022-11-04T04:00:00Z,1.1198200000,1.1241200000,1.1190900000,1.1207500000,34637,OTHER,false
2022-11-04T08:00:00Z,1.1207600000,1.1249700000,1.1191600000,1.1218800000,53617,LONDON,false
2022-11-04T12:00:00Z,1.1218800000,1.1296900000,1.1147500000,1.1270100000,56010,OTHER,false
2022-11-04T16:00:00Z,1.1270200000,1.1337300000,1.1262400000,1.1332800000,62557,OTHER,false
2022-11-04T20:00:00Z,1.1332700000,1.1381700000,1.1320800000,1.1373400000,21515,OTHER,false
2022-11-07T00:00:00Z,1.1309400000,1.1343100000,1.1298200000,1.1325300000,24020,OTHER,false
2022-11-07T04:00:00Z,1.1325200000,1.1350100000,1.1317800000,1.1335100000,32574,OTHER,false
2022-11-07T08:00:00Z,1.1335200000,1.1470400000,1.1290400000,1.1441000000,63003,LONDON,false
2022-11-07T12:00:00Z,1.1441000000,1.1477700000,1.1426300000,1.1470100000,45353,OTHER,false
2022-11-07T16:00:00Z,1.1470100000,1.1518700000,1.1441000000,1.1517600000,48385,OTHER,false
2022-11-07T20:00:00Z,1.1517600000,1.1541400000,1.1509700000,1.1513300000,19875,OTHER,false
2022-11-08T00:00:00Z,1.1510000000,1.1536900000,1.1499400000,1.1514900000,24846,OTHER,false
2022-11-08T04:00:00Z,1.1514900000,1.1518700000,1.1479700000,1.1486500000,32047,OTHER,false
2022-11-08T08:00:00Z,1.1486500000,1.1497600000,1.1443800000,1.1491600000,48230,LONDON,false
2022-11-08T12:00:00Z,1.1491500000,1.1493200000,1.1429700000,1.1445800000,39654,OTHER,false
2022-11-08T16:00:00Z,1.1445900000,1.1599100000,1.1444300000,1.1578200000,42145,OTHER,false
2022-11-08T20:00:00Z,1.1578000000,1.1584900000,1.1512000000,1.1542800000,13319,OTHER,false
2022-11-09T00:00:00Z,1.1536200000,1.1557500000,1.1522600000,1.1529700000,9564,OTHER,false
2022-11-09T04:00:00Z,1.1529700000,1.1559600000,1.1529700000,1.1535000000,15279,OTHER,false
2022-11-09T08:00:00Z,1.1534900000,1.1567000000,1.1437400000,1.1452200000,43653,LONDON,false
2022-11-09T12:00:00Z,1.1451900000,1.1476300000,1.1404400000,1.1410200000,45459,OTHER,false
2022-11-09T16:00:00Z,1.1410300000,1.1439600000,1.1356100000,1.1379200000,52890,OTHER,false
2022-11-09T20:00:00Z,1.1379900000,1.1384600000,1.1333400000,1.1354800000,13577,OTHER,false
2022-11-10T00:00:00Z,1.1351700000,1.1391900000,1.1333500000,1.1386600000,6710,OTHER,false
2022-11-10T04:00:00Z,1.1386600000,1.1411900000,1.1372100000,1.1407400000,12979,OTHER,false
2022-11-10T08:00:00Z,1.1407300000,1.1413000000,1.1363000000,1.1366300000,41825,LONDON,false
2022-11-10T12:00:00Z,1.1366400000,1.1653700000,1.1365700000,1.1607900000,35866,OTHER,false
2022-11-10T16:00:00Z,1.1608300000,1.1686700000,1.1592700000,1.1643900000,69513,OTHER,false
2022-11-10T20:00:00Z,1.1644100000,1.1730900000,1.1643300000,1.1713800000,19433,OTHER,false
2022-11-11T00:00:00Z,1.1703500000,1.1716700000,1.1647000000,1.1650000000,10412,OTHER,false
2022-11-11T04:00:00Z,1.1650000000,1.1717600000,1.1650000000,1.1708400000,17499,OTHER,false
2022-11-11T08:00:00Z,1.1708300000,1.1770900000,1.1692600000,1.1756000000,44807,LONDON,false
2022-11-11T12:00:00Z,1.1755800000,1.1795900000,1.1719400000,1.1780200000,63463,OTHER,false
2022-11-11T16:00:00Z,1.1780400000,1.1804700000,1.1708800000,1.1798800000,61611,OTHER,false
2022-11-11T20:00:00Z,1.1799000000,1.1854900000,1.1795600000,1.1832100000,31301,OTHER,false
2022-11-14T00:00:00Z,1.1796300000,1.1817300000,1.1764700000,1.1788000000,35721,OTHER,false
2022-11-14T04:00:00Z,1.1787800000,1.1793300000,1.1743100000,1.1747400000,39865,OTHER,false
2022-11-14T08:00:00Z,1.1747400000,1.1828900000,1.1747400000,1.1800500000,53438,LONDON,false
2022-11-14T12:00:00Z,1.1799600000,1.1813200000,1.1739500000,1.1758200000,57849,OTHER,false
2022-11-14T16:00:00Z,1.1758400000,1.1766900000,1.1710000000,1.1757800000,57495,OTHER,false
2022-11-14T20:00:00Z,1.1758000000,1.1802900000,1.1749800000,1.1757200000,26409,OTHER,false
2022-11-15T00:00:00Z,1.1754100000,1.1767300000,1.1740400000,1.1748500000,19540,OTHER,false
2022-11-15T04:00:00Z,1.1748400000,1.1784000000,1.1743700000,1.1776200000,23583,OTHER,false
2022-11-15T08:00:00Z,1.1775800000,1.1844600000,1.1770000000,1.1823400000,53874,LONDON,false
2022-11-15T12:00:00Z,1.1824800000,1.2029600000,1.1820400000,1.1967300000,61369,OTHER,false
2022-11-15T16:00:00Z,1.1968200000,1.1989000000,1.1855800000,1.1892300000,71005,OTHER,false
2022-11-15T20:00:00Z,1.1892300000,1.1897000000,1.1790300000,1.1865100000,54219,OTHER,false
2022-11-16T00:00:00Z,1.1861300000,1.1887000000,1.1832300000,1.1843700000,33743,OTHER,false
2022-11-16T04:00:00Z,1.1843700000,1.1884200000,1.1831000000,1.1870600000,40100,OTHER,false
2022-11-16T08:00:00Z,1.1870300000,1.1902900000,1.1836800000,1.1895600000,54490,LONDON,false
2022-11-16T12:00:00Z,1.1895600000,1.1942000000,1.1859600000,1.1872200000,59098,OTHER,false
2022-11-16T16:00:00Z,1.1872300000,1.1905700000,1.1831900000,1.1894900000,65203,OTHER,false
2022-11-16T20:00:00Z,1.1895000000,1.1924800000,1.1868800000,1.1913300000,32578,OTHER,false
2022-11-17T00:00:00Z,1.1908800000,1.1920600000,1.1883200000,1.1887100000,24784,OTHER,false
2022-11-17T04:00:00Z,1.1887000000,1.1904400000,1.1865800000,1.1897500000,39790,OTHER,false
2022-11-17T08:00:00Z,1.1897600000,1.1958000000,1.1869400000,1.1886200000,51275,LONDON,false
2022-11-17T12:00:00Z,1.1886300000,1.1889400000,1.1762800000,1.1764800000,64330,OTHER,false
2022-11-17T16:00:00Z,1.1764700000,1.1844300000,1.1763200000,1.1837100000,56566,OTHER,false
2022-11-17T20:00:00Z,1.1836800000,1.1868400000,1.1834600000,1.1860900000,26841,OTHER,false
2022-11-18T00:00:00Z,1.1860300000,1.1901700000,1.1854400000,1.1886000000,28252,OTHER,false
2022-11-18T04:00:00Z,1.1886000000,1.1931200000,1.1885700000,1.1903300000,38542,OTHER,false
2022-11-18T08:00:00Z,1.1903100000,1.1950800000,1.1881500000,1.1927300000,55960,LONDON,false
2022-11-18T12:00:00Z,1.1927500000,1.1941000000,1.1890500000,1.1906400000,44633,OTHER,false
2022-11-18T16:00:00Z,1.1907000000,1.1937800000,1.1873100000,1.1879000000,53192,OTHER,false
2022-11-18T20:00:00Z,1.1879100000,1.1900600000,1.1875100000,1.1884400000,25964,OTHER,false
2022-11-21T00:00:00Z,1.1891400000,1.1899200000,1.1845500000,1.1856500000,24332,OTHER,false
2022-11-21T04:00:00Z,1.1856500000,1.1856900000,1.1820700000,1.1832200000,31231,OTHER,false
2022-11-21T08:00:00Z,1.1832300000,1.1840400000,1.1792400000,1.1805300000,50556,LONDON,false
2022-11-21T12:00:00Z,1.1805200000,1.1830300000,1.1784700000,1.1809200000,44466,OTHER,false
2022-11-21T16:00:00Z,1.1809200000,1.1827800000,1.1778100000,1.1793500000,48654,OTHER,false
2022-11-21T20:00:00Z,1.1793300000,1.1824400000,1.1790700000,1.1823300000,12606,OTHER,false
2022-11-22T00:00:00Z,1.1816900000,1.1858900000,1.1815100000,1.1853100000,27514,OTHER,false
2022-11-22T04:00:00Z,1.1853000000,1.1863800000,1.1833900000,1.1844400000,34272,OTHER,false
2022-11-22T08:00:00Z,1.1844600000,1.1883900000,1.1824400000,1.1860200000,50372,LONDON,false
2022-11-22T12:00:00Z,1.1860000000,1.1902400000,1.1846000000,1.1876500000,40748,OTHER,false
2022-11-22T16:00:00Z,1.1876600000,1.1891600000,1.1855300000,1.1882000000,43703,OTHER,false
2022-11-22T20:00:00Z,1.1882000000,1.1893600000,1.1874200000,1.1883100000,23708,OTHER,false
2022-11-23T00:00:00Z,1.1883200000,1.1909000000,1.1875800000,1.1884100000,23824,OTHER,false
2022-11-23T04:00:00Z,1.1884200000,1.1894000000,1.1872500000,1.1885900000,23778,OTHER,false
2022-11-23T08:00:00Z,1.1885800000,1.1936300000,1.1874300000,1.1919400000,42213,LONDON,false
2022-11-23T12:00:00Z,1.1919400000,1.1982100000,1.1905000000,1.1970600000,41593,OTHER,false
2022-11-23T16:00:00Z,1.1970600000,1.2080900000,1.1966100000,1.2029200000,54750,OTHER,false
2022-11-23T20:00:00Z,1.2029400000,1.2072500000,1.2019300000,1.2053200000,36040,OTHER,false
2022-11-24T00:00:00Z,1.2049700000,1.2092500000,1.2047100000,1.2088200000,28496,OTHER,false
2022-11-24T04:00:00Z,1.2088300000,1.2112700000,1.2079200000,1.2092900000,31835,OTHER,false
2022-11-24T08:00:00Z,1.2092800000,1.2097300000,1.2059400000,1.2093500000,50419,LONDON,false
2022-11-24T12:00:00Z,1.2093800000,1.2132200000,1.2086800000,1.2117200000,48962,OTHER,false
2022-11-24T16:00:00Z,1.2117000000,1.2153500000,1.2116100000,1.2123700000,36080,OTHER,false
2022-11-24T20:00:00Z,1.2123700000,1.2124200000,1.2110800000,1.2116300000,18123,OTHER,false
2022-11-25T00:00:00Z,1.2109200000,1.2117400000,1.2095900000,1.2100800000,15491,OTHER,false
2022-11-25T04:00:00Z,1.2100800000,1.2127500000,1.2095500000,1.2100300000,22609,OTHER,false
2022-11-25T08:00:00Z,1.2100200000,1.2125300000,1.2072500000,1.2080400000,35700,LONDON,false
2022-11-25T12:00:00Z,1.2080400000,1.2120200000,1.2057900000,1.2079500000,35860,OTHER,false
2022-11-25T16:00:00Z,1.2079500000,1.2111200000,1.2062800000,1.2095000000,41655,OTHER,false
2022-11-25T20:00:00Z,1.2094700000,1.2104700000,1.2072200000,1.2091300000,17750,OTHER,false
2022-11-28T00:00:00Z,1.2056500000,1.2074800000,1.2030200000,1.2038100000,31620,OTHER,false
2022-11-28T04:00:00Z,1.2038300000,1.2060100000,1.2025300000,1.2049400000,36473,OTHER,false
2022-11-28T08:00:00Z,1.2049200000,1.2118100000,1.2046700000,1.2087300000,57473,LONDON,false
2022-11-28T12:00:00Z,1.2087200000,1.2110400000,1.2059300000,1.2075500000,50473,OTHER,false
2022-11-28T16:00:00Z,1.2075600000,1.2075900000,1.2000700000,1.2000900000,54250,OTHER,false
2022-11-28T20:00:00Z,1.2000900000,1.2007500000,1.1940100000,1.1955400000,34161,OTHER,false
2022-11-29T00:00:00Z,1.1953900000,1.1991900000,1.1944600000,1.1989100000,33827,OTHER,false
2022-11-29T04:00:00Z,1.1989000000,1.2022000000,1.1982900000,1.2011400000,38407,OTHER,false
2022-11-29T08:00:00Z,1.2011400000,1.2064400000,1.1979900000,1.1986200000,52441,LONDON,false
2022-11-29T12:00:00Z,1.1987400000,1.2035100000,1.1978900000,1.1987200000,36017,OTHER,false
2022-11-29T16:00:00Z,1.1987000000,1.2017400000,1.1953100000,1.1971000000,51740,OTHER,false
2022-11-29T20:00:00Z,1.1971000000,1.1976600000,1.1944900000,1.1951700000,9520,OTHER,false
2022-11-30T00:00:00Z,1.1948200000,1.1990100000,1.1941300000,1.1981100000,6572,OTHER,false
2022-11-30T04:00:00Z,1.1981100000,1.1992900000,1.1970700000,1.1979200000,12347,OTHER,false
2022-11-30T08:00:00Z,1.1979400000,1.2016100000,1.1947900000,1.2014500000,35476,LONDON,false
2022-11-30T12:00:00Z,1.2014300000,1.2029400000,1.1985700000,1.1987000000,40784,OTHER,false
2022-11-30T16:00:00Z,1.1986700000,1.2024100000,1.1900200000,1.1942300000,55268,OTHER,false
2022-11-30T20:00:00Z,1.1942200000,1.2086600000,1.1921200000,1.2055000000,33286,OTHER,false
2022-12-01T00:00:00Z,1.2055500000,1.2104500000,1.2048600000,1.2082600000,8733,OTHER,false
2022-12-01T04:00:00Z,1.2082500000,1.2107900000,1.2073300000,1.2102600000,12252,OTHER,false
2022-12-01T08:00:00Z,1.2102300000,1.2151200000,1.2069700000,1.2149800000,44420,LONDON,false
2022-12-01T12:00:00Z,1.2149800000,1.2242100000,1.2135100000,1.2214300000,45024,OTHER,false
2022-12-01T16:00:00Z,1.2214300000,1.2310900000,1.2209100000,1.2259700000,66246,OTHER,false
2022-12-01T20:00:00Z,1.2259600000,1.2275600000,1.2233600000,1.2255000000,17637,OTHER,false
2022-12-02T00:00:00Z,1.2251200000,1.2278800000,1.2231100000,1.2242100000,6432,OTHER,false
2022-12-02T04:00:00Z,1.2242100000,1.2253500000,1.2224700000,1.2229100000,11880,OTHER,false
2022-12-02T08:00:00Z,1.2229100000,1.2297700000,1.2226900000,1.2273900000,38509,LONDON,false
2022-12-02T12:00:00Z,1.2274600000,1.2293900000,1.2134500000,1.2184600000,43594,OTHER,false
2022-12-02T16:00:00Z,1.2184900000,1.2299900000,1.2166700000,1.2276900000,58458,OTHER,false
2022-12-02T20:00:00Z,1.2277700000,1.2298700000,1.2259000000,1.2290500000,11944,OTHER,false
2022-12-05T00:00:00Z,1.2263200000,1.2335000000,1.2250400000,1.2323800000,9731,OTHER,false
2022-12-05T04:00:00Z,1.2323800000,1.2344100000,1.2313900000,1.2334000000,11312,OTHER,false
2022-12-05T08:00:00Z,1.2334200000,1.2334400000,1.2262300000,1.2283800000,33900,LONDON,false
2022-12-05T12:00:00Z,1.2283600000,1.2320200000,1.2233200000,1.2262100000,33761,OTHER,false
2022-12-05T16:00:00Z,1.2262100000,1.2275300000,1.2163300000,1.2181800000,45836,OTHER,false
2022-12-05T20:00:00Z,1.2181700000,1.2199000000,1.2161200000,1.2190600000,12521,OTHER,false
2022-12-06T00:00:00Z,1.2186400000,1.2223300000,1.2168600000,1.2208000000,7058,OTHER,false
2022-12-06T04:00:00Z,1.2208000000,1.2218800000,1.2179200000,1.2193300000,14257,OTHER,false
2022-12-06T08:00:00Z,1.2193400000,1.2222700000,1.2167300000,1.2178000000,41911,LONDON,false
2022-12-06T12:00:00Z,1.2177500000,1.2241400000,1.2158700000,1.2202300000,33608,OTHER,false
2022-12-06T16:00:00Z,1.2202000000,1.2269300000,1.2153100000,1.2175700000,33312,OTHER,false
2022-12-06T20:00:00Z,1.2175800000,1.2181300000,1.2127300000,1.2131800000,11781,OTHER,false
2022-12-07T00:00:00Z,1.2129600000,1.2145800000,1.2121200000,1.2143400000,6849,OTHER,false
2022-12-07T04:00:00Z,1.2143400000,1.2149900000,1.2123200000,1.2129300000,10444,OTHER,false
2022-12-07T08:00:00Z,1.2129400000,1.2156600000,1.2106700000,1.2129500000,30953,LONDON,false
2022-12-07T12:00:00Z,1.2129700000,1.2225900000,1.2129500000,1.2217500000,23121,OTHER,false
2022-12-07T16:00:00Z,1.2217500000,1.2230200000,1.2171900000,1.2224100000,35820,OTHER,false
2022-12-07T20:00:00Z,1.2224100000,1.2234400000,1.2201300000,1.2203400000,14855,OTHER,false
2022-12-08T00:00:00Z,1.2201500000,1.2213300000,1.2179800000,1.2184300000,6786,OTHER,false
2022-12-08T04:00:00Z,1.2184500000,1.2196100000,1.2178000000,1.2187900000,7443,OTHER,false
2022-12-08T08:00:00Z,1.2187800000,1.2214700000,1.2159500000,1.2171900000,14518,LONDON,false
2022-12-08T12:00:00Z,1.2171900000,1.2233800000,1.2154800000,1.2212800000,17804,OTHER,false
2022-12-08T16:00:00Z,1.2212800000,1.2247000000,1.2190600000,1.2233400000,23120,OTHER,false
2022-12-08T20:00:00Z,1.2233400000,1.2247000000,1.2224000000,1.2236300000,11899,OTHER,false
2022-12-09T00:00:00Z,1.2232400000,1.2272100000,1.2220400000,1.2267900000,8100,OTHER,false
2022-12-09T04:00:00Z,1.2268500000,1.2276400000,1.2252200000,1.2259400000,11138,OTHER,false
2022-12-09T08:00:00Z,1.2259500000,1.2270500000,1.2231600000,1.2247400000,21076,LONDON,false
2022-12-09T12:00:00Z,1.2247400000,1.2297200000,1.2204200000,1.2269900000,23151,OTHER,false
2022-12-09T16:00:00Z,1.2270100000,1.2322500000,1.2249600000,1.2286300000,29431,OTHER,false
2022-12-09T20:00:00Z,1.2286400000,1.2287300000,1.2252100000,1.2260600000,10546,OTHER,false
2022-12-12T00:00:00Z,1.2251900000,1.2265700000,1.2211800000,1.2222100000,6693,OTHER,false
2022-12-12T04:00:00Z,1.2222100000,1.2237700000,1.2212200000,1.2226800000,6068,OTHER,false
2022-12-12T08:00:00Z,1.2226900000,1.2277900000,1.2207300000,1.2273800000,21866,LONDON,false
2022-12-12T12:00:00Z,1.2273900000,1.2298900000,1.2268500000,1.2293100000,17738,OTHER,false
2022-12-12T16:00:00Z,1.2293100000,1.2298500000,1.2242100000,1.2282100000,23127,OTHER,false
2022-12-12T20:00:00Z,1.2281800000,1.2284500000,1.2240700000,1.2265600000,12666,OTHER,false
2022-12-13T00:00:00Z,1.2266400000,1.2278400000,1.2256600000,1.2275500000,4807,OTHER,false
2022-12-13T04:00:00Z,1.2275500000,1.2290600000,1.2251600000,1.2281200000,9007,OTHER,false
2022-12-13T08:00:00Z,1.2281500000,1.2303200000,1.2248000000,1.2274100000,18974,LONDON,false
2022-12-13T12:00:00Z,1.2274100000,1.2439200000,1.2260800000,1.2410500000,27770,OTHER,false
2022-12-13T16:00:00Z,1.2410500000,1.2443800000,1.2351800000,1.2366800000,51451,OTHER,false
2022-12-13T20:00:00Z,1.2366800000,1.2381000000,1.2345000000,1.2364400000,24208,OTHER,false
2022-12-14T00:00:00Z,1.2362500000,1.2375600000,1.2341600000,1.2351100000,8229,OTHER,false
2022-12-14T04:00:00Z,1.2351300000,1.2359400000,1.2343000000,1.2354800000,6189,OTHER,false
2022-12-14T08:00:00Z,1.2354800000,1.2403400000,1.2342400000,1.2394100000,22234,LONDON,false
2022-12-14T12:00:00Z,1.2394100000,1.2403900000,1.2355100000,1.2371500000,23022,OTHER,false
2022-12-14T16:00:00Z,1.2371200000,1.2423500000,1.2358700000,1.2418800000,26976,OTHER,false
2022-12-14T20:00:00Z,1.2418800000,1.2446400000,1.2344400000,1.2425600000,42979,OTHER,false
2022-12-15T00:00:00Z,1.2416600000,1.2431300000,1.2398300000,1.2399700000,6322,OTHER,false
2022-12-15T04:00:00Z,1.2400300000,1.2403100000,1.2376700000,1.2392700000,6862,OTHER,false
2022-12-15T08:00:00Z,1.2392700000,1.2402100000,1.2296100000,1.2339200000,20448,LONDON,false
2022-12-15T12:00:00Z,1.2339200000,1.2355600000,1.2289400000,1.2317300000,32037,OTHER,false
2022-12-15T16:00:00Z,1.2317300000,1.2357000000,1.2156100000,1.2159100000,45356,OTHER,false
2022-12-15T20:00:00Z,1.2159100000,1.2195800000,1.2157700000,1.2175900000,13339,OTHER,false
2022-12-16T00:00:00Z,1.2175700000,1.2206600000,1.2171800000,1.2201300000,7943,OTHER,false
2022-12-16T04:00:00Z,1.2201300000,1.2222700000,1.2199600000,1.2205700000,8795,OTHER,false
2022-12-16T08:00:00Z,1.2205700000,1.2222500000,1.2119600000,1.2144400000,22156,LONDON,false
2022-12-16T12:00:00Z,1.2144100000,1.2215600000,1.2139500000,1.2188600000,21903,OTHER,false
2022-12-16T16:00:00Z,1.2188600000,1.2222300000,1.2145300000,1.2179700000,35527,OTHER,false
2022-12-16T20:00:00Z,1.2179900000,1.2189500000,1.2149800000,1.2153100000,12570,OTHER,false
2022-12-19T00:00:00Z,1.2137600000,1.2196900000,1.2137600000,1.2196800000,9922,OTHER,false
2022-12-19T04:00:00Z,1.2196800000,1.2202000000,1.2167200000,1.2169600000,9672,OTHER,false
2022-12-19T08:00:00Z,1.2169600000,1.2242100000,1.2169200000,1.2212100000,23436,LONDON,false
2022-12-19T12:00:00Z,1.2211900000,1.2224000000,1.2155800000,1.2165700000,30953,OTHER,false
2022-12-19T16:00:00Z,1.2165900000,1.2193100000,1.2120300000,1.2180800000,28566,OTHER,false
2022-12-19T20:00:00Z,1.2180800000,1.2181500000,1.2138700000,1.2145800000,10453,OTHER,false
2022-12-20T00:00:00Z,1.2148000000,1.2155300000,1.2138100000,1.2152600000,8319,OTHER,false
2022-12-20T04:00:00Z,1.2152600000,1.2223200000,1.2085200000,1.2115800000,27781,OTHER,false
2022-12-20T08:00:00Z,1.2116000000,1.2197500000,1.2114100000,1.2149900000,36543,LONDON,false
2022-12-20T12:00:00Z,1.2149600000,1.2182200000,1.2098000000,1.2147200000,25333,OTHER,false
2022-12-20T16:00:00Z,1.2147200000,1.2168000000,1.2122300000,1.2142200000,34497,OTHER,false
2022-12-20T20:00:00Z,1.2142400000,1.2187200000,1.2133200000,1.2182500000,11712,OTHER,false
2022-12-21T00:00:00Z,1.2179400000,1.2192300000,1.2160100000,1.2166400000,11198,OTHER,false
2022-12-21T04:00:00Z,1.2166500000,1.2172000000,1.2160600000,1.2166700000,8398,OTHER,false
2022-12-21T08:00:00Z,1.2166700000,1.2182800000,1.2127600000,1.2138200000,18019,LONDON,false
2022-12-21T12:00:00Z,1.2138000000,1.2164000000,1.2085700000,1.2141700000,21563,OTHER,false
2022-12-21T16:00:00Z,1.2141400000,1.2142900000,1.2055100000,1.2068000000,27236,OTHER,false
2022-12-21T20:00:00Z,1.2067700000,1.2097000000,1.2059600000,1.2082800000,11929,OTHER,false
2022-12-22T00:00:00Z,1.2078600000,1.2113800000,1.2070000000,1.2110900000,8462,OTHER,false
2022-12-22T04:00:00Z,1.2110600000,1.2134500000,1.2108100000,1.2118600000,8630,OTHER,false
2022-12-22T08:00:00Z,1.2118600000,1.2147300000,1.2087300000,1.2099400000,16944,LONDON,false
2022-12-22T12:00:00Z,1.2099400000,1.2108800000,1.2022000000,1.2030700000,25464,OTHER,false
2022-12-22T16:00:00Z,1.2030700000,1.2043900000,1.1992400000,1.2021000000,24575,OTHER,false
2022-12-22T20:00:00Z,1.2021000000,1.2047300000,1.2000700000,1.2037800000,12725,OTHER,false
2022-12-23T00:00:00Z,1.2036500000,1.2046100000,1.2001800000,1.2044800000,10595,OTHER,false
2022-12-23T04:00:00Z,1.2044900000,1.2057800000,1.2034900000,1.2035500000,8837,OTHER,false
2022-12-23T08:00:00Z,1.2035600000,1.2074700000,1.2028900000,1.2066100000,15703,LONDON,false
2022-12-23T12:00:00Z,1.2066100000,1.2090200000,1.2022900000,1.2044000000,20598,OTHER,false
2022-12-23T16:00:00Z,1.2044000000,1.2086200000,1.2028400000,1.2052900000,27198,OTHER,false
2022-12-23T20:00:00Z,1.2052900000,1.2054600000,1.2027300000,1.2047800000,12578,OTHER,false
2022-12-26T08:00:00Z,1.2054000000,1.2060000000,1.2047700000,1.2056800000,1634,LONDON,false
2022-12-26T12:00:00Z,1.2056700000,1.2078400000,1.2049600000,1.2072200000,1283,OTHER,false
2022-12-26T16:00:00Z,1.2072100000,1.2073600000,1.2046800000,1.2055300000,831,OTHER,false
2022-12-26T20:00:00Z,1.2054300000,1.2068500000,1.2047500000,1.2061500000,795,OTHER,false
2022-12-27T00:00:00Z,1.2061500000,1.2099900000,1.2045200000,1.2098100000,7183,OTHER,false
2022-12-27T04:00:00Z,1.2098200000,1.2102500000,1.2078800000,1.2094900000,9052,OTHER,false
2022-12-27T08:00:00Z,1.2094900000,1.2112300000,1.2051800000,1.2061900000,13812,LONDON,false
2022-12-27T12:00:00Z,1.2061700000,1.2073600000,1.2020500000,1.2023800000,15368,OTHER,false
2022-12-27T16:00:00Z,1.2023400000,1.2047700000,1.2002300000,1.2013600000,19209,OTHER,false
2022-12-27T20:00:00Z,1.2013600000,1.2036300000,1.2011300000,1.2031900000,8155,OTHER,false
2022-12-28T00:00:00Z,1.2026400000,1.2031100000,1.2007700000,1.2026800000,6261,OTHER,false
2022-12-28T04:00:00Z,1.2027000000,1.2029300000,1.2002200000,1.2025600000,8370,OTHER,false
2022-12-28T08:00:00Z,1.2025400000,1.2054300000,1.2017500000,1.2029300000,13779,LONDON,false
2022-12-28T12:00:00Z,1.2029300000,1.2100300000,1.2026400000,1.2083900000,16351,OTHER,false
2022-12-28T16:00:00Z,1.2084000000,1.2125900000,1.2022000000,1.2043900000,22301,OTHER,false
2022-12-28T20:00:00Z,1.2043900000,1.2054200000,1.2016300000,1.2017500000,8388,OTHER,false
2022-12-29T00:00:00Z,1.2015200000,1.2050600000,1.2010100000,1.2040100000,10075,OTHER,false
2022-12-29T04:00:00Z,1.2039600000,1.2045500000,1.2027500000,1.2037900000,7254,OTHER,false
2022-12-29T08:00:00Z,1.2038100000,1.2063200000,1.2014600000,1.2055200000,12106,LONDON,false
2022-12-29T12:00:00Z,1.2055400000,1.2059600000,1.2019700000,1.2049600000,16171,OTHER,false
2022-12-29T16:00:00Z,1.2049600000,1.2078500000,1.2022400000,1.2068400000,21532,OTHER,false
2022-12-29T20:00:00Z,1.2068500000,1.2074100000,1.2053300000,1.2055300000,7867,OTHER,false
2022-12-30T00:00:00Z,1.2052800000,1.2066700000,1.2038100000,1.2059000000,6708,OTHER,false
2022-12-30T04:00:00Z,1.2058900000,1.2059100000,1.2038300000,1.2043900000,7264,OTHER,false
2022-12-30T08:00:00Z,1.2043700000,1.2075400000,1.2027200000,1.2031300000,15071,LONDON,false
2022-12-30T12:00:00Z,1.2031300000,1.2065500000,1.2009600000,1.2052600000,17520,OTHER,false
2022-12-30T16:00:00Z,1.2052600000,1.2107600000,1.2015800000,1.2098200000,30093,OTHER,false
2022-12-30T20:00:00Z,1.2098800000,1.2099800000,1.2058300000,1.2090700000,23591,OTHER,false
2023-01-02T04:00:00Z,1.2078200000,1.2078300000,1.2073600000,1.2074700000,33,OTHER,false
2023-01-02T08:00:00Z,1.2074700000,1.2076800000,1.2044000000,1.2045800000,3776,LONDON,false
2023-01-02T12:00:00Z,1.2045700000,1.2055300000,1.2045500000,1.2051600000,4527,OTHER,false
2023-01-02T16:00:00Z,1.2051500000,1.2053100000,1.2035000000,1.2047000000,5195,OTHER,false
2023-01-02T20:00:00Z,1.2046900000,1.2049200000,1.2042500000,1.2045800000,2102,OTHER,false
2023-01-03T00:00:00Z,1.2043200000,1.2074900000,1.2034700000,1.2050800000,9820,OTHER,false
2023-01-03T04:00:00Z,1.2050800000,1.2084800000,1.2049500000,1.2069300000,12613,OTHER,false
2023-01-03T08:00:00Z,1.2069300000,1.2079200000,1.1900300000,1.1923700000,27560,LONDON,false
2023-01-03T12:00:00Z,1.1923800000,1.2009800000,1.1905200000,1.1993100000,19083,OTHER,false
2023-01-03T16:00:00Z,1.1993000000,1.2057700000,1.1952800000,1.1964200000,28542,OTHER,false
2023-01-03T20:00:00Z,1.1964200000,1.1991200000,1.1961900000,1.1965500000,11419,OTHER,false
2023-01-04T00:00:00Z,1.1961600000,1.1996300000,1.1957200000,1.1993800000,9563,OTHER,false
2023-01-04T04:00:00Z,1.1993700000,1.2001100000,1.1978700000,1.1984600000,9556,OTHER,false
2023-01-04T08:00:00Z,1.1984000000,1.2086500000,1.1971600000,1.2060100000,23975,LONDON,false
2023-01-04T12:00:00Z,1.2060200000,1.2087600000,1.2029600000,1.2056300000,21330,OTHER,false
2023-01-04T16:00:00Z,1.2056100000,1.2076300000,1.2013700000,1.2065900000,31217,OTHER,false
2023-01-04T20:00:00Z,1.2065900000,1.2072800000,1.2040800000,1.2053200000,18099,OTHER,false
2023-01-05T00:00:00Z,1.2052300000,1.2077800000,1.2050500000,1.2063000000,8805,OTHER,false
2023-01-05T04:00:00Z,1.2062900000,1.2063200000,1.2030700000,1.2037300000,11315,OTHER,false
2023-01-05T08:00:00Z,1.2037400000,1.2050600000,1.1999700000,1.2030400000,17219,LONDON,false
2023-01-05T12:00:00Z,1.2030400000,1.2038100000,1.1917400000,1.1919900000,22891,OTHER,false
2023-01-05T16:00:00Z,1.1920000000,1.1928400000,1.1873200000,1.1907300000,37593,OTHER,false
2023-01-05T20:00:00Z,1.1907400000,1.1935200000,1.1897000000,1.1912800000,15882,OTHER,false
2023-01-06T00:00:00Z,1.1909800000,1.1928500000,1.1879500000,1.1918500000,11398,OTHER,false
2023-01-06T04:00:00Z,1.1918500000,1.1935400000,1.1898700000,1.1903900000,12761,OTHER,false
2023-01-06T08:00:00Z,1.1904000000,1.1926200000,1.1853500000,1.1858200000,22334,LONDON,false
2023-01-06T12:00:00Z,1.1858300000,1.1929600000,1.1841400000,1.1926200000,27203,OTHER,false
2023-01-06T16:00:00Z,1.1926200000,1.2084900000,1.1878500000,1.2084700000,41911,OTHER,false
2023-01-06T20:00:00Z,1.2084700000,1.2099100000,1.2070700000,1.2094500000,11150,OTHER,false
2023-01-09T00:00:00Z,1.2077000000,1.2128000000,1.2076000000,1.2113500000,12186,OTHER,false
2023-01-09T04:00:00Z,1.2113500000,1.2158000000,1.2111900000,1.2146300000,12401,OTHER,false
2023-01-09T08:00:00Z,1.2146300000,1.2174000000,1.2125700000,1.2158700000,24978,LONDON,false
2023-01-09T12:00:00Z,1.2158700000,1.2188100000,1.2112000000,1.2168200000,22428,OTHER,false
2023-01-09T16:00:00Z,1.2168200000,1.2210000000,1.2160600000,1.2194400000,28938,OTHER,false
2023-01-09T20:00:00Z,1.2194400000,1.2204400000,1.2176000000,1.2183600000,15463,OTHER,false
2023-01-10T00:00:00Z,1.2184200000,1.2198200000,1.2163200000,1.2179600000,9299,OTHER,false
2023-01-10T04:00:00Z,1.2179600000,1.2185900000,1.2156700000,1.2174800000,13119,OTHER,false
2023-01-10T08:00:00Z,1.2174900000,1.2184600000,1.2139800000,1.2183600000,21031,LONDON,false
2023-01-10T12:00:00Z,1.2183700000,1.2183800000,1.2109900000,1.2137300000,17521,OTHER,false
2023-01-10T16:00:00Z,1.2137300000,1.2181000000,1.2135300000,1.2148500000,34393,OTHER,false
2023-01-10T20:00:00Z,1.2148500000,1.2167600000,1.2141800000,1.2149500000,9875,OTHER,false
2023-01-11T00:00:00Z,1.2146600000,1.2163800000,1.2136400000,1.2150200000,7932,OTHER,false
2023-01-11T04:00:00Z,1.2149800000,1.2173700000,1.2145900000,1.2168700000,8903,OTHER,false
2023-01-11T08:00:00Z,1.2168500000,1.2178100000,1.2125700000,1.2132400000,18080,LONDON,false
2023-01-11T12:00:00Z,1.2132400000,1.2140800000,1.2103500000,1.2106000000,17797,OTHER,false
2023-01-11T16:00:00Z,1.2106200000,1.2153900000,1.2100300000,1.2120800000,24089,OTHER,false
2023-01-11T20:00:00Z,1.2120800000,1.2156000000,1.2113000000,1.2148300000,14867,OTHER,false
2023-01-12T00:00:00Z,1.2143600000,1.2165100000,1.2130300000,1.2158700000,10040,OTHER,false
2023-01-12T04:00:00Z,1.2158700000,1.2170300000,1.2152500000,1.2155900000,7645,OTHER,false
2023-01-12T08:00:00Z,1.2155900000,1.2181900000,1.2133500000,1.2177000000,16610,LONDON,false
2023-01-12T12:00:00Z,1.2177000000,1.2242400000,1.2102600000,1.2236100000,29893,OTHER,false
2023-01-12T16:00:00Z,1.2236500000,1.2240000000,1.2088200000,1.2228500000,50471,OTHER,false
2023-01-12T20:00:00Z,1.2228600000,1.2246600000,1.2205600000,1.2207900000,19761,OTHER,false
2023-01-13T00:00:00Z,1.2206900000,1.2232500000,1.2194000000,1.2218400000,10350,OTHER,false
2023-01-13T04:00:00Z,1.2218400000,1.2218700000,1.2175900000,1.2181000000,12473,OTHER,false
2023-01-13T08:00:00Z,1.2181200000,1.2248400000,1.2180600000,1.2228000000,22857,LONDON,false
2023-01-13T12:00:00Z,1.2227900000,1.2241000000,1.2158800000,1.2167300000,21866,OTHER,false
2023-01-13T16:00:00Z,1.2167400000,1.2222000000,1.2150700000,1.2209100000,33577,OTHER,false
2023-01-13T20:00:00Z,1.2209200000,1.2239500000,1.2203700000,1.2235100000,12248,OTHER,false
2023-01-16T00:00:00Z,1.2210000000,1.2276300000,1.2196200000,1.2271100000,10582,OTHER,false
2023-01-16T04:00:00Z,1.2271300000,1.2289000000,1.2254700000,1.2263200000,9863,OTHER,false
2023-01-16T08:00:00Z,1.2263300000,1.2264200000,1.2171600000,1.2200300000,20849,LONDON,false
2023-01-16T12:00:00Z,1.2200300000,1.2225500000,1.2180300000,1.2192900000,18797,OTHER,false
2023-01-16T16:00:00Z,1.2193000000,1.2211400000,1.2189300000,1.2190700000,15924,OTHER,false
2023-01-16T20:00:00Z,1.2190800000,1.2198800000,1.2182800000,1.2191700000,5993,OTHER,false
2023-01-17T00:00:00Z,1.2190100000,1.2212900000,1.2178400000,1.2187800000,12206,OTHER,false
2023-01-17T04:00:00Z,1.2187800000,1.2205800000,1.2171800000,1.2200900000,12361,OTHER,false
2023-01-17T08:00:00Z,1.2200900000,1.2229900000,1.2169300000,1.2208500000,23401,LONDON,false
2023-01-17T12:00:00Z,1.2208700000,1.2272800000,1.2191900000,1.2251800000,27465,OTHER,false
2023-01-17T16:00:00Z,1.2252000000,1.2300000000,1.2246200000,1.2262200000,36394,OTHER,false
2023-01-17T20:00:00Z,1.2262200000,1.2291800000,1.2258400000,1.2287500000,13703,OTHER,false
2023-01-18T00:00:00Z,1.2286200000,1.2291700000,1.2264700000,1.2284500000,7844,OTHER,false
2023-01-18T04:00:00Z,1.2284400000,1.2290000000,1.2253800000,1.2282300000,19517,OTHER,false
2023-01-18T08:00:00Z,1.2282300000,1.2363400000,1.2281900000,1.2359200000,30096,LONDON,false
2023-01-18T12:00:00Z,1.2359200000,1.2421700000,1.2337500000,1.2395000000,29558,OTHER,false
2023-01-18T16:00:00Z,1.2394900000,1.2435900000,1.2331300000,1.2345500000,40701,OTHER,false
2023-01-18T20:00:00Z,1.2345500000,1.2351100000,1.2327200000,1.2346700000,14899,OTHER,false
2023-01-19T00:00:00Z,1.2346700000,1.2350200000,1.2318500000,1.2336200000,9877,OTHER,false
2023-01-19T04:00:00Z,1.2336400000,1.2345200000,1.2319800000,1.2330900000,10680,OTHER,false
2023-01-19T08:00:00Z,1.2330800000,1.2349600000,1.2313000000,1.2336900000,21873,LONDON,false
2023-01-19T12:00:00Z,1.2337100000,1.2358900000,1.2315500000,1.2349300000,25825,OTHER,false
2023-01-19T16:00:00Z,1.2348900000,1.2377600000,1.2336300000,1.2372400000,30656,OTHER,false
2023-01-19T20:00:00Z,1.2372600000,1.2397300000,1.2365900000,1.2388200000,14632,OTHER,false
2023-01-20T00:00:00Z,1.2388000000,1.2397900000,1.2376700000,1.2385000000,6094,OTHER,false
2023-01-20T04:00:00Z,1.2384900000,1.2393800000,1.2364900000,1.2378800000,8074,OTHER,false
2023-01-20T08:00:00Z,1.2378900000,1.2382600000,1.2338200000,1.2341200000,18798,LONDON,false
2023-01-20T12:00:00Z,1.2341100000,1.2371100000,1.2335300000,1.2341300000,20265,OTHER,false
2023-01-20T16:00:00Z,1.2341300000,1.2395500000,1.2336300000,1.2386400000,27333,OTHER,false
2023-01-20T20:00:00Z,1.2386200000,1.2404100000,1.2373300000,1.2399300000,12265,OTHER,false
2023-01-23T00:00:00Z,1.2397800000,1.2433500000,1.2396300000,1.2426000000,8269,OTHER,false
2023-01-23T04:00:00Z,1.2425900000,1.2447700000,1.2413900000,1.2413900000,7848,OTHER,false
2023-01-23T08:00:00Z,1.2413900000,1.2431900000,1.2394200000,1.2406500000,18733,LONDON,false
2023-01-23T12:00:00Z,1.2406500000,1.2409100000,1.2335300000,1.2345700000,20407,OTHER,false
2023-01-23T16:00:00Z,1.2345600000,1.2387500000,1.2323400000,1.2368600000,25410,OTHER,false
2023-01-23T20:00:00Z,1.2368600000,1.2387700000,1.2355800000,1.2375800000,13174,OTHER,false
2023-01-24T00:00:00Z,1.2374200000,1.2390200000,1.2371200000,1.2388000000,5958,OTHER,false
2023-01-24T04:00:00Z,1.2387900000,1.2394200000,1.2374500000,1.2386700000,5765,OTHER,false
2023-01-24T08:00:00Z,1.2386700000,1.2413800000,1.2308000000,1.2330400000,16864,LONDON,false
2023-01-24T12:00:00Z,1.2330300000,1.2335300000,1.2281700000,1.2292100000,20504,OTHER,false
2023-01-24T16:00:00Z,1.2291400000,1.2339900000,1.2263000000,1.2325900000,32370,OTHER,false
2023-01-24T20:00:00Z,1.2325900000,1.2341900000,1.2322200000,1.2334300000,11005,OTHER,false
2023-01-25T00:00:00Z,1.2328200000,1.2338400000,1.2311200000,1.2326100000,11635,OTHER,false
2023-01-25T04:00:00Z,1.2325900000,1.2336900000,1.2316000000,1.2322000000,7480,OTHER,false
2023-01-25T08:00:00Z,1.2321900000,1.2338800000,1.2304100000,1.2310000000,14990,LONDON,false
2023-01-25T12:00:00Z,1.2310000000,1.2336300000,1.2283000000,1.2315300000,14682,OTHER,false
2023-01-25T16:00:00Z,1.2315200000,1.2399600000,1.2310400000,1.2382000000,26396,OTHER,false
2023-01-25T20:00:00Z,1.2382100000,1.2403900000,1.2380600000,1.2399500000,8801,OTHER,false
2023-01-26T00:00:00Z,1.2397400000,1.2418100000,1.2392000000,1.2409800000,6186,OTHER,false
2023-01-26T04:00:00Z,1.2409900000,1.2410600000,1.2389400000,1.2400800000,6391,OTHER,false
2023-01-26T08:00:00Z,1.2400600000,1.2430200000,1.2374000000,1.2384500000,16192,LONDON,false
2023-01-26T12:00:00Z,1.2384500000,1.2406700000,1.2361400000,1.2392600000,17102,OTHER,false
2023-01-26T16:00:00Z,1.2392500000,1.2419200000,1.2344500000,1.2374800000,27890,OTHER,false
2023-01-26T20:00:00Z,1.2374900000,1.2416000000,1.2373800000,1.2407800000,8117,OTHER,false
2023-01-27T00:00:00Z,1.2408200000,1.2418400000,1.2381100000,1.2403600000,6285,OTHER,false
2023-01-27T04:00:00Z,1.2403600000,1.2403900000,1.2376900000,1.2381300000,5711,OTHER,false
2023-01-27T08:00:00Z,1.2381400000,1.2389500000,1.2359400000,1.2370600000,12562,LONDON,false
2023-01-27T12:00:00Z,1.2370600000,1.2391500000,1.2355900000,1.2368200000,13937,OTHER,false
2023-01-27T16:00:00Z,1.2368200000,1.2398000000,1.2345300000,1.2391800000,26754,OTHER,false
2023-01-27T20:00:00Z,1.2391800000,1.2399400000,1.2381400000,1.2397600000,6409,OTHER,false
2023-01-30T00:00:00Z,1.2389700000,1.2404000000,1.2378700000,1.2392300000,5688,OTHER,false
2023-01-30T04:00:00Z,1.2392300000,1.2405800000,1.2383300000,1.2396600000,10373,OTHER,false
2023-01-30T08:00:00Z,1.2396600000,1.2399900000,1.2368400000,1.2392600000,16044,LONDON,false
2023-01-30T12:00:00Z,1.2392900000,1.2417300000,1.2372900000,1.2374600000,15567,OTHER,false
2023-01-30T16:00:00Z,1.2374500000,1.2394500000,1.2359900000,1.2363100000,19471,OTHER,false
2023-01-30T20:00:00Z,1.2362500000,1.2363900000,1.2337000000,1.2349500000,8679,OTHER,false
2023-01-31T00:00:00Z,1.2345600000,1.2370700000,1.2342600000,1.2366500000,6425,OTHER,false
2023-01-31T04:00:00Z,1.2366500000,1.2366500000,1.2331000000,1.2338200000,6459,OTHER,false
2023-01-31T08:00:00Z,1.2338300000,1.2362600000,1.2308200000,1.2325500000,15544,LONDON,false
2023-01-31T12:00:00Z,1.2325500000,1.2330000000,1.2295500000,1.2321400000,19138,OTHER,false
2023-01-31T16:00:00Z,1.2321500000,1.2328500000,1.2284200000,1.2325400000,25362,OTHER,false
2023-01-31T20:00:00Z,1.2325200000,1.2337300000,1.2313800000,1.2319100000,8190,OTHER,false
2023-02-01T00:00:00Z,1.2315100000,1.2327300000,1.2303200000,1.2310100000,5933,OTHER,false
2023-02-01T04:00:00Z,1.2310100000,1.2319500000,1.2303500000,1.2314800000,3742,OTHER,false
2023-02-01T08:00:00Z,1.2314800000,1.2328000000,1.2308900000,1.2316900000,12950,LONDON,false
2023-02-01T12:00:00Z,1.2316900000,1.2344200000,1.2312200000,1.2339600000,14109,OTHER,false
2023-02-01T16:00:00Z,1.2339600000,1.2346700000,1.2294200000,1.2301900000,22947,OTHER,false
2023-02-01T20:00:00Z,1.2301700000,1.2394700000,1.2272400000,1.2373300000,36542,OTHER,false
2023-02-02T00:00:00Z,1.2371800000,1.2401000000,1.2368500000,1.2377900000,9312,OTHER,false
2023-02-02T04:00:00Z,1.2377800000,1.2395600000,1.2376200000,1.2390700000,7311,OTHER,false
2023-02-02T08:00:00Z,1.2390800000,1.2397200000,1.2330700000,1.2344400000,17280,LONDON,false
2023-02-02T12:00:00Z,1.2344500000,1.2390400000,1.2264800000,1.2300900000,31307,OTHER,false
2023-02-02T16:00:00Z,1.2301100000,1.2325900000,1.2231400000,1.2243500000,33052,OTHER,false
2023-02-02T20:00:00Z,1.2244300000,1.2254700000,1.2221400000,1.2223700000,19132,OTHER,false
2023-02-03T00:00:00Z,1.2223600000,1.2231600000,1.2204900000,1.2217800000,5566,OTHER,false
2023-02-03T04:00:00Z,1.2217900000,1.2219700000,1.2202100000,1.2213500000,6586,OTHER,false
2023-02-03T08:00:00Z,1.2213500000,1.2251700000,1.2183000000,1.2245900000,25079,LONDON,false
2023-02-03T12:00:00Z,1.2246000000,1.2265400000,1.2100900000,1.2127600000,36693,OTHER,false
2023-02-03T16:00:00Z,1.2127600000,1.2147800000,1.2062300000,1.2074600000,54256,OTHER,false
2023-02-03T20:00:00Z,1.2074600000,1.2075600000,1.2047100000,1.2050600000,20113,OTHER,false
2023-02-06T00:00:00Z,1.2029700000,1.2057500000,1.2029700000,1.2041600000,16106,OTHER,false
2023-02-06T04:00:00Z,1.2041600000,1.2067800000,1.2038100000,1.2067600000,20137,OTHER,false
2023-02-06T08:00:00Z,1.2067600000,1.2070000000,1.2034600000,1.2036600000,29089,LONDON,false
2023-02-06T12:00:00Z,1.2036600000,1.2077400000,1.2021500000,1.2049100000,31212,OTHER,false
2023-02-06T16:00:00Z,1.2048900000,1.2075000000,1.2005600000,1.2011500000,36199,OTHER,false
2023-02-06T20:00:00Z,1.2011700000,1.2038800000,1.2007700000,1.2017100000,16446,OTHER,false
2023-02-07T00:00:00Z,1.2019700000,1.2055100000,1.2015800000,1.2051800000,13587,OTHER,false
2023-02-07T04:00:00Z,1.2051800000,1.2055100000,1.2034900000,1.2048600000,16072,OTHER,false
2023-02-07T08:00:00Z,1.2048600000,1.2057400000,1.1986500000,1.2005200000,31423,LONDON,false
2023-02-07T12:00:00Z,1.2005200000,1.2011500000,1.1961100000,1.1979500000,31036,OTHER,false
2023-02-07T16:00:00Z,1.1979500000,1.2095400000,1.1967700000,1.2084700000,41092,OTHER,false
2023-02-07T20:00:00Z,1.2084400000,1.2090600000,1.1987100000,1.2046900000,37376,OTHER,false
2023-02-08T00:00:00Z,1.2043300000,1.2061200000,1.2030000000,1.2046900000,17183,OTHER,false
2023-02-08T04:00:00Z,1.2046900000,1.2056800000,1.2039900000,1.2053300000,16597,OTHER,false
2023-02-08T08:00:00Z,1.2053300000,1.2109600000,1.2038300000,1.2105200000,29598,LONDON,false
2023-02-08T12:00:00Z,1.2105200000,1.2108300000,1.2075500000,1.2083100000,24572,OTHER,false
2023-02-08T16:00:00Z,1.2083200000,1.2097300000,1.2054400000,1.2083500000,36494,OTHER,false
2023-02-08T20:00:00Z,1.2083600000,1.2095000000,1.2059800000,1.2069800000,19617,OTHER,false
2023-02-09T00:00:00Z,1.2066200000,1.2076400000,1.2056600000,1.2074700000,20732,OTHER,false
2023-02-09T04:00:00Z,1.2074600000,1.2094400000,1.2073600000,1.2088200000,19606,OTHER,false
2023-02-09T08:00:00Z,1.2088300000,1.2143000000,1.2085800000,1.2140900000,29155,LONDON,false
2023-02-09T12:00:00Z,1.2140800000,1.2192400000,1.2130600000,1.2192300000,27996,OTHER,false
2023-02-09T16:00:00Z,1.2192300000,1.2193700000,1.2130800000,1.2142100000,36831,OTHER,false
2023-02-09T20:00:00Z,1.2142000000,1.2142100000,1.2111000000,1.2120000000,23195,OTHER,false
2023-02-10T00:00:00Z,1.2117500000,1.2127900000,1.2100000000,1.2109500000,16720,OTHER,false
2023-02-10T04:00:00Z,1.2109600000,1.2110000000,1.2089300000,1.2101200000,21271,OTHER,false
2023-02-10T08:00:00Z,1.2101200000,1.2139300000,1.2089900000,1.2099700000,42639,LONDON,false
2023-02-10T12:00:00Z,1.2099500000,1.2122200000,1.2079800000,1.2111900000,31639,OTHER,false
2023-02-10T16:00:00Z,1.2112000000,1.2130100000,1.2048500000,1.2048900000,35468,OTHER,false
2023-02-10T20:00:00Z,1.2048800000,1.2063300000,1.2047000000,1.2057800000,14632,OTHER,false
2023-02-13T00:00:00Z,1.2063000000,1.2064700000,1.2033200000,1.2047700000,14667,OTHER,false
2023-02-13T04:00:00Z,1.2048100000,1.2052500000,1.2039500000,1.2045100000,20822,OTHER,false
2023-02-13T08:00:00Z,1.2045100000,1.2066700000,1.2031700000,1.2038000000,28059,LONDON,false
2023-02-13T12:00:00Z,1.2038100000,1.2115100000,1.2030800000,1.2087900000,24950,OTHER,false
2023-02-13T16:00:00Z,1.2087900000,1.2144700000,1.2080900000,1.2135100000,30714,OTHER,false
2023-02-13T20:00:00Z,1.2135200000,1.2152000000,1.2124400000,1.2138100000,15534,OTHER,false
2023-02-14T00:00:00Z,1.2134200000,1.2152200000,1.2125400000,1.2140400000,17099,OTHER,false
2023-02-14T04:00:00Z,1.2140500000,1.2151600000,1.2133700000,1.2146400000,24397,OTHER,false
2023-02-14T08:00:00Z,1.2146400000,1.2188200000,1.2134400000,1.2188100000,30563,LONDON,false
2023-02-14T12:00:00Z,1.2188100000,1.2270300000,1.2153700000,1.2209700000,37852,OTHER,false
2023-02-14T16:00:00Z,1.2210100000,1.2221100000,1.2117100000,1.2171300000,60493,OTHER,false
2023-02-14T20:00:00Z,1.2171300000,1.2190300000,1.2154100000,1.2172900000,23409,OTHER,false
2023-02-15T00:00:00Z,1.2166900000,1.2181400000,1.2165000000,1.2165900000,19903,OTHER,false
2023-02-15T04:00:00Z,1.2165900000,1.2166900000,1.2144100000,1.2149300000,19478,OTHER,false
2023-02-15T08:00:00Z,1.2149400000,1.2155700000,1.2071000000,1.2096300000,35824,LONDON,false
2023-02-15T12:00:00Z,1.2096100000,1.2100900000,1.2006300000,1.2014000000,35417,OTHER,false
2023-02-15T16:00:00Z,1.2014000000,1.2034300000,1.1989400000,1.2004500000,41654,OTHER,false
2023-02-15T20:00:00Z,1.2004600000,1.2038000000,1.1995200000,1.2032000000,16032,OTHER,false
2023-02-16T00:00:00Z,1.2023700000,1.2044000000,1.2011900000,1.2039400000,17076,OTHER,false
2023-02-16T04:00:00Z,1.2039400000,1.2052700000,1.2037200000,1.2045600000,24698,OTHER,false
2023-02-16T08:00:00Z,1.2045700000,1.2074200000,1.2028200000,1.2054700000,35781,LONDON,false
2023-02-16T12:00:00Z,1.2054600000,1.2068800000,1.1978800000,1.1987500000,32997,OTHER,false
2023-02-16T16:00:00Z,1.1987600000,1.2027000000,1.1965200000,1.2016700000,44180,OTHER,false
2023-02-16T20:00:00Z,1.2016600000,1.2027000000,1.1981200000,1.1990700000,24426,OTHER,false
2023-02-17T00:00:00Z,1.1987800000,1.1993800000,1.1951600000,1.1953300000,17782,OTHER,false
2023-02-17T04:00:00Z,1.1953300000,1.1958100000,1.1941300000,1.1948000000,15766,OTHER,false
2023-02-17T08:00:00Z,1.1947900000,1.1958600000,1.1914900000,1.1942500000,31933,LONDON,false
2023-02-17T12:00:00Z,1.1942300000,1.1973900000,1.1921000000,1.1970100000,31525,OTHER,false
2023-02-17T16:00:00Z,1.1970000000,1.2036900000,1.1965300000,1.2019500000,43516,OTHER,false
2023-02-17T20:00:00Z,1.2019900000,1.2049300000,1.2016700000,1.2040100000,16147,OTHER,false
2023-02-20T00:00:00Z,1.2022700000,1.2037700000,1.2014400000,1.2018800000,19119,OTHER,false
2023-02-20T04:00:00Z,1.2018700000,1.2044800000,1.2018500000,1.2042200000,24287,OTHER,false
2023-02-20T08:00:00Z,1.2042200000,1.2056900000,1.2018500000,1.2021700000,25251,LONDON,false
2023-02-20T12:00:00Z,1.2021700000,1.2041500000,1.2018600000,1.2037700000,13686,OTHER,false
2023-02-20T16:00:00Z,1.2037700000,1.2042800000,1.2024400000,1.2035900000,13016,OTHER,false
2023-02-20T20:00:00Z,1.2035900000,1.2042200000,1.2034500000,1.2038300000,4643,OTHER,false
2023-02-21T00:00:00Z,1.2036900000,1.2043600000,1.2012900000,1.2025700000,7767,OTHER,false
2023-02-21T04:00:00Z,1.2025800000,1.2036200000,1.2016700000,1.2030100000,8920,OTHER,false
2023-02-21T08:00:00Z,1.2030100000,1.2114000000,1.1986000000,1.2091800000,31367,LONDON,false
2023-02-21T12:00:00Z,1.2091800000,1.2129900000,1.2075400000,1.2099500000,31325,OTHER,false
2023-02-21T16:00:00Z,1.2099600000,1.2147600000,1.2061600000,1.2127400000,40152,OTHER,false
2023-02-21T20:00:00Z,1.2127900000,1.2128400000,1.2097000000,1.2111200000,14738,OTHER,false
2023-02-22T00:00:00Z,1.2111500000,1.2135300000,1.2103300000,1.2120700000,9434,OTHER,false
2023-02-22T04:00:00Z,1.2120700000,1.2125000000,1.2098000000,1.2106200000,6196,OTHER,false
2023-02-22T08:00:00Z,1.2106200000,1.2128600000,1.2065000000,1.2077700000,24137,LONDON,false
2023-02-22T12:00:00Z,1.2077400000,1.2120400000,1.2063100000,1.2104800000,28161,OTHER,false
2023-02-22T16:00:00Z,1.2104500000,1.2113400000,1.2055200000,1.2073700000,34515,OTHER,false
2023-02-22T20:00:00Z,1.2073600000,1.2082400000,1.2034400000,1.2045600000,22567,OTHER,false
2023-02-23T00:00:00Z,1.2043700000,1.2060400000,1.2035800000,1.2056800000,4753,OTHER,false
2023-02-23T04:00:00Z,1.2057000000,1.2067900000,1.2052300000,1.2060600000,6362,OTHER,false
2023-02-23T08:00:00Z,1.2060600000,1.2074900000,1.2014000000,1.2030400000,23870,LONDON,false
2023-02-23T12:00:00Z,1.2030500000,1.2063100000,1.2019200000,1.2034600000,28244,OTHER,false
2023-02-23T16:00:00Z,1.2034600000,1.2069500000,1.1992100000,1.1998400000,39066,OTHER,false
2023-02-23T20:00:00Z,1.1998700000,1.2031900000,1.1995800000,1.2013500000,14555,OTHER,false
2023-02-24T00:00:00Z,1.2010500000,1.2032800000,1.2007100000,1.2016100000,11817,OTHER,false
2023-02-24T04:00:00Z,1.2016100000,1.2031000000,1.2012500000,1.2022900000,10062,OTHER,false
2023-02-24T08:00:00Z,1.2022900000,1.2042100000,1.2000200000,1.2023700000,22981,LONDON,false
2023-02-24T12:00:00Z,1.2023600000,1.2030500000,1.1946300000,1.1964700000,32100,OTHER,false
2023-02-24T16:00:00Z,1.1964700000,1.1966500000,1.1928300000,1.1945700000,42442,OTHER,false
2023-02-24T20:00:00Z,1.1945700000,1.1954600000,1.1938700000,1.1939200000,14538,OTHER,false
2023-02-27T00:00:00Z,1.1950000000,1.1962700000,1.1940300000,1.1962500000,6532,OTHER,false
2023-02-27T04:00:00Z,1.1961700000,1.1964000000,1.1934600000,1.1938100000,8935,OTHER,false
2023-02-27T08:00:00Z,1.1938000000,1.1984700000,1.1922600000,1.1973800000,25419,LONDON,false
2023-02-27T12:00:00Z,1.1973800000,1.2023800000,1.1964200000,1.2020300000,22385,OTHER,false
2023-02-27T16:00:00Z,1.2020300000,1.2060300000,1.2014400000,1.2059200000,29445,OTHER,false
2023-02-27T20:00:00Z,1.2059500000,1.2065800000,1.2047900000,1.2061900000,11290,OTHER,false
2023-02-28T00:00:00Z,1.2061500000,1.2068000000,1.2040100000,1.2052900000,7752,OTHER,false
2023-02-28T04:00:00Z,1.2053000000,1.2062600000,1.2038200000,1.2040200000,9200,OTHER,false
2023-02-28T08:00:00Z,1.2040100000,1.2097700000,1.2027100000,1.2074400000,26145,LONDON,false
2023-02-28T12:00:00Z,1.2074400000,1.2128300000,1.2072800000,1.2122300000,24835,OTHER,false
2023-02-28T16:00:00Z,1.2122300000,1.2143100000,1.2080000000,1.2099700000,38132,OTHER,false
2023-02-28T20:00:00Z,1.2099700000,1.2102000000,1.2020900000,1.2021400000,14336,OTHER,false
2023-03-01T00:00:00Z,1.2021500000,1.2041000000,1.1985700000,1.2033600000,14357,OTHER,false
2023-03-01T04:00:00Z,1.2033700000,1.2047100000,1.2016100000,1.2040500000,8409,OTHER,false
2023-03-01T08:00:00Z,1.2040600000,1.2089000000,1.2039100000,1.2067900000,28892,LONDON,false
2023-03-01T12:00:00Z,1.2067800000,1.2075000000,1.2007700000,1.2008500000,33209,OTHER,false
2023-03-01T16:00:00Z,1.2008400000,1.2044900000,1.1965000000,1.2022800000,43434,OTHER,false
2023-03-01T20:00:00Z,1.2022400000,1.2027400000,1.1993100000,1.2025700000,13763,OTHER,false
2023-03-02T00:00:00Z,1.2025600000,1.2036200000,1.1998100000,1.2009200000,8090,OTHER,false
2023-03-02T04:00:00Z,1.2009300000,1.2016600000,1.1984300000,1.1988200000,9913,OTHER,false
2023-03-02T08:00:00Z,1.1988200000,1.2009600000,1.1955500000,1.1973200000,27119,LONDON,false
2023-03-02T12:00:00Z,1.1973000000,1.1987900000,1.1925100000,1.1928800000,31098,OTHER,false
2023-03-02T16:00:00Z,1.1928400000,1.1962800000,1.1925400000,1.1933500000,33175,OTHER,false
2023-03-02T20:00:00Z,1.1933600000,1.1957600000,1.1924900000,1.1947800000,15861,OTHER,false
2023-03-03T00:00:00Z,1.1947200000,1.1975000000,1.1931900000,1.1962500000,6611,OTHER,false
2023-03-03T04:00:00Z,1.1962400000,1.1976700000,1.1957700000,1.1964600000,8649,OTHER,false
2023-03-03T08:00:00Z,1.1964700000,1.1998700000,1.1964700000,1.1985600000,24329,LONDON,false
2023-03-03T12:00:00Z,1.1985500000,1.2018900000,1.1974300000,1.2008100000,25857,OTHER,false
2023-03-03T16:00:00Z,1.2008300000,1.2017500000,1.1962100000,1.2010000000,34478,OTHER,false
2023-03-03T20:00:00Z,1.2010100000,1.2048400000,1.2008100000,1.2043500000,12287,OTHER,false
2023-03-06T00:00:00Z,1.2020700000,1.2039100000,1.2017900000,1.2035300000,7226,OTHER,false
2023-03-06T04:00:00Z,1.2034900000,1.2047900000,1.2025000000,1.2036100000,7188,OTHER,false
2023-03-06T08:00:00Z,1.2036400000,1.2045600000,1.2022100000,1.2028400000,18173,LONDON,false
2023-03-06T12:00:00Z,1.2028400000,1.2031500000,1.1992700000,1.2011100000,18226,OTHER,false
2023-03-06T16:00:00Z,1.2011000000,1.2048900000,1.1999200000,1.2040800000,23803,OTHER,false
2023-03-06T20:00:00Z,1.2040800000,1.2040800000,1.2013500000,1.2026200000,8999,OTHER,false
2023-03-07T00:00:00Z,1.2024500000,1.2042200000,1.2006800000,1.2038000000,4000,OTHER,false
2023-03-07T04:00:00Z,1.2038000000,1.2047900000,1.2032700000,1.2036700000,8587,OTHER,false
2023-03-07T08:00:00Z,1.2036700000,1.2065300000,1.2005200000,1.2012400000,22743,LONDON,false
2023-03-07T12:00:00Z,1.2012800000,1.2016400000,1.1975700000,1.1980600000,23298,OTHER,false
2023-03-07T16:00:00Z,1.1980700000,1.1986600000,1.1845500000,1.1849400000,48717,OTHER,false
2023-03-07T20:00:00Z,1.1849400000,1.1858600000,1.1821200000,1.1826600000,13835,OTHER,false
2023-03-08T00:00:00Z,1.1824900000,1.1836100000,1.1814900000,1.1828500000,6530,OTHER,false
2023-03-08T04:00:00Z,1.1828400000,1.1831600000,1.1809800000,1.1821200000,8379,OTHER,false
2023-03-08T08:00:00Z,1.1821200000,1.1841900000,1.1815200000,1.1832800000,19998,LONDON,false
2023-03-08T12:00:00Z,1.1832800000,1.1848700000,1.1818600000,1.1823300000,16462,OTHER,false
2023-03-08T16:00:00Z,1.1823200000,1.1859100000,1.1803000000,1.1831200000,24732,OTHER,false
2023-03-08T20:00:00Z,1.1831100000,1.1849900000,1.1825200000,1.1842900000,7260,OTHER,false
2023-03-09T00:00:00Z,1.1842800000,1.1854400000,1.1823800000,1.1836900000,4709,OTHER,false
2023-03-09T04:00:00Z,1.1836900000,1.1865900000,1.1835800000,1.1854400000,3778,OTHER,false
2023-03-09T08:00:00Z,1.1854400000,1.1889000000,1.1838100000,1.1869500000,12362,LONDON,false
2023-03-09T12:00:00Z,1.1869400000,1.1911500000,1.1865800000,1.1910100000,22525,OTHER,false
2023-03-09T16:00:00Z,1.1910000000,1.1936300000,1.1901900000,1.1924900000,25862,OTHER,false
2023-03-09T20:00:00Z,1.1924700000,1.1938800000,1.1903300000,1.1921700000,15899,OTHER,false
2023-03-10T00:00:00Z,1.1921300000,1.1933100000,1.1913500000,1.1924600000,7119,OTHER,false
2023-03-10T04:00:00Z,1.1924600000,1.1932100000,1.1907500000,1.1924000000,12523,OTHER,false
2023-03-10T08:00:00Z,1.1924000000,1.2009200000,1.1919600000,1.1988100000,25663,LONDON,false
2023-03-10T12:00:00Z,1.1988100000,1.2045700000,1.1970100000,1.2018300000,36239,OTHER,false
2023-03-10T16:00:00Z,1.2018300000,1.2113600000,1.2007100000,1.2059600000,62458,OTHER,false
2023-03-10T20:00:00Z,1.2059700000,1.2065300000,1.2017600000,1.2031100000,26238,OTHER,false
2023-03-13T00:00:00Z,1.2086800000,1.2103500000,1.2054400000,1.2058800000,34917,OTHER,false
2023-03-13T04:00:00Z,1.2058900000,1.2140800000,1.2058900000,1.2111200000,34413,OTHER,false
2023-03-13T08:00:00Z,1.2111100000,1.2124500000,1.2066800000,1.2076000000,51345,LONDON,false
2023-03-13T12:00:00Z,1.2076000000,1.2132600000,1.2046500000,1.2096000000,67709,OTHER,false
2023-03-13T16:00:00Z,1.2095600000,1.2186900000,1.2093100000,1.2174900000,57562,OTHER,false
2023-03-13T20:00:00Z,1.2175100000,1.2199700000,1.2165600000,1.2181900000,26632,OTHER,false
2023-03-14T00:00:00Z,1.2186000000,1.2188500000,1.2146200000,1.2151000000,25377,OTHER,false
2023-03-14T04:00:00Z,1.2151000000,1.2162800000,1.2144700000,1.2159200000,27625,OTHER,false
2023-03-14T08:00:00Z,1.2159200000,1.2183300000,1.2140900000,1.2155000000,47844,LONDON,false
2023-03-14T12:00:00Z,1.2154900000,1.2204100000,1.2141600000,1.2164200000,53802,OTHER,false
2023-03-14T16:00:00Z,1.2164300000,1.2178100000,1.2135500000,1.2168600000,44278,OTHER,false
2023-03-14T20:00:00Z,1.2168500000,1.2184600000,1.2148800000,1.2151800000,22658,OTHER,false
2023-03-15T00:00:00Z,1.2151800000,1.2164400000,1.2146500000,1.2164300000,25181,OTHER,false
2023-03-15T04:00:00Z,1.2164300000,1.2181500000,1.2151100000,1.2156100000,23847,OTHER,false
2023-03-15T08:00:00Z,1.2156100000,1.2164400000,1.2109900000,1.2114200000,39288,LONDON,false
2023-03-15T12:00:00Z,1.2114300000,1.2128600000,1.2042000000,1.2049200000,70166,OTHER,false
2023-03-15T16:00:00Z,1.2049800000,1.2074100000,1.2010300000,1.2055600000,51435,OTHER,false
2023-03-15T20:00:00Z,1.2055400000,1.2085400000,1.2037100000,1.2041200000,26690,OTHER,false
2023-03-16T00:00:00Z,1.2041100000,1.2081800000,1.2041100000,1.2066600000,31228,OTHER,false
2023-03-16T04:00:00Z,1.2066600000,1.2086800000,1.2060900000,1.2072800000,23345,OTHER,false
2023-03-16T08:00:00Z,1.2072800000,1.2113100000,1.2058500000,1.2075300000,36377,LONDON,false
2023-03-16T12:00:00Z,1.2075400000,1.2093800000,1.2027100000,1.2087000000,45369,OTHER,false
2023-03-16T16:00:00Z,1.2087000000,1.2120400000,1.2061400000,1.2106100000,54432,OTHER,false
2023-03-16T20:00:00Z,1.2106100000,1.2127700000,1.2098800000,1.2106200000,19014,OTHER,false
2023-03-17T00:00:00Z,1.2106200000,1.2131900000,1.2101800000,1.2125500000,17531,OTHER,false
2023-03-17T04:00:00Z,1.2125500000,1.2159600000,1.2124600000,1.2158900000,19761,OTHER,false
2023-03-17T08:00:00Z,1.2158900000,1.2176500000,1.2127900000,1.2130700000,34014,LONDON,false
2023-03-17T12:00:00Z,1.2130700000,1.2148600000,1.2113000000,1.2144600000,33499,OTHER,false
2023-03-17T16:00:00Z,1.2144800000,1.2185300000,1.2135400000,1.2185300000,38842,OTHER,false
2023-03-17T20:00:00Z,1.2185100000,1.2200600000,1.2168500000,1.2176100000,13013,OTHER,false
2023-03-20T00:00:00Z,1.2203300000,1.2203300000,1.2168600000,1.2177900000,22175,OTHER,false
2023-03-20T04:00:00Z,1.2177900000,1.2192400000,1.2171000000,1.2189900000,20803,OTHER,false
2023-03-20T08:00:00Z,1.2189900000,1.2214400000,1.2167000000,1.2192500000,41362,LONDON,false
2023-03-20T12:00:00Z,1.2192500000,1.2262800000,1.2188300000,1.2257700000,29967,OTHER,false
2023-03-20T16:00:00Z,1.2257700000,1.2279600000,1.2241500000,1.2267600000,19159,OTHER,false
2023-03-20T20:00:00Z,1.2267500000,1.2284900000,1.2262300000,1.2272900000,12071,OTHER,false
2023-03-21T00:00:00Z,1.2272900000,1.2282400000,1.2265100000,1.2266600000,20634,OTHER,false
2023-03-21T04:00:00Z,1.2266700000,1.2268500000,1.2248200000,1.2259700000,12938,OTHER,false
2023-03-21T08:00:00Z,1.2259600000,1.2262600000,1.2228800000,1.2252900000,27002,LONDON,false
2023-03-21T12:00:00Z,1.2253100000,1.2258800000,1.2222700000,1.2236900000,23190,OTHER,false
2023-03-21T16:00:00Z,1.2236800000,1.2242700000,1.2178600000,1.2202400000,21692,OTHER,false
2023-03-21T20:00:00Z,1.2202400000,1.2220700000,1.2198900000,1.2217800000,7431,OTHER,false
2023-03-22T00:00:00Z,1.2214300000,1.2227400000,1.2208300000,1.2218300000,17207,OTHER,false
2023-03-22T04:00:00Z,1.2218300000,1.2239800000,1.2218200000,1.2228700000,21898,OTHER,false
2023-03-22T08:00:00Z,1.2228700000,1.2297500000,1.2224100000,1.2280900000,26482,LONDON,false
2023-03-22T12:00:00Z,1.2281100000,1.2294300000,1.2229600000,1.2236300000,20491,OTHER,false
2023-03-22T16:00:00Z,1.2236200000,1.2253700000,1.2221100000,1.2245500000,13626,OTHER,false
2023-03-22T20:00:00Z,1.2266400000,1.2335300000,1.2232000000,1.2264300000,36246,OTHER,false
2023-03-23T00:00:00Z,1.2264300000,1.2293000000,1.2261600000,1.2288100000,18730,OTHER,false
2023-03-23T04:00:00Z,1.2288300000,1.2332900000,1.2284700000,1.2324200000,15152,OTHER,false
2023-03-23T08:00:00Z,1.2324300000,1.2343500000,1.2304600000,1.2315400000,31243,LONDON,false
2023-03-23T12:00:00Z,1.2315400000,1.2337700000,1.2264900000,1.2314400000,30224,OTHER,false
2023-03-23T16:00:00Z,1.2314600000,1.2330000000,1.2291600000,1.2300200000,23049,OTHER,false
2023-03-23T20:00:00Z,1.2300100000,1.2306200000,1.2261200000,1.2288100000,21070,OTHER,false
2023-03-24T00:00:00Z,1.2288400000,1.2292000000,1.2261400000,1.2264000000,21511,OTHER,false
2023-03-24T04:00:00Z,1.2264000000,1.2288700000,1.2262800000,1.2285600000,22611,OTHER,false
2023-03-24T08:00:00Z,1.2285600000,1.2288200000,1.2210900000,1.2212800000,35465,LONDON,false
2023-03-24T12:00:00Z,1.2213300000,1.2229600000,1.2190200000,1.2210600000,40227,OTHER,false
2023-03-24T16:00:00Z,1.2210500000,1.2231800000,1.2207400000,1.2228700000,26060,OTHER,false
2023-03-24T20:00:00Z,1.2228800000,1.2234400000,1.2219500000,1.2230700000,6874,OTHER,false
2023-03-27T00:00:00Z,1.2226500000,1.2249900000,1.2220500000,1.2230700000,11683,OTHER,false
2023-03-27T04:00:00Z,1.2230800000,1.2251100000,1.2230100000,1.2237800000,24640,OTHER,false
2023-03-27T08:00:00Z,1.2237700000,1.2265800000,1.2219100000,1.2262700000,29839,LONDON,false
2023-03-27T12:00:00Z,1.2262500000,1.2273200000,1.2241200000,1.2243600000,23797,OTHER,false
2023-03-27T16:00:00Z,1.2243600000,1.2293200000,1.2240000000,1.2283000000,25252,OTHER,false
2023-03-27T20:00:00Z,1.2282800000,1.2292900000,1.2272000000,1.2287800000,12605,OTHER,false
2023-03-28T00:00:00Z,1.2286500000,1.2314700000,1.2275100000,1.2309700000,14873,OTHER,false
2023-03-28T04:00:00Z,1.2309800000,1.2321200000,1.2306600000,1.2315400000,22098,OTHER,false
2023-03-28T08:00:00Z,1.2315500000,1.2330100000,1.2289100000,1.2295800000,26164,LONDON,false
2023-03-28T12:00:00Z,1.2295700000,1.2328800000,1.2280700000,1.2313700000,25892,OTHER,false
2023-03-28T16:00:00Z,1.2313600000,1.2349200000,1.2299500000,1.2343800000,24060,OTHER,false
2023-03-28T20:00:00Z,1.2344500000,1.2348000000,1.2329300000,1.2338500000,9714,OTHER,false
2023-03-29T00:00:00Z,1.2338800000,1.2341500000,1.2327800000,1.2336300000,10952,OTHER,false
2023-03-29T04:00:00Z,1.2336400000,1.2340800000,1.2320600000,1.2329200000,19968,OTHER,false
2023-03-29T08:00:00Z,1.2329000000,1.2331700000,1.2304600000,1.2325300000,28955,LONDON,false
2023-03-29T12:00:00Z,1.2325400000,1.2361600000,1.2317600000,1.2331500000,28233,OTHER,false
2023-03-29T16:00:00Z,1.2331600000,1.2340400000,1.2302500000,1.2308700000,31062,OTHER,false
2023-03-29T20:00:00Z,1.2309000000,1.2322800000,1.2304700000,1.2316600000,11703,OTHER,false
2023-03-30T00:00:00Z,1.2313600000,1.2317800000,1.2301200000,1.2304400000,6590,OTHER,false
2023-03-30T04:00:00Z,1.2304500000,1.2311600000,1.2293500000,1.2311600000,17578,OTHER,false
2023-03-30T08:00:00Z,1.2311600000,1.2363200000,1.2308500000,1.2355000000,27985,LONDON,false
2023-03-30T12:00:00Z,1.2355000000,1.2380300000,1.2328700000,1.2378000000,22776,OTHER,false
2023-03-30T16:00:00Z,1.2378100000,1.2386300000,1.2357400000,1.2386000000,24246,OTHER,false
2023-03-30T20:00:00Z,1.2386300000,1.2392900000,1.2376000000,1.2387200000,8924,OTHER,false
2023-03-31T00:00:00Z,1.2386600000,1.2399200000,1.2376100000,1.2398900000,9157,OTHER,false
2023-03-31T04:00:00Z,1.2398800000,1.2422700000,1.2389200000,1.2395200000,16695,OTHER,false
2023-03-31T08:00:00Z,1.2395100000,1.2399700000,1.2353500000,1.2366100000,26014,LONDON,false
2023-03-31T12:00:00Z,1.2366000000,1.2396100000,1.2360000000,1.2390900000,23578,OTHER,false
2023-03-31T16:00:00Z,1.2391000000,1.2397300000,1.2341100000,1.2347900000,25691,OTHER,false
2023-03-31T20:00:00Z,1.2347900000,1.2348200000,1.2324300000,1.2330800000,11254,OTHER,false
2023-04-03T00:00:00Z,1.2324700000,1.2332400000,1.2281700000,1.2306500000,15942,OTHER,false
2023-04-03T04:00:00Z,1.2306400000,1.2307500000,1.2275700000,1.2281000000,23384,OTHER,false
2023-04-03T08:00:00Z,1.2281000000,1.2334800000,1.2274500000,1.2332600000,23474,LONDON,false
2023-04-03T12:00:00Z,1.2332600000,1.2393200000,1.2331700000,1.2385800000,21054,OTHER,false
2023-04-03T16:00:00Z,1.2385800000,1.2420700000,1.2377900000,1.2396400000,27434,OTHER,false
2023-04-03T20:00:00Z,1.2396400000,1.2423300000,1.2387000000,1.2417200000,11191,OTHER,false
2023-04-04T00:00:00Z,1.2416500000,1.2425000000,1.2400300000,1.2410700000,9807,OTHER,false
2023-04-04T04:00:00Z,1.2410700000,1.2414600000,1.2398600000,1.2410300000,17993,OTHER,false
2023-04-04T08:00:00Z,1.2410200000,1.2481200000,1.2395000000,1.2475100000,26129,LONDON,false
2023-04-04T12:00:00Z,1.2475100000,1.2521300000,1.2465800000,1.2471000000,23337,OTHER,false
2023-04-04T16:00:00Z,1.2471100000,1.2525300000,1.2470600000,1.2494200000,32157,OTHER,false
2023-04-04T20:00:00Z,1.2494200000,1.2502000000,1.2488900000,1.2501000000,8504,OTHER,false
2023-04-05T00:00:00Z,1.2498100000,1.2510400000,1.2483100000,1.2485400000,6875,OTHER,false
2023-04-05T04:00:00Z,1.2485400000,1.2505500000,1.2483800000,1.2484900000,16472,OTHER,false
2023-04-05T08:00:00Z,1.2484900000,1.2514400000,1.2470000000,1.2488000000,25589,LONDON,false
2023-04-05T12:00:00Z,1.2488000000,1.2494200000,1.2455500000,1.2489600000,26579,OTHER,false
2023-04-05T16:00:00Z,1.2489700000,1.2510500000,1.2432600000,1.2452200000,32446,OTHER,false
2023-04-05T20:00:00Z,1.2452300000,1.2466300000,1.2446500000,1.2459500000,8610,OTHER,false
2023-04-06T00:00:00Z,1.2459400000,1.2466600000,1.2447800000,1.2448100000,5648,OTHER,false
2023-04-06T04:00:00Z,1.2448100000,1.2448700000,1.2436800000,1.2446000000,9797,OTHER,false
2023-04-06T08:00:00Z,1.2446100000,1.2486800000,1.2442200000,1.2468400000,23246,LONDON,false
2023-04-06T12:00:00Z,1.2468400000,1.2481800000,1.2427600000,1.2431800000,22038,OTHER,false
2023-04-06T16:00:00Z,1.2431700000,1.2467200000,1.2412600000,1.2462400000,25667,OTHER,false
2023-04-06T20:00:00Z,1.2462400000,1.2467000000,1.2437000000,1.2437900000,10473,OTHER,false
2023-04-07T00:00:00Z,1.2436900000,1.2444900000,1.2431900000,1.2437300000,9246,OTHER,false
2023-04-07T04:00:00Z,1.2437300000,1.2451500000,1.2436800000,1.2447800000,16796,OTHER,false
2023-04-07T08:00:00Z,1.2447700000,1.2455900000,1.2428700000,1.2440400000,10430,LONDON,false
2023-04-07T12:00:00Z,1.2440300000,1.2445400000,1.2389000000,1.2416200000,13159,OTHER,false
2023-04-07T16:00:00Z,1.2415900000,1.2426200000,1.2399700000,1.2417600000,21814,OTHER,false
2023-04-07T20:00:00Z,1.2417600000,1.2433100000,1.2410000000,1.2416400000,7559,OTHER,false
2023-04-10T00:00:00Z,1.2413000000,1.2433900000,1.2407700000,1.2416600000,9222,OTHER,false
2023-04-10T04:00:00Z,1.2416600000,1.2421500000,1.2403900000,1.2405700000,16371,OTHER,false
2023-04-10T08:00:00Z,1.2405700000,1.2434000000,1.2396800000,1.2428500000,15495,LONDON,false
2023-04-10T12:00:00Z,1.2428400000,1.2442400000,1.2349500000,1.2351700000,21430,OTHER,false
2023-04-10T16:00:00Z,1.2351600000,1.2379900000,1.2344300000,1.2375200000,16685,OTHER,false
2023-04-10T20:00:00Z,1.2375300000,1.2384800000,1.2371800000,1.2382400000,9274,OTHER,false
2023-04-11T00:00:00Z,1.2380900000,1.2403400000,1.2376900000,1.2398300000,9483,OTHER,false
2023-04-11T04:00:00Z,1.2398100000,1.2413200000,1.2386500000,1.2403600000,19465,OTHER,false
2023-04-11T08:00:00Z,1.2403700000,1.2445500000,1.2403500000,1.2435300000,29756,LONDON,false
2023-04-11T12:00:00Z,1.2435300000,1.2456400000,1.2417500000,1.2431600000,25846,OTHER,false
2023-04-11T16:00:00Z,1.2431600000,1.2440400000,1.2405300000,1.2408900000,23284,OTHER,false
2023-04-11T20:00:00Z,1.2408800000,1.2429100000,1.2407100000,1.2425700000,7957,OTHER,false
2023-04-12T00:00:00Z,1.2423700000,1.2431400000,1.2420400000,1.2429200000,6145,OTHER,false
2023-04-12T04:00:00Z,1.2429200000,1.2440100000,1.2426500000,1.2437100000,11310,OTHER,false
2023-04-12T08:00:00Z,1.2437200000,1.2446200000,1.2408400000,1.2418300000,20307,LONDON,false
2023-04-12T12:00:00Z,1.2417900000,1.2470400000,1.2398200000,1.2446500000,21561,OTHER,false
2023-04-12T16:00:00Z,1.2446500000,1.2484500000,1.2438100000,1.2484200000,16122,OTHER,false
2023-04-12T20:00:00Z,1.2484200000,1.2495200000,1.2477600000,1.2484400000,6478,OTHER,false
2023-04-13T00:00:00Z,1.2482400000,1.2495100000,1.2475900000,1.2492300000,2997,OTHER,false
2023-04-13T04:00:00Z,1.2492300000,1.2495900000,1.2484700000,1.2489400000,4835,OTHER,false
2023-04-13T08:00:00Z,1.2489400000,1.2520400000,1.2478300000,1.2520000000,20650,LONDON,false
2023-04-13T12:00:00Z,1.2520000000,1.2535300000,1.2500800000,1.2531300000,27303,OTHER,false
2023-04-13T16:00:00Z,1.2531400000,1.2537500000,1.2500300000,1.2528900000,27446,OTHER,false
2023-04-13T20:00:00Z,1.2529000000,1.2535400000,1.2520500000,1.2523700000,11260,OTHER,false
2023-04-14T00:00:00Z,1.2521300000,1.2528200000,1.2510900000,1.2520400000,8100,OTHER,false
2023-04-14T04:00:00Z,1.2520400000,1.2546100000,1.2520000000,1.2540500000,17268,OTHER,false
2023-04-14T08:00:00Z,1.2540600000,1.2542000000,1.2502100000,1.2503700000,19293,LONDON,false
2023-04-14T12:00:00Z,1.2503700000,1.2525100000,1.2463200000,1.2485800000,25092,OTHER,false
2023-04-14T16:00:00Z,1.2486000000,1.2491600000,1.2399100000,1.2405100000,35882,OTHER,false
2023-04-14T20:00:00Z,1.2405200000,1.2418700000,1.2402700000,1.2413700000,11850,OTHER,false
2023-04-17T00:00:00Z,1.2402200000,1.2418800000,1.2390700000,1.2391000000,5177,OTHER,false
2023-04-17T04:00:00Z,1.2391200000,1.2412200000,1.2383000000,1.2412000000,13034,OTHER,false
2023-04-17T08:00:00Z,1.2412000000,1.2428300000,1.2374000000,1.2377400000,24713,LONDON,false
2023-04-17T12:00:00Z,1.2377200000,1.2438300000,1.2374200000,1.2409800000,26627,OTHER,false
2023-04-17T16:00:00Z,1.2409800000,1.2416300000,1.2353200000,1.2356100000,31296,OTHER,false
2023-04-17T20:00:00Z,1.2356200000,1.2378600000,1.2355700000,1.2376900000,8315,OTHER,false
2023-04-18T00:00:00Z,1.2375700000,1.2379500000,1.2360200000,1.2372900000,5035,OTHER,false
2023-04-18T04:00:00Z,1.2372800000,1.2387800000,1.2367500000,1.2383900000,13705,OTHER,false
2023-04-18T08:00:00Z,1.2383900000,1.2443100000,1.2381300000,1.2438100000,23764,LONDON,false
2023-04-18T12:00:00Z,1.2438200000,1.2449900000,1.2425400000,1.2429100000,23049,OTHER,false
2023-04-18T16:00:00Z,1.2429100000,1.2443000000,1.2412200000,1.2428600000,23502,OTHER,false
2023-04-18T20:00:00Z,1.2428700000,1.2431900000,1.2423200000,1.2425400000,8375,OTHER,false
2023-04-19T00:00:00Z,1.2423100000,1.2432100000,1.2422300000,1.2431100000,4432,OTHER,false
2023-04-19T04:00:00Z,1.2431000000,1.2434200000,1.2409200000,1.2418600000,9115,OTHER,false
2023-04-19T08:00:00Z,1.2418600000,1.2472500000,1.2402100000,1.2435900000,30208,LONDON,false
2023-04-19T12:00:00Z,1.2435800000,1.2449300000,1.2392200000,1.2440300000,26130,OTHER,false
2023-04-19T16:00:00Z,1.2440400000,1.2474200000,1.2434200000,1.2452100000,22122,OTHER,false
2023-04-19T20:00:00Z,1.2452200000,1.2454400000,1.2434700000,1.2437500000,9312,OTHER,false
2023-04-20T00:00:00Z,1.2438400000,1.2441200000,1.2424500000,1.2427000000,4841,OTHER,false
2023-04-20T04:00:00Z,1.2427000000,1.2434900000,1.2420200000,1.2429500000,10536,OTHER,false
2023-04-20T08:00:00Z,1.2429600000,1.2452400000,1.2415400000,1.2443100000,25173,LONDON,false
2023-04-20T12:00:00Z,1.2443100000,1.2460700000,1.2404600000,1.2454400000,24826,OTHER,false
2023-04-20T16:00:00Z,1.2454300000,1.2467700000,1.2441400000,1.2448900000,25018,OTHER,false
2023-04-20T20:00:00Z,1.2449100000,1.2452600000,1.2429300000,1.2443200000,10015,OTHER,false
2023-04-21T00:00:00Z,1.2441400000,1.2443600000,1.2429300000,1.2441300000,5492,OTHER,false
2023-04-21T04:00:00Z,1.2441300000,1.2446100000,1.2430600000,1.2432500000,8879,OTHER,false
2023-04-21T08:00:00Z,1.2432500000,1.2433900000,1.2377800000,1.2400000000,23707,LONDON,false
2023-04-21T12:00:00Z,1.2400000000,1.2413500000,1.2377100000,1.2413500000,20945,OTHER,false
2023-04-21T16:00:00Z,1.2413200000,1.2431400000,1.2366800000,1.2430200000,29405,OTHER,false
2023-04-21T20:00:00Z,1.2430100000,1.2448100000,1.2422400000,1.2443600000,9476,OTHER,false
2023-04-24T00:00:00Z,1.2438400000,1.2451700000,1.2434900000,1.2448100000,4610,OTHER,false
2023-04-24T04:00:00Z,1.2448100000,1.2450100000,1.2431100000,1.2435200000,12620,OTHER,false
2023-04-24T08:00:00Z,1.2435200000,1.2452800000,1.2410600000,1.2451600000,23558,LONDON,false
2023-04-24T12:00:00Z,1.2451500000,1.2459100000,1.2426300000,1.2453600000,22545,OTHER,false
2023-04-24T16:00:00Z,1.2453500000,1.2469600000,1.2432800000,1.2467200000,22996,OTHER,false
2023-04-24T20:00:00Z,1.2467400000,1.2485500000,1.2465300000,1.2483600000,6759,OTHER,false
2023-04-25T00:00:00Z,1.2484700000,1.2506800000,1.2469600000,1.2497200000,5189,OTHER,false
2023-04-25T04:00:00Z,1.2497300000,1.2506600000,1.2480700000,1.2482000000,10592,OTHER,false
2023-04-25T08:00:00Z,1.2481900000,1.2491200000,1.2455900000,1.2474100000,26436,LONDON,false
2023-04-25T12:00:00Z,1.2474100000,1.2479200000,1.2420400000,1.2424400000,22589,OTHER,false
2023-04-25T16:00:00Z,1.2424700000,1.2427400000,1.2386600000,1.2399400000,26521,OTHER,false
2023-04-25T20:00:00Z,1.2399300000,1.2413800000,1.2394800000,1.2410900000,12791,OTHER,false
2023-04-26T00:00:00Z,1.2408200000,1.2418100000,1.2401100000,1.2411200000,7120,OTHER,false
2023-04-26T04:00:00Z,1.2411100000,1.2425500000,1.2402400000,1.2424400000,14201,OTHER,false
2023-04-26T08:00:00Z,1.2424500000,1.2478900000,1.2421500000,1.2478900000,24396,LONDON,false
2023-04-26T12:00:00Z,1.2479000000,1.2490900000,1.2460000000,1.2472700000,30057,OTHER,false
2023-04-26T16:00:00Z,1.2472700000,1.2515400000,1.2459300000,1.2467500000,31325,OTHER,false
2023-04-26T20:00:00Z,1.2467500000,1.2474900000,1.2453800000,1.2469700000,11713,OTHER,false
2023-04-27T00:00:00Z,1.2466700000,1.2473600000,1.2454700000,1.2470700000,6590,OTHER,false
2023-04-27T04:00:00Z,1.2470700000,1.2477700000,1.2462800000,1.2474800000,15405,OTHER,false
2023-04-27T08:00:00Z,1.2474800000,1.2488400000,1.2456400000,1.2472500000,26074,LONDON,false
2023-04-27T12:00:00Z,1.2472600000,1.2500000000,1.2436000000,1.2448500000,28730,OTHER,false
2023-04-27T16:00:00Z,1.2449100000,1.2493800000,1.2441300000,1.2465700000,30073,OTHER,false
2023-04-27T20:00:00Z,1.2465800000,1.2499600000,1.2461500000,1.2498700000,12058,OTHER,false
2023-04-28T00:00:00Z,1.2496300000,1.2499900000,1.2459500000,1.2496400000,8005,OTHER,false
2023-04-28T04:00:00Z,1.2496400000,1.2503800000,1.2478100000,1.2482500000,19582,OTHER,false
2023-04-28T08:00:00Z,1.2482400000,1.2493800000,1.2449800000,1.2455400000,33227,LONDON,false
2023-04-28T12:00:00Z,1.2455300000,1.2490900000,1.2446400000,1.2487300000,29318,OTHER,false
2023-04-28T16:00:00Z,1.2487500000,1.2583800000,1.2485300000,1.2574400000,35275,OTHER,false
2023-04-28T20:00:00Z,1.2574500000,1.2575300000,1.2557400000,1.2567500000,10880,OTHER,false
2023-05-01T00:00:00Z,1.2555000000,1.2569900000,1.2550100000,1.2558500000,8541,OTHER,false
2023-05-01T04:00:00Z,1.2558600000,1.2569000000,1.2553500000,1.2557700000,11957,OTHER,false
2023-05-01T08:00:00Z,1.2557700000,1.2557700000,1.2517500000,1.2518000000,15869,LONDON,false
2023-05-01T12:00:00Z,1.2518100000,1.2557500000,1.2514200000,1.2555600000,15823,OTHER,false
2023-05-01T16:00:00Z,1.2555600000,1.2559700000,1.2480400000,1.2492900000,28280,OTHER,false
2023-05-01T20:00:00Z,1.2492900000,1.2495800000,1.2483600000,1.2493400000,12168,OTHER,false
2023-05-02T00:00:00Z,1.2493700000,1.2497500000,1.2483300000,1.2492300000,6714,OTHER,false
2023-05-02T04:00:00Z,1.2492300000,1.2512000000,1.2491700000,1.2496300000,15000,OTHER,false
2023-05-02T08:00:00Z,1.2496400000,1.2511800000,1.2463100000,1.2470600000,27722,LONDON,false
2023-05-02T12:00:00Z,1.2470700000,1.2484500000,1.2453400000,1.2458400000,24997,OTHER,false
2023-05-02T16:00:00Z,1.2458300000,1.2489500000,1.2435700000,1.2478300000,35501,OTHER,false
2023-05-02T20:00:00Z,1.2478300000,1.2478600000,1.2466900000,1.2467900000,9919,OTHER,false
2023-05-03T00:00:00Z,1.2466300000,1.2483800000,1.2459900000,1.2481700000,7600,OTHER,false
2023-05-03T04:00:00Z,1.2481700000,1.2493200000,1.2476500000,1.2487600000,10620,OTHER,false
2023-05-03T08:00:00Z,1.2487900000,1.2533600000,1.2481400000,1.2521100000,20415,LONDON,false
2023-05-03T12:00:00Z,1.2521000000,1.2528100000,1.2485300000,1.2497000000,22207,OTHER,false
2023-05-03T16:00:00Z,1.2497300000,1.2554800000,1.2494600000,1.2550900000,23728,OTHER,false
2023-05-03T20:00:00Z,1.2550900000,1.2589900000,1.2537800000,1.2563400000,29790,OTHER,false
2023-05-04T00:00:00Z,1.2563000000,1.2592100000,1.2538500000,1.2576800000,10709,OTHER,false
2023-05-04T04:00:00Z,1.2576900000,1.2590800000,1.2572200000,1.2582600000,14496,OTHER,false
2023-05-04T08:00:00Z,1.2582600000,1.2593300000,1.2556100000,1.2558200000,25123,LONDON,false
2023-05-04T12:00:00Z,1.2558200000,1.2585800000,1.2549000000,1.2551900000,29597,OTHER,false
2023-05-04T16:00:00Z,1.2551900000,1.2598600000,1.2548100000,1.2595300000,42699,OTHER,false
2023-05-04T20:00:00Z,1.2595200000,1.2597300000,1.2569500000,1.2572300000,11815,OTHER,false
2023-05-05T00:00:00Z,1.2571100000,1.2587600000,1.2561700000,1.2584200000,6426,OTHER,false
2023-05-05T04:00:00Z,1.2584200000,1.2614100000,1.2582000000,1.2606800000,9369,OTHER,false
2023-05-05T08:00:00Z,1.2606800000,1.2634200000,1.2597300000,1.2607600000,17181,LONDON,false
2023-05-05T12:00:00Z,1.2607600000,1.2617600000,1.2560000000,1.2569300000,21208,OTHER,false
2023-05-05T16:00:00Z,1.2569400000,1.2652600000,1.2568500000,1.2647200000,29486,OTHER,false
2023-05-05T20:00:00Z,1.2647100000,1.2647500000,1.2627900000,1.2631000000,10424,OTHER,false
2023-05-08T00:00:00Z,1.2629000000,1.2636800000,1.2624600000,1.2634200000,6540,OTHER,false
2023-05-08T04:00:00Z,1.2634100000,1.2653800000,1.2626600000,1.2651800000,11059,OTHER,false
2023-05-08T08:00:00Z,1.2651900000,1.2657500000,1.2631600000,1.2637600000,17919,LONDON,false
2023-05-08T12:00:00Z,1.2637600000,1.2668700000,1.2631700000,1.2646700000,15584,OTHER,false
2023-05-08T16:00:00Z,1.2646700000,1.2655000000,1.2626700000,1.2639100000,16904,OTHER,false
2023-05-08T20:00:00Z,1.2639300000,1.2644400000,1.2612900000,1.2619000000,7976,OTHER,false
2023-05-09T00:00:00Z,1.2616800000,1.2624000000,1.2603800000,1.2609200000,7386,OTHER,false
2023-05-09T04:00:00Z,1.2609200000,1.2618500000,1.2605000000,1.2612900000,10085,OTHER,false
2023-05-09T08:00:00Z,1.2612900000,1.2639700000,1.2596600000,1.2608700000,25024,LONDON,false
2023-05-09T12:00:00Z,1.2608700000,1.2625100000,1.2584700000,1.2586300000,21889,OTHER,false
2023-05-09T16:00:00Z,1.2586400000,1.2623300000,1.2578000000,1.2611300000,25385,OTHER,false
2023-05-09T20:00:00Z,1.2611300000,1.2629100000,1.2609700000,1.2621200000,10396,OTHER,false
2023-05-10T00:00:00Z,1.2619700000,1.2631500000,1.2609400000,1.2628000000,5533,OTHER,false
2023-05-10T04:00:00Z,1.2628300000,1.2634500000,1.2620800000,1.2621600000,7850,OTHER,false
2023-05-10T08:00:00Z,1.2621600000,1.2644600000,1.2611300000,1.2622500000,19030,LONDON,false
2023-05-10T12:00:00Z,1.2622500000,1.2679800000,1.2602500000,1.2673400000,21123,OTHER,false
2023-05-10T16:00:00Z,1.2673500000,1.2677500000,1.2607000000,1.2620000000,27601,OTHER,false
2023-05-10T20:00:00Z,1.2620000000,1.2631200000,1.2606400000,1.2625200000,10079,OTHER,false
2023-05-11T00:00:00Z,1.2623700000,1.2636900000,1.2613800000,1.2636700000,5947,OTHER,false
2023-05-11T04:00:00Z,1.2636700000,1.2640500000,1.2613400000,1.2617700000,10334,OTHER,false
2023-05-11T08:00:00Z,1.2617700000,1.2624900000,1.2565300000,1.2583200000,22719,LONDON,false
2023-05-11T12:00:00Z,1.2583600000,1.2615700000,1.2567900000,1.2585700000,31326,OTHER,false
2023-05-11T16:00:00Z,1.2585800000,1.2585800000,1.2496500000,1.2512500000,29489,OTHER,false
2023-05-11T20:00:00Z,1.2512500000,1.2516900000,1.2504700000,1.2512900000,7451,OTHER,false
2023-05-12T00:00:00Z,1.2510500000,1.2517800000,1.2504100000,1.2517600000,4576,OTHER,false
2023-05-12T04:00:00Z,1.2517600000,1.2526700000,1.2508100000,1.2524800000,9879,OTHER,false
2023-05-12T08:00:00Z,1.2524700000,1.2540500000,1.2506400000,1.2532400000,21437,LONDON,false
2023-05-12T12:00:00Z,1.2532400000,1.2540900000,1.2491700000,1.2505600000,21545,OTHER,false
2023-05-12T16:00:00Z,1.2505600000,1.2519900000,1.2448800000,1.2451600000,26655,OTHER,false
2023-05-12T20:00:00Z,1.2451300000,1.2458700000,1.2444600000,1.2448100000,7167,OTHER,false
2023-05-15T00:00:00Z,1.2446000000,1.2455200000,1.2443200000,1.2450200000,5245,OTHER,false
2023-05-15T04:00:00Z,1.2450400000,1.2466100000,1.2450100000,1.2462500000,11182,OTHER,false
2023-05-15T08:00:00Z,1.2462500000,1.2491300000,1.2461800000,1.2488600000,16683,LONDON,false
2023-05-15T12:00:00Z,1.2488700000,1.2520800000,1.2476600000,1.2507400000,18939,OTHER,false
2023-05-15T16:00:00Z,1.2507200000,1.2533000000,1.2503400000,1.2533000000,18879,OTHER,false
2023-05-15T20:00:00Z,1.2532900000,1.2534500000,1.2524700000,1.2526800000,5704,OTHER,false
2023-05-16T00:00:00Z,1.2526600000,1.2531500000,1.2509600000,1.2530100000,3697,OTHER,false
2023-05-16T04:00:00Z,1.2530100000,1.2532100000,1.2514500000,1.2525700000,8203,OTHER,false
2023-05-16T08:00:00Z,1.2525700000,1.2532800000,1.2465300000,1.2522200000,21837,LONDON,false
2023-05-16T12:00:00Z,1.2522200000,1.2546500000,1.2495200000,1.2513500000,19489,OTHER,false
2023-05-16T16:00:00Z,1.2513500000,1.2536100000,1.2476700000,1.2485200000,25638,OTHER,false
2023-05-16T20:00:00Z,1.2485200000,1.2490200000,1.2477200000,1.2483300000,8125,OTHER,false
2023-05-17T00:00:00Z,1.2483100000,1.2490000000,1.2474900000,1.2485700000,4488,OTHER,false
2023-05-17T04:00:00Z,1.2485700000,1.2493300000,1.2476900000,1.2478300000,8846,OTHER,false
2023-05-17T08:00:00Z,1.2478300000,1.2479500000,1.2421600000,1.2427300000,20594,LONDON,false
2023-05-17T12:00:00Z,1.2427300000,1.2477700000,1.2422400000,1.2469600000,20025,OTHER,false
2023-05-17T16:00:00Z,1.2469600000,1.2507500000,1.2444000000,1.2504100000,25700,OTHER,false
2023-05-17T20:00:00Z,1.2504300000,1.2510300000,1.2482800000,1.2485700000,9927,OTHER,false
2023-05-18T00:00:00Z,1.2484600000,1.2491600000,1.2478100000,1.2484200000,5068,OTHER,false
2023-05-18T04:00:00Z,1.2484200000,1.2492800000,1.2472500000,1.2474200000,10364,OTHER,false
2023-05-18T08:00:00Z,1.2474200000,1.2476300000,1.2431900000,1.2437700000,20975,LONDON,false
2023-05-18T12:00:00Z,1.2437500000,1.2449100000,1.2414600000,1.2424400000,20103,OTHER,false
2023-05-18T16:00:00Z,1.2424500000,1.2437500000,1.2394800000,1.2395900000,24993,OTHER,false
2023-05-18T20:00:00Z,1.2395800000,1.2412200000,1.2391600000,1.2407700000,9402,OTHER,false
2023-05-19T00:00:00Z,1.2407300000,1.2416400000,1.2397800000,1.2413000000,6036,OTHER,false
2023-05-19T04:00:00Z,1.2412800000,1.2414000000,1.2391700000,1.2396500000,11250,OTHER,false
2023-05-19T08:00:00Z,1.2396500000,1.2427200000,1.2395100000,1.2408600000,19598,LONDON,false
2023-05-19T12:00:00Z,1.2408800000,1.2467800000,1.2408700000,1.2448500000,22053,OTHER,false
2023-05-19T16:00:00Z,1.2448100000,1.2484300000,1.2421600000,1.2466500000,29613,OTHER,false
2023-05-19T20:00:00Z,1.2466600000,1.2470500000,1.2435800000,1.2446100000,9396,OTHER,false
2023-05-22T00:00:00Z,1.2438000000,1.2467700000,1.2438000000,1.2466400000,5517,OTHER,false
2023-05-22T04:00:00Z,1.2466300000,1.2472000000,1.2456000000,1.2457200000,12414,OTHER,false
2023-05-22T08:00:00Z,1.2457200000,1.2457800000,1.2413800000,1.2441200000,21547,LONDON,false
2023-05-22T12:00:00Z,1.2441200000,1.2470800000,1.2440800000,1.2459700000,22048,OTHER,false
2023-05-22T16:00:00Z,1.2459700000,1.2460000000,1.2414100000,1.2420600000,23820,OTHER,false
2023-05-22T20:00:00Z,1.2420300000,1.2443700000,1.2419800000,1.2437400000,8197,OTHER,false
2023-05-23T00:00:00Z,1.2435300000,1.2446300000,1.2422900000,1.2439200000,6531,OTHER,false
2023-05-23T04:00:00Z,1.2439100000,1.2439400000,1.2425400000,1.2435900000,12451,OTHER,false
2023-05-23T08:00:00Z,1.2435900000,1.2437300000,1.2385000000,1.2409400000,23575,LONDON,false
2023-05-23T12:00:00Z,1.2409400000,1.2413500000,1.2372800000,1.2379200000,22064,OTHER,false
2023-05-23T16:00:00Z,1.2379200000,1.2434100000,1.2376700000,1.2415400000,28808,OTHER,false
2023-05-23T20:00:00Z,1.2415400000,1.2424100000,1.2408600000,1.2415600000,11010,OTHER,false
2023-05-24T00:00:00Z,1.2413200000,1.2429100000,1.2409000000,1.2425100000,4574,OTHER,false
2023-05-24T04:00:00Z,1.2425100000,1.2437000000,1.2414900000,1.2434600000,11802,OTHER,false
2023-05-24T08:00:00Z,1.2434600000,1.2469500000,1.2402300000,1.2422200000,28106,LONDON,false
2023-05-24T12:00:00Z,1.2422200000,1.2428100000,1.2363900000,1.2402200000,26373,OTHER,false
2023-05-24T16:00:00Z,1.2402400000,1.2415200000,1.2357600000,1.2371300000,29049,OTHER,false
2023-05-24T20:00:00Z,1.2371100000,1.2377500000,1.2357800000,1.2365900000,14301,OTHER,false
2023-05-25T00:00:00Z,1.2363300000,1.2370900000,1.2354000000,1.2363700000,6728,OTHER,false
2023-05-25T04:00:00Z,1.2363300000,1.2367200000,1.2331900000,1.2341100000,11240,OTHER,false
2023-05-25T08:00:00Z,1.2340800000,1.2380200000,1.2333100000,1.2367700000,21778,LONDON,false
2023-05-25T12:00:00Z,1.2367600000,1.2387000000,1.2338700000,1.2340800000,23713,OTHER,false
2023-05-25T16:00:00Z,1.2340800000,1.2361300000,1.2309000000,1.2309200000,26097,OTHER,false
2023-05-25T20:00:00Z,1.2309200000,1.2333000000,1.2307900000,1.2320700000,10583,OTHER,false
2023-05-26T00:00:00Z,1.2320300000,1.2325200000,1.2310700000,1.2322500000,5909,OTHER,false
2023-05-26T04:00:00Z,1.2322500000,1.2336500000,1.2321900000,1.2335600000,11850,OTHER,false
2023-05-26T08:00:00Z,1.2335600000,1.2369100000,1.2331300000,1.2353400000,25859,LONDON,false
2023-05-26T12:00:00Z,1.2353200000,1.2395300000,1.2346000000,1.2371400000,27435,OTHER,false
2023-05-26T16:00:00Z,1.2371300000,1.2381600000,1.2320900000,1.2343300000,29834,OTHER,false
2023-05-26T20:00:00Z,1.2343300000,1.2356700000,1.2343000000,1.2350300000,8662,OTHER,false
2023-05-29T00:00:00Z,1.2332500000,1.2352400000,1.2332000000,1.2346300000,6325,OTHER,false
2023-05-29T04:00:00Z,1.2346300000,1.2357500000,1.2343300000,1.2355400000,12674,OTHER,false
2023-05-29T08:00:00Z,1.2355500000,1.2371900000,1.2334900000,1.2346500000,16756,LONDON,false
2023-05-29T12:00:00Z,1.2346400000,1.2352800000,1.2336400000,1.2346600000,11357,OTHER,false
2023-05-29T16:00:00Z,1.2346700000,1.2362300000,1.2342500000,1.2359500000,5272,OTHER,false
2023-05-29T20:00:00Z,1.2359500000,1.2361800000,1.2353500000,1.2355400000,4803,OTHER,false
2023-05-30T00:00:00Z,1.2351600000,1.2363200000,1.2343000000,1.2360500000,8143,OTHER,false
2023-05-30T04:00:00Z,1.2360500000,1.2378800000,1.2342900000,1.2357000000,14897,OTHER,false
2023-05-30T08:00:00Z,1.2357000000,1.2378500000,1.2327100000,1.2376100000,24532,LONDON,false
2023-05-30T12:00:00Z,1.2376100000,1.2446500000,1.2368300000,1.2423000000,25199,OTHER,false
2023-05-30T16:00:00Z,1.2423100000,1.2439700000,1.2393200000,1.2397800000,23698,OTHER,false
2023-05-30T20:00:00Z,1.2397800000,1.2412000000,1.2383400000,1.2412000000,9690,OTHER,false
2023-05-31T00:00:00Z,1.2410800000,1.2425900000,1.2392100000,1.2422200000,5372,OTHER,false
2023-05-31T04:00:00Z,1.2422200000,1.2422500000,1.2381600000,1.2392300000,13844,OTHER,false
2023-05-31T08:00:00Z,1.2392300000,1.2399400000,1.2347900000,1.2351900000,25432,LONDON,false
2023-05-31T12:00:00Z,1.2351800000,1.2374900000,1.2349500000,1.2364000000,18065,OTHER,false
2023-05-31T16:00:00Z,1.2364100000,1.2414000000,1.2356600000,1.2386500000,37692,OTHER,false
2023-05-31T20:00:00Z,1.2386500000,1.2443300000,1.2380900000,1.2442700000,18551,OTHER,false
2023-06-01T00:00:00Z,1.2438000000,1.2449400000,1.2424200000,1.2438600000,7864,OTHER,false
2023-06-01T04:00:00Z,1.2438500000,1.2442800000,1.2427300000,1.2432600000,15412,OTHER,false
2023-06-01T08:00:00Z,1.2432500000,1.2441000000,1.2400700000,1.2431100000,23498,LONDON,false
2023-06-01T12:00:00Z,1.2431200000,1.2486600000,1.2425600000,1.2484200000,25875,OTHER,false
2023-06-01T16:00:00Z,1.2484200000,1.2539600000,1.2474100000,1.2532800000,30344,OTHER,false
2023-06-01T20:00:00Z,1.2532900000,1.2535300000,1.2521400000,1.2525800000,11075,OTHER,false
2023-06-02T00:00:00Z,1.2524600000,1.2531200000,1.2515800000,1.2525100000,6593,OTHER,false
2023-06-02T04:00:00Z,1.2525000000,1.2544500000,1.2522400000,1.2529300000,12320,OTHER,false
2023-06-02T08:00:00Z,1.2529400000,1.2543600000,1.2521700000,1.2536000000,20565,LONDON,false
2023-06-02T12:00:00Z,1.2535900000,1.2541500000,1.2493500000,1.2513700000,24581,OTHER,false
2023-06-02T16:00:00Z,1.2513800000,1.2535400000,1.2449200000,1.2449600000,31260,OTHER,false
2023-06-02T20:00:00Z,1.2449700000,1.2458300000,1.2441300000,1.2450000000,11632,OTHER,false
2023-06-05T00:00:00Z,1.2442200000,1.2453500000,1.2425800000,1.2431300000,8282,OTHER,false
2023-06-05T04:00:00Z,1.2431300000,1.2439700000,1.2427200000,1.2432600000,15182,OTHER,false
2023-06-05T08:00:00Z,1.2432600000,1.2437900000,1.2388100000,1.2407600000,23267,LONDON,false
2023-06-05T12:00:00Z,1.2407600000,1.2409300000,1.2368200000,1.2375800000,16122,OTHER,false
2023-06-05T16:00:00Z,1.2375800000,1.2443400000,1.2373300000,1.2435400000,29990,OTHER,false
2023-06-05T20:00:00Z,1.2435500000,1.2437300000,1.2426800000,1.2434100000,11600,OTHER,false
2023-06-06T00:00:00Z,1.2432000000,1.2437000000,1.2411100000,1.2434500000,4651,OTHER,false
2023-06-06T04:00:00Z,1.2434600000,1.2451000000,1.2432200000,1.2449900000,12512,OTHER,false
2023-06-06T08:00:00Z,1.2450000000,1.2458700000,1.2419200000,1.2421100000,26537,LONDON,false
2023-06-06T12:00:00Z,1.2421200000,1.2424200000,1.2391500000,1.2400900000,20210,OTHER,false
2023-06-06T16:00:00Z,1.2400800000,1.2428700000,1.2394500000,1.2426600000,24382,OTHER,false
2023-06-06T20:00:00Z,1.2426800000,1.2431200000,1.2418400000,1.2422300000,9030,OTHER,false
2023-06-07T00:00:00Z,1.2422300000,1.2437900000,1.2414400000,1.2431100000,4546,OTHER,false
2023-06-07T04:00:00Z,1.2431200000,1.2433400000,1.2416800000,1.2423200000,12503,OTHER,false
2023-06-07T08:00:00Z,1.2423200000,1.2439400000,1.2395000000,1.2439300000,19384,LONDON,false
2023-06-07T12:00:00Z,1.2439500000,1.2472000000,1.2430800000,1.2464000000,21526,OTHER,false
2023-06-07T16:00:00Z,1.2464100000,1.2500100000,1.2431900000,1.2433800000,30784,OTHER,false
2023-06-07T20:00:00Z,1.2433700000,1.2446300000,1.2427000000,1.2438100000,13916,OTHER,false
2023-06-08T00:00:00Z,1.2436000000,1.2450600000,1.2424300000,1.2449000000,4716,OTHER,false
2023-06-08T04:00:00Z,1.2449200000,1.2454400000,1.2442100000,1.2453600000,14473,OTHER,false
2023-06-08T08:00:00Z,1.2453600000,1.2478900000,1.2441400000,1.2478000000,21733,LONDON,false
2023-06-08T12:00:00Z,1.2478000000,1.2497600000,1.2453500000,1.2482900000,22802,OTHER,false
2023-06-08T16:00:00Z,1.2482800000,1.2557700000,1.2480800000,1.2554300000,29289,OTHER,false
2023-06-08T20:00:00Z,1.2554000000,1.2560700000,1.2547600000,1.2557900000,11044,OTHER,false
2023-06-09T00:00:00Z,1.2559000000,1.2563300000,1.2545100000,1.2554600000,4662,OTHER,false
2023-06-09T04:00:00Z,1.2554700000,1.2556800000,1.2545000000,1.2545500000,12902,OTHER,false
2023-06-09T08:00:00Z,1.2545400000,1.2567900000,1.2534000000,1.2542300000,20548,LONDON,false
2023-06-09T12:00:00Z,1.2542600000,1.2578900000,1.2535800000,1.2568600000,22391,OTHER,false
2023-06-09T16:00:00Z,1.2568500000,1.2590300000,1.2562500000,1.2582100000,25077,OTHER,false
2023-06-09T20:00:00Z,1.2582100000,1.2583100000,1.2571900000,1.2579500000,6984,OTHER,false
2023-06-12T00:00:00Z,1.2557000000,1.2585000000,1.2535500000,1.2576000000,5346,OTHER,false
2023-06-12T04:00:00Z,1.2575500000,1.2576600000,1.2564600000,1.2570100000,11257,OTHER,false
2023-06-12T08:00:00Z,1.2570100000,1.2596700000,1.2569200000,1.2591200000,18487,LONDON,false
2023-06-12T12:00:00Z,1.2591200000,1.2599400000,1.2551000000,1.2551100000,19960,OTHER,false
2023-06-12T16:00:00Z,1.2551100000,1.2555600000,1.2486800000,1.2494300000,24977,OTHER,false
2023-06-12T20:00:00Z,1.2494400000,1.2513500000,1.2492300000,1.2513300000,10014,OTHER,false
2023-06-13T00:00:00Z,1.2510300000,1.2520700000,1.2493100000,1.2517500000,4884,OTHER,false
2023-06-13T04:00:00Z,1.2517500000,1.2535200000,1.2514000000,1.2531500000,12598,OTHER,false
2023-06-13T08:00:00Z,1.2531500000,1.2577000000,1.2528200000,1.2565300000,25823,LONDON,false
2023-06-13T12:00:00Z,1.2565400000,1.2605400000,1.2556100000,1.2594400000,27575,OTHER,false
2023-06-13T16:00:00Z,1.2594300000,1.2624800000,1.2572200000,1.2623100000,30514,OTHER,false
2023-06-13T20:00:00Z,1.2623100000,1.2624200000,1.2592800000,1.2610800000,12970,OTHER,false
2023-06-14T00:00:00Z,1.2610000000,1.2613300000,1.2590500000,1.2608500000,6846,OTHER,false
2023-06-14T04:00:00Z,1.2608400000,1.2617200000,1.2605400000,1.2612200000,12061,OTHER,false
2023-06-14T08:00:00Z,1.2612200000,1.2637700000,1.2600700000,1.2634300000,20682,LONDON,false
2023-06-14T12:00:00Z,1.2634200000,1.2678500000,1.2632000000,1.2674400000,19023,OTHER,false
2023-06-14T16:00:00Z,1.2674200000,1.2699000000,1.2671300000,1.2695100000,19923,OTHER,false
2023-06-14T20:00:00Z,1.2694900000,1.2694900000,1.2626500000,1.2660600000,35181,OTHER,false
2023-06-15T00:00:00Z,1.2659800000,1.2673800000,1.2649200000,1.2658800000,4524,OTHER,false
2023-06-15T04:00:00Z,1.2658700000,1.2659600000,1.2629400000,1.2637800000,17560,OTHER,false
2023-06-15T08:00:00Z,1.2637900000,1.2672300000,1.2631600000,1.2660700000,21880,LONDON,false
2023-06-15T12:00:00Z,1.2660700000,1.2669900000,1.2640700000,1.2668000000,22964,OTHER,false
2023-06-15T16:00:00Z,1.2667600000,1.2776200000,1.2663000000,1.2773900000,24739,OTHER,false
2023-06-15T20:00:00Z,1.2773900000,1.2785500000,1.2767600000,1.2783400000,11086,OTHER,false
2023-06-16T00:00:00Z,1.2783400000,1.2792900000,1.2775200000,1.2781500000,6792,OTHER,false
2023-06-16T04:00:00Z,1.2781300000,1.2788500000,1.2768100000,1.2779500000,14040,OTHER,false
2023-06-16T08:00:00Z,1.2779200000,1.2818200000,1.2777600000,1.2795800000,24185,LONDON,false
2023-06-16T12:00:00Z,1.2795700000,1.2848200000,1.2784000000,1.2815600000,20206,OTHER,false
2023-06-16T16:00:00Z,1.2815600000,1.2847300000,1.2803700000,1.2826900000,29400,OTHER,false
2023-06-16T20:00:00Z,1.2826700000,1.2835200000,1.2819600000,1.2820200000,14203,OTHER,false
2023-06-19T00:00:00Z,1.2817500000,1.2836700000,1.2816900000,1.2820700000,5342,OTHER,false
2023-06-19T04:00:00Z,1.2820700000,1.2825300000,1.2810400000,1.2813300000,14362,OTHER,false
2023-06-19T08:00:00Z,1.2813300000,1.2830700000,1.2808100000,1.2817800000,22383,LONDON,false
2023-06-19T12:00:00Z,1.2817900000,1.2820100000,1.2802400000,1.2808600000,18477,OTHER,false
2023-06-19T16:00:00Z,1.2808600000,1.2812900000,1.2770500000,1.2773700000,15190,OTHER,false
2023-06-19T20:00:00Z,1.2773700000,1.2787000000,1.2773200000,1.2787000000,4226,OTHER,false
2023-06-20T00:00:00Z,1.2791100000,1.2806400000,1.2768900000,1.2801400000,8756,OTHER,false
2023-06-20T04:00:00Z,1.2801400000,1.2804400000,1.2778300000,1.2778600000,18782,OTHER,false
2023-06-20T08:00:00Z,1.2778600000,1.2806300000,1.2762200000,1.2783600000,28211,LONDON,false
2023-06-20T12:00:00Z,1.2783700000,1.2787800000,1.2725900000,1.2739600000,24445,OTHER,false
2023-06-20T16:00:00Z,1.2739200000,1.2756600000,1.2713500000,1.2755000000,32351,OTHER,false
2023-06-20T20:00:00Z,1.2755000000,1.2768700000,1.2747100000,1.2763600000,13223,OTHER,false
2023-06-21T00:00:00Z,1.2763900000,1.2766400000,1.2741600000,1.2758900000,7109,OTHER,false
2023-06-21T04:00:00Z,1.2759000000,1.2768100000,1.2753800000,1.2764700000,16924,OTHER,false
2023-06-21T08:00:00Z,1.2764800000,1.2802700000,1.2715300000,1.2720400000,31185,LONDON,false
2023-06-21T12:00:00Z,1.2720300000,1.2735000000,1.2691100000,1.2730800000,28752,OTHER,false
2023-06-21T16:00:00Z,1.2730600000,1.2760200000,1.2702100000,1.2756200000,36643,OTHER,false
2023-06-21T20:00:00Z,1.2756200000,1.2785400000,1.2752700000,1.2767500000,15643,OTHER,false
2023-06-22T00:00:00Z,1.2768300000,1.2773300000,1.2753900000,1.2768300000,8643,OTHER,false
2023-06-22T04:00:00Z,1.2768400000,1.2773600000,1.2757800000,1.2758800000,15864,OTHER,false
2023-06-22T08:00:00Z,1.2758800000,1.2787800000,1.2739000000,1.2775800000,26361,LONDON,false
2023-06-22T12:00:00Z,1.2775700000,1.2844800000,1.2737500000,1.2748800000,33208,OTHER,false
2023-06-22T16:00:00Z,1.2748500000,1.2763800000,1.2727300000,1.2732700000,32157,OTHER,false
2023-06-22T20:00:00Z,1.2732700000,1.2748000000,1.2725600000,1.2746300000,13767,OTHER,false
2023-06-23T00:00:00Z,1.2740700000,1.2748800000,1.2734200000,1.2746400000,7236,OTHER,false
2023-06-23T04:00:00Z,1.2746500000,1.2748400000,1.2696400000,1.2707600000,16336,OTHER,false
2023-06-23T08:00:00Z,1.2707700000,1.2730600000,1.2684700000,1.2701200000,31844,LONDON,false
2023-06-23T12:00:00Z,1.2701100000,1.2736500000,1.2690300000,1.2711600000,26311,OTHER,false
2023-06-23T16:00:00Z,1.2711700000,1.2728500000,1.2688600000,1.2698500000,30706,OTHER,false
2023-06-23T20:00:00Z,1.2698700000,1.2721700000,1.2698600000,1.2714300000,13490,OTHER,false
2023-06-26T00:00:00Z,1.2707400000,1.2735300000,1.2699500000,1.2733400000,9324,OTHER,false
2023-06-26T04:00:00Z,1.2733300000,1.2738600000,1.2726800000,1.2732200000,19101,OTHER,false
2023-06-26T08:00:00Z,1.2732200000,1.2748600000,1.2710400000,1.2737100000,26761,LONDON,false
2023-06-26T12:00:00Z,1.2736900000,1.2744900000,1.2687800000,1.2711500000,28291,OTHER,false
2023-06-26T16:00:00Z,1.2711300000,1.2727700000,1.2694600000,1.2721900000,32499,OTHER,false
2023-06-26T20:00:00Z,1.2721900000,1.2725800000,1.2709800000,1.2710800000,12218,OTHER,false
2023-06-27T00:00:00Z,1.2707300000,1.2715800000,1.2703300000,1.2705000000,9817,OTHER,false
2023-06-27T04:00:00Z,1.2705000000,1.2736400000,1.2704300000,1.2729400000,23431,OTHER,false
2023-06-27T08:00:00Z,1.2729400000,1.2758300000,1.2726000000,1.2737300000,31460,LONDON,false
2023-06-27T12:00:00Z,1.2737300000,1.2744300000,1.2711600000,1.2737600000,32235,OTHER,false
2023-06-27T16:00:00Z,1.2737500000,1.2759400000,1.2733100000,1.2749700000,42406,OTHER,false
2023-06-27T20:00:00Z,1.2749700000,1.2757400000,1.2743100000,1.2748300000,17566,OTHER,false
2023-06-28T00:00:00Z,1.2748500000,1.2751800000,1.2741900000,1.2743400000,10786,OTHER,false
2023-06-28T04:00:00Z,1.2743400000,1.2745900000,1.2723900000,1.2725600000,26858,OTHER,false
2023-06-28T08:00:00Z,1.2725600000,1.2736200000,1.2701900000,1.2711200000,21112,LONDON,false
2023-06-28T12:00:00Z,1.2711200000,1.2714900000,1.2632300000,1.2640300000,33305,OTHER,false
2023-06-28T16:00:00Z,1.2640200000,1.2650200000,1.2606400000,1.2648000000,41266,OTHER,false
2023-06-28T20:00:00Z,1.2648100000,1.2653500000,1.2634300000,1.2634500000,14302,OTHER,false
2023-06-29T00:00:00Z,1.2634800000,1.2645600000,1.2625100000,1.2634100000,5851,OTHER,false
2023-06-29T04:00:00Z,1.2634200000,1.2646400000,1.2617300000,1.2620200000,19251,OTHER,false
2023-06-29T08:00:00Z,1.2620200000,1.2653900000,1.2614600000,1.2646000000,28888,LONDON,false
2023-06-29T12:00:00Z,1.2646000000,1.2666900000,1.2600400000,1.2606500000,28529,OTHER,false
2023-06-29T16:00:00Z,1.2606400000,1.2631400000,1.2591000000,1.2623500000,43104,OTHER,false
2023-06-29T20:00:00Z,1.2623400000,1.2624500000,1.2608000000,1.2611900000,14121,OTHER,false
2023-06-30T00:00:00Z,1.2612900000,1.2619600000,1.2605000000,1.2617200000,6638,OTHER,false
2023-06-30T04:00:00Z,1.2617200000,1.2625800000,1.2610100000,1.2623300000,19380,OTHER,false
2023-06-30T08:00:00Z,1.2623300000,1.2651100000,1.2599300000,1.2614800000,24956,LONDON,false
2023-06-30T12:00:00Z,1.2614800000,1.2690700000,1.2610900000,1.2684800000,21949,OTHER,false
2023-06-30T16:00:00Z,1.2684800000,1.2727600000,1.2681800000,1.2716000000,35606,OTHER,false
2023-06-30T20:00:00Z,1.2716000000,1.2722000000,1.2691900000,1.2693000000,12599,OTHER,false
2023-07-03T00:00:00Z,1.2684900000,1.2705800000,1.2683800000,1.2690000000,4127,OTHER,false
2023-07-03T04:00:00Z,1.2690000000,1.2706900000,1.2688200000,1.2705200000,6961,OTHER,false
2023-07-03T08:00:00Z,1.2705200000,1.2705300000,1.2658300000,1.2670200000,16438,LONDON,false
2023-07-03T12:00:00Z,1.2670200000,1.2695300000,1.2661700000,1.2694000000,21124,OTHER,false
2023-07-03T16:00:00Z,1.2694000000,1.2723200000,1.2673900000,1.2697000000,32700,OTHER,false
2023-07-03T20:00:00Z,1.2696900000,1.2700400000,1.2680800000,1.2690700000,4034,OTHER,false
2023-07-04T00:00:00Z,1.2691100000,1.2700100000,1.2674800000,1.2697000000,2533,OTHER,false
2023-07-04T04:00:00Z,1.2697000000,1.2701600000,1.2684700000,1.2686500000,6546,OTHER,false
2023-07-04T08:00:00Z,1.2686500000,1.2710700000,1.2683400000,1.2696100000,13454,LONDON,false
2023-07-04T12:00:00Z,1.2696100000,1.2739100000,1.2693600000,1.2736000000,14111,OTHER,false
2023-07-04T16:00:00Z,1.2735900000,1.2737400000,1.2716700000,1.2718600000,11279,OTHER,false
2023-07-04T20:00:00Z,1.2718700000,1.2724000000,1.2707700000,1.2709100000,3012,OTHER,false
2023-07-05T00:00:00Z,1.2709000000,1.2721000000,1.2706500000,1.2713400000,2815,OTHER,false
2023-07-05T04:00:00Z,1.2713500000,1.2716200000,1.2699900000,1.2705600000,5232,OTHER,false
2023-07-05T08:00:00Z,1.2705600000,1.2722500000,1.2695300000,1.2712100000,18354,LONDON,false
2023-07-05T12:00:00Z,1.2712100000,1.2726300000,1.2688000000,1.2714900000,18850,OTHER,false
2023-07-05T16:00:00Z,1.2715000000,1.2735300000,1.2701300000,1.2707400000,21219,OTHER,false
2023-07-05T20:00:00Z,1.2707500000,1.2712100000,1.2691500000,1.2703600000,9649,OTHER,false
2023-07-06T00:00:00Z,1.2690600000,1.2706900000,1.2687700000,1.2697100000,7529,OTHER,false
2023-07-06T04:00:00Z,1.2697000000,1.2711700000,1.2689600000,1.2703800000,9071,OTHER,false
2023-07-06T08:00:00Z,1.2703800000,1.2731100000,1.2698700000,1.2710800000,22114,LONDON,false
2023-07-06T12:00:00Z,1.2710900000,1.2780800000,1.2706000000,1.2746000000,35005,OTHER,false
2023-07-06T16:00:00Z,1.2746000000,1.2759700000,1.2673400000,1.2727100000,43516,OTHER,false
2023-07-06T20:00:00Z,1.2727200000,1.2743700000,1.2724000000,1.2739500000,8568,OTHER,false
2023-07-07T00:00:00Z,1.2731200000,1.2744900000,1.2726900000,1.2731500000,3191,OTHER,false
2023-07-07T04:00:00Z,1.2731500000,1.2744100000,1.2726500000,1.2740400000,7367,OTHER,false
2023-07-07T08:00:00Z,1.2740500000,1.2749500000,1.2725700000,1.2734600000,16678,LONDON,false
2023-07-07T12:00:00Z,1.2734500000,1.2807800000,1.2733400000,1.2780400000,32365,OTHER,false
2023-07-07T16:00:00Z,1.2780300000,1.2849400000,1.2753600000,1.2849100000,35921,OTHER,false
2023-07-07T20:00:00Z,1.2849200000,1.2849200000,1.2829500000,1.2838300000,8844,OTHER,false
2023-07-10T00:00:00Z,1.2825600000,1.2841500000,1.2821800000,1.2825200000,4806,OTHER,false
2023-07-10T04:00:00Z,1.2825200000,1.2834000000,1.2809000000,1.2810200000,8434,OTHER,false
2023-07-10T08:00:00Z,1.2810200000,1.2825200000,1.2798200000,1.2818200000,15021,LONDON,false
2023-07-10T12:00:00Z,1.2818200000,1.2824200000,1.2750100000,1.2753500000,22352,OTHER,false
2023-07-10T16:00:00Z,1.2753500000,1.2846500000,1.2753500000,1.2845900000,28174,OTHER,false
2023-07-10T20:00:00Z,1.2845900000,1.2868200000,1.2843000000,1.2860700000,9260,OTHER,false
2023-07-11T00:00:00Z,1.2856300000,1.2869200000,1.2850700000,1.2868300000,2999,OTHER,false
2023-07-11T04:00:00Z,1.2868300000,1.2883700000,1.2864700000,1.2878400000,7483,OTHER,false
2023-07-11T08:00:00Z,1.2878400000,1.2913200000,1.2867300000,1.2885800000,22814,LONDON,false
2023-07-11T12:00:00Z,1.2885900000,1.2934900000,1.2884900000,1.2896700000,25876,OTHER,false
2023-07-11T16:00:00Z,1.2896600000,1.2922500000,1.2885900000,1.2922500000,28649,OTHER,false
2023-07-11T20:00:00Z,1.2922800000,1.2933500000,1.2914800000,1.2930000000,10973,OTHER,false
2023-07-12T00:00:00Z,1.2932100000,1.2952900000,1.2927900000,1.2946600000,4121,OTHER,false
2023-07-12T04:00:00Z,1.2946600000,1.2969200000,1.2945500000,1.2966300000,9220,OTHER,false
2023-07-12T08:00:00Z,1.2966300000,1.2966800000,1.2932000000,1.2932200000,16470,LONDON,false
2023-07-12T12:00:00Z,1.2932200000,1.2975900000,1.2904000000,1.2947900000,31003,OTHER,false
2023-07-12T16:00:00Z,1.2947900000,1.3000700000,1.2946300000,1.2996100000,45938,OTHER,false
2023-07-12T20:00:00Z,1.2996100000,1.2996200000,1.2976300000,1.2986800000,13356,OTHER,false
2023-07-13T00:00:00Z,1.2985600000,1.3000100000,1.2974600000,1.2991000000,5406,OTHER,false
2023-07-13T04:00:00Z,1.2991000000,1.3018600000,1.2988600000,1.3006300000,9213,OTHER,false
2023-07-13T08:00:00Z,1.3006300000,1.3061600000,1.2984600000,1.3042500000,25480,LONDON,false
2023-07-13T12:00:00Z,1.3042500000,1.3083500000,1.3036100000,1.3083100000,28849,OTHER,false
2023-07-13T16:00:00Z,1.3083100000,1.3115800000,1.3078900000,1.3113800000,30876,OTHER,false
2023-07-13T20:00:00Z,1.3113700000,1.3140900000,1.3108900000,1.3134800000,11873,OTHER,false
2023-07-14T00:00:00Z,1.3129100000,1.3139100000,1.3116600000,1.3120400000,6916,OTHER,false
2023-07-14T04:00:00Z,1.3120400000,1.3142000000,1.3119200000,1.3130900000,8839,OTHER,false
2023-07-14T08:00:00Z,1.3130900000,1.3132500000,1.3093400000,1.3120800000,18524,LONDON,false
2023-07-14T12:00:00Z,1.3120900000,1.3142200000,1.3100400000,1.3113100000,25880,OTHER,false
2023-07-14T16:00:00Z,1.3113000000,1.3130200000,1.3094100000,1.3112800000,43302,OTHER,false
2023-07-14T20:00:00Z,1.3112900000,1.3114600000,1.3097400000,1.3097900000,8294,OTHER,false
2023-07-17T00:00:00Z,1.3082400000,1.3099000000,1.3081800000,1.3092800000,4956,OTHER,false
2023-07-17T04:00:00Z,1.3092900000,1.3096400000,1.3081900000,1.3087800000,7698,OTHER,false
2023-07-17T08:00:00Z,1.3087800000,1.3108900000,1.3065100000,1.3093700000,17102,LONDON,false
2023-07-17T12:00:00Z,1.3093800000,1.3107000000,1.3053600000,1.3067600000,22955,OTHER,false
2023-07-17T16:00:00Z,1.3067600000,1.3092400000,1.3050900000,1.3074700000,23832,OTHER,false
2023-07-17T20:00:00Z,1.3074700000,1.3086900000,1.3070200000,1.3072500000,8655,OTHER,false
2023-07-18T00:00:00Z,1.3072500000,1.3082100000,1.3067500000,1.3077800000,4051,OTHER,false
2023-07-18T04:00:00Z,1.3077900000,1.3099800000,1.3073900000,1.3094400000,9691,OTHER,false
2023-07-18T08:00:00Z,1.3094400000,1.3106700000,1.3071800000,1.3078700000,22145,LONDON,false
2023-07-18T12:00:00Z,1.3078800000,1.3125600000,1.3072300000,1.3089100000,30992,OTHER,false
2023-07-18T16:00:00Z,1.3089200000,1.3098500000,1.3028000000,1.3035000000,35643,OTHER,false
2023-07-18T20:00:00Z,1.3034900000,1.3049200000,1.3029300000,1.3034300000,10277,OTHER,false
2023-07-19T00:00:00Z,1.3034000000,1.3041400000,1.3030200000,1.3035700000,5038,OTHER,false
2023-07-19T04:00:00Z,1.3035800000,1.3038500000,1.3012600000,1.3016600000,9872,OTHER,false
2023-07-19T08:00:00Z,1.3016700000,1.3034000000,1.2922700000,1.2932300000,36064,LONDON,false
2023-07-19T12:00:00Z,1.2932400000,1.2956700000,1.2897300000,1.2915600000,28160,OTHER,false
2023-07-19T16:00:00Z,1.2915600000,1.2920100000,1.2867400000,1.2908600000,39368,OTHER,false
2023-07-19T20:00:00Z,1.2908600000,1.2939600000,1.2905800000,1.2939100000,12013,OTHER,false
2023-07-20T00:00:00Z,1.2938700000,1.2947200000,1.2930100000,1.2945900000,4128,OTHER,false
2023-07-20T04:00:00Z,1.2946000000,1.2964200000,1.2941300000,1.2943800000,10591,OTHER,false
2023-07-20T08:00:00Z,1.2943800000,1.2945200000,1.2905100000,1.2923800000,17272,LONDON,false
2023-07-20T12:00:00Z,1.2923900000,1.2923900000,1.2854300000,1.2871200000,26574,OTHER,false
2023-07-20T16:00:00Z,1.2871300000,1.2882800000,1.2839800000,1.2853000000,31920,OTHER,false
2023-07-20T20:00:00Z,1.2853000000,1.2868300000,1.2851200000,1.2866500000,7625,OTHER,false
2023-07-21T00:00:00Z,1.2866300000,1.2877400000,1.2861300000,1.2876100000,3811,OTHER,false
2023-07-21T04:00:00Z,1.2876300000,1.2885900000,1.2866300000,1.2879400000,7141,OTHER,false
2023-07-21T08:00:00Z,1.2879400000,1.2904000000,1.2840100000,1.2858100000,23682,LONDON,false
2023-07-21T12:00:00Z,1.2858100000,1.2869600000,1.2815800000,1.2829900000,22000,OTHER,false
2023-07-21T16:00:00Z,1.2829500000,1.2861200000,1.2828800000,1.2858300000,20097,OTHER,false
2023-07-21T20:00:00Z,1.2858300000,1.2865800000,1.2848400000,1.2851700000,4979,OTHER,false
2023-07-24T00:00:00Z,1.2849000000,1.2866700000,1.2840400000,1.2863900000,3897,OTHER,false
2023-07-24T04:00:00Z,1.2863900000,1.2869600000,1.2849100000,1.2863800000,8263,OTHER,false
2023-07-24T08:00:00Z,1.2863900000,1.2883800000,1.2806900000,1.2816100000,28648,LONDON,false
2023-07-24T12:00:00Z,1.2816100000,1.2859100000,1.2815500000,1.2836600000,25785,OTHER,false
2023-07-24T16:00:00Z,1.2836600000,1.2845000000,1.2797800000,1.2832200000,33413,OTHER,false
2023-07-24T20:00:00Z,1.2832200000,1.2840700000,1.2814900000,1.2824700000,8556,OTHER,false
2023-07-25T00:00:00Z,1.2820800000,1.2828900000,1.2807500000,1.2815300000,5504,OTHER,false
2023-07-25T04:00:00Z,1.2815300000,1.2842500000,1.2815100000,1.2830200000,9119,OTHER,false
2023-07-25T08:00:00Z,1.2830100000,1.2864500000,1.2828900000,1.2850500000,21746,LONDON,false
2023-07-25T12:00:00Z,1.2850500000,1.2853800000,1.2819800000,1.2834600000,19239,OTHER,false
2023-07-25T16:00:00Z,1.2834700000,1.2879400000,1.2812100000,1.2877800000,25381,OTHER,false
2023-07-25T20:00:00Z,1.2877700000,1.2904600000,1.2871100000,1.2901900000,9878,OTHER,false
2023-07-26T00:00:00Z,1.2901400000,1.2903000000,1.2879200000,1.2884100000,3574,OTHER,false
2023-07-26T04:00:00Z,1.2884100000,1.2892400000,1.2875100000,1.2887700000,7858,OTHER,false
2023-07-26T08:00:00Z,1.2887800000,1.2912300000,1.2881000000,1.2910000000,16471,LONDON,false
2023-07-26T12:00:00Z,1.2910000000,1.2924300000,1.2895100000,1.2908200000,14567,OTHER,false
2023-07-26T16:00:00Z,1.2908200000,1.2936500000,1.2903200000,1.2915100000,21694,OTHER,false
2023-07-26T20:00:00Z,1.2914900000,1.2960000000,1.2893900000,1.2940500000,40992,OTHER,false
2023-07-27T00:00:00Z,1.2941000000,1.2947800000,1.2923900000,1.2940300000,3654,OTHER,false
2023-07-27T04:00:00Z,1.2940200000,1.2976700000,1.2940200000,1.2961900000,10288,OTHER,false
2023-07-27T08:00:00Z,1.2961800000,1.2995800000,1.2939200000,1.2992000000,21297,LONDON,false
2023-07-27T12:00:00Z,1.2992100000,1.2995000000,1.2881600000,1.2895400000,33578,OTHER,false
2023-07-27T16:00:00Z,1.2895500000,1.2902800000,1.2825600000,1.2840900000,45266,OTHER,false
2023-07-27T20:00:00Z,1.2841200000,1.2852300000,1.2781700000,1.2795500000,22815,OTHER,false
2023-07-28T00:00:00Z,1.2793800000,1.2800400000,1.2777200000,1.2790200000,5047,OTHER,false
2023-07-28T04:00:00Z,1.2790200000,1.2807800000,1.2762900000,1.2779300000,23996,OTHER,false
2023-07-28T08:00:00Z,1.2779400000,1.2815700000,1.2772200000,1.2805200000,43350,LONDON,false
2023-07-28T12:00:00Z,1.2805200000,1.2888200000,1.2801600000,1.2869400000,27404,OTHER,false
2023-07-28T16:00:00Z,1.2869400000,1.2884500000,1.2837900000,1.2872400000,29647,OTHER,false
2023-07-28T20:00:00Z,1.2872400000,1.2872400000,1.2842500000,1.2845700000,10513,OTHER,false
2023-07-31T00:00:00Z,1.2832800000,1.2859600000,1.2832800000,1.2857100000,3883,OTHER,false
2023-07-31T04:00:00Z,1.2857100000,1.2859100000,1.2843800000,1.2848100000,7621,OTHER,false
2023-07-31T08:00:00Z,1.2848100000,1.2867200000,1.2835200000,1.2851000000,14084,LONDON,false
2023-07-31T12:00:00Z,1.2851400000,1.2872300000,1.2845100000,1.2853600000,14652,OTHER,false
2023-07-31T16:00:00Z,1.2853700000,1.2870300000,1.2828300000,1.2857800000,23515,OTHER,false
2023-07-31T20:00:00Z,1.2857900000,1.2866800000,1.2831100000,1.2834300000,6037,OTHER,false
2023-08-01T00:00:00Z,1.2834300000,1.2840700000,1.2826800000,1.2828700000,2766,OTHER,false
2023-08-01T04:00:00Z,1.2828700000,1.2836100000,1.2815300000,1.2831300000,6495,OTHER,false
2023-08-01T08:00:00Z,1.2831500000,1.2838600000,1.2812700000,1.2825400000,17581,LONDON,false
2023-08-01T12:00:00Z,1.2825400000,1.2832500000,1.2755800000,1.2764500000,22266,OTHER,false
2023-08-01T16:00:00Z,1.2764700000,1.2795200000,1.2741200000,1.2760900000,31564,OTHER,false
2023-08-01T20:00:00Z,1.2760800000,1.2780500000,1.2748700000,1.2774000000,7962,OTHER,false
2023-08-02T00:00:00Z,1.2774600000,1.2804900000,1.2762100000,1.2780300000,5182,OTHER,false
2023-08-02T04:00:00Z,1.2780300000,1.2794700000,1.2763100000,1.2777500000,8326,OTHER,false
2023-08-02T08:00:00Z,1.2777500000,1.2799000000,1.2760500000,1.2787500000,17306,LONDON,false
2023-08-02T12:00:00Z,1.2787400000,1.2792000000,1.2722800000,1.2723500000,26714,OTHER,false
2023-08-02T16:00:00Z,1.2723500000,1.2730400000,1.2680100000,1.2725600000,37510,OTHER,false
2023-08-02T20:00:00Z,1.2725700000,1.2738500000,1.2706000000,1.2709000000,5997,OTHER,false
2023-08-03T00:00:00Z,1.2710600000,1.2721700000,1.2694500000,1.2713200000,2999,OTHER,false
2023-08-03T04:00:00Z,1.2713200000,1.2727700000,1.2699400000,1.2700100000,7916,OTHER,false
2023-08-03T08:00:00Z,1.2700100000,1.2708900000,1.2672300000,1.2675500000,26386,LONDON,false
2023-08-03T12:00:00Z,1.2675600000,1.2693000000,1.2620000000,1.2672400000,46616,OTHER,false
2023-08-03T16:00:00Z,1.2672400000,1.2724000000,1.2649700000,1.2718900000,34279,OTHER,false
2023-08-03T20:00:00Z,1.2719000000,1.2719500000,1.2696600000,1.2707900000,7601,OTHER,false
2023-08-04T00:00:00Z,1.2712500000,1.2725200000,1.2700400000,1.2724900000,4173,OTHER,false
2023-08-04T04:00:00Z,1.2725000000,1.2741000000,1.2723800000,1.2727600000,11205,OTHER,false
2023-08-04T08:00:00Z,1.2727600000,1.2734500000,1.2694400000,1.2699400000,14621,LONDON,false
2023-08-04T12:00:00Z,1.2699400000,1.2754500000,1.2682600000,1.2745400000,28908,OTHER,false
2023-08-04T16:00:00Z,1.2745200000,1.2783400000,1.2742800000,1.2781200000,34170,OTHER,false
2023-08-04T20:00:00Z,1.2781300000,1.2792100000,1.2740300000,1.2744300000,9378,OTHER,false
2023-08-07T00:00:00Z,1.2753000000,1.2760800000,1.2737100000,1.2758100000,4953,OTHER,false
2023-08-07T04:00:00Z,1.2758000000,1.2758000000,1.2731900000,1.2734400000,6668,OTHER,false
2023-08-07T08:00:00Z,1.2734500000,1.2744400000,1.2712900000,1.2727800000,13550,LONDON,false
2023-08-07T12:00:00Z,1.2727800000,1.2772200000,1.2716700000,1.2771800000,17967,OTHER,false
2023-08-07T16:00:00Z,1.2771900000,1.2786700000,1.2754300000,1.2774600000,20435,OTHER,false
2023-08-07T20:00:00Z,1.2774700000,1.2788900000,1.2767700000,1.2782700000,8316,OTHER,false
2023-08-08T00:00:00Z,1.2782900000,1.2785100000,1.2769200000,1.2773200000,3020,OTHER,false
2023-08-08T04:00:00Z,1.2773200000,1.2773200000,1.2750500000,1.2761800000,7050,OTHER,false
2023-08-08T08:00:00Z,1.2761800000,1.2772100000,1.2738100000,1.2752800000,17490,LONDON,false
2023-08-08T12:00:00Z,1.2752900000,1.2754600000,1.2684000000,1.2697300000,24381,OTHER,false
2023-08-08T16:00:00Z,1.2697400000,1.2743000000,1.2687000000,1.2732800000,26937,OTHER,false
2023-08-08T20:00:00Z,1.2732800000,1.2751600000,1.2730900000,1.2747200000,8711,OTHER,false
2023-08-09T00:00:00Z,1.2744600000,1.2749600000,1.2712600000,1.2740700000,3554,OTHER,false
2023-08-09T04:00:00Z,1.2740600000,1.2759000000,1.2738900000,1.2756800000,6342,OTHER,false
2023-08-09T08:00:00Z,1.2756800000,1.2782000000,1.2748600000,1.2754000000,12997,LONDON,false
2023-08-09T12:00:00Z,1.2754000000,1.2755300000,1.2712300000,1.2729200000,18277,OTHER,false
2023-08-09T16:00:00Z,1.2729300000,1.2751300000,1.2711900000,1.2722900000,27311,OTHER,false
2023-08-09T20:00:00Z,1.2723000000,1.2737900000,1.2716200000,1.2718100000,8960,OTHER,false
2023-08-10T00:00:00Z,1.2716700000,1.2722700000,1.2710400000,1.2713000000,2891,OTHER,false
2023-08-10T04:00:00Z,1.2713000000,1.2723300000,1.2707000000,1.2712100000,5156,OTHER,false
2023-08-10T08:00:00Z,1.2712200000,1.2769400000,1.2711600000,1.2756600000,15190,LONDON,false
2023-08-10T12:00:00Z,1.2756600000,1.2818800000,1.2753400000,1.2780500000,28221,OTHER,false
2023-08-10T16:00:00Z,1.2780500000,1.2785900000,1.2705500000,1.2715600000,40308,OTHER,false
2023-08-10T20:00:00Z,1.2715600000,1.2716700000,1.2669300000,1.2675600000,22630,OTHER,false
2023-08-11T00:00:00Z,1.2673700000,1.2680700000,1.2661800000,1.2680600000,2837,OTHER,false
2023-08-11T04:00:00Z,1.2680600000,1.2690300000,1.2677700000,1.2681700000,5404,OTHER,false
2023-08-11T08:00:00Z,1.2681700000,1.2722700000,1.2679400000,1.2705600000,16621,LONDON,false
2023-08-11T12:00:00Z,1.2705600000,1.2738500000,1.2681600000,1.2685800000,23779,OTHER,false
2023-08-11T16:00:00Z,1.2685800000,1.2727700000,1.2681400000,1.2690600000,28791,OTHER,false
2023-08-11T20:00:00Z,1.2690400000,1.2702300000,1.2685500000,1.2691800000,7126,OTHER,false
2023-08-14T00:00:00Z,1.2697000000,1.2703800000,1.2679000000,1.2681900000,4468,OTHER,false
2023-08-14T04:00:00Z,1.2681800000,1.2685800000,1.2666000000,1.2671100000,9247,OTHER,false
2023-08-14T08:00:00Z,1.2671100000,1.2707300000,1.2669600000,1.2697600000,20026,LONDON,false
2023-08-14T12:00:00Z,1.2697700000,1.2714800000,1.2644900000,1.2656700000,20401,OTHER,false
2023-08-14T16:00:00Z,1.2656700000,1.2706300000,1.2616400000,1.2697000000,30789,OTHER,false
2023-08-14T20:00:00Z,1.2697000000,1.2701400000,1.2673200000,1.2681100000,6480,OTHER,false
2023-08-15T00:00:00Z,1.2678300000,1.2691700000,1.2666700000,1.2682800000,3062,OTHER,false
2023-08-15T04:00:00Z,1.2682800000,1.2693100000,1.2674900000,1.2684900000,9560,OTHER,false
2023-08-15T08:00:00Z,1.2684900000,1.2720900000,1.2679500000,1.2711800000,25324,LONDON,false
2023-08-15T12:00:00Z,1.2711800000,1.2730000000,1.2681400000,1.2715700000,30500,OTHER,false
2023-08-15T16:00:00Z,1.2715700000,1.2752300000,1.2707800000,1.2723400000,36141,OTHER,false
2023-08-15T20:00:00Z,1.2723300000,1.2725100000,1.2694200000,1.2703300000,10120,OTHER,false
2023-08-16T00:00:00Z,1.2703300000,1.2703600000,1.2684700000,1.2695400000,4504,OTHER,false
2023-08-16T04:00:00Z,1.2695400000,1.2707300000,1.2686700000,1.2707100000,8576,OTHER,false
2023-08-16T08:00:00Z,1.2707000000,1.2766200000,1.2698900000,1.2757800000,19747,LONDON,false
2023-08-16T12:00:00Z,1.2757800000,1.2766100000,1.2721100000,1.2721200000,17634,OTHER,false
2023-08-16T16:00:00Z,1.2721200000,1.2760800000,1.2718200000,1.2732800000,28395,OTHER,false
2023-08-16T20:00:00Z,1.2732700000,1.2750000000,1.2711200000,1.2730500000,18995,OTHER,false
2023-08-17T00:00:00Z,1.2730400000,1.2733400000,1.2710800000,1.2720200000,4195,OTHER,false
2023-08-17T04:00:00Z,1.2720400000,1.2723000000,1.2710900000,1.2722600000,8081,OTHER,false
2023-08-17T08:00:00Z,1.2722600000,1.2743500000,1.2709300000,1.2712300000,15372,LONDON,false
2023-08-17T12:00:00Z,1.2712100000,1.2783300000,1.2702300000,1.2770600000,29759,OTHER,false
2023-08-17T16:00:00Z,1.2770600000,1.2787300000,1.2737400000,1.2759700000,29756,OTHER,false
2023-08-17T20:00:00Z,1.2759800000,1.2760200000,1.2726600000,1.2745900000,16746,OTHER,false
2023-08-18T00:00:00Z,1.2745400000,1.2758500000,1.2734800000,1.2751400000,4599,OTHER,false
2023-08-18T04:00:00Z,1.2751400000,1.2765700000,1.2742700000,1.2744700000,10365,OTHER,false
2023-08-18T08:00:00Z,1.2744700000,1.2753600000,1.2707000000,1.2718900000,22153,LONDON,false
2023-08-18T12:00:00Z,1.2718900000,1.2742100000,1.2688800000,1.2710800000,25531,OTHER,false
2023-08-18T16:00:00Z,1.2710700000,1.2749400000,1.2707600000,1.2744600000,27077,OTHER,false
2023-08-18T20:00:00Z,1.2744600000,1.2755900000,1.2727200000,1.2730900000,9723,OTHER,false
2023-08-21T00:00:00Z,1.2733000000,1.2750100000,1.2724500000,1.2746000000,4127,OTHER,false
2023-08-21T04:00:00Z,1.2746000000,1.2746000000,1.2729700000,1.2738100000,7024,OTHER,false
2023-08-21T08:00:00Z,1.2738200000,1.2745300000,1.2710100000,1.2720800000,16990,LONDON,false
2023-08-21T12:00:00Z,1.2720900000,1.2764900000,1.2720200000,1.2751800000,23273,OTHER,false
2023-08-21T16:00:00Z,1.2751700000,1.2757200000,1.2722500000,1.2756700000,30689,OTHER,false
2023-08-21T20:00:00Z,1.2756700000,1.2766600000,1.2750600000,1.2755400000,9357,OTHER,false
2023-08-22T00:00:00Z,1.2747100000,1.2765600000,1.2745800000,1.2762700000,3798,OTHER,false
2023-08-22T04:00:00Z,1.2762700000,1.2777400000,1.2757600000,1.2769500000,8650,OTHER,false
2023-08-22T08:00:00Z,1.2769500000,1.2800300000,1.2768800000,1.2781600000,15411,LONDON,false
2023-08-22T12:00:00Z,1.2781600000,1.2791700000,1.2741400000,1.2742200000,22417,OTHER,false
2023-08-22T16:00:00Z,1.2742200000,1.2753400000,1.2718300000,1.2735000000,28647,OTHER,false
2023-08-22T20:00:00Z,1.2735000000,1.2743000000,1.2727900000,1.2731300000,6821,OTHER,false
2023-08-23T00:00:00Z,1.2732000000,1.2740700000,1.2719000000,1.2734000000,3013,OTHER,false
2023-08-23T04:00:00Z,1.2734000000,1.2750500000,1.2732800000,1.2750500000,5520,OTHER,false
2023-08-23T08:00:00Z,1.2750500000,1.2764600000,1.2671900000,1.2678600000,29391,LONDON,false
2023-08-23T12:00:00Z,1.2678600000,1.2679600000,1.2614500000,1.2630700000,36080,OTHER,false
2023-08-23T16:00:00Z,1.2630700000,1.2725900000,1.2630300000,1.2720900000,33032,OTHER,false
2023-08-23T20:00:00Z,1.2720900000,1.2732800000,1.2708700000,1.2725000000,7816,OTHER,false
2023-08-24T00:00:00Z,1.2715800000,1.2728400000,1.2695900000,1.2718900000,5235,OTHER,false
2023-08-24T04:00:00Z,1.2718900000,1.2721400000,1.2705600000,1.2719900000,8012,OTHER,false
2023-08-24T08:00:00Z,1.2719900000,1.2728000000,1.2691500000,1.2698500000,14332,LONDON,false
2023-08-24T12:00:00Z,1.2698400000,1.2703600000,1.2626200000,1.2635800000,21541,OTHER,false
2023-08-24T16:00:00Z,1.2635800000,1.2662800000,1.2620700000,1.2623200000,28820,OTHER,false
2023-08-24T20:00:00Z,1.2623300000,1.2624500000,1.2590600000,1.2600500000,10866,OTHER,false
2023-08-25T00:00:00Z,1.2596100000,1.2605600000,1.2585800000,1.2589600000,5186,OTHER,false
2023-08-25T04:00:00Z,1.2589600000,1.2590700000,1.2559800000,1.2564700000,7946,OTHER,false
2023-08-25T08:00:00Z,1.2564700000,1.2592200000,1.2560700000,1.2586300000,16986,LONDON,false
2023-08-25T12:00:00Z,1.2586300000,1.2623600000,1.2581900000,1.2619800000,15222,OTHER,false
2023-08-25T16:00:00Z,1.2619800000,1.2655100000,1.2547700000,1.2581800000,58733,OTHER,false
2023-08-25T20:00:00Z,1.2581700000,1.2601100000,1.2574900000,1.2576800000,12577,OTHER,false
2023-08-28T00:00:00Z,1.2569300000,1.2599000000,1.2569000000,1.2593500000,4180,OTHER,false
2023-08-28T04:00:00Z,1.2593500000,1.2603900000,1.2592000000,1.2599600000,5759,OTHER,false
2023-08-28T08:00:00Z,1.2599600000,1.2610700000,1.2568700000,1.2575900000,15183,LONDON,false
2023-08-28T12:00:00Z,1.2575900000,1.2594500000,1.2565300000,1.2593900000,13356,OTHER,false
2023-08-28T16:00:00Z,1.2593900000,1.2599600000,1.2572600000,1.2595000000,20420,OTHER,false
2023-08-28T20:00:00Z,1.2595000000,1.2607400000,1.2592300000,1.2601000000,9103,OTHER,false
2023-08-29T00:00:00Z,1.2600400000,1.2618700000,1.2587100000,1.2613900000,3357,OTHER,false
2023-08-29T04:00:00Z,1.2613900000,1.2631700000,1.2613300000,1.2622900000,5475,OTHER,false
2023-08-29T08:00:00Z,1.2622900000,1.2635600000,1.2605300000,1.2611500000,14425,LONDON,false
2023-08-29T12:00:00Z,1.2611500000,1.2616800000,1.2562600000,1.2573600000,24424,OTHER,false
2023-08-29T16:00:00Z,1.2573200000,1.2634000000,1.2562600000,1.2620100000,44228,OTHER,false
2023-08-29T20:00:00Z,1.2620300000,1.2654600000,1.2620100000,1.2643300000,10070,OTHER,false
2023-08-30T00:00:00Z,1.2643300000,1.2649500000,1.2632000000,1.2640500000,5367,OTHER,false
2023-08-30T04:00:00Z,1.2640500000,1.2642000000,1.2622200000,1.2622700000,4915,OTHER,false
2023-08-30T08:00:00Z,1.2622700000,1.2647500000,1.2618700000,1.2638000000,18512,LONDON,false
2023-08-30T12:00:00Z,1.2638100000,1.2720800000,1.2635400000,1.2713500000,28915,OTHER,false
2023-08-30T16:00:00Z,1.2713500000,1.2746300000,1.2702100000,1.2716100000,31240,OTHER,false
2023-08-30T20:00:00Z,1.2716100000,1.2728700000,1.2706500000,1.2720100000,7381,OTHER,false
2023-08-31T00:00:00Z,1.2717000000,1.2722600000,1.2704200000,1.2719700000,3198,OTHER,false
2023-08-31T04:00:00Z,1.2719700000,1.2734200000,1.2718700000,1.2723100000,6483,OTHER,false
2023-08-31T08:00:00Z,1.2723100000,1.2724000000,1.2694400000,1.2695400000,16587,LONDON,false
2023-08-31T12:00:00Z,1.2695300000,1.2697800000,1.2663400000,1.2684800000,27751,OTHER,false
2023-08-31T16:00:00Z,1.2684700000,1.2687300000,1.2652500000,1.2662500000,28169,OTHER,false
2023-08-31T20:00:00Z,1.2662500000,1.2675400000,1.2660600000,1.2673400000,10239,OTHER,false
2023-09-01T00:00:00Z,1.2672800000,1.2676900000,1.2653700000,1.2662700000,4943,OTHER,false
2023-09-01T04:00:00Z,1.2662700000,1.2683200000,1.2658900000,1.2668100000,6507,OTHER,false
2023-09-01T08:00:00Z,1.2668100000,1.2689400000,1.2639800000,1.2674800000,16006,LONDON,false
2023-09-01T12:00:00Z,1.2674800000,1.2712900000,1.2667400000,1.2691900000,26334,OTHER,false
2023-09-01T16:00:00Z,1.2691900000,1.2702700000,1.2577100000,1.2588500000,54555,OTHER,false
2023-09-01T20:00:00Z,1.2588500000,1.2598800000,1.2583400000,1.2584500000,10532,OTHER,false
2023-09-04T00:00:00Z,1.2590000000,1.2598200000,1.2582300000,1.2595300000,3650,OTHER,false
2023-09-04T04:00:00Z,1.2595300000,1.2607400000,1.2588400000,1.2607100000,5404,OTHER,false
2023-09-04T08:00:00Z,1.2607000000,1.2633900000,1.2605600000,1.2632100000,11572,LONDON,false
2023-09-04T12:00:00Z,1.2632100000,1.2642500000,1.2621100000,1.2625300000,11834,OTHER,false
2023-09-04T16:00:00Z,1.2625300000,1.2639200000,1.2614900000,1.2628400000,8682,OTHER,false
2023-09-04T20:00:00Z,1.2628200000,1.2632700000,1.2623500000,1.2623500000,2827,OTHER,false
2023-09-05T00:00:00Z,1.2620800000,1.2630100000,1.2604400000,1.2629300000,2129,OTHER,false
2023-09-05T04:00:00Z,1.2629700000,1.2631500000,1.2612100000,1.2625900000,7314,OTHER,false
2023-09-05T08:00:00Z,1.2625900000,1.2628100000,1.2527900000,1.2534700000,25206,LONDON,false
2023-09-05T12:00:00Z,1.2534700000,1.2578400000,1.2533200000,1.2575600000,25903,OTHER,false
2023-09-05T16:00:00Z,1.2575600000,1.2586900000,1.2547000000,1.2576700000,33541,OTHER,false
2023-09-05T20:00:00Z,1.2576800000,1.2580200000,1.2558200000,1.2563500000,8048,OTHER,false
2023-09-06T00:00:00Z,1.2562300000,1.2572600000,1.2548900000,1.2557200000,2827,OTHER,false
2023-09-06T04:00:00Z,1.2557200000,1.2574200000,1.2549100000,1.2574100000,6175,OTHER,false
2023-09-06T08:00:00Z,1.2574100000,1.2587600000,1.2546600000,1.2559600000,17854,LONDON,false
2023-09-06T12:00:00Z,1.2559600000,1.2567100000,1.2541100000,1.2554700000,20504,OTHER,false
2023-09-06T16:00:00Z,1.2554600000,1.2558700000,1.2481700000,1.2501800000,42002,OTHER,false
2023-09-06T20:00:00Z,1.2501800000,1.2510900000,1.2499500000,1.2506200000,7295,OTHER,false
2023-09-07T00:00:00Z,1.2505600000,1.2507300000,1.2487800000,1.2495500000,3126,OTHER,false
2023-09-07T04:00:00Z,1.2495500000,1.2505800000,1.2490900000,1.2497800000,5392,OTHER,false
2023-09-07T08:00:00Z,1.2497800000,1.2508100000,1.2457400000,1.2477600000,21901,LONDON,false
2023-09-07T12:00:00Z,1.2477700000,1.2487700000,1.2445400000,1.2461900000,22651,OTHER,false
2023-09-07T16:00:00Z,1.2461900000,1.2489800000,1.2447100000,1.2474900000,23640,OTHER,false
2023-09-07T20:00:00Z,1.2474900000,1.2486700000,1.2467500000,1.2470900000,8850,OTHER,false
2023-09-08T00:00:00Z,1.2472500000,1.2492900000,1.2464200000,1.2490800000,3710,OTHER,false
2023-09-08T04:00:00Z,1.2490800000,1.2501000000,1.2473500000,1.2489900000,6723,OTHER,false
2023-09-08T08:00:00Z,1.2489900000,1.2510000000,1.2478200000,1.2486400000,16684,LONDON,false
2023-09-08T12:00:00Z,1.2486400000,1.2498300000,1.2467000000,1.2479600000,19147,OTHER,false
2023-09-08T16:00:00Z,1.2479600000,1.2514200000,1.2459300000,1.2461900000,23965,OTHER,false
2023-09-08T20:00:00Z,1.2461800000,1.2469700000,1.2450900000,1.2464200000,8611,OTHER,false
2023-09-11T00:00:00Z,1.2462800000,1.2494200000,1.2460800000,1.2486100000,6469,OTHER,false
2023-09-11T04:00:00Z,1.2486000000,1.2520100000,1.2482000000,1.2518600000,9338,OTHER,false
2023-09-11T08:00:00Z,1.2518600000,1.2530500000,1.2510000000,1.2519500000,15360,LONDON,false
2023-09-11T12:00:00Z,1.2519400000,1.2537100000,1.2500900000,1.2527200000,17013,OTHER,false
2023-09-11T16:00:00Z,1.2527000000,1.2548100000,1.2520600000,1.2521800000,24281,OTHER,false
2023-09-11T20:00:00Z,1.2521800000,1.2521900000,1.2506900000,1.2509500000,10282,OTHER,false
2023-09-12T00:00:00Z,1.2508800000,1.2515500000,1.2498500000,1.2505700000,2648,OTHER,false
2023-09-12T04:00:00Z,1.2505700000,1.2523300000,1.2500500000,1.2510700000,7346,OTHER,false
2023-09-12T08:00:00Z,1.2510500000,1.2530100000,1.2463100000,1.2467100000,16406,LONDON,false
2023-09-12T12:00:00Z,1.2467100000,1.2483600000,1.2459400000,1.2467500000,15426,OTHER,false
2023-09-12T16:00:00Z,1.2467400000,1.2491500000,1.2461200000,1.2478000000,16264,OTHER,false
2023-09-12T20:00:00Z,1.2477900000,1.2498800000,1.2475700000,1.2484900000,8716,OTHER,false
2023-09-13T00:00:00Z,1.2488600000,1.2500100000,1.2476000000,1.2493800000,3633,OTHER,false
2023-09-13T04:00:00Z,1.2493800000,1.2501800000,1.2480900000,1.2494500000,5776,OTHER,false
2023-09-13T08:00:00Z,1.2494900000,1.2498000000,1.2441200000,1.2477600000,21914,LONDON,false
2023-09-13T12:00:00Z,1.2477400000,1.2499700000,1.2434300000,1.2485800000,30663,OTHER,false
2023-09-13T16:00:00Z,1.2485700000,1.2511600000,1.2471800000,1.2494700000,33270,OTHER,false
2023-09-13T20:00:00Z,1.2494700000,1.2506200000,1.2480900000,1.2489700000,8191,OTHER,false
2023-09-14T00:00:00Z,1.2482700000,1.2502900000,1.2477900000,1.2501600000,4052,OTHER,false
2023-09-14T04:00:00Z,1.2501600000,1.2503900000,1.2484900000,1.2500800000,6470,OTHER,false
2023-09-14T08:00:00Z,1.2501000000,1.2506100000,1.2479200000,1.2486500000,13112,LONDON,false
2023-09-14T12:00:00Z,1.2486500000,1.2486500000,1.2414000000,1.2439400000,38246,OTHER,false
2023-09-14T16:00:00Z,1.2439300000,1.2460700000,1.2400700000,1.2414200000,37959,OTHER,false
2023-09-14T20:00:00Z,1.2414100000,1.2417400000,1.2396200000,1.2407700000,7251,OTHER,false
2023-09-15T00:00:00Z,1.2406900000,1.2411000000,1.2399200000,1.2411000000,3148,OTHER,false
2023-09-15T04:00:00Z,1.2411000000,1.2429900000,1.2401100000,1.2428500000,6578,OTHER,false
2023-09-15T08:00:00Z,1.2428600000,1.2445600000,1.2416100000,1.2440000000,14033,LONDON,false
2023-09-15T12:00:00Z,1.2439900000,1.2440300000,1.2390200000,1.2390600000,13487,OTHER,false
2023-09-15T16:00:00Z,1.2390600000,1.2425300000,1.2385000000,1.2399300000,27675,OTHER,false
2023-09-15T20:00:00Z,1.2399300000,1.2399900000,1.2378500000,1.2380900000,6334,OTHER,false
2023-09-18T00:00:00Z,1.2376200000,1.2401900000,1.2374000000,1.2399500000,3031,OTHER,false
2023-09-18T04:00:00Z,1.2399400000,1.2403800000,1.2386100000,1.2395600000,4730,OTHER,false
2023-09-18T08:00:00Z,1.2395600000,1.2404600000,1.2370100000,1.2380400000,11207,LONDON,false
2023-09-18T12:00:00Z,1.2380400000,1.2410500000,1.2377200000,1.2380700000,13787,OTHER,false
2023-09-18T16:00:00Z,1.2380700000,1.2404800000,1.2372800000,1.2394800000,17819,OTHER,false
2023-09-18T20:00:00Z,1.2395000000,1.2398900000,1.2374000000,1.2381300000,4887,OTHER,false
2023-09-19T00:00:00Z,1.2383200000,1.2391200000,1.2367200000,1.2381700000,2475,OTHER,false
2023-09-19T04:00:00Z,1.2381700000,1.2383200000,1.2374900000,1.2378200000,3006,OTHER,false
2023-09-19T08:00:00Z,1.2378200000,1.2392900000,1.2369800000,1.2375900000,12055,LONDON,false
2023-09-19T12:00:00Z,1.2375600000,1.2425000000,1.2371100000,1.2405300000,17861,OTHER,false
2023-09-19T16:00:00Z,1.2405200000,1.2406700000,1.2382200000,1.2386800000,18925,OTHER,false
2023-09-19T20:00:00Z,1.2386800000,1.2396500000,1.2385800000,1.2390800000,5565,OTHER,false
2023-09-20T00:00:00Z,1.2384200000,1.2396400000,1.2382000000,1.2389400000,2651,OTHER,false
2023-09-20T04:00:00Z,1.2389400000,1.2393000000,1.2382200000,1.2388100000,5338,OTHER,false
2023-09-20T08:00:00Z,1.2388100000,1.2395700000,1.2332900000,1.2368500000,19611,LONDON,false
2023-09-20T12:00:00Z,1.2368500000,1.2380600000,1.2357700000,1.2376300000,12036,OTHER,false
2023-09-20T16:00:00Z,1.2376200000,1.2421200000,1.2375200000,1.2416900000,16916,OTHER,false
2023-09-20T20:00:00Z,1.2416900000,1.2416900000,1.2331700000,1.2342800000,29685,OTHER,false
2023-09-21T00:00:00Z,1.2342300000,1.2347200000,1.2310300000,1.2313000000,4799,OTHER,false
2023-09-21T04:00:00Z,1.2313000000,1.2324600000,1.2304100000,1.2320000000,6482,OTHER,false
2023-09-21T08:00:00Z,1.2320000000,1.2331500000,1.2294500000,1.2304000000,18492,LONDON,false
2023-09-21T12:00:00Z,1.2304000000,1.2308200000,1.2234200000,1.2267600000,33326,OTHER,false
2023-09-21T16:00:00Z,1.2267900000,1.2306400000,1.2257300000,1.2296600000,24971,OTHER,false
2023-09-21T20:00:00Z,1.2296600000,1.2307400000,1.2288000000,1.2293500000,6936,OTHER,false
2023-09-22T00:00:00Z,1.2294000000,1.2296700000,1.2281100000,1.2286100000,3004,OTHER,false
2023-09-22T04:00:00Z,1.2286100000,1.2286100000,1.2272800000,1.2284100000,5577,OTHER,false
2023-09-22T08:00:00Z,1.2284100000,1.2288200000,1.2237400000,1.2252900000,23873,LONDON,false
2023-09-22T12:00:00Z,1.2252900000,1.2267000000,1.2232700000,1.2256800000,12396,OTHER,false
2023-09-22T16:00:00Z,1.2256900000,1.2284700000,1.2250300000,1.2251400000,16280,OTHER,false
2023-09-22T20:00:00Z,1.2251200000,1.2258700000,1.2230500000,1.2233900000,5695,OTHER,false
2023-09-25T00:00:00Z,1.2239900000,1.2252700000,1.2234900000,1.2248400000,7121,OTHER,false
2023-09-25T04:00:00Z,1.2248400000,1.2249100000,1.2236600000,1.2241600000,3142,OTHER,false
2023-09-25T08:00:00Z,1.2241600000,1.2250100000,1.2218100000,1.2220200000,10308,LONDON,false
2023-09-25T12:00:00Z,1.2220200000,1.2243200000,1.2212300000,1.2216800000,10659,OTHER,false
2023-09-25T16:00:00Z,1.2216800000,1.2220300000,1.2193700000,1.2211300000,16609,OTHER,false
2023-09-25T20:00:00Z,1.2211300000,1.2221800000,1.2205400000,1.2210600000,3954,OTHER,false
2023-09-26T00:00:00Z,1.2211100000,1.2215500000,1.2201800000,1.2205400000,2554,OTHER,false
2023-09-26T04:00:00Z,1.2205400000,1.2208700000,1.2193500000,1.2205300000,4239,OTHER,false
2023-09-26T08:00:00Z,1.2205100000,1.2207100000,1.2167400000,1.2184700000,12278,LONDON,false
2023-09-26T12:00:00Z,1.2184700000,1.2193900000,1.2170000000,1.2190800000,12584,OTHER,false
2023-09-26T16:00:00Z,1.2190800000,1.2193000000,1.2158900000,1.2170800000,16002,OTHER,false
2023-09-26T20:00:00Z,1.2170800000,1.2175800000,1.2151600000,1.2157700000,4622,OTHER,false
2023-09-27T00:00:00Z,1.2159300000,1.2162500000,1.2140600000,1.2142200000,2937,OTHER,false
2023-09-27T04:00:00Z,1.2142000000,1.2157300000,1.2140000000,1.2146900000,5592,OTHER,false
2023-09-27T08:00:00Z,1.2146900000,1.2164200000,1.2135500000,1.2149500000,10258,LONDON,false
2023-09-27T12:00:00Z,1.2149500000,1.2156100000,1.2130800000,1.2144400000,13333,OTHER,false
2023-09-27T16:00:00Z,1.2144300000,1.2159100000,1.2116400000,1.2124600000,20712,OTHER,false
2023-09-27T20:00:00Z,1.2124600000,1.2152900000,1.2110300000,1.2134600000,11333,OTHER,false
2023-09-28T00:00:00Z,1.2134900000,1.2144400000,1.2124100000,1.2143700000,3140,OTHER,false
2023-09-28T04:00:00Z,1.2143500000,1.2144800000,1.2130000000,1.2140100000,4557,OTHER,false
2023-09-28T08:00:00Z,1.2140100000,1.2174400000,1.2120100000,1.2171100000,12195,LONDON,false
2023-09-28T12:00:00Z,1.2171100000,1.2223700000,1.2170600000,1.2177700000,15767,OTHER,false
2023-09-28T16:00:00Z,1.2177700000,1.2224600000,1.2175300000,1.2199500000,20418,OTHER,false
2023-09-28T20:00:00Z,1.2199500000,1.2205000000,1.2187700000,1.2202700000,6654,OTHER,false
2023-09-29T00:00:00Z,1.2189300000,1.2210500000,1.2189300000,1.2201300000,2345,OTHER,false
2023-09-29T04:00:00Z,1.2201000000,1.2228000000,1.2199100000,1.2222100000,3763,OTHER,false
2023-09-29T08:00:00Z,1.2222100000,1.2254200000,1.2219900000,1.2235000000,11727,LONDON,false
2023-09-29T12:00:00Z,1.2235000000,1.2271800000,1.2231700000,1.2259700000,15834,OTHER,false
2023-09-29T16:00:00Z,1.2259500000,1.2263400000,1.2180300000,1.2205500000,25739,OTHER,false
2023-09-29T20:00:00Z,1.2205500000,1.2207900000,1.2185700000,1.2201100000,8281,OTHER,false
2023-10-02T00:00:00Z,1.2179100000,1.2205800000,1.2179100000,1.2187800000,4219,OTHER,false
2023-10-02T04:00:00Z,1.2187800000,1.2195100000,1.2186100000,1.2186800000,2823,OTHER,false
2023-10-02T08:00:00Z,1.2186700000,1.2219900000,1.2175400000,1.2187100000,10813,LONDON,false
2023-10-02T12:00:00Z,1.2187100000,1.2187800000,1.2148300000,1.2151300000,10110,OTHER,false
2023-10-02T16:00:00Z,1.2151200000,1.2152200000,1.2107700000,1.2108400000,22171,OTHER,false
2023-10-02T20:00:00Z,1.2108200000,1.2126900000,1.2085500000,1.2086400000,6526,OTHER,false
2023-10-03T00:00:00Z,1.2087000000,1.2092000000,1.2077500000,1.2086000000,3702,OTHER,false
2023-10-03T04:00:00Z,1.2086000000,1.2087600000,1.2060900000,1.2064200000,5292,OTHER,false
2023-10-03T08:00:00Z,1.2064200000,1.2096800000,1.2061300000,1.2087300000,11084,LONDON,false
2023-10-03T12:00:00Z,1.2087300000,1.2088700000,1.2052300000,1.2073300000,12761,OTHER,false
2023-10-03T16:00:00Z,1.2073800000,1.2101900000,1.2053200000,1.2075000000,34049,OTHER,false
2023-10-03T20:00:00Z,1.2074900000,1.2091200000,1.2069000000,1.2076500000,7406,OTHER,false
2023-10-04T00:00:00Z,1.2068100000,1.2084000000,1.2062800000,1.2080500000,2753,OTHER,false
2023-10-04T04:00:00Z,1.2080300000,1.2081700000,1.2060200000,1.2081700000,4650,OTHER,false
2023-10-04T08:00:00Z,1.2081700000,1.2115500000,1.2037300000,1.2113500000,11204,LONDON,false
2023-10-04T12:00:00Z,1.2113500000,1.2176900000,1.2112500000,1.2169800000,17486,OTHER,false
2023-10-04T16:00:00Z,1.2169800000,1.2173500000,1.2106200000,1.2151800000,23758,OTHER,false
2023-10-04T20:00:00Z,1.2151800000,1.2156400000,1.2130500000,1.2133300000,8067,OTHER,false
2023-10-05T00:00:00Z,1.2132900000,1.2151000000,1.2129500000,1.2149700000,2722,OTHER,false
2023-10-05T04:00:00Z,1.2149700000,1.2163000000,1.2148900000,1.2156100000,5006,OTHER,false
2023-10-05T08:00:00Z,1.2155700000,1.2161800000,1.2115700000,1.2122600000,14758,LONDON,false
2023-10-05T12:00:00Z,1.2122600000,1.2155900000,1.2107600000,1.2130700000,24464,OTHER,false
2023-10-05T16:00:00Z,1.2130700000,1.2187800000,1.2125900000,1.2179700000,34588,OTHER,false
2023-10-05T20:00:00Z,1.2179900000,1.2195700000,1.2169700000,1.2191700000,14691,OTHER,false
2023-10-06T00:00:00Z,1.2190800000,1.2192800000,1.2180600000,1.2180900000,6917,OTHER,false
2023-10-06T04:00:00Z,1.2180900000,1.2188800000,1.2176000000,1.2176900000,12649,OTHER,false
2023-10-06T08:00:00Z,1.2176800000,1.2207000000,1.2163900000,1.2198500000,19888,LONDON,false
2023-10-06T12:00:00Z,1.2198500000,1.2219700000,1.2105700000,1.2122600000,32359,OTHER,false
2023-10-06T16:00:00Z,1.2122500000,1.2261200000,1.2116600000,1.2233800000,41908,OTHER,false
2023-10-06T20:00:00Z,1.2233700000,1.2255200000,1.2230800000,1.2234600000,6872,OTHER,false
2023-10-09T00:00:00Z,1.2200100000,1.2224400000,1.2196800000,1.2222300000,10099,OTHER,false
2023-10-09T04:00:00Z,1.2222300000,1.2223600000,1.2191800000,1.2193800000,11465,OTHER,false
2023-10-09T08:00:00Z,1.2193700000,1.2217000000,1.2163900000,1.2177900000,24285,LONDON,false
2023-10-09T12:00:00Z,1.2177900000,1.2191000000,1.2163000000,1.2183500000,18765,OTHER,false
2023-10-09T16:00:00Z,1.2183500000,1.2220300000,1.2183400000,1.2197400000,24478,OTHER,false
2023-10-09T20:00:00Z,1.2197400000,1.2244000000,1.2197100000,1.2237500000,8216,OTHER,false
2023-10-10T00:00:00Z,1.2236800000,1.2254600000,1.2226700000,1.2247000000,5484,OTHER,false
2023-10-10T04:00:00Z,1.2247000000,1.2256500000,1.2224400000,1.2226500000,9794,OTHER,false
2023-10-10T08:00:00Z,1.2226500000,1.2275500000,1.2211800000,1.2271300000,25134,LONDON,false
2023-10-10T12:00:00Z,1.2271400000,1.2275800000,1.2235500000,1.2249500000,30358,OTHER,false
2023-10-10T16:00:00Z,1.2249500000,1.2291500000,1.2238300000,1.2290700000,25170,OTHER,false
2023-10-10T20:00:00Z,1.2290700000,1.2291200000,1.2263500000,1.2285200000,12203,OTHER,false
2023-10-11T00:00:00Z,1.2277500000,1.2303400000,1.2260700000,1.2298500000,7235,OTHER,false
2023-10-11T04:00:00Z,1.2298500000,1.2301000000,1.2287300000,1.2292500000,11191,OTHER,false
2023-10-11T08:00:00Z,1.2292500000,1.2304100000,1.2269700000,1.2280500000,22745,LONDON,false
2023-10-11T12:00:00Z,1.2280500000,1.2315300000,1.2268900000,1.2312200000,35040,OTHER,false
2023-10-11T16:00:00Z,1.2312300000,1.2337500000,1.2288300000,1.2296400000,40395,OTHER,false
2023-10-11T20:00:00Z,1.2296400000,1.2314200000,1.2275000000,1.2312000000,19853,OTHER,false
2023-10-12T00:00:00Z,1.2312900000,1.2319000000,1.2291600000,1.2312800000,6172,OTHER,false
2023-10-12T04:00:00Z,1.2312800000,1.2322600000,1.2310700000,1.2319000000,17324,OTHER,false
2023-10-12T08:00:00Z,1.2319100000,1.2331400000,1.2293000000,1.2296000000,25053,LONDON,false
2023-10-12T12:00:00Z,1.2296000000,1.2318700000,1.2251600000,1.2262300000,34161,OTHER,false
2023-10-12T16:00:00Z,1.2262300000,1.2270100000,1.2198700000,1.2201000000,45921,OTHER,false
2023-10-12T20:00:00Z,1.2200700000,1.2202000000,1.2171000000,1.2174200000,24514,OTHER,false
2023-10-13T00:00:00Z,1.2170500000,1.2189300000,1.2169900000,1.2187100000,6822,OTHER,false
2023-10-13T04:00:00Z,1.2187100000,1.2207600000,1.2185900000,1.2203000000,15190,OTHER,false
2023-10-13T08:00:00Z,1.2203000000,1.2225300000,1.2184900000,1.2213700000,30370,LONDON,false
2023-10-13T12:00:00Z,1.2213800000,1.2214100000,1.2159900000,1.2188500000,38664,OTHER,false
2023-10-13T16:00:00Z,1.2188500000,1.2193800000,1.2131200000,1.2136600000,31412,OTHER,false
2023-10-13T20:00:00Z,1.2136800000,1.2143400000,1.2122400000,1.2139900000,9469,OTHER,false
2023-10-16T00:00:00Z,1.2138000000,1.2156900000,1.2127900000,1.2146400000,9115,OTHER,false
2023-10-16T04:00:00Z,1.2146300000,1.2161500000,1.2146300000,1.2159900000,14911,OTHER,false
2023-10-16T08:00:00Z,1.2159800000,1.2177600000,1.2151400000,1.2159400000,30117,LONDON,false
2023-10-16T12:00:00Z,1.2158900000,1.2184300000,1.2142400000,1.2176000000,29461,OTHER,false
2023-10-16T16:00:00Z,1.2176100000,1.2204700000,1.2153400000,1.2199600000,32157,OTHER,false
2023-10-16T20:00:00Z,1.2199700000,1.2219100000,1.2198400000,1.2216600000,15647,OTHER,false
2023-10-17T00:00:00Z,1.2204300000,1.2216100000,1.2194000000,1.2208900000,6642,OTHER,false
2023-10-17T04:00:00Z,1.2208800000,1.2209100000,1.2192900000,1.2196400000,15180,OTHER,false
2023-10-17T08:00:00Z,1.2196500000,1.2200600000,1.2149500000,1.2154700000,27955,LONDON,false
2023-10-17T12:00:00Z,1.2154600000,1.2190800000,1.2132700000,1.2140800000,31913,OTHER,false
2023-10-17T16:00:00Z,1.2140700000,1.2211600000,1.2136500000,1.2191500000,36149,OTHER,false
2023-10-17T20:00:00Z,1.2191300000,1.2193000000,1.2170700000,1.2182200000,13301,OTHER,false
2023-10-18T00:00:00Z,1.2182400000,1.2186800000,1.2158300000,1.2162200000,8132,OTHER,false
2023-10-18T04:00:00Z,1.2162200000,1.2183900000,1.2158800000,1.2180700000,17784,OTHER,false
2023-10-18T08:00:00Z,1.2180700000,1.2211000000,1.2177300000,1.2199100000,30747,LONDON,false
2023-10-18T12:00:00Z,1.2199200000,1.2210100000,1.2171300000,1.2176200000,28084,OTHER,false
2023-10-18T16:00:00Z,1.2176300000,1.2186400000,1.2137600000,1.2152500000,28969,OTHER,false
2023-10-18T20:00:00Z,1.2152500000,1.2176100000,1.2136800000,1.2140600000,23457,OTHER,false
2023-10-19T00:00:00Z,1.2139800000,1.2145800000,1.2135900000,1.2141100000,7456,OTHER,false
2023-10-19T04:00:00Z,1.2141200000,1.2144700000,1.2123600000,1.2125400000,17044,OTHER,false
2023-10-19T08:00:00Z,1.2125400000,1.2144700000,1.2101700000,1.2106600000,24889,LONDON,false
2023-10-19T12:00:00Z,1.2106500000,1.2144500000,1.2089900000,1.2141300000,26724,OTHER,false
2023-10-19T16:00:00Z,1.2141200000,1.2191500000,1.2125300000,1.2173800000,56862,OTHER,false
2023-10-19T20:00:00Z,1.2173900000,1.2182700000,1.2137800000,1.2142800000,34170,OTHER,false
2023-10-20T00:00:00Z,1.2142400000,1.2145400000,1.2121800000,1.2125200000,8208,OTHER,false
2023-10-20T04:00:00Z,1.2125000000,1.2144100000,1.2117500000,1.2134200000,16178,OTHER,false
2023-10-20T08:00:00Z,1.2134300000,1.2138200000,1.2093000000,1.2123500000,31774,LONDON,false
2023-10-20T12:00:00Z,1.2123400000,1.2149500000,1.2113600000,1.2140200000,23497,OTHER,false
2023-10-20T16:00:00Z,1.2140300000,1.2160900000,1.2131000000,1.2153800000,29680,OTHER,false
2023-10-20T20:00:00Z,1.2153900000,1.2170000000,1.2148900000,1.2163000000,17759,OTHER,false
2023-10-23T00:00:00Z,1.2154000000,1.2166000000,1.2149900000,1.2162000000,6326,OTHER,false
2023-10-23T04:00:00Z,1.2161900000,1.2162000000,1.2144100000,1.2149300000,12012,OTHER,false
2023-10-23T08:00:00Z,1.2149200000,1.2184700000,1.2145300000,1.2161700000,25354,LONDON,false
2023-10-23T12:00:00Z,1.2161600000,1.2183200000,1.2143200000,1.2164000000,24962,OTHER,false
2023-10-23T16:00:00Z,1.2164100000,1.2236900000,1.2150100000,1.2233600000,30175,OTHER,false
2023-10-23T20:00:00Z,1.2233700000,1.2258300000,1.2227500000,1.2248100000,18788,OTHER,false
2023-10-24T00:00:00Z,1.2245800000,1.2256600000,1.2226700000,1.2254800000,6628,OTHER,false
2023-10-24T04:00:00Z,1.2254900000,1.2273600000,1.2248300000,1.2264900000,18034,OTHER,false
2023-10-24T08:00:00Z,1.2264800000,1.2288400000,1.2243200000,1.2263500000,28224,LONDON,false
2023-10-24T12:00:00Z,1.2263000000,1.2263400000,1.2197700000,1.2203300000,24402,OTHER,false
2023-10-24T16:00:00Z,1.2203200000,1.2206800000,1.2153100000,1.2158300000,32567,OTHER,false
2023-10-24T20:00:00Z,1.2158300000,1.2167400000,1.2155600000,1.2158900000,14099,OTHER,false
2023-10-25T00:00:00Z,1.2154600000,1.2168500000,1.2151900000,1.2165700000,8763,OTHER,false
2023-10-25T04:00:00Z,1.2165600000,1.2175100000,1.2163300000,1.2175000000,13745,OTHER,false
2023-10-25T08:00:00Z,1.2174900000,1.2175800000,1.2133300000,1.2138000000,23747,LONDON,false
2023-10-25T12:00:00Z,1.2138000000,1.2138500000,1.2113400000,1.2130400000,21622,OTHER,false
2023-10-25T16:00:00Z,1.2130500000,1.2156100000,1.2121900000,1.2127000000,36167,OTHER,false
2023-10-25T20:00:00Z,1.2127000000,1.2129800000,1.2106800000,1.2111200000,20089,OTHER,false
2023-10-26T00:00:00Z,1.2111200000,1.2112600000,1.2087600000,1.2090100000,7297,OTHER,false
2023-10-26T04:00:00Z,1.2090200000,1.2099000000,1.2076500000,1.2079600000,16429,OTHER,false
2023-10-26T08:00:00Z,1.2079500000,1.2095900000,1.2069400000,1.2079200000,20586,LONDON,false
2023-10-26T12:00:00Z,1.2079300000,1.2124100000,1.2074300000,1.2124100000,26321,OTHER,false
2023-10-26T16:00:00Z,1.2124200000,1.2133600000,1.2097900000,1.2104400000,30901,OTHER,false
2023-10-26T20:00:00Z,1.2104300000,1.2139400000,1.2103800000,1.2127700000,19739,OTHER,false
2023-10-27T00:00:00Z,1.2128000000,1.2138600000,1.2118600000,1.2126900000,6836,OTHER,false
2023-10-27T04:00:00Z,1.2126900000,1.2138600000,1.2122000000,1.2137300000,13244,OTHER,false
2023-10-27T08:00:00Z,1.2137300000,1.2141400000,1.2111700000,1.2128000000,22409,LONDON,false
2023-10-27T12:00:00Z,1.2127900000,1.2147300000,1.2105400000,1.2130900000,24885,OTHER,false
2023-10-27T16:00:00Z,1.2131000000,1.2162500000,1.2123900000,1.2131800000,33899,OTHER,false
2023-10-27T20:00:00Z,1.2131900000,1.2131900000,1.2110200000,1.2116600000,19672,OTHER,false
2023-10-30T00:00:00Z,1.2122500000,1.2122800000,1.2106000000,1.2112800000,9658,OTHER,false
2023-10-30T04:00:00Z,1.2112700000,1.2121100000,1.2110400000,1.2113700000,10642,OTHER,false
2023-10-30T08:00:00Z,1.2113700000,1.2136600000,1.2089900000,1.2128300000,21670,LONDON,false
2023-10-30T12:00:00Z,1.2128200000,1.2148400000,1.2119500000,1.2137300000,22814,OTHER,false
2023-10-30T16:00:00Z,1.2137600000,1.2164500000,1.2119900000,1.2154600000,23164,OTHER,false
2023-10-30T20:00:00Z,1.2154700000,1.2174400000,1.2152800000,1.2162200000,9630,OTHER,false
2023-10-31T00:00:00Z,1.2162100000,1.2168400000,1.2148600000,1.2155700000,10284,OTHER,false
2023-10-31T04:00:00Z,1.2155600000,1.2156800000,1.2136600000,1.2147900000,19295,OTHER,false
2023-10-31T08:00:00Z,1.2147900000,1.2194600000,1.2141600000,1.2190800000,22492,LONDON,false
2023-10-31T12:00:00Z,1.2190700000,1.2200400000,1.2133500000,1.2137500000,30944,OTHER,false
2023-10-31T16:00:00Z,1.2137300000,1.2156100000,1.2119500000,1.2147900000,35191,OTHER,false
2023-10-31T20:00:00Z,1.2147900000,1.2155100000,1.2137500000,1.2146900000,10953,OTHER,false
2023-11-01T00:00:00Z,1.2146800000,1.2154100000,1.2133700000,1.2136200000,10337,OTHER,false
2023-11-01T04:00:00Z,1.2136300000,1.2148200000,1.2131600000,1.2135800000,14346,OTHER,false
2023-11-01T08:00:00Z,1.2135700000,1.2160900000,1.2132100000,1.2138800000,20785,LONDON,false
2023-11-01T12:00:00Z,1.2138800000,1.2144700000,1.2095500000,1.2107800000,32323,OTHER,false
2023-11-01T16:00:00Z,1.2107800000,1.2164300000,1.2107400000,1.2115000000,34414,OTHER,false
2023-11-01T20:00:00Z,1.2113200000,1.2156400000,1.2097300000,1.2147800000,41966,OTHER,false
2023-11-02T00:00:00Z,1.2146900000,1.2196100000,1.2146600000,1.2191200000,12744,OTHER,false
2023-11-02T04:00:00Z,1.2191100000,1.2194300000,1.2177100000,1.2182200000,11666,OTHER,false
2023-11-02T08:00:00Z,1.2182000000,1.2190200000,1.2155100000,1.2185400000,22432,LONDON,false
2023-11-02T12:00:00Z,1.2185500000,1.2225400000,1.2180000000,1.2199100000,33915,OTHER,false
2023-11-02T16:00:00Z,1.2199300000,1.2201800000,1.2167400000,1.2201400000,31500,OTHER,false
2023-11-02T20:00:00Z,1.2201100000,1.2208800000,1.2192900000,1.2200000000,9780,OTHER,false
2023-11-03T00:00:00Z,1.2201400000,1.2203400000,1.2184000000,1.2190800000,9463,OTHER,false
2023-11-03T04:00:00Z,1.2190700000,1.2208700000,1.2190200000,1.2208300000,13633,OTHER,false
2023-11-03T08:00:00Z,1.2208400000,1.2215100000,1.2185700000,1.2214500000,28171,LONDON,false
2023-11-03T12:00:00Z,1.2214700000,1.2340100000,1.2211500000,1.2331500000,52362,OTHER,false
2023-11-03T16:00:00Z,1.2333500000,1.2389500000,1.2311200000,1.2384200000,48131,OTHER,false
2023-11-03T20:00:00Z,1.2384100000,1.2386600000,1.2371300000,1.2378800000,6806,OTHER,false
2023-11-06T00:00:00Z,1.2366100000,1.2377300000,1.2360600000,1.2368600000,9648,OTHER,false
2023-11-06T04:00:00Z,1.2368600000,1.2381000000,1.2368400000,1.2378300000,13122,OTHER,false
2023-11-06T08:00:00Z,1.2378100000,1.2423700000,1.2376300000,1.2398200000,25679,LONDON,false
2023-11-06T12:00:00Z,1.2398300000,1.2428200000,1.2382700000,1.2385100000,15340,OTHER,false
2023-11-06T16:00:00Z,1.2385100000,1.2401000000,1.2370000000,1.2370900000,16329,OTHER,false
2023-11-06T20:00:00Z,1.2371100000,1.2372000000,1.2337500000,1.2343300000,5616,OTHER,false
2023-11-07T00:00:00Z,1.2344000000,1.2348000000,1.2333600000,1.2338000000,3258,OTHER,false
2023-11-07T04:00:00Z,1.2337900000,1.2340900000,1.2326400000,1.2333500000,5344,OTHER,false
2023-11-07T08:00:00Z,1.2333700000,1.2336700000,1.2301700000,1.2303700000,13843,LONDON,false
2023-11-07T12:00:00Z,1.2303500000,1.2312600000,1.2275200000,1.2300500000,16623,OTHER,false
2023-11-07T16:00:00Z,1.2300800000,1.2311800000,1.2262300000,1.2271300000,20261,OTHER,false
2023-11-07T20:00:00Z,1.2271400000,1.2306200000,1.2268600000,1.2298500000,6752,OTHER,false
2023-11-08T00:00:00Z,1.2299400000,1.2302500000,1.2277600000,1.2284500000,3914,OTHER,false
2023-11-08T04:00:00Z,1.2284700000,1.2295600000,1.2273900000,1.2275200000,5351,OTHER,false
2023-11-08T08:00:00Z,1.2275000000,1.2278500000,1.2241700000,1.2248000000,15658,LONDON,false
2023-11-08T12:00:00Z,1.2248000000,1.2268800000,1.2242900000,1.2263900000,15128,OTHER,false
2023-11-08T16:00:00Z,1.2264100000,1.2301100000,1.2261700000,1.2292200000,21712,OTHER,false
2023-11-08T20:00:00Z,1.2292000000,1.2300900000,1.2280800000,1.2283500000,7240,OTHER,false
2023-11-09T00:00:00Z,1.2283600000,1.2291700000,1.2274000000,1.2287300000,4659,OTHER,false
2023-11-09T04:00:00Z,1.2287200000,1.2293300000,1.2277600000,1.2278100000,4875,OTHER,false
2023-11-09T08:00:00Z,1.2278100000,1.2308500000,1.2269400000,1.2300000000,15534,LONDON,false
2023-11-09T12:00:00Z,1.2300700000,1.2304800000,1.2252000000,1.2271700000,17868,OTHER,false
2023-11-09T16:00:00Z,1.2272000000,1.2295100000,1.2264000000,1.2266100000,21866,OTHER,false
2023-11-09T20:00:00Z,1.2266300000,1.2268200000,1.2212200000,1.2221400000,19457,OTHER,false
2023-11-10T00:00:00Z,1.2219600000,1.2227600000,1.2211400000,1.2223600000,4130,OTHER,false
2023-11-10T04:00:00Z,1.2223700000,1.2229000000,1.2218800000,1.2226100000,3656,OTHER,false
2023-11-10T08:00:00Z,1.2225900000,1.2237900000,1.2206400000,1.2217200000,15686,LONDON,false
2023-11-10T12:00:00Z,1.2217200000,1.2230100000,1.2200000000,1.2224000000,24284,OTHER,false
2023-11-10T16:00:00Z,1.2223800000,1.2224700000,1.2186800000,1.2216800000,45816,OTHER,false
2023-11-10T20:00:00Z,1.2216600000,1.2231000000,1.2212100000,1.2225800000,9779,OTHER,false
2023-11-13T00:00:00Z,1.2203900000,1.2235200000,1.2197900000,1.2234900000,7691,OTHER,false
2023-11-13T04:00:00Z,1.2234900000,1.2235500000,1.2222900000,1.2230200000,9553,OTHER,false
2023-11-13T08:00:00Z,1.2230000000,1.2253300000,1.2228000000,1.2243400000,23012,LONDON,false
2023-11-13T12:00:00Z,1.2243500000,1.2255600000,1.2235000000,1.2246500000,21811,OTHER,false
2023-11-13T16:00:00Z,1.2246700000,1.2277100000,1.2229300000,1.2267300000,29278,OTHER,false
2023-11-13T20:00:00Z,1.2268400000,1.2279800000,1.2261300000,1.2276800000,9952,OTHER,false
2023-11-14T00:00:00Z,1.2261600000,1.2280200000,1.2247300000,1.2272400000,7197,OTHER,false
2023-11-14T04:00:00Z,1.2272000000,1.2275700000,1.2265200000,1.2268700000,7346,OTHER,false
2023-11-14T08:00:00Z,1.2268900000,1.2303100000,1.2267900000,1.2301900000,23553,LONDON,false
2023-11-14T12:00:00Z,1.2302000000,1.2407300000,1.2276000000,1.2401700000,35053,OTHER,false
2023-11-14T16:00:00Z,1.2401600000,1.2492900000,1.2400500000,1.2492400000,63880,OTHER,false
2023-11-14T20:00:00Z,1.2492600000,1.2505400000,1.2483300000,1.2498500000,12853,OTHER,false
2023-11-15T00:00:00Z,1.2498800000,1.2499800000,1.2478800000,1.2484000000,8840,OTHER,false
2023-11-15T04:00:00Z,1.2484100000,1.2497100000,1.2479900000,1.2488700000,8271,OTHER,false
2023-11-15T08:00:00Z,1.2488900000,1.2501200000,1.2453400000,1.2462800000,31561,LONDON,false
2023-11-15T12:00:00Z,1.2462700000,1.2480000000,1.2425400000,1.2442500000,36162,OTHER,false
2023-11-15T16:00:00Z,1.2442600000,1.2454100000,1.2403500000,1.2422800000,46917,OTHER,false
2023-11-15T20:00:00Z,1.2422700000,1.2422800000,1.2406200000,1.2414400000,9829,OTHER,false
2023-11-16T00:00:00Z,1.2415000000,1.2423700000,1.2400000000,1.2402800000,7365,OTHER,false
2023-11-16T04:00:00Z,1.2402800000,1.2403500000,1.2379800000,1.2395000000,7969,OTHER,false
2023-11-16T08:00:00Z,1.2394900000,1.2413400000,1.2376200000,1.2401100000,18451,LONDON,false
2023-11-16T12:00:00Z,1.2401100000,1.2441400000,1.2381900000,1.2441100000,19543,OTHER,false
2023-11-16T16:00:00Z,1.2441200000,1.2455700000,1.2410900000,1.2425200000,29602,OTHER,false
2023-11-16T20:00:00Z,1.2424700000,1.2430700000,1.2405600000,1.2412800000,5329,OTHER,false
2023-11-17T00:00:00Z,1.2411400000,1.2421800000,1.2401100000,1.2412600000,3808,OTHER,false
2023-11-17T04:00:00Z,1.2412700000,1.2416000000,1.2403400000,1.2414000000,4048,OTHER,false
2023-11-17T08:00:00Z,1.2414000000,1.2418500000,1.2373900000,1.2409600000,18113,LONDON,false
2023-11-17T12:00:00Z,1.2409500000,1.2440100000,1.2408100000,1.2421100000,20116,OTHER,false
2023-11-17T16:00:00Z,1.2421100000,1.2437200000,1.2404800000,1.2435400000,28031,OTHER,false
2023-11-17T20:00:00Z,1.2435700000,1.2464200000,1.2432700000,1.2460000000,5674,OTHER,false
2023-11-20T00:00:00Z,1.2445500000,1.2468900000,1.2443100000,1.2467800000,5784,OTHER,false
2023-11-20T04:00:00Z,1.2467700000,1.2494900000,1.2466000000,1.2480100000,6889,OTHER,false
2023-11-20T08:00:00Z,1.2480200000,1.2510600000,1.2471100000,1.2510100000,18305,LONDON,false
2023-11-20T12:00:00Z,1.2510100000,1.2510400000,1.2461100000,1.2473000000,14908,OTHER,false
2023-11-20T16:00:00Z,1.2472900000,1.2517500000,1.2462000000,1.2500500000,18024,OTHER,false
2023-11-20T20:00:00Z,1.2500300000,1.2516700000,1.2497600000,1.2503900000,6599,OTHER,false
2023-11-21T00:00:00Z,1.2497000000,1.2524000000,1.2494000000,1.2516800000,5103,OTHER,false
2023-11-21T04:00:00Z,1.2515800000,1.2539700000,1.2512100000,1.2526000000,6640,OTHER,false
2023-11-21T08:00:00Z,1.2526100000,1.2540800000,1.2520000000,1.2530900000,18251,LONDON,false
2023-11-21T12:00:00Z,1.2530800000,1.2559200000,1.2526400000,1.2539200000,17098,OTHER,false
2023-11-21T16:00:00Z,1.2539300000,1.2554000000,1.2526400000,1.2546800000,25758,OTHER,false
2023-11-21T20:00:00Z,1.2546800000,1.2546900000,1.2517100000,1.2537300000,7986,OTHER,false
2023-11-22T00:00:00Z,1.2529200000,1.2549000000,1.2522500000,1.2535000000,4456,OTHER,false
2023-11-22T04:00:00Z,1.2534900000,1.2543500000,1.2523800000,1.2525400000,4709,OTHER,false
2023-11-22T08:00:00Z,1.2525300000,1.2537200000,1.2506800000,1.2529000000,16971,LONDON,false
2023-11-22T12:00:00Z,1.2529200000,1.2548300000,1.2509000000,1.2515000000,21989,OTHER,false
2023-11-22T16:00:00Z,1.2515500000,1.2516600000,1.2448800000,1.2479100000,27086,OTHER,false
2023-11-22T20:00:00Z,1.2479100000,1.2496500000,1.2478200000,1.2492800000,3688,OTHER,false
2023-11-23T00:00:00Z,1.2489900000,1.2496500000,1.2482900000,1.2495200000,2385,OTHER,false
2023-11-23T04:00:00Z,1.2495300000,1.2512600000,1.2494700000,1.2511400000,2908,OTHER,false
2023-11-23T08:00:00Z,1.2511500000,1.2574300000,1.2501300000,1.2558500000,9656,LONDON,false
2023-11-23T12:00:00Z,1.2558100000,1.2562700000,1.2533000000,1.2537200000,6960,OTHER,false
2023-11-23T16:00:00Z,1.2536900000,1.2543200000,1.2525300000,1.2531300000,5826,OTHER,false
2023-11-23T20:00:00Z,1.2531000000,1.2537400000,1.2529900000,1.2533000000,1485,OTHER,false
2023-11-24T00:00:00Z,1.2528200000,1.2544300000,1.2522300000,1.2532200000,2486,OTHER,false
2023-11-24T04:00:00Z,1.2532100000,1.2546100000,1.2524000000,1.2545600000,2829,OTHER,false
2023-11-24T08:00:00Z,1.2545600000,1.2565900000,1.2526400000,1.2549200000,7054,LONDON,false
2023-11-24T12:00:00Z,1.2548800000,1.2579500000,1.2546100000,1.2577000000,7574,OTHER,false
2023-11-24T16:00:00Z,1.2577100000,1.2615300000,1.2575400000,1.2607700000,9070,OTHER,false
2023-11-24T20:00:00Z,1.2607600000,1.2610800000,1.2595200000,1.2595600000,3097,OTHER,false
2023-11-27T00:00:00Z,1.2597800000,1.2609600000,1.2591000000,1.2603000000,3293,OTHER,false
2023-11-27T04:00:00Z,1.2603100000,1.2612500000,1.2590500000,1.2610900000,3432,OTHER,false
2023-11-27T08:00:00Z,1.2610500000,1.2627000000,1.2604000000,1.2608400000,7542,LONDON,false
2023-11-27T12:00:00Z,1.2608600000,1.2644000000,1.2602000000,1.2625300000,9041,OTHER,false
2023-11-27T16:00:00Z,1.2625200000,1.2628400000,1.2600600000,1.2603500000,11440,OTHER,false
2023-11-27T20:00:00Z,1.2603600000,1.2633100000,1.2601300000,1.2626400000,3575,OTHER,false
2023-11-28T00:00:00Z,1.2627000000,1.2641400000,1.2617700000,1.2634100000,3248,OTHER,false
2023-11-28T04:00:00Z,1.2634100000,1.2640800000,1.2622000000,1.2625600000,3623,OTHER,false
2023-11-28T08:00:00Z,1.2625700000,1.2633100000,1.2606800000,1.2628500000,8144,LONDON,false
2023-11-28T12:00:00Z,1.2628700000,1.2648200000,1.2608100000,1.2642500000,9099,OTHER,false
2023-11-28T16:00:00Z,1.2642300000,1.2714800000,1.2635800000,1.2692100000,16886,OTHER,false
2023-11-28T20:00:00Z,1.2692100000,1.2700900000,1.2672500000,1.2693100000,5706,OTHER,false
2023-11-29T00:00:00Z,1.2689800000,1.2732600000,1.2688900000,1.2718200000,4592,OTHER,false
2023-11-29T04:00:00Z,1.2718300000,1.2721900000,1.2705600000,1.2713400000,4447,OTHER,false
2023-11-29T08:00:00Z,1.2713200000,1.2721600000,1.2673900000,1.2680500000,10069,LONDON,false
2023-11-29T12:00:00Z,1.2680400000,1.2708600000,1.2674100000,1.2686000000,10777,OTHER,false
2023-11-29T16:00:00Z,1.2685800000,1.2710900000,1.2664700000,1.2697400000,13694,OTHER,false
2023-11-29T20:00:00Z,1.2697300000,1.2727000000,1.2690100000,1.2692600000,4746,OTHER,false
2023-11-30T00:00:00Z,1.2690900000,1.2704300000,1.2684000000,1.2692300000,3988,OTHER,false
2023-11-30T04:00:00Z,1.2692300000,1.2705100000,1.2690000000,1.2698700000,3532,OTHER,false
2023-11-30T08:00:00Z,1.2698700000,1.2710600000,1.2648100000,1.2648700000,9333,LONDON,false
2023-11-30T12:00:00Z,1.2648600000,1.2678300000,1.2622400000,1.2624900000,11850,OTHER,false
2023-11-30T16:00:00Z,1.2624900000,1.2663600000,1.2603000000,1.2619700000,18078,OTHER,false
2023-11-30T20:00:00Z,1.2619600000,1.2637000000,1.2612000000,1.2622400000,6538,OTHER,false
2023-12-01T00:00:00Z,1.2621000000,1.2655300000,1.2611900000,1.2652800000,4080,OTHER,false
2023-12-01T04:00:00Z,1.2652700000,1.2656200000,1.2632700000,1.2644300000,5915,OTHER,false
2023-12-01T08:00:00Z,1.2644300000,1.2674900000,1.2629000000,1.2667900000,8066,LONDON,false
2023-12-01T12:00:00Z,1.2668000000,1.2668400000,1.2627500000,1.2629600000,7392,OTHER,false
2023-12-01T16:00:00Z,1.2629400000,1.2696200000,1.2613900000,1.2694800000,16520,OTHER,false
2023-12-01T20:00:00Z,1.2694700000,1.2715900000,1.2692100000,1.2709600000,7430,OTHER,false
2023-12-04T00:00:00Z,1.2689700000,1.2724300000,1.2666800000,1.2676400000,8813,OTHER,false
2023-12-04T04:00:00Z,1.2676200000,1.2686300000,1.2671400000,1.2677400000,6477,OTHER,false
2023-12-04T08:00:00Z,1.2677000000,1.2685400000,1.2656400000,1.2674000000,9645,LONDON,false
2023-12-04T12:00:00Z,1.2674400000,1.2687600000,1.2653000000,1.2656900000,8401,OTHER,false
2023-12-04T16:00:00Z,1.2657000000,1.2657400000,1.2603800000,1.2622400000,13281,OTHER,false
2023-12-04T20:00:00Z,1.2622300000,1.2634100000,1.2605200000,1.2632000000,5015,OTHER,false
2023-12-05T00:00:00Z,1.2632100000,1.2644100000,1.2620600000,1.2636000000,4780,OTHER,false
2023-12-05T04:00:00Z,1.2636000000,1.2641000000,1.2627300000,1.2639100000,4927,OTHER,false
2023-12-05T08:00:00Z,1.2639000000,1.2639600000,1.2606300000,1.2631300000,10149,LONDON,false
2023-12-05T12:00:00Z,1.2631200000,1.2645600000,1.2616700000,1.2636300000,9272,OTHER,false
2023-12-05T16:00:00Z,1.2636300000,1.2651500000,1.2582500000,1.2595200000,15918,OTHER,false
2023-12-05T20:00:00Z,1.2595400000,1.2596400000,1.2577200000,1.2592800000,5525,OTHER,false
2023-12-06T00:00:00Z,1.2591800000,1.2608300000,1.2585400000,1.2602500000,4564,OTHER,false
2023-12-06T04:00:00Z,1.2602500000,1.2613600000,1.2599900000,1.2610700000,4539,OTHER,false
2023-12-06T08:00:00Z,1.2610600000,1.2611700000,1.2591300000,1.2600000000,7357,LONDON,false
2023-12-06T12:00:00Z,1.2600100000,1.2609600000,1.2582000000,1.2598800000,9426,OTHER,false
2023-12-06T16:00:00Z,1.2598900000,1.2604700000,1.2576400000,1.2580800000,10848,OTHER,false
2023-12-06T20:00:00Z,1.2580400000,1.2583400000,1.2551500000,1.2558000000,4690,OTHER,false
2023-12-07T00:00:00Z,1.2559200000,1.2564300000,1.2546200000,1.2559200000,3319,OTHER,false
2023-12-07T04:00:00Z,1.2559400000,1.2561500000,1.2544500000,1.2550200000,4891,OTHER,false
2023-12-07T08:00:00Z,1.2550100000,1.2589200000,1.2546600000,1.2584900000,9468,LONDON,false
2023-12-07T12:00:00Z,1.2586100000,1.2593700000,1.2550900000,1.2583500000,10454,OTHER,false
2023-12-07T16:00:00Z,1.2583200000,1.2611700000,1.2545400000,1.2602900000,14129,OTHER,false
2023-12-07T20:00:00Z,1.2602800000,1.2602800000,1.2582700000,1.2591800000,6246,OTHER,false
2023-12-08T00:00:00Z,1.2588900000,1.2601200000,1.2569100000,1.2590300000,5533,OTHER,false
2023-12-08T04:00:00Z,1.2590500000,1.2597800000,1.2586200000,1.2587700000,6205,OTHER,false
2023-12-08T08:00:00Z,1.2587400000,1.2589700000,1.2554600000,1.2557300000,9719,LONDON,false
2023-12-08T12:00:00Z,1.2557000000,1.2586700000,1.2511200000,1.2545600000,11295,OTHER,false
2023-12-08T16:00:00Z,1.2545600000,1.2562500000,1.2502500000,1.2545300000,15126,OTHER,false
2023-12-08T20:00:00Z,1.2545500000,1.2555600000,1.2541800000,1.2546100000,5209,OTHER,false
2023-12-11T00:00:00Z,1.2543600000,1.2558500000,1.2523500000,1.2545600000,6076,OTHER,false
2023-12-11T04:00:00Z,1.2545300000,1.2546700000,1.2534800000,1.2541900000,3323,OTHER,false
2023-12-11T08:00:00Z,1.2541800000,1.2560600000,1.2535000000,1.2553700000,7336,LONDON,false
2023-12-11T12:00:00Z,1.2553900000,1.2590900000,1.2553700000,1.2580700000,6759,OTHER,false
2023-12-11T16:00:00Z,1.2581000000,1.2581800000,1.2540100000,1.2540300000,9075,OTHER,false
2023-12-11T20:00:00Z,1.2540200000,1.2567500000,1.2538000000,1.2554600000,4356,OTHER,false
2023-12-12T00:00:00Z,1.2554000000,1.2569200000,1.2548200000,1.2565000000,3278,OTHER,false
2023-12-12T04:00:00Z,1.2565000000,1.2584000000,1.2563000000,1.2575800000,4713,OTHER,false
2023-12-12T08:00:00Z,1.2576400000,1.2584300000,1.2542700000,1.2565300000,7060,LONDON,false
2023-12-12T12:00:00Z,1.2565300000,1.2616100000,1.2539900000,1.2543400000,8974,OTHER,false
2023-12-12T16:00:00Z,1.2543100000,1.2571500000,1.2514200000,1.2545200000,12283,OTHER,false
2023-12-12T20:00:00Z,1.2544700000,1.2571800000,1.2542800000,1.2562200000,6190,OTHER,false
2023-12-13T00:00:00Z,1.2562100000,1.2570600000,1.2536900000,1.2559000000,3250,OTHER,false
2023-12-13T04:00:00Z,1.2558900000,1.2560400000,1.2548100000,1.2557200000,3436,OTHER,false
2023-12-13T08:00:00Z,1.2557200000,1.2558400000,1.2517200000,1.2526400000,7037,LONDON,false
2023-12-13T12:00:00Z,1.2526000000,1.2548900000,1.2509500000,1.2539900000,7565,OTHER,false
2023-12-13T16:00:00Z,1.2539500000,1.2547300000,1.2505300000,1.2507900000,9364,OTHER,false
2023-12-13T20:00:00Z,1.2507300000,1.2634500000,1.2500100000,1.2617600000,16513,OTHER,false
2023-12-14T00:00:00Z,1.2617500000,1.2641500000,1.2610100000,1.2640200000,7421,OTHER,false
2023-12-14T04:00:00Z,1.2640400000,1.2652400000,1.2629200000,1.2635700000,7741,OTHER,false
2023-12-14T08:00:00Z,1.2635600000,1.2670900000,1.2612000000,1.2667400000,12815,LONDON,false
2023-12-14T12:00:00Z,1.2667200000,1.2732800000,1.2652100000,1.2727100000,14607,OTHER,false
2023-12-14T16:00:00Z,1.2727000000,1.2794000000,1.2702900000,1.2784300000,17633,OTHER,false
2023-12-14T20:00:00Z,1.2784200000,1.2784200000,1.2748000000,1.2764400000,7498,OTHER,false
2023-12-15T00:00:00Z,1.2764900000,1.2770900000,1.2747200000,1.2754700000,5262,OTHER,false
2023-12-15T04:00:00Z,1.2754800000,1.2773600000,1.2754800000,1.2759000000,4517,OTHER,false
2023-12-15T08:00:00Z,1.2759000000,1.2775900000,1.2740200000,1.2774700000,10374,LONDON,false
2023-12-15T12:00:00Z,1.2774800000,1.2790500000,1.2699000000,1.2710900000,49796,OTHER,false
2023-12-15T16:00:00Z,1.2710900000,1.2730000000,1.2685100000,1.2705300000,72168,OTHER,false
2023-12-15T20:00:00Z,1.2705200000,1.2705400000,1.2668400000,1.2677300000,31404,OTHER,false
2023-12-18T00:00:00Z,1.2675000000,1.2683900000,1.2659200000,1.2681300000,16544,OTHER,false
2023-12-18T04:00:00Z,1.2681400000,1.2699800000,1.2681000000,1.2693400000,17229,OTHER,false
2023-12-18T08:00:00Z,1.2693400000,1.2704000000,1.2665300000,1.2666700000,35621,LONDON,false
2023-12-18T12:00:00Z,1.2666800000,1.2678600000,1.2647300000,1.2667100000,39415,OTHER,false
2023-12-18T16:00:00Z,1.2667300000,1.2670400000,1.2628400000,1.2652800000,48755,OTHER,false
2023-12-18T20:00:00Z,1.2652800000,1.2653200000,1.2633200000,1.2647200000,20808,OTHER,false
2023-12-19T00:00:00Z,1.2643500000,1.2663000000,1.2619700000,1.2652800000,12520,OTHER,false
2023-12-19T04:00:00Z,1.2652800000,1.2664700000,1.2649800000,1.2658100000,20768,OTHER,false
2023-12-19T08:00:00Z,1.2658100000,1.2701700000,1.2650900000,1.2699200000,45359,LONDON,false
2023-12-19T12:00:00Z,1.2699200000,1.2746600000,1.2693200000,1.2743100000,47353,OTHER,false
2023-12-19T16:00:00Z,1.2743100000,1.2762000000,1.2725500000,1.2735500000,59300,OTHER,false
2023-12-19T20:00:00Z,1.2735500000,1.2738800000,1.2715900000,1.2729700000,21642,OTHER,false
2023-12-20T00:00:00Z,1.2724500000,1.2732900000,1.2715700000,1.2719000000,15011,OTHER,false
2023-12-20T04:00:00Z,1.2719100000,1.2725700000,1.2716900000,1.2721800000,12389,OTHER,false
2023-12-20T08:00:00Z,1.2721800000,1.2722000000,1.2647400000,1.2678600000,51670,LONDON,false
2023-12-20T12:00:00Z,1.2678700000,1.2679500000,1.2629600000,1.2661100000,43315,OTHER,false
2023-12-20T16:00:00Z,1.2661100000,1.2682100000,1.2652500000,1.2670100000,53707,OTHER,false
2023-12-20T20:00:00Z,1.2670100000,1.2673900000,1.2624100000,1.2637600000,33324,OTHER,false
2023-12-21T00:00:00Z,1.2630200000,1.2650300000,1.2620700000,1.2642200000,15690,OTHER,false
2023-12-21T04:00:00Z,1.2642200000,1.2651100000,1.2630300000,1.2649400000,15510,OTHER,false
2023-12-21T08:00:00Z,1.2649500000,1.2649700000,1.2612300000,1.2631300000,33056,LONDON,false
2023-12-21T12:00:00Z,1.2631300000,1.2695700000,1.2621600000,1.2681100000,48596,OTHER,false
2023-12-21T16:00:00Z,1.2681100000,1.2690600000,1.2642900000,1.2664200000,76000,OTHER,false
2023-12-21T20:00:00Z,1.2664200000,1.2692500000,1.2658800000,1.2688200000,28853,OTHER,false
2023-12-22T00:00:00Z,1.2684500000,1.2692300000,1.2667000000,1.2681000000,15573,OTHER,false
2023-12-22T04:00:00Z,1.2681000000,1.2691400000,1.2679800000,1.2685600000,17705,OTHER,false
2023-12-22T08:00:00Z,1.2685600000,1.2715500000,1.2680000000,1.2686600000,37987,LONDON,false
2023-12-22T12:00:00Z,1.2686500000,1.2743800000,1.2686100000,1.2735200000,51020,OTHER,false
2023-12-22T16:00:00Z,1.2735100000,1.2744400000,1.2697800000,1.2709000000,60807,OTHER,false
2023-12-22T20:00:00Z,1.2709000000,1.2710200000,1.2689900000,1.2695500000,24075,OTHER,false
2023-12-25T00:00:00Z,1.2688200000,1.2705500000,1.2681300000,1.2702000000,96,OTHER,false
2023-12-26T00:00:00Z,1.2681100000,1.2712200000,1.2680800000,1.2706000000,10032,OTHER,false
2023-12-26T04:00:00Z,1.2706000000,1.2713100000,1.2702100000,1.2705800000,10488,OTHER,false
2023-12-26T08:00:00Z,1.2705800000,1.2708100000,1.2686400000,1.2691000000,14456,LONDON,false
2023-12-26T12:00:00Z,1.2691000000,1.2712300000,1.2684200000,1.2704300000,25338,OTHER,false
2023-12-26T16:00:00Z,1.2704200000,1.2720400000,1.2701100000,1.2706800000,27501,OTHER,false
2023-12-26T20:00:00Z,1.2706800000,1.2730400000,1.2705200000,1.2723400000,15502,OTHER,false
2023-12-27T00:00:00Z,1.2713100000,1.2730000000,1.2712000000,1.2725000000,10114,OTHER,false
2023-12-27T04:00:00Z,1.2725000000,1.2732700000,1.2719800000,1.2732300000,9832,OTHER,false
2023-12-27T08:00:00Z,1.2732200000,1.2735400000,1.2698500000,1.2720300000,27795,LONDON,false
2023-12-27T12:00:00Z,1.2720300000,1.2759700000,1.2710300000,1.2754800000,31499,OTHER,false
2023-12-27T16:00:00Z,1.2754800000,1.2802900000,1.2743800000,1.2789700000,48489,OTHER,false
2023-12-27T20:00:00Z,1.2789700000,1.2801800000,1.2783300000,1.2797700000,21947,OTHER,false
2023-12-28T00:00:00Z,1.2791500000,1.2814000000,1.2784600000,1.2812800000,11221,OTHER,false
2023-12-28T04:00:00Z,1.2812800000,1.2816400000,1.2801300000,1.2808800000,11959,OTHER,false
2023-12-28T08:00:00Z,1.2808800000,1.2827800000,1.2790600000,1.2794200000,33590,LONDON,false
2023-12-28T12:00:00Z,1.2794400000,1.2805700000,1.2738300000,1.2742000000,38849,OTHER,false
2023-12-28T16:00:00Z,1.2742000000,1.2775300000,1.2728400000,1.2739000000,49987,OTHER,false
2023-12-28T20:00:00Z,1.2739000000,1.2740000000,1.2712400000,1.2731500000,23159,OTHER,false
2023-12-29T00:00:00Z,1.2729300000,1.2747100000,1.2715500000,1.2736700000,15847,OTHER,false
2023-12-29T04:00:00Z,1.2736700000,1.2763800000,1.2732200000,1.2762700000,13709,OTHER,false
2023-12-29T08:00:00Z,1.2762700000,1.2772700000,1.2700400000,1.2705700000,32058,LONDON,false
2023-12-29T12:00:00Z,1.2705600000,1.2749900000,1.2704000000,1.2721000000,42727,OTHER,false
2023-12-29T16:00:00Z,1.2721000000,1.2766800000,1.2700700000,1.2762500000,70676,OTHER,false
2023-12-29T20:00:00Z,1.2762400000,1.2762600000,1.2727300000,1.2730100000,29998,OTHER,false
2024-01-02T00:00:00Z,1.2721000000,1.2735100000,1.2716700000,1.2720600000,12871,OTHER,false
2024-01-02T04:00:00Z,1.2720600000,1.2741100000,1.2709700000,1.2736900000,13901,OTHER,false
2024-01-02T08:00:00Z,1.2736900000,1.2760100000,1.2717000000,1.2717500000,41003,LONDON,false
2024-01-02T12:00:00Z,1.2717300000,1.2718800000,1.2621200000,1.2629500000,56849,OTHER,false
2024-01-02T16:00:00Z,1.2629600000,1.2644800000,1.2610700000,1.2633000000,72034,OTHER,false
2024-01-02T20:00:00Z,1.2632900000,1.2635000000,1.2614900000,1.2616000000,22851,OTHER,false
2024-01-03T00:00:00Z,1.2614900000,1.2633500000,1.2609600000,1.2628800000,12806,OTHER,false
2024-01-03T04:00:00Z,1.2628800000,1.2641600000,1.2626200000,1.2630400000,13582,OTHER,false
2024-01-03T08:00:00Z,1.2630400000,1.2652700000,1.2624200000,1.2627800000,36274,LONDON,false
2024-01-03T12:00:00Z,1.2627800000,1.2643200000,1.2618300000,1.2629800000,42441,OTHER,false
2024-01-03T16:00:00Z,1.2629800000,1.2656700000,1.2615400000,1.2644700000,78919,OTHER,false
2024-01-03T20:00:00Z,1.2644700000,1.2676700000,1.2630500000,1.2664200000,53680,OTHER,false
2024-01-04T00:00:00Z,1.2663900000,1.2673600000,1.2651700000,1.2662100000,13441,OTHER,false
2024-01-04T04:00:00Z,1.2662100000,1.2676200000,1.2656700000,1.2665300000,17250,OTHER,false
2024-01-04T08:00:00Z,1.2665300000,1.2724800000,1.2664800000,1.2720400000,47088,LONDON,false
2024-01-04T12:00:00Z,1.2720300000,1.2730000000,1.2670400000,1.2673600000,48389,OTHER,false
2024-01-04T16:00:00Z,1.2673400000,1.2710700000,1.2664600000,1.2683300000,59351,OTHER,false
2024-01-04T20:00:00Z,1.2683200000,1.2686600000,1.2673900000,1.2681400000,20357,OTHER,false
2024-01-05T00:00:00Z,1.2675800000,1.2695300000,1.2672200000,1.2693300000,12644,OTHER,false
2024-01-05T04:00:00Z,1.2693300000,1.2696300000,1.2673500000,1.2674000000,13637,OTHER,false
2024-01-05T08:00:00Z,1.2674000000,1.2689300000,1.2657000000,1.2660000000,35324,LONDON,false
2024-01-05T12:00:00Z,1.2660000000,1.2671300000,1.2611200000,1.2657900000,55819,OTHER,false
2024-01-05T16:00:00Z,1.2658000000,1.2771100000,1.2655000000,1.2723300000,109818,OTHER,false
2024-01-05T20:00:00Z,1.2723200000,1.2739500000,1.2710200000,1.2717600000,29732,OTHER,false
2024-01-08T00:00:00Z,1.2710100000,1.2729900000,1.2705200000,1.2720800000,11142,OTHER,false
2024-01-08T04:00:00Z,1.2720800000,1.2720800000,1.2697700000,1.2703500000,12803,OTHER,false
2024-01-08T08:00:00Z,1.2703600000,1.2720100000,1.2673400000,1.2694600000,33587,LONDON,false
2024-01-08T12:00:00Z,1.2694700000,1.2721100000,1.2693100000,1.2711900000,36699,OTHER,false
2024-01-08T16:00:00Z,1.2711900000,1.2767000000,1.2709000000,1.2754700000,50037,OTHER,false
2024-01-08T20:00:00Z,1.2754700000,1.2760600000,1.2739900000,1.2747400000,20196,OTHER,false
2024-01-09T00:00:00Z,1.2746700000,1.2760700000,1.2738600000,1.2760100000,16488,OTHER,false
2024-01-09T04:00:00Z,1.2760100000,1.2764900000,1.2737300000,1.2743400000,15245,OTHER,false
2024-01-09T08:00:00Z,1.2743400000,1.2751000000,1.2724100000,1.2734400000,30111,LONDON,false
2024-01-09T12:00:00Z,1.2734500000,1.2738300000,1.2707100000,1.2725400000,38730,OTHER,false
2024-01-09T16:00:00Z,1.2725500000,1.2731800000,1.2689200000,1.2710500000,50336,OTHER,false
2024-01-09T20:00:00Z,1.2710500000,1.2717700000,1.2691800000,1.2706500000,24020,OTHER,false
2024-01-10T00:00:00Z,1.2705900000,1.2718100000,1.2695600000,1.2710600000,14020,OTHER,false
2024-01-10T04:00:00Z,1.2710600000,1.2712700000,1.2697000000,1.2701400000,13270,OTHER,false
2024-01-10T08:00:00Z,1.2701400000,1.2728900000,1.2686000000,1.2725500000,33173,LONDON,false
2024-01-10T12:00:00Z,1.2725500000,1.2736600000,1.2717800000,1.2724100000,33564,OTHER,false
2024-01-10T16:00:00Z,1.2724200000,1.2741200000,1.2713200000,1.2733600000,43732,OTHER,false
2024-01-10T20:00:00Z,1.2733500000,1.2744100000,1.2727300000,1.2741300000,23043,OTHER,false
2024-01-11T00:00:00Z,1.2741500000,1.2761400000,1.2717800000,1.2760100000,12308,OTHER,false
2024-01-11T04:00:00Z,1.2760200000,1.2771000000,1.2757600000,1.2763300000,15266,OTHER,false
2024-01-11T08:00:00Z,1.2763300000,1.2774400000,1.2738300000,1.2739600000,29256,LONDON,false
2024-01-11T12:00:00Z,1.2739600000,1.2783000000,1.2702600000,1.2711300000,61131,OTHER,false
2024-01-11T16:00:00Z,1.2711400000,1.2753800000,1.2690000000,1.2720300000,119578,OTHER,false
2024-01-11T20:00:00Z,1.2720300000,1.2765900000,1.2719000000,1.2753000000,47457,OTHER,false
2024-01-12T00:00:00Z,1.2743000000,1.2781400000,1.2733400000,1.2780300000,21529,OTHER,false
2024-01-12T04:00:00Z,1.2780300000,1.2785000000,1.2768000000,1.2772500000,20194,OTHER,false
2024-01-12T08:00:00Z,1.2772500000,1.2779500000,1.2749500000,1.2752300000,36439,LONDON,false
2024-01-12T12:00:00Z,1.2752200000,1.2768700000,1.2719300000,1.2755100000,53672,OTHER,false
2024-01-12T16:00:00Z,1.2755100000,1.2785800000,1.2732200000,1.2739300000,70818,OTHER,false
2024-01-12T20:00:00Z,1.2739400000,1.2756400000,1.2735100000,1.2751600000,24279,OTHER,false
2024-01-15T00:00:00Z,1.2732700000,1.2750300000,1.2726100000,1.2741800000,17741,OTHER,false
2024-01-15T04:00:00Z,1.2741700000,1.2765300000,1.2741700000,1.2752500000,15821,OTHER,false
2024-01-15T08:00:00Z,1.2752500000,1.2760200000,1.2718500000,1.2726100000,30389,LONDON,false
2024-01-15T12:00:00Z,1.2726100000,1.2739500000,1.2712800000,1.2727600000,36504,OTHER,false
2024-01-15T16:00:00Z,1.2727600000,1.2738500000,1.2712900000,1.2729200000,29699,OTHER,false
2024-01-15T20:00:00Z,1.2729100000,1.2731800000,1.2725300000,1.2726800000,3817,OTHER,false
2024-01-16T00:00:00Z,1.2726400000,1.2728600000,1.2678800000,1.2694700000,21042,OTHER,false
2024-01-16T04:00:00Z,1.2694700000,1.2694900000,1.2676200000,1.2680400000,18528,OTHER,false
2024-01-16T08:00:00Z,1.2680400000,1.2686700000,1.2635000000,1.2640800000,50041,LONDON,false
2024-01-16T12:00:00Z,1.2641000000,1.2672400000,1.2620100000,1.2642400000,57107,OTHER,false
2024-01-16T16:00:00Z,1.2642300000,1.2679000000,1.2624400000,1.2624800000,95527,OTHER,false
2024-01-16T20:00:00Z,1.2624800000,1.2640300000,1.2619200000,1.2635800000,24001,OTHER,false
2024-01-17T00:00:00Z,1.2635000000,1.2643100000,1.2621400000,1.2635500000,15703,OTHER,false
2024-01-17T04:00:00Z,1.2635500000,1.2643800000,1.2605700000,1.2609800000,20790,OTHER,false
2024-01-17T08:00:00Z,1.2609800000,1.2683500000,1.2596400000,1.2680300000,62788,LONDON,false
2024-01-17T12:00:00Z,1.2680300000,1.2696500000,1.2641400000,1.2650700000,52282,OTHER,false
2024-01-17T16:00:00Z,1.2650700000,1.2682400000,1.2638200000,1.2678300000,67547,OTHER,false
2024-01-17T20:00:00Z,1.2678400000,1.2686700000,1.2662300000,1.2675900000,27298,OTHER,false
2024-01-18T00:00:00Z,1.2675500000,1.2691600000,1.2660200000,1.2689000000,22371,OTHER,false
2024-01-18T04:00:00Z,1.2688900000,1.2695600000,1.2677400000,1.2686900000,20538,OTHER,false
2024-01-18T08:00:00Z,1.2686900000,1.2704100000,1.2673500000,1.2674200000,44649,LONDON,false
2024-01-18T12:00:00Z,1.2674200000,1.2695900000,1.2650300000,1.2652500000,54849,OTHER,false
2024-01-18T16:00:00Z,1.2652500000,1.2692100000,1.2648000000,1.2681000000,77384,OTHER,false
2024-01-18T20:00:00Z,1.2681000000,1.2707700000,1.2676800000,1.2705100000,28559,OTHER,false
2024-01-19T00:00:00Z,1.2705600000,1.2712100000,1.2695900000,1.2707100000,15218,OTHER,false
2024-01-19T04:00:00Z,1.2707000000,1.2714700000,1.2695900000,1.2698800000,18117,OTHER,false
2024-01-19T08:00:00Z,1.2698800000,1.2701000000,1.2665500000,1.2683800000,50108,LONDON,false
2024-01-19T12:00:00Z,1.2683800000,1.2691100000,1.2669900000,1.2674500000,43341,OTHER,false
2024-01-19T16:00:00Z,1.2674500000,1.2688400000,1.2661100000,1.2687900000,63714,OTHER,false
2024-01-19T20:00:00Z,1.2687800000,1.2704600000,1.2682000000,1.2703200000,22465,OTHER,false
2024-01-22T00:00:00Z,1.2680700000,1.2713000000,1.2677600000,1.2708700000,22479,OTHER,false
2024-01-22T04:00:00Z,1.2708700000,1.2719100000,1.2706800000,1.2718800000,18793,OTHER,false
2024-01-22T08:00:00Z,1.2718700000,1.2724500000,1.2686700000,1.2704700000,38385,LONDON,false
2024-01-22T12:00:00Z,1.2704700000,1.2731900000,1.2698100000,1.2726700000,40068,OTHER,false
2024-01-22T16:00:00Z,1.2726800000,1.2733000000,1.2708700000,1.2721300000,48625,OTHER,false
2024-01-22T20:00:00Z,1.2721300000,1.2721800000,1.2697800000,1.2708200000,23347,OTHER,false
2024-01-23T00:00:00Z,1.2703000000,1.2721300000,1.2694900000,1.2720400000,13507,OTHER,false
2024-01-23T04:00:00Z,1.2720400000,1.2738600000,1.2715100000,1.2737000000,27630,OTHER,false
2024-01-23T08:00:00Z,1.2737100000,1.2747500000,1.2720300000,1.2728500000,45044,LONDON,false
2024-01-23T12:00:00Z,1.2728500000,1.2728600000,1.2699700000,1.2708200000,46820,OTHER,false
2024-01-23T16:00:00Z,1.2708200000,1.2708300000,1.2648800000,1.2657700000,54606,OTHER,false
2024-01-23T20:00:00Z,1.2657700000,1.2691200000,1.2656600000,1.2685800000,20839,OTHER,false
2024-01-24T00:00:00Z,1.2686200000,1.2698400000,1.2663000000,1.2692300000,32412,OTHER,false
2024-01-24T04:00:00Z,1.2692300000,1.2704400000,1.2685400000,1.2702100000,15406,OTHER,false
2024-01-24T08:00:00Z,1.2702100000,1.2773600000,1.2699600000,1.2764800000,49769,LONDON,false
2024-01-24T12:00:00Z,1.2764900000,1.2771200000,1.2728000000,1.2766500000,47944,OTHER,false
2024-01-24T16:00:00Z,1.2766500000,1.2775000000,1.2733700000,1.2747900000,70604,OTHER,false
2024-01-24T20:00:00Z,1.2747900000,1.2750400000,1.2713500000,1.2724600000,33536,OTHER,false
2024-01-25T00:00:00Z,1.2723300000,1.2726500000,1.2703300000,1.2711600000,20543,OTHER,false
2024-01-25T04:00:00Z,1.2711300000,1.2717000000,1.2707000000,1.2710200000,18035,OTHER,false
2024-01-25T08:00:00Z,1.2710200000,1.2737100000,1.2708400000,1.2726300000,34182,LONDON,false
2024-01-25T12:00:00Z,1.2726300000,1.2742800000,1.2697900000,1.2736300000,57666,OTHER,false
2024-01-25T16:00:00Z,1.2736300000,1.2736300000,1.2681500000,1.2690300000,79901,OTHER,false
2024-01-25T20:00:00Z,1.2690400000,1.2710900000,1.2686200000,1.2707300000,29613,OTHER,false
2024-01-26T00:00:00Z,1.2707000000,1.2711900000,1.2693800000,1.2708400000,11548,OTHER,false
2024-01-26T04:00:00Z,1.2708300000,1.2715900000,1.2701800000,1.2705700000,11932,OTHER,false
2024-01-26T08:00:00Z,1.2705700000,1.2722000000,1.2675400000,1.2714200000,36661,LONDON,false
2024-01-26T12:00:00Z,1.2714200000,1.2758500000,1.2714200000,1.2748700000,49791,OTHER,false
2024-01-26T16:00:00Z,1.2748700000,1.2754800000,1.2706200000,1.2713200000,56061,OTHER,false
2024-01-26T20:00:00Z,1.2713100000,1.2715100000,1.2698600000,1.2699000000,19047,OTHER,false
2024-01-29T00:00:00Z,1.2685100000,1.2705900000,1.2685100000,1.2700400000,17328,OTHER,false
2024-01-29T04:00:00Z,1.2700000000,1.2708000000,1.2694800000,1.2701900000,14724,OTHER,false
2024-01-29T08:00:00Z,1.2701800000,1.2719000000,1.2698300000,1.2703400000,33931,LONDON,false
2024-01-29T12:00:00Z,1.2703400000,1.2713000000,1.2682900000,1.2693700000,35706,OTHER,false
2024-01-29T16:00:00Z,1.2693700000,1.2696200000,1.2661900000,1.2683400000,42695,OTHER,false
2024-01-29T20:00:00Z,1.2683300000,1.2717700000,1.2676800000,1.2707400000,23557,OTHER,false
2024-01-30T00:00:00Z,1.2706500000,1.2721100000,1.2699500000,1.2710400000,18113,OTHER,false
2024-01-30T04:00:00Z,1.2710400000,1.2713400000,1.2703500000,1.2705600000,13594,OTHER,false
2024-01-30T08:00:00Z,1.2705600000,1.2708700000,1.2671300000,1.2681100000,36723,LONDON,false
2024-01-30T12:00:00Z,1.2681000000,1.2683900000,1.2662400000,1.2675200000,33858,OTHER,false
2024-01-30T16:00:00Z,1.2675200000,1.2689100000,1.2640000000,1.2680700000,62547,OTHER,false
2024-01-30T20:00:00Z,1.2680700000,1.2700100000,1.2673400000,1.2698200000,18844,OTHER,false
2024-01-31T00:00:00Z,1.2698100000,1.2700900000,1.2674100000,1.2684900000,15658,OTHER,false
2024-01-31T04:00:00Z,1.2684900000,1.2684900000,1.2672300000,1.2677400000,16409,OTHER,false
2024-01-31T08:00:00Z,1.2677400000,1.2697500000,1.2666700000,1.2669900000,37245,LONDON,false
2024-01-31T12:00:00Z,1.2670000000,1.2712700000,1.2666900000,1.2705400000,49054,OTHER,false
2024-01-31T16:00:00Z,1.2705400000,1.2750900000,1.2700300000,1.2718300000,82281,OTHER,false
2024-01-31T20:00:00Z,1.2718000000,1.2739200000,1.2657900000,1.2686900000,103277,OTHER,false
2024-02-01T00:00:00Z,1.2678900000,1.2689600000,1.2655900000,1.2679200000,17820,OTHER,false
2024-02-01T04:00:00Z,1.2679200000,1.2698000000,1.2667300000,1.2667300000,16188,OTHER,false
2024-02-01T08:00:00Z,1.2667400000,1.2674200000,1.2641800000,1.2655400000,40021,LONDON,false
2024-02-01T12:00:00Z,1.2655400000,1.2685800000,1.2625000000,1.2658700000,62322,OTHER,false
2024-02-01T16:00:00Z,1.2658900000,1.2739900000,1.2640800000,1.2736300000,82371,OTHER,false
2024-02-01T20:00:00Z,1.2736300000,1.2755600000,1.2727900000,1.2742900000,30147,OTHER,false
2024-02-02T00:00:00Z,1.2740800000,1.2754700000,1.2733100000,1.2745500000,12293,OTHER,false
2024-02-02T04:00:00Z,1.2745500000,1.2754400000,1.2742900000,1.2749100000,12582,OTHER,false
2024-02-02T08:00:00Z,1.2749200000,1.2767500000,1.2742100000,1.2757700000,31556,LONDON,false
2024-02-02T12:00:00Z,1.2757700000,1.2772600000,1.2668300000,1.2671600000,48450,OTHER,false
2024-02-02T16:00:00Z,1.2671600000,1.2673800000,1.2613800000,1.2618500000,77466,OTHER,false
2024-02-02T20:00:00Z,1.2618400000,1.2643700000,1.2615600000,1.2630200000,28017,OTHER,false
2024-02-05T00:00:00Z,1.2647600000,1.2647600000,1.2598400000,1.2611300000,28864,OTHER,false
2024-02-05T04:00:00Z,1.2611200000,1.2613800000,1.2598900000,1.2611100000,22550,OTHER,false
2024-02-05T08:00:00Z,1.2611100000,1.2629600000,1.2600400000,1.2601300000,36374,LONDON,false
2024-02-05T12:00:00Z,1.2601500000,1.2603700000,1.2549600000,1.2552700000,41814,OTHER,false
2024-02-05T16:00:00Z,1.2552600000,1.2562200000,1.2518100000,1.2535800000,52582,OTHER,false
2024-02-05T20:00:00Z,1.2535800000,1.2544400000,1.2526000000,1.2536000000,26270,OTHER,false
2024-02-06T00:00:00Z,1.2532200000,1.2548000000,1.2524900000,1.2546500000,10248,OTHER,false
2024-02-06T04:00:00Z,1.2546500000,1.2556700000,1.2539200000,1.2552100000,20218,OTHER,false
2024-02-06T08:00:00Z,1.2552100000,1.2565400000,1.2540100000,1.2542000000,38003,LONDON,false
2024-02-06T12:00:00Z,1.2542000000,1.2572000000,1.2536100000,1.2563700000,26202,OTHER,false
2024-02-06T16:00:00Z,1.2563900000,1.2599500000,1.2557900000,1.2595000000,29998,OTHER,false
2024-02-06T20:00:00Z,1.2595000000,1.2603000000,1.2587200000,1.2595900000,15129,OTHER,false
2024-02-07T00:00:00Z,1.2593400000,1.2612800000,1.2583900000,1.2610400000,8636,OTHER,false
2024-02-07T04:00:00Z,1.2610400000,1.2612000000,1.2597800000,1.2605400000,10640,OTHER,false
2024-02-07T08:00:00Z,1.2605500000,1.2637500000,1.2599000000,1.2633100000,21759,LONDON,false
2024-02-07T12:00:00Z,1.2633100000,1.2640000000,1.2620300000,1.2625200000,19061,OTHER,false
2024-02-07T16:00:00Z,1.2625300000,1.2641800000,1.2616200000,1.2622900000,31819,OTHER,false
2024-02-07T20:00:00Z,1.2622800000,1.2634400000,1.2619900000,1.2624700000,12563,OTHER,false
2024-02-08T00:00:00Z,1.2624600000,1.2636200000,1.2613300000,1.2632900000,9590,OTHER,false
2024-02-08T04:00:00Z,1.2632900000,1.2638500000,1.2626600000,1.2630200000,12696,OTHER,false
2024-02-08T08:00:00Z,1.2630500000,1.2637100000,1.2612600000,1.2630400000,20097,LONDON,false
2024-02-08T12:00:00Z,1.2630400000,1.2634600000,1.2571700000,1.2581100000,24489,OTHER,false
2024-02-08T16:00:00Z,1.2580700000,1.2622800000,1.2578000000,1.2617000000,27184,OTHER,false
2024-02-08T20:00:00Z,1.2617100000,1.2629600000,1.2611300000,1.2617000000,12937,OTHER,false
2024-02-09T00:00:00Z,1.2615700000,1.2621300000,1.2605200000,1.2618400000,7138,OTHER,false
2024-02-09T04:00:00Z,1.2618300000,1.2622100000,1.2611200000,1.2614500000,7580,OTHER,false
2024-02-09T08:00:00Z,1.2614500000,1.2634900000,1.2606600000,1.2610900000,19098,LONDON,false
2024-02-09T12:00:00Z,1.2610900000,1.2635600000,1.2598900000,1.2620400000,23938,OTHER,false
2024-02-09T16:00:00Z,1.2620200000,1.2642800000,1.2615700000,1.2629800000,24325,OTHER,false
2024-02-09T20:00:00Z,1.2629900000,1.2637600000,1.2624900000,1.2627000000,8713,OTHER,false
2024-02-12T00:00:00Z,1.2616900000,1.2643800000,1.2616900000,1.2635800000,7283,OTHER,false
2024-02-12T04:00:00Z,1.2635900000,1.2637800000,1.2626200000,1.2629200000,5286,OTHER,false
2024-02-12T08:00:00Z,1.2629100000,1.2654700000,1.2617500000,1.2621000000,18406,LONDON,false
2024-02-12T12:00:00Z,1.2621000000,1.2625800000,1.2605900000,1.2609300000,17892,OTHER,false
2024-02-12T16:00:00Z,1.2609300000,1.2639500000,1.2609300000,1.2639100000,22065,OTHER,false
2024-02-12T20:00:00Z,1.2639100000,1.2640400000,1.2620900000,1.2628700000,12172,OTHER,false
2024-02-13T00:00:00Z,1.2628800000,1.2628800000,1.2618200000,1.2620600000,4781,OTHER,false
2024-02-13T04:00:00Z,1.2620700000,1.2620900000,1.2608600000,1.2614700000,7061,OTHER,false
2024-02-13T08:00:00Z,1.2614800000,1.2655700000,1.2614400000,1.2654500000,21145,LONDON,false
2024-02-13T12:00:00Z,1.2654700000,1.2688100000,1.2589600000,1.2593100000,29929,OTHER,false
2024-02-13T16:00:00Z,1.2593000000,1.2608500000,1.2575400000,1.2599700000,33322,OTHER,false
2024-02-13T20:00:00Z,1.2599700000,1.2603000000,1.2573000000,1.2591600000,12635,OTHER,false
2024-02-14T00:00:00Z,1.2589600000,1.2599100000,1.2578100000,1.2596700000,8411,OTHER,false
2024-02-14T04:00:00Z,1.2596600000,1.2604800000,1.2592300000,1.2602500000,11483,OTHER,false
2024-02-14T08:00:00Z,1.2602500000,1.2611100000,1.2535500000,1.2539400000,27347,LONDON,false
2024-02-14T12:00:00Z,1.2539400000,1.2568100000,1.2535400000,1.2557600000,22003,OTHER,false
2024-02-14T16:00:00Z,1.2557600000,1.2565200000,1.2539400000,1.2564000000,26631,OTHER,false
2024-02-14T20:00:00Z,1.2564100000,1.2570500000,1.2556700000,1.2562000000,11097,OTHER,false
2024-02-15T00:00:00Z,1.2564700000,1.2573100000,1.2546700000,1.2562300000,6508,OTHER,false
2024-02-15T04:00:00Z,1.2562200000,1.2569400000,1.2558300000,1.2564600000,8913,OTHER,false
2024-02-15T08:00:00Z,1.2564700000,1.2573100000,1.2541600000,1.2554200000,19338,LONDON,false
2024-02-15T12:00:00Z,1.2554200000,1.2576600000,1.2540500000,1.2569700000,22515,OTHER,false
2024-02-15T16:00:00Z,1.2569600000,1.2596700000,1.2560800000,1.2586200000,28336,OTHER,false
2024-02-15T20:00:00Z,1.2586000000,1.2601000000,1.2583900000,1.2599400000,10222,OTHER,false
2024-02-16T00:00:00Z,1.2596100000,1.2605000000,1.2579600000,1.2588000000,8211,OTHER,false
2024-02-16T04:00:00Z,1.2588000000,1.2588200000,1.2576800000,1.2582100000,8672,OTHER,false
2024-02-16T08:00:00Z,1.2582100000,1.2605800000,1.2574300000,1.2585600000,20326,LONDON,false
2024-02-16T12:00:00Z,1.2585500000,1.2601000000,1.2550500000,1.2566600000,21441,OTHER,false
2024-02-16T16:00:00Z,1.2566900000,1.2608200000,1.2553200000,1.2607300000,28176,OTHER,false
2024-02-16T20:00:00Z,1.2607200000,1.2624500000,1.2595900000,1.2599600000,13306,OTHER,false
2024-02-19T00:00:00Z,1.2599000000,1.2627000000,1.2595700000,1.2613900000,8687,OTHER,false
2024-02-19T04:00:00Z,1.2613800000,1.2621200000,1.2611100000,1.2618800000,8739,OTHER,false
2024-02-19T08:00:00Z,1.2618800000,1.2629800000,1.2606700000,1.2614600000,15827,LONDON,false
2024-02-19T12:00:00Z,1.2614300000,1.2621900000,1.2597900000,1.2599400000,18840,OTHER,false
2024-02-19T16:00:00Z,1.2599300000,1.2600500000,1.2583200000,1.2591100000,12621,OTHER,false
2024-02-19T20:00:00Z,1.2591100000,1.2600000000,1.2589500000,1.2593600000,3124,OTHER,false
2024-02-20T00:00:00Z,1.2593500000,1.2597000000,1.2580000000,1.2584200000,9272,OTHER,false
2024-02-20T04:00:00Z,1.2584300000,1.2588800000,1.2578900000,1.2581800000,8377,OTHER,false
2024-02-20T08:00:00Z,1.2581700000,1.2606900000,1.2580200000,1.2603300000,21179,LONDON,false
2024-02-20T12:00:00Z,1.2603000000,1.2646100000,1.2586900000,1.2642700000,26915,OTHER,false
2024-02-20T16:00:00Z,1.2642600000,1.2668600000,1.2629300000,1.2634900000,28152,OTHER,false
2024-02-20T20:00:00Z,1.2634800000,1.2635300000,1.2616100000,1.2621500000,11313,OTHER,false
2024-02-21T00:00:00Z,1.2621800000,1.2628100000,1.2613600000,1.2627500000,7898,OTHER,false
2024-02-21T04:00:00Z,1.2627400000,1.2637200000,1.2627200000,1.2633300000,10374,OTHER,false
2024-02-21T08:00:00Z,1.2633400000,1.2634700000,1.2602500000,1.2612000000,19985,LONDON,false
2024-02-21T12:00:00Z,1.2612000000,1.2630700000,1.2608000000,1.2623900000,19759,OTHER,false
2024-02-21T16:00:00Z,1.2624100000,1.2634600000,1.2605000000,1.2615800000,23883,OTHER,false
2024-02-21T20:00:00Z,1.2615800000,1.2641900000,1.2605600000,1.2636100000,18722,OTHER,false
2024-02-22T00:00:00Z,1.2634800000,1.2646700000,1.2627300000,1.2639400000,7572,OTHER,false
2024-02-22T04:00:00Z,1.2639300000,1.2648600000,1.2630800000,1.2644800000,8568,OTHER,false
2024-02-22T08:00:00Z,1.2644800000,1.2709600000,1.2644200000,1.2675900000,26110,LONDON,false
2024-02-22T12:00:00Z,1.2675800000,1.2690000000,1.2626100000,1.2628400000,22335,OTHER,false
2024-02-22T16:00:00Z,1.2628300000,1.2659900000,1.2611400000,1.2656400000,31178,OTHER,false
2024-02-22T20:00:00Z,1.2656400000,1.2664500000,1.2644000000,1.2660200000,10741,OTHER,false
2024-02-23T00:00:00Z,1.2660000000,1.2666400000,1.2647800000,1.2662400000,8122,OTHER,false
2024-02-23T04:00:00Z,1.2662400000,1.2665800000,1.2657200000,1.2661500000,7282,OTHER,false
2024-02-23T08:00:00Z,1.2661500000,1.2676800000,1.2648700000,1.2656300000,18096,LONDON,false
2024-02-23T12:00:00Z,1.2656300000,1.2701400000,1.2655800000,1.2693500000,22177,OTHER,false
2024-02-23T16:00:00Z,1.2693100000,1.2700200000,1.2665400000,1.2677900000,24712,OTHER,false
2024-02-23T20:00:00Z,1.2677900000,1.2686000000,1.2665300000,1.2670500000,11816,OTHER,false
2024-02-26T00:00:00Z,1.2674000000,1.2677100000,1.2660700000,1.2661600000,8646,OTHER,false
2024-02-26T04:00:00Z,1.2661700000,1.2670200000,1.2656200000,1.2666600000,8353,OTHER,false
2024-02-26T08:00:00Z,1.2666500000,1.2681100000,1.2662600000,1.2679100000,15849,LONDON,false
2024-02-26T12:00:00Z,1.2679200000,1.2699600000,1.2673000000,1.2697000000,19464,OTHER,false
2024-02-26T16:00:00Z,1.2697000000,1.2698500000,1.2671900000,1.2676200000,21222,OTHER,false
2024-02-26T20:00:00Z,1.2676200000,1.2688000000,1.2670500000,1.2682800000,8751,OTHER,false
2024-02-27T00:00:00Z,1.2682900000,1.2686600000,1.2671400000,1.2678600000,11271,OTHER,false
2024-02-27T04:00:00Z,1.2678600000,1.2687200000,1.2673900000,1.2680100000,20635,OTHER,false
2024-02-27T08:00:00Z,1.2680100000,1.2696900000,1.2677600000,1.2689100000,18302,LONDON,false
2024-02-27T12:00:00Z,1.2688900000,1.2695000000,1.2671000000,1.2681800000,21355,OTHER,false
2024-02-27T16:00:00Z,1.2681800000,1.2695100000,1.2660100000,1.2685400000,24231,OTHER,false
2024-02-27T20:00:00Z,1.2685300000,1.2694000000,1.2677800000,1.2681000000,15726,OTHER,false
2024-02-28T00:00:00Z,1.2684100000,1.2686700000,1.2672300000,1.2676000000,11372,OTHER,false
2024-02-28T04:00:00Z,1.2675900000,1.2677700000,1.2657200000,1.2659300000,8725,OTHER,false
2024-02-28T08:00:00Z,1.2659200000,1.2662400000,1.2623300000,1.2625200000,18273,LONDON,false
2024-02-28T12:00:00Z,1.2625200000,1.2657900000,1.2621400000,1.2643600000,25474,OTHER,false
2024-02-28T16:00:00Z,1.2643500000,1.2673700000,1.2636100000,1.2659600000,24529,OTHER,false
2024-02-28T20:00:00Z,1.2659600000,1.2663800000,1.2650900000,1.2658200000,9060,OTHER,false
2024-02-29T00:00:00Z,1.2660800000,1.2666600000,1.2646700000,1.2658900000,9784,OTHER,false
2024-02-29T04:00:00Z,1.2658900000,1.2671400000,1.2658100000,1.2666400000,15172,OTHER,false
2024-02-29T08:00:00Z,1.2666400000,1.2674500000,1.2652300000,1.2666500000,21500,LONDON,false
2024-02-29T12:00:00Z,1.2666500000,1.2674500000,1.2634900000,1.2652300000,26568,OTHER,false
2024-02-29T16:00:00Z,1.2652300000,1.2681900000,1.2614700000,1.2617200000,29356,OTHER,false
2024-02-29T20:00:00Z,1.2617200000,1.2627700000,1.2612300000,1.2620700000,12048,OTHER,false
2024-03-01T00:00:00Z,1.2623800000,1.2634200000,1.2608800000,1.2634200000,10634,OTHER,false
2024-03-01T04:00:00Z,1.2634200000,1.2635200000,1.2623700000,1.2625900000,19855,OTHER,false
2024-03-01T08:00:00Z,1.2626000000,1.2641400000,1.2625000000,1.2630300000,17721,LONDON,false
2024-03-01T12:00:00Z,1.2630400000,1.2647200000,1.2617400000,1.2630200000,23052,OTHER,false
2024-03-01T16:00:00Z,1.2630300000,1.2659500000,1.2599400000,1.2655700000,30278,OTHER,false
2024-03-01T20:00:00Z,1.2655600000,1.2663900000,1.2645800000,1.2650900000,10197,OTHER,false
2024-03-04T00:00:00Z,1.2643600000,1.2666100000,1.2643600000,1.2659300000,7966,OTHER,false
2024-03-04T04:00:00Z,1.2659200000,1.2666600000,1.2655800000,1.2662100000,6547,OTHER,false
2024-03-04T08:00:00Z,1.2662200000,1.2679900000,1.2660600000,1.2677700000,22024,LONDON,false
2024-03-04T12:00:00Z,1.2677700000,1.2683800000,1.2665600000,1.2677300000,16094,OTHER,false
2024-03-04T16:00:00Z,1.2677300000,1.2706600000,1.2672500000,1.2696100000,20333,OTHER,false
2024-03-04T20:00:00Z,1.2696100000,1.2697700000,1.2684400000,1.2688900000,10359,OTHER,false
2024-03-05T00:00:00Z,1.2690700000,1.2694700000,1.2684000000,1.2689800000,6140,OTHER,false
2024-03-05T04:00:00Z,1.2690000000,1.2690800000,1.2680800000,1.2683000000,8232,OTHER,false
2024-03-05T08:00:00Z,1.2683100000,1.2688700000,1.2671200000,1.2685400000,16459,LONDON,false
2024-03-05T12:00:00Z,1.2685300000,1.2692900000,1.2673900000,1.2691200000,16610,OTHER,false
2024-03-05T16:00:00Z,1.2691500000,1.2734800000,1.2686900000,1.2711000000,27622,OTHER,false
2024-03-05T20:00:00Z,1.2710700000,1.2711300000,1.2695700000,1.2704300000,11665,OTHER,false
2024-03-06T00:00:00Z,1.2704000000,1.2708200000,1.2689600000,1.2692600000,8853,OTHER,false
2024-03-06T04:00:00Z,1.2692600000,1.2706700000,1.2691500000,1.2703500000,8811,OTHER,false
2024-03-06T08:00:00Z,1.2703500000,1.2731500000,1.2702500000,1.2730500000,19664,LONDON,false
2024-03-06T12:00:00Z,1.2730500000,1.2730600000,1.2705100000,1.2723900000,22895,OTHER,false
2024-03-06T16:00:00Z,1.2723900000,1.2761500000,1.2716500000,1.2744100000,29416,OTHER,false
2024-03-06T20:00:00Z,1.2744000000,1.2753400000,1.2724000000,1.2729400000,15438,OTHER,false
2024-03-07T00:00:00Z,1.2730200000,1.2739600000,1.2725200000,1.2730200000,9580,OTHER,false
2024-03-07T04:00:00Z,1.2730100000,1.2740500000,1.2722700000,1.2733500000,9731,OTHER,false
2024-03-07T08:00:00Z,1.2733400000,1.2751300000,1.2729100000,1.2749800000,20329,LONDON,false
2024-03-07T12:00:00Z,1.2750000000,1.2762800000,1.2744800000,1.2751800000,21090,OTHER,false
2024-03-07T16:00:00Z,1.2752000000,1.2798200000,1.2748600000,1.2791800000,26564,OTHER,false
2024-03-07T20:00:00Z,1.2791900000,1.2810900000,1.2791300000,1.2806900000,9735,OTHER,false
2024-03-08T00:00:00Z,1.2807400000,1.2819900000,1.2799700000,1.2808800000,8602,OTHER,false
2024-03-08T04:00:00Z,1.2808700000,1.2812300000,1.2804000000,1.2809300000,7358,OTHER,false
2024-03-08T08:00:00Z,1.2809400000,1.2829400000,1.2800800000,1.2827500000,16096,LONDON,false
2024-03-08T12:00:00Z,1.2827500000,1.2893900000,1.2822800000,1.2863600000,24188,OTHER,false
2024-03-08T16:00:00Z,1.2863500000,1.2886300000,1.2843100000,1.2848800000,34324,OTHER,false
2024-03-08T20:00:00Z,1.2848800000,1.2858500000,1.2839800000,1.2856200000,12683,OTHER,false
2024-03-11T00:00:00Z,1.2852300000,1.2862000000,1.2846300000,1.2855000000,11404,OTHER,false
2024-03-11T04:00:00Z,1.2855000000,1.2855800000,1.2845200000,1.2849100000,9915,OTHER,false
2024-03-11T08:00:00Z,1.2849000000,1.2857900000,1.2831700000,1.2842100000,20707,LONDON,false
2024-03-11T12:00:00Z,1.2842200000,1.2853900000,1.2819700000,1.2823900000,20103,OTHER,false
2024-03-11T16:00:00Z,1.2823900000,1.2826200000,1.2795000000,1.2808500000,23712,OTHER,false
2024-03-11T20:00:00Z,1.2808400000,1.2813500000,1.2794900000,1.2812300000,8751,OTHER,false
2024-03-12T00:00:00Z,1.2812300000,1.2822000000,1.2808900000,1.2820600000,7368,OTHER,false
2024-03-12T04:00:00Z,1.2820600000,1.2823500000,1.2814200000,1.2820300000,10224,OTHER,false
2024-03-12T08:00:00Z,1.2820400000,1.2820800000,1.2776000000,1.2790100000,18249,LONDON,false
2024-03-12T12:00:00Z,1.2790100000,1.2807800000,1.2746000000,1.2760400000,14509,OTHER,false
2024-03-12T16:00:00Z,1.2761700000,1.2789400000,1.2750500000,1.2783900000,11510,OTHER,false
2024-03-12T20:00:00Z,1.2783900000,1.2794700000,1.2780800000,1.2788800000,3905,OTHER,false
2024-03-13T00:00:00Z,1.2788800000,1.2797700000,1.2787200000,1.2792300000,3546,OTHER,false
2024-03-13T04:00:00Z,1.2792300000,1.2798600000,1.2787100000,1.2793300000,4293,OTHER,false
2024-03-13T08:00:00Z,1.2793100000,1.2800700000,1.2775400000,1.2775900000,7125,LONDON,false
2024-03-13T12:00:00Z,1.2775900000,1.2808900000,1.2774600000,1.2790800000,8929,OTHER,false
2024-03-13T16:00:00Z,1.2791200000,1.2811100000,1.2789600000,1.2807300000,10682,OTHER,false
2024-03-13T20:00:00Z,1.2807300000,1.2808700000,1.2786800000,1.2795500000,3731,OTHER,false
2024-03-14T00:00:00Z,1.2795500000,1.2804200000,1.2794200000,1.2799600000,4224,OTHER,false
2024-03-14T04:00:00Z,1.2799700000,1.2801100000,1.2786500000,1.2788900000,4648,OTHER,false
2024-03-14T08:00:00Z,1.2788900000,1.2819100000,1.2788800000,1.2815800000,7606,LONDON,false
2024-03-14T12:00:00Z,1.2815800000,1.2822800000,1.2767400000,1.2774300000,12030,OTHER,false
2024-03-14T16:00:00Z,1.2774300000,1.2778400000,1.2730600000,1.2750700000,10403,OTHER,false
2024-03-14T20:00:00Z,1.2750500000,1.2757300000,1.2743300000,1.2752300000,4647,OTHER,false
2024-03-15T00:00:00Z,1.2752300000,1.2754300000,1.2733900000,1.2736300000,3910,OTHER,false
2024-03-15T04:00:00Z,1.2736400000,1.2740500000,1.2729800000,1.2737900000,3585,OTHER,false
2024-03-15T08:00:00Z,1.2737900000,1.2753700000,1.2733100000,1.2751800000,7233,LONDON,false
2024-03-15T12:00:00Z,1.2752200000,1.2758500000,1.2742100000,1.2744000000,8377,OTHER,false
2024-03-15T16:00:00Z,1.2743500000,1.2753400000,1.2725300000,1.2729300000,9151,OTHER,false
2024-03-15T20:00:00Z,1.2729300000,1.2740500000,1.2728900000,1.2731800000,3452,OTHER,false
2024-03-18T00:00:00Z,1.2728800000,1.2737200000,1.2726100000,1.2733300000,4529,OTHER,false
2024-03-18T04:00:00Z,1.2733500000,1.2737600000,1.2725900000,1.2732600000,3549,OTHER,false
2024-03-18T08:00:00Z,1.2732600000,1.2746700000,1.2731800000,1.2734800000,6143,LONDON,false
2024-03-18T12:00:00Z,1.2734800000,1.2745600000,1.2727500000,1.2733400000,6440,OTHER,false
2024-03-18T16:00:00Z,1.2733300000,1.2738000000,1.2717900000,1.2724500000,7844,OTHER,false
2024-03-18T20:00:00Z,1.2724600000,1.2731400000,1.2721900000,1.2724400000,3235,OTHER,false
2024-03-19T00:00:00Z,1.2722900000,1.2728700000,1.2713500000,1.2718000000,5128,OTHER,false
2024-03-19T04:00:00Z,1.2718000000,1.2728500000,1.2707200000,1.2708400000,8948,OTHER,false
2024-03-19T08:00:00Z,1.2708400000,1.2711800000,1.2667600000,1.2671100000,9170,LONDON,false
2024-03-19T12:00:00Z,1.2671100000,1.2708700000,1.2670400000,1.2698600000,7928,OTHER,false
2024-03-19T16:00:00Z,1.2698600000,1.2732800000,1.2696300000,1.2729600000,7895,OTHER,false
2024-03-19T20:00:00Z,1.2729600000,1.2729700000,1.2712100000,1.2718500000,3634,OTHER,false
2024-03-20T00:00:00Z,1.2718500000,1.2722100000,1.2710000000,1.2716000000,4706,OTHER,false
2024-03-20T04:00:00Z,1.2716000000,1.2724300000,1.2713800000,1.2719100000,3759,OTHER,false
2024-03-20T08:00:00Z,1.2719100000,1.2729700000,1.2686800000,1.2692400000,7552,LONDON,false
2024-03-20T12:00:00Z,1.2692400000,1.2700800000,1.2684400000,1.2700000000,6458,OTHER,false
2024-03-20T16:00:00Z,1.2700000000,1.2721200000,1.2698100000,1.2718900000,6388,OTHER,false
2024-03-20T20:00:00Z,1.2718700000,1.2786600000,1.2716600000,1.2783400000,14991,OTHER,false
2024-03-21T00:00:00Z,1.2781600000,1.2802200000,1.2781500000,1.2795100000,6794,OTHER,false
2024-03-21T04:00:00Z,1.2795100000,1.2798600000,1.2788200000,1.2789300000,5171,OTHER,false
2024-03-21T08:00:00Z,1.2789300000,1.2803300000,1.2762100000,1.2771700000,10751,LONDON,false
2024-03-21T12:00:00Z,1.2771700000,1.2784600000,1.2706600000,1.2709300000,10880,OTHER,false
2024-03-21T16:00:00Z,1.2709400000,1.2709500000,1.2653500000,1.2655400000,11214,OTHER,false
2024-03-21T20:00:00Z,1.2655400000,1.2663000000,1.2650300000,1.2654700000,3993,OTHER,false
2024-03-22T00:00:00Z,1.2654300000,1.2674800000,1.2650500000,1.2651500000,3879,OTHER,false
2024-03-22T04:00:00Z,1.2651500000,1.2653700000,1.2634000000,1.2642300000,6793,OTHER,false
2024-03-22T08:00:00Z,1.2641900000,1.2641900000,1.2584100000,1.2587200000,8423,LONDON,false
2024-03-22T12:00:00Z,1.2587200000,1.2622400000,1.2575300000,1.2620600000,8181,OTHER,false
2024-03-22T16:00:00Z,1.2621100000,1.2623700000,1.2587400000,1.2592000000,7845,OTHER,false
2024-03-22T20:00:00Z,1.2592000000,1.2600600000,1.2585600000,1.2598600000,2951,OTHER,false
2024-03-25T00:00:00Z,1.2595200000,1.2613800000,1.2587800000,1.2612800000,4576,OTHER,false
2024-03-25T04:00:00Z,1.2612800000,1.2616800000,1.2603800000,1.2613500000,3781,OTHER,false
2024-03-25T08:00:00Z,1.2613500000,1.2617200000,1.2595100000,1.2614400000,6168,LONDON,false
2024-03-25T12:00:00Z,1.2614400000,1.2648900000,1.2613300000,1.2644900000,6558,OTHER,false
2024-03-25T16:00:00Z,1.2644600000,1.2652100000,1.2635200000,1.2639500000,6044,OTHER,false
2024-03-25T20:00:00Z,1.2639600000,1.2642600000,1.2633200000,1.2635600000,3256,OTHER,false
2024-03-26T00:00:00Z,1.2633800000,1.2646900000,1.2633500000,1.2641700000,3572,OTHER,false
2024-03-26T04:00:00Z,1.2641700000,1.2647800000,1.2635800000,1.2646000000,4062,OTHER,false
2024-03-26T08:00:00Z,1.2646000000,1.2663600000,1.2640300000,1.2654300000,6318,LONDON,false
2024-03-26T12:00:00Z,1.2654300000,1.2667900000,1.2635100000,1.2642100000,7264,OTHER,false
2024-03-26T16:00:00Z,1.2641500000,1.2645300000,1.2621800000,1.2627100000,7873,OTHER,false
2024-03-26T20:00:00Z,1.2627100000,1.2632200000,1.2622700000,1.2628200000,2812,OTHER,false
2024-03-27T00:00:00Z,1.2625800000,1.2629100000,1.2611300000,1.2616000000,3397,OTHER,false
2024-03-27T04:00:00Z,1.2616000000,1.2617800000,1.2608400000,1.2614200000,5001,OTHER,false
2024-03-27T08:00:00Z,1.2613700000,1.2637700000,1.2613000000,1.2626100000,7749,LONDON,false
2024-03-27T12:00:00Z,1.2626100000,1.2638400000,1.2605500000,1.2617700000,6951,OTHER,false
2024-03-27T16:00:00Z,1.2617700000,1.2634500000,1.2613700000,1.2628000000,7282,OTHER,false
2024-03-27T20:00:00Z,1.2628000000,1.2640800000,1.2621500000,1.2633800000,3105,OTHER,false
2024-03-28T00:00:00Z,1.2633800000,1.2634200000,1.2611000000,1.2625200000,4714,OTHER,false
2024-03-28T04:00:00Z,1.2625200000,1.2637000000,1.2624900000,1.2631600000,4178,OTHER,false
2024-03-28T08:00:00Z,1.2631700000,1.2631700000,1.2585700000,1.2592900000,5563,LONDON,false
2024-03-28T12:00:00Z,1.2592900000,1.2651700000,1.2591300000,1.2645700000,9171,OTHER,false
2024-03-28T16:00:00Z,1.2647500000,1.2654400000,1.2621400000,1.2625100000,9283,OTHER,false
2024-03-28T20:00:00Z,1.2625000000,1.2628300000,1.2611600000,1.2619100000,3691,OTHER,false
2024-03-29T00:00:00Z,1.2619100000,1.2630600000,1.2618200000,1.2624000000,1292,OTHER,false
2024-03-29T04:00:00Z,1.2624000000,1.2624100000,1.2615100000,1.2619400000,1073,OTHER,false
2024-03-29T08:00:00Z,1.2619400000,1.2626500000,1.2612400000,1.2613500000,1104,LONDON,false
2024-03-29T12:00:00Z,1.2613200000,1.2644600000,1.2609200000,1.2644100000,1856,OTHER,false
2024-03-29T16:00:00Z,1.2644100000,1.2644100000,1.2617700000,1.2619300000,1293,OTHER,false
2024-03-29T20:00:00Z,1.2619300000,1.2629700000,1.2612600000,1.2616700000,800,OTHER,false
2024-04-01T00:00:00Z,1.2571500000,1.2641900000,1.2571500000,1.2634500000,5436,OTHER,false
2024-04-01T04:00:00Z,1.2634500000,1.2638900000,1.2625300000,1.2629500000,4840,OTHER,false
2024-04-01T08:00:00Z,1.2629500000,1.2631600000,1.2616200000,1.2622200000,3946,LONDON,false
2024-04-01T12:00:00Z,1.2622100000,1.2624000000,1.2602800000,1.2612100000,4377,OTHER,false
2024-04-01T16:00:00Z,1.2612100000,1.2613300000,1.2539400000,1.2545200000,7778,OTHER,false
2024-04-01T20:00:00Z,1.2545200000,1.2551000000,1.2541700000,1.2550600000,3043,OTHER,false
2024-04-02T00:00:00Z,1.2550900000,1.2558700000,1.2541100000,1.2546600000,3164,OTHER,false
2024-04-02T04:00:00Z,1.2546600000,1.2549100000,1.2540400000,1.2544500000,4709,OTHER,false
2024-04-02T08:00:00Z,1.2544500000,1.2564600000,1.2539300000,1.2561900000,7023,LONDON,false
2024-04-02T12:00:00Z,1.2561900000,1.2576600000,1.2554800000,1.2556800000,7115,OTHER,false
2024-04-02T16:00:00Z,1.2556800000,1.2577600000,1.2552400000,1.2571400000,10612,OTHER,false
2024-04-02T20:00:00Z,1.2571400000,1.2578200000,1.2566100000,1.2576800000,3327,OTHER,false
2024-04-03T00:00:00Z,1.2576800000,1.2580500000,1.2569800000,1.2572500000,2323,OTHER,false
2024-04-03T04:00:00Z,1.2572500000,1.2582800000,1.2566800000,1.2578600000,3871,OTHER,false
2024-04-03T08:00:00Z,1.2578600000,1.2582600000,1.2562600000,1.2577100000,6139,LONDON,false
2024-04-03T12:00:00Z,1.2576700000,1.2588300000,1.2567400000,1.2572700000,7755,OTHER,false
2024-04-03T16:00:00Z,1.2572900000,1.2650900000,1.2567300000,1.2645800000,13808,OTHER,false
2024-04-03T20:00:00Z,1.2645800000,1.2655500000,1.2639900000,1.2651900000,4524,OTHER,false
2024-04-04T00:00:00Z,1.2649400000,1.2656200000,1.2644500000,1.2652200000,3412,OTHER,false
2024-04-04T04:00:00Z,1.2652200000,1.2655400000,1.2646600000,1.2652300000,2939,OTHER,false
2024-04-04T08:00:00Z,1.2652300000,1.2669400000,1.2650900000,1.2663100000,6103,LONDON,false
2024-04-04T12:00:00Z,1.2663100000,1.2669600000,1.2647800000,1.2668500000,6179,OTHER,false
2024-04-04T16:00:00Z,1.2668500000,1.2683500000,1.2661500000,1.2665800000,7111,OTHER,false
2024-04-04T20:00:00Z,1.2665800000,1.2669600000,1.2634900000,1.2641500000,8630,OTHER,false
2024-04-05T00:00:00Z,1.2641100000,1.2648100000,1.2629200000,1.2646600000,4746,OTHER,false
2024-04-05T04:00:00Z,1.2646600000,1.2647000000,1.2621100000,1.2625300000,5327,OTHER,false
2024-04-05T08:00:00Z,1.2625300000,1.2640400000,1.2614300000,1.2636800000,6399,LONDON,false
2024-04-05T12:00:00Z,1.2636700000,1.2644900000,1.2582100000,1.2594700000,8444,OTHER,false
2024-04-05T16:00:00Z,1.2594600000,1.2635500000,1.2574600000,1.2634600000,13763,OTHER,false
2024-04-05T20:00:00Z,1.2634600000,1.2640300000,1.2631100000,1.2637000000,5054,OTHER,false
2024-04-08T00:00:00Z,1.2625000000,1.2633800000,1.2614500000,1.2616100000,4075,OTHER,false
2024-04-08T04:00:00Z,1.2615800000,1.2639300000,1.2615600000,1.2629200000,6708,OTHER,false
2024-04-08T08:00:00Z,1.2629300000,1.2634800000,1.2618400000,1.2621700000,8535,LONDON,false
2024-04-08T12:00:00Z,1.2621700000,1.2636200000,1.2613300000,1.2626200000,6636,OTHER,false
2024-04-08T16:00:00Z,1.2626400000,1.2655800000,1.2626400000,1.2648400000,9664,OTHER,false
2024-04-08T20:00:00Z,1.2648500000,1.2663700000,1.2646900000,1.2654200000,5193,OTHER,false
2024-04-09T00:00:00Z,1.2654100000,1.2659200000,1.2633500000,1.2653700000,2966,OTHER,false
2024-04-09T04:00:00Z,1.2653600000,1.2661100000,1.2651900000,1.2656300000,5213,OTHER,false
2024-04-09T08:00:00Z,1.2656400000,1.2664200000,1.2648700000,1.2660500000,6204,LONDON,false
2024-04-09T12:00:00Z,1.2660600000,1.2703300000,1.2656900000,1.2696700000,7720,OTHER,false
2024-04-09T16:00:00Z,1.2696700000,1.2709300000,1.2666700000,1.2669600000,10719,OTHER,false
2024-04-09T20:00:00Z,1.2669600000,1.2679500000,1.2662900000,1.2677100000,4546,OTHER,false
2024-04-10T00:00:00Z,1.2675100000,1.2677600000,1.2659800000,1.2674800000,2670,OTHER,false
2024-04-10T04:00:00Z,1.2674700000,1.2678600000,1.2668600000,1.2677400000,5168,OTHER,false
2024-04-10T08:00:00Z,1.2677200000,1.2694400000,1.2673000000,1.2694200000,5619,LONDON,false
2024-04-10T12:00:00Z,1.2694200000,1.2707900000,1.2595000000,1.2611600000,10287,OTHER,false
2024-04-10T16:00:00Z,1.2611600000,1.2612300000,1.2520200000,1.2533900000,17011,OTHER,false
2024-04-10T20:00:00Z,1.2533900000,1.2553600000,1.2521600000,1.2539400000,10436,OTHER,false
2024-04-11T00:00:00Z,1.2536700000,1.2541400000,1.2525100000,1.2537100000,4140,OTHER,false
2024-04-11T04:00:00Z,1.2537100000,1.2549200000,1.2535900000,1.2547300000,6128,OTHER,false
2024-04-11T08:00:00Z,1.2547300000,1.2569600000,1.2532500000,1.2550300000,8617,LONDON,false
2024-04-11T12:00:00Z,1.2550300000,1.2572300000,1.2530200000,1.2566900000,12157,OTHER,false
2024-04-11T16:00:00Z,1.2567000000,1.2578400000,1.2510800000,1.2536800000,15149,OTHER,false
2024-04-11T20:00:00Z,1.2536800000,1.2563700000,1.2533200000,1.2549900000,6055,OTHER,false
2024-04-12T00:00:00Z,1.2551800000,1.2556700000,1.2548700000,1.2555100000,2493,OTHER,false
2024-04-12T04:00:00Z,1.2555100000,1.2558400000,1.2536900000,1.2537600000,4706,OTHER,false
2024-04-12T08:00:00Z,1.2537600000,1.2544200000,1.2505500000,1.2507900000,9508,LONDON,false
2024-04-12T12:00:00Z,1.2507900000,1.2511400000,1.2451300000,1.2454300000,10765,OTHER,false
2024-04-12T16:00:00Z,1.2454400000,1.2466100000,1.2426600000,1.2449000000,16516,OTHER,false
2024-04-12T20:00:00Z,1.2448800000,1.2461700000,1.2442600000,1.2448100000,8309,OTHER,false
2024-04-15T00:00:00Z,1.2445000000,1.2462500000,1.2430900000,1.2452100000,4958,OTHER,false
2024-04-15T04:00:00Z,1.2452100000,1.2464600000,1.2440500000,1.2460500000,7151,OTHER,false
2024-04-15T08:00:00Z,1.2460500000,1.2487300000,1.2457800000,1.2481600000,11174,LONDON,false
2024-04-15T12:00:00Z,1.2481500000,1.2498500000,1.2450700000,1.2479100000,11269,OTHER,false
2024-04-15T16:00:00Z,1.2479100000,1.2496300000,1.2444700000,1.2457400000,15600,OTHER,false
2024-04-15T20:00:00Z,1.2457400000,1.2462100000,1.2435500000,1.2445200000,9523,OTHER,false
2024-04-16T00:00:00Z,1.2444700000,1.2449200000,1.2425100000,1.2437300000,5101,OTHER,false
2024-04-16T04:00:00Z,1.2437300000,1.2438800000,1.2420400000,1.2433000000,7410,OTHER,false
2024-04-16T08:00:00Z,1.2433000000,1.2448500000,1.2408600000,1.2436700000,10798,LONDON,false
2024-04-16T12:00:00Z,1.2436700000,1.2471800000,1.2436600000,1.2460400000,9129,OTHER,false
2024-04-16T16:00:00Z,1.2460600000,1.2467400000,1.2427200000,1.2435300000,15611,OTHER,false
2024-04-16T20:00:00Z,1.2435300000,1.2450600000,1.2405400000,1.2426000000,12562,OTHER,false
2024-04-17T00:00:00Z,1.2424400000,1.2432300000,1.2420300000,1.2429000000,3829,OTHER,false
2024-04-17T04:00:00Z,1.2429000000,1.2439600000,1.2424700000,1.2429400000,5405,OTHER,false
2024-04-17T08:00:00Z,1.2429400000,1.2481900000,1.2416800000,1.2471400000,11046,LONDON,false
2024-04-17T12:00:00Z,1.2471400000,1.2476700000,1.2446000000,1.2450700000,9612,OTHER,false
2024-04-17T16:00:00Z,1.2450700000,1.2469100000,1.2424100000,1.2428900000,15845,OTHER,false
2024-04-17T20:00:00Z,1.2428900000,1.2464900000,1.2426500000,1.2453400000,9933,OTHER,false
2024-04-18T00:00:00Z,1.2451000000,1.2457800000,1.2436100000,1.2452700000,2788,OTHER,false
2024-04-18T04:00:00Z,1.2452700000,1.2471100000,1.2449100000,1.2470500000,5663,OTHER,false
2024-04-18T08:00:00Z,1.2470500000,1.2484300000,1.2462400000,1.2474300000,9346,LONDON,false
2024-04-18T12:00:00Z,1.2474400000,1.2482000000,1.2447100000,1.2458700000,9415,OTHER,false
2024-04-18T16:00:00Z,1.2458800000,1.2468200000,1.2436300000,1.2448500000,18297,OTHER,false
2024-04-18T20:00:00Z,1.2448500000,1.2449900000,1.2433000000,1.2436000000,10114,OTHER,false
2024-04-19T00:00:00Z,1.2431900000,1.2438200000,1.2425900000,1.2427200000,4373,OTHER,false
2024-04-19T04:00:00Z,1.2427200000,1.2429500000,1.2388600000,1.2419700000,28878,OTHER,false
2024-04-19T08:00:00Z,1.2419500000,1.2451700000,1.2403500000,1.2440100000,18521,LONDON,false
2024-04-19T12:00:00Z,1.2440200000,1.2463500000,1.2429500000,1.2448700000,8661,OTHER,false
2024-04-19T16:00:00Z,1.2448600000,1.2468000000,1.2372600000,1.2389900000,10782,OTHER,false
2024-04-19T20:00:00Z,1.2389900000,1.2393100000,1.2366500000,1.2368400000,7191,OTHER,false
2024-04-22T00:00:00Z,1.2366600000,1.2384100000,1.2363000000,1.2371600000,6419,OTHER,false
2024-04-22T04:00:00Z,1.2371600000,1.2391500000,1.2371600000,1.2385300000,8235,OTHER,false
2024-04-22T08:00:00Z,1.2385300000,1.2386900000,1.2350300000,1.2365100000,14216,LONDON,false
2024-04-22T12:00:00Z,1.2365100000,1.2366600000,1.2308500000,1.2310700000,17230,OTHER,false
2024-04-22T16:00:00Z,1.2310500000,1.2346400000,1.2298700000,1.2346300000,16106,OTHER,false
2024-04-22T20:00:00Z,1.2346300000,1.2361100000,1.2344500000,1.2349100000,8571,OTHER,false
2024-04-23T00:00:00Z,1.2340400000,1.2355200000,1.2337700000,1.2353700000,3178,OTHER,false
2024-04-23T04:00:00Z,1.2353700000,1.2357900000,1.2346700000,1.2350700000,8476,OTHER,false
2024-04-23T08:00:00Z,1.2350700000,1.2388100000,1.2331000000,1.2369600000,18963,LONDON,false
2024-04-23T12:00:00Z,1.2369600000,1.2405800000,1.2344900000,1.2391100000,17286,OTHER,false
2024-04-23T16:00:00Z,1.2391000000,1.2457800000,1.2380400000,1.2444000000,27175,OTHER,false
2024-04-23T20:00:00Z,1.2444000000,1.2457800000,1.2443700000,1.2450000000,9526,OTHER,false
2024-04-24T00:00:00Z,1.2440600000,1.2459400000,1.2439400000,1.2457500000,4671,OTHER,false
2024-04-24T04:00:00Z,1.2457500000,1.2463900000,1.2452100000,1.2454000000,7063,OTHER,false
2024-04-24T08:00:00Z,1.2454000000,1.2456300000,1.2422000000,1.2425800000,12865,LONDON,false
2024-04-24T12:00:00Z,1.2425800000,1.2447000000,1.2424400000,1.2441300000,13671,OTHER,false
2024-04-24T16:00:00Z,1.2441200000,1.2454700000,1.2425900000,1.2445700000,19337,OTHER,false
2024-04-24T20:00:00Z,1.2445700000,1.2469100000,1.2445200000,1.2463300000,10033,OTHER,false
2024-04-25T00:00:00Z,1.2463100000,1.2464400000,1.2448200000,1.2461000000,4988,OTHER,false
2024-04-25T04:00:00Z,1.2461100000,1.2467800000,1.2453500000,1.2466400000,8558,OTHER,false
2024-04-25T08:00:00Z,1.2466400000,1.2522700000,1.2465700000,1.2520400000,15075,LONDON,false
2024-04-25T12:00:00Z,1.2520400000,1.2526000000,1.2466000000,1.2477600000,20492,OTHER,false
2024-04-25T16:00:00Z,1.2478000000,1.2516600000,1.2456000000,1.2513800000,30060,OTHER,false
2024-04-25T20:00:00Z,1.2513800000,1.2522000000,1.2503100000,1.2511800000,14918,OTHER,false
2024-04-26T00:00:00Z,1.2506000000,1.2513900000,1.2499200000,1.2504100000,5709,OTHER,false
2024-04-26T04:00:00Z,1.2504000000,1.2507800000,1.2493100000,1.2500000000,10175,OTHER,false
2024-04-26T08:00:00Z,1.2500000000,1.2540600000,1.2496300000,1.2526600000,19843,LONDON,false
2024-04-26T12:00:00Z,1.2526600000,1.2540500000,1.2496000000,1.2507400000,21139,OTHER,false
2024-04-26T16:00:00Z,1.2507500000,1.2517400000,1.2448400000,1.2486600000,24787,OTHER,false
2024-04-26T20:00:00Z,1.2486600000,1.2503300000,1.2484500000,1.2491600000,8857,OTHER,false
2024-04-29T00:00:00Z,1.2477500000,1.2516300000,1.2469900000,1.2514500000,6514,OTHER,false
2024-04-29T04:00:00Z,1.2514700000,1.2547800000,1.2511600000,1.2541800000,17594,OTHER,false
2024-04-29T08:00:00Z,1.2541800000,1.2547200000,1.2511700000,1.2517700000,26704,LONDON,false
2024-04-29T12:00:00Z,1.2517700000,1.2543200000,1.2506800000,1.2528900000,17145,OTHER,false
2024-04-29T16:00:00Z,1.2529000000,1.2568800000,1.2513800000,1.2562100000,20291,OTHER,false
2024-04-29T20:00:00Z,1.2562300000,1.2568800000,1.2551200000,1.2560700000,10028,OTHER,false
2024-04-30T00:00:00Z,1.2554900000,1.2563600000,1.2552300000,1.2554100000,5569,OTHER,false
2024-04-30T04:00:00Z,1.2554200000,1.2557400000,1.2541300000,1.2544900000,7804,OTHER,false
2024-04-30T08:00:00Z,1.2544900000,1.2545400000,1.2523500000,1.2538800000,13543,LONDON,false
2024-04-30T12:00:00Z,1.2538900000,1.2554100000,1.2501500000,1.2517800000,20250,OTHER,false
2024-04-30T16:00:00Z,1.2517800000,1.2539600000,1.2500600000,1.2506300000,29098,OTHER,false
2024-04-30T20:00:00Z,1.2506400000,1.2511200000,1.2489200000,1.2490200000,11610,OTHER,false
2024-05-01T00:00:00Z,1.2484200000,1.2495000000,1.2480400000,1.2484900000,6652,OTHER,false
2024-05-01T04:00:00Z,1.2484900000,1.2488600000,1.2471200000,1.2476500000,5832,OTHER,false
2024-05-01T08:00:00Z,1.2476500000,1.2497500000,1.2465500000,1.2497300000,10320,LONDON,false
2024-05-01T12:00:00Z,1.2497300000,1.2497600000,1.2475400000,1.2486900000,12504,OTHER,false
2024-05-01T16:00:00Z,1.2487000000,1.2498400000,1.2476600000,1.2480100000,20129,OTHER,false
2024-05-01T20:00:00Z,1.2480100000,1.2549600000,1.2477900000,1.2527600000,40762,OTHER,false
2024-05-02T00:00:00Z,1.2519400000,1.2539700000,1.2512000000,1.2526700000,9300,OTHER,false
2024-05-02T04:00:00Z,1.2526600000,1.2538700000,1.2519600000,1.2533100000,11126,OTHER,false
2024-05-02T08:00:00Z,1.2533200000,1.2543900000,1.2511100000,1.2520400000,21514,LONDON,false
2024-05-02T12:00:00Z,1.2520500000,1.2532000000,1.2504400000,1.2514400000,20201,OTHER,false
2024-05-02T16:00:00Z,1.2514400000,1.2521000000,1.2471200000,1.2515400000,31204,OTHER,false
2024-05-02T20:00:00Z,1.2515400000,1.2538200000,1.2513300000,1.2535300000,13558,OTHER,false
2024-05-03T00:00:00Z,1.2521400000,1.2544500000,1.2520100000,1.2543000000,5722,OTHER,false
2024-05-03T04:00:00Z,1.2543000000,1.2556400000,1.2541800000,1.2546700000,9559,OTHER,false
2024-05-03T08:00:00Z,1.2546700000,1.2562300000,1.2538600000,1.2558800000,15020,LONDON,false
2024-05-03T12:00:00Z,1.2558800000,1.2633800000,1.2550700000,1.2605600000,23852,OTHER,false
2024-05-03T16:00:00Z,1.2605500000,1.2609700000,1.2528800000,1.2542000000,41717,OTHER,false
2024-05-03T20:00:00Z,1.2542000000,1.2554000000,1.2538600000,1.2546800000,10713,OTHER,false
2024-05-06T00:00:00Z,1.2538700000,1.2552500000,1.2535000000,1.2549800000,6586,OTHER,false
2024-05-06T04:00:00Z,1.2549800000,1.2556100000,1.2542500000,1.2542900000,9760,OTHER,false
2024-05-06T08:00:00Z,1.2542900000,1.2581100000,1.2541300000,1.2580600000,14795,LONDON,false
2024-05-06T12:00:00Z,1.2580600000,1.2593600000,1.2571400000,1.2590500000,13218,OTHER,false
2024-05-06T16:00:00Z,1.2590500000,1.2591300000,1.2557600000,1.2563100000,15465,OTHER,false
2024-05-06T20:00:00Z,1.2563100000,1.2568800000,1.2557200000,1.2561400000,9833,OTHER,false
2024-05-07T00:00:00Z,1.2556700000,1.2568500000,1.2553700000,1.2567800000,5957,OTHER,false
2024-05-07T04:00:00Z,1.2567800000,1.2570000000,1.2548100000,1.2552200000,9953,OTHER,false
2024-05-07T08:00:00Z,1.2552200000,1.2555400000,1.2531100000,1.2539100000,15640,LONDON,false
2024-05-07T12:00:00Z,1.2539100000,1.2553900000,1.2528700000,1.2552800000,14174,OTHER,false
2024-05-07T16:00:00Z,1.2552800000,1.2564100000,1.2524800000,1.2526000000,16947,OTHER,false
2024-05-07T20:00:00Z,1.2526000000,1.2526600000,1.2500100000,1.2507100000,9394,OTHER,false
2024-05-08T00:00:00Z,1.2503200000,1.2512000000,1.2494000000,1.2494700000,4967,OTHER,false
2024-05-08T04:00:00Z,1.2494800000,1.2496300000,1.2483100000,1.2486000000,10032,OTHER,false
2024-05-08T08:00:00Z,1.2486100000,1.2492200000,1.2467200000,1.2474700000,12752,LONDON,false
2024-05-08T12:00:00Z,1.2474700000,1.2500200000,1.2473200000,1.2479300000,14747,OTHER,false
2024-05-08T16:00:00Z,1.2479300000,1.2504200000,1.2472500000,1.2497200000,16548,OTHER,false
2024-05-08T20:00:00Z,1.2497200000,1.2501300000,1.2492100000,1.2496100000,7743,OTHER,false
2024-05-09T00:00:00Z,1.2488800000,1.2499700000,1.2486500000,1.2489000000,4547,OTHER,false
2024-05-09T04:00:00Z,1.2489000000,1.2500900000,1.2487200000,1.2490900000,9223,OTHER,false
2024-05-09T08:00:00Z,1.2490800000,1.2492600000,1.2469400000,1.2472300000,11656,LONDON,false
2024-05-09T12:00:00Z,1.2472300000,1.2510900000,1.2445000000,1.2501900000,26877,OTHER,false
2024-05-09T16:00:00Z,1.2501900000,1.2521800000,1.2487500000,1.2513600000,21055,OTHER,false
2024-05-09T20:00:00Z,1.2513700000,1.2526100000,1.2510900000,1.2522600000,9591,OTHER,false
2024-05-10T00:00:00Z,1.2514900000,1.2529000000,1.2507700000,1.2519100000,5124,OTHER,false
2024-05-10T04:00:00Z,1.2519100000,1.2523800000,1.2511300000,1.2514300000,8179,OTHER,false
2024-05-10T08:00:00Z,1.2514300000,1.2540900000,1.2513700000,1.2531700000,17317,LONDON,false
2024-05-10T12:00:00Z,1.2531800000,1.2535200000,1.2515400000,1.2521600000,14542,OTHER,false
2024-05-10T16:00:00Z,1.2521600000,1.2536700000,1.2501900000,1.2533900000,20158,OTHER,false
2024-05-10T20:00:00Z,1.2533900000,1.2535200000,1.2522100000,1.2522900000,8261,OTHER,false
2024-05-13T00:00:00Z,1.2512500000,1.2526800000,1.2509700000,1.2520500000,5756,OTHER,false
2024-05-13T04:00:00Z,1.2520500000,1.2527900000,1.2516700000,1.2523700000,13208,OTHER,false
2024-05-13T08:00:00Z,1.2523700000,1.2534900000,1.2517100000,1.2532500000,16216,LONDON,false
2024-05-13T12:00:00Z,1.2532500000,1.2556800000,1.2525100000,1.2555100000,14704,OTHER,false
2024-05-13T16:00:00Z,1.2555100000,1.2568200000,1.2546000000,1.2560800000,19378,OTHER,false
2024-05-13T20:00:00Z,1.2560800000,1.2563200000,1.2552200000,1.2558400000,10966,OTHER,false
2024-05-14T00:00:00Z,1.2555500000,1.2561300000,1.2552600000,1.2556400000,5292,OTHER,false
2024-05-14T04:00:00Z,1.2556500000,1.2558800000,1.2552200000,1.2553300000,12638,OTHER,false
2024-05-14T08:00:00Z,1.2553300000,1.2562900000,1.2508700000,1.2528000000,19641,LONDON,false
2024-05-14T12:00:00Z,1.2528000000,1.2564200000,1.2519500000,1.2552600000,20927,OTHER,false
2024-05-14T16:00:00Z,1.2552400000,1.2592200000,1.2548000000,1.2584700000,27418,OTHER,false
2024-05-14T20:00:00Z,1.2584700000,1.2592100000,1.2580600000,1.2590800000,10420,OTHER,false
2024-05-15T00:00:00Z,1.2588800000,1.2590500000,1.2582100000,1.2587500000,5014,OTHER,false
2024-05-15T04:00:00Z,1.2587500000,1.2598900000,1.2586700000,1.2592300000,8682,OTHER,false
2024-05-15T08:00:00Z,1.2592300000,1.2613500000,1.2586200000,1.2611800000,15643,LONDON,false
2024-05-15T12:00:00Z,1.2611900000,1.2670000000,1.2602500000,1.2644300000,25697,OTHER,false
2024-05-15T16:00:00Z,1.2644300000,1.2676400000,1.2613300000,1.2673400000,34311,OTHER,false
2024-05-15T20:00:00Z,1.2673400000,1.2685700000,1.2671000000,1.2684700000,12932,OTHER,false
2024-05-16T00:00:00Z,1.2679900000,1.2700000000,1.2672700000,1.2698500000,6093,OTHER,false
2024-05-16T04:00:00Z,1.2698500000,1.2698600000,1.2682600000,1.2686700000,12753,OTHER,false
2024-05-16T08:00:00Z,1.2686800000,1.2688000000,1.2668800000,1.2673900000,16631,LONDON,false
2024-05-16T12:00:00Z,1.2673900000,1.2674900000,1.2651700000,1.2653900000,18661,OTHER,false
2024-05-16T16:00:00Z,1.2653900000,1.2679600000,1.2642600000,1.2672300000,21702,OTHER,false
2024-05-16T20:00:00Z,1.2672300000,1.2676200000,1.2666600000,1.2669800000,10718,OTHER,false
2024-05-17T00:00:00Z,1.2662200000,1.2671800000,1.2660500000,1.2663900000,5317,OTHER,false
2024-05-17T04:00:00Z,1.2663900000,1.2664400000,1.2651400000,1.2654600000,11116,OTHER,false
2024-05-17T08:00:00Z,1.2654600000,1.2669200000,1.2644300000,1.2648600000,15376,LONDON,false
2024-05-17T12:00:00Z,1.2648600000,1.2661200000,1.2644600000,1.2658900000,13589,OTHER,false
2024-05-17T16:00:00Z,1.2658900000,1.2708000000,1.2658900000,1.2700200000,20975,OTHER,false
2024-05-17T20:00:00Z,1.2700300000,1.2711100000,1.2699400000,1.2700100000,9232,OTHER,false
2024-05-20T00:00:00Z,1.2688500000,1.2707600000,1.2686900000,1.2704300000,5255,OTHER,false
2024-05-20T04:00:00Z,1.2704300000,1.2710200000,1.2699500000,1.2707500000,10911,OTHER,false
2024-05-20T08:00:00Z,1.2707500000,1.2708900000,1.2688500000,1.2704200000,14777,LONDON,false
2024-05-20T12:00:00Z,1.2704200000,1.2705100000,1.2691700000,1.2695500000,14750,OTHER,false
2024-05-20T16:00:00Z,1.2695500000,1.2717700000,1.2695200000,1.2717100000,18123,OTHER,false
2024-05-20T20:00:00Z,1.2717100000,1.2724800000,1.2703600000,1.2704700000,7932,OTHER,false
2024-05-21T00:00:00Z,1.2696500000,1.2710900000,1.2695500000,1.2708600000,3930,OTHER,false
2024-05-21T04:00:00Z,1.2708600000,1.2711000000,1.2696300000,1.2709600000,10323,OTHER,false
2024-05-21T08:00:00Z,1.2709600000,1.2720000000,1.2703200000,1.2710400000,14017,LONDON,false
2024-05-21T12:00:00Z,1.2710400000,1.2723300000,1.2705400000,1.2707100000,14684,OTHER,false
2024-05-21T16:00:00Z,1.2707100000,1.2726100000,1.2685500000,1.2706600000,24898,OTHER,false
2024-05-21T20:00:00Z,1.2706600000,1.2715300000,1.2700900000,1.2708600000,8990,OTHER,false
2024-05-22T00:00:00Z,1.2702900000,1.2715500000,1.2702400000,1.2712800000,4493,OTHER,false
2024-05-22T04:00:00Z,1.2712800000,1.2722100000,1.2708000000,1.2708900000,11517,OTHER,false
2024-05-22T08:00:00Z,1.2708900000,1.2760800000,1.2707000000,1.2727800000,20955,LONDON,false
2024-05-22T12:00:00Z,1.2727700000,1.2733500000,1.2699400000,1.2725900000,18993,OTHER,false
2024-05-22T16:00:00Z,1.2725900000,1.2747000000,1.2720500000,1.2743200000,22150,OTHER,false
2024-05-22T20:00:00Z,1.2743200000,1.2749600000,1.2709500000,1.2716800000,17637,OTHER,false
2024-05-23T00:00:00Z,1.2713600000,1.2723500000,1.2710600000,1.2719100000,6183,OTHER,false
2024-05-23T04:00:00Z,1.2719100000,1.2731200000,1.2716000000,1.2725100000,10029,OTHER,false
2024-05-23T08:00:00Z,1.2725100000,1.2738000000,1.2715300000,1.2720200000,20399,LONDON,false
2024-05-23T12:00:00Z,1.2720100000,1.2744100000,1.2704300000,1.2731500000,19203,OTHER,false
2024-05-23T16:00:00Z,1.2731500000,1.2745900000,1.2696100000,1.2711700000,32248,OTHER,false
2024-05-23T20:00:00Z,1.2711700000,1.2711800000,1.2684700000,1.2697800000,16572,OTHER,false
2024-05-24T00:00:00Z,1.2690700000,1.2699100000,1.2688700000,1.2693500000,5727,OTHER,false
2024-05-24T04:00:00Z,1.2693500000,1.2697200000,1.2686500000,1.2691000000,9083,OTHER,false
2024-05-24T08:00:00Z,1.2691000000,1.2706700000,1.2668200000,1.2703900000,17145,LONDON,false
2024-05-24T12:00:00Z,1.2704000000,1.2724300000,1.2702500000,1.2719900000,16105,OTHER,false
2024-05-24T16:00:00Z,1.2719900000,1.2750300000,1.2716900000,1.2733200000,23301,OTHER,false
2024-05-24T20:00:00Z,1.2733200000,1.2745600000,1.2731400000,1.2736200000,8753,OTHER,false
2024-05-27T00:00:00Z,1.2727400000,1.2742400000,1.2727300000,1.2737600000,4518,OTHER,false
2024-05-27T04:00:00Z,1.2737600000,1.2742600000,1.2737200000,1.2741800000,7252,OTHER,false
2024-05-27T08:00:00Z,1.2741800000,1.2746600000,1.2733200000,1.2741400000,10215,LONDON,false
2024-05-27T12:00:00Z,1.2741400000,1.2758000000,1.2741100000,1.2755900000,12037,OTHER,false
2024-05-27T16:00:00Z,1.2756000000,1.2777100000,1.2754000000,1.2768900000,11296,OTHER,false
2024-05-27T20:00:00Z,1.2768900000,1.2771000000,1.2766700000,1.2768100000,4791,OTHER,false
2024-05-28T00:00:00Z,1.2765100000,1.2775200000,1.2765100000,1.2770400000,5551,OTHER,false
2024-05-28T04:00:00Z,1.2770400000,1.2782700000,1.2769600000,1.2773900000,10031,OTHER,false
2024-05-28T08:00:00Z,1.2773900000,1.2780400000,1.2761800000,1.2768400000,14300,LONDON,false
2024-05-28T12:00:00Z,1.2768400000,1.2794100000,1.2763000000,1.2791500000,15041,OTHER,false
2024-05-28T16:00:00Z,1.2791500000,1.2800000000,1.2769900000,1.2775700000,23467,OTHER,false
2024-05-28T20:00:00Z,1.2775600000,1.2777300000,1.2753300000,1.2760700000,14457,OTHER,false
2024-05-29T00:00:00Z,1.2756600000,1.2763300000,1.2751400000,1.2753200000,6971,OTHER,false
2024-05-29T04:00:00Z,1.2753300000,1.2758800000,1.2746000000,1.2751200000,11801,OTHER,false
2024-05-29T08:00:00Z,1.2751100000,1.2771200000,1.2747900000,1.2755200000,19385,LONDON,false
2024-05-29T12:00:00Z,1.2755200000,1.2763900000,1.2734800000,1.2743800000,19160,OTHER,false
2024-05-29T16:00:00Z,1.2743900000,1.2745400000,1.2704400000,1.2716200000,27448,OTHER,false
2024-05-29T20:00:00Z,1.2716100000,1.2716400000,1.2698400000,1.2699600000,12664,OTHER,false
2024-05-30T00:00:00Z,1.2695300000,1.2705800000,1.2689700000,1.2692700000,6896,OTHER,false
2024-05-30T04:00:00Z,1.2692700000,1.2702200000,1.2689200000,1.2694400000,11916,OTHER,false
2024-05-30T08:00:00Z,1.2694500000,1.2714300000,1.2680200000,1.2711600000,19319,LONDON,false
2024-05-30T12:00:00Z,1.2711600000,1.2727400000,1.2702500000,1.2723900000,19445,OTHER,false
2024-05-30T16:00:00Z,1.2723900000,1.2746500000,1.2717100000,1.2740500000,24738,OTHER,false
2024-05-30T20:00:00Z,1.2740600000,1.2743300000,1.2725400000,1.2731700000,10309,OTHER,false
2024-05-31T00:00:00Z,1.2725700000,1.2733300000,1.2722900000,1.2729600000,6813,OTHER,false
2024-05-31T04:00:00Z,1.2729600000,1.2731500000,1.2714300000,1.2720700000,11220,OTHER,false
2024-05-31T08:00:00Z,1.2720700000,1.2722800000,1.2699500000,1.2708900000,17984,LONDON,false
2024-05-31T12:00:00Z,1.2708900000,1.2750000000,1.2706300000,1.2745900000,22676,OTHER,false
2024-05-31T16:00:00Z,1.2745900000,1.2765500000,1.2717000000,1.2728900000,32635,OTHER,false
2024-05-31T20:00:00Z,1.2728900000,1.2746000000,1.2723600000,1.2742100000,11797,OTHER,false
2024-06-03T00:00:00Z,1.2734000000,1.2755000000,1.2725600000,1.2753000000,6947,OTHER,false
2024-06-03T04:00:00Z,1.2752900000,1.2755200000,1.2737100000,1.2742700000,11312,OTHER,false
2024-06-03T08:00:00Z,1.2742700000,1.2742700000,1.2703300000,1.2704000000,19290,LONDON,false
2024-06-03T12:00:00Z,1.2704000000,1.2735400000,1.2693500000,1.2730300000,22447,OTHER,false
2024-06-03T16:00:00Z,1.2730200000,1.2793600000,1.2729200000,1.2778300000,31775,OTHER,false
2024-06-03T20:00:00Z,1.2778400000,1.2806800000,1.2774600000,1.2806800000,13028,OTHER,false
2024-06-04T00:00:00Z,1.2803200000,1.2816600000,1.2795400000,1.2811300000,6665,OTHER,false
2024-06-04T04:00:00Z,1.2811200000,1.2812200000,1.2803100000,1.2808700000,9471,OTHER,false
2024-06-04T08:00:00Z,1.2808700000,1.2812100000,1.2772800000,1.2776100000,22208,LONDON,false
2024-06-04T12:00:00Z,1.2776100000,1.2778200000,1.2742200000,1.2764100000,26884,OTHER,false
2024-06-04T16:00:00Z,1.2764100000,1.2791100000,1.2758300000,1.2786000000,33096,OTHER,false
2024-06-04T20:00:00Z,1.2786000000,1.2796500000,1.2766500000,1.2768700000,14300,OTHER,false
2024-06-05T00:00:00Z,1.2762000000,1.2776700000,1.2759000000,1.2774700000,5474,OTHER,false
2024-06-05T04:00:00Z,1.2774700000,1.2780100000,1.2769100000,1.2773300000,9540,OTHER,false
2024-06-05T08:00:00Z,1.2773300000,1.2782300000,1.2763900000,1.2774300000,14525,LONDON,false
2024-06-05T12:00:00Z,1.2774200000,1.2793900000,1.2766100000,1.2791800000,14170,OTHER,false
2024-06-05T16:00:00Z,1.2791800000,1.2794700000,1.2754700000,1.2777000000,25936,OTHER,false
2024-06-05T20:00:00Z,1.2777000000,1.2793900000,1.2773700000,1.2786400000,9096,OTHER,false
2024-06-06T00:00:00Z,1.2782100000,1.2802800000,1.2778900000,1.2801600000,4708,OTHER,false
2024-06-06T04:00:00Z,1.2801600000,1.2808600000,1.2793800000,1.2794700000,7364,OTHER,false
2024-06-06T08:00:00Z,1.2794700000,1.2799600000,1.2774900000,1.2786500000,11241,LONDON,false
2024-06-06T12:00:00Z,1.2786500000,1.2791000000,1.2765200000,1.2778000000,16641,OTHER,false
2024-06-06T16:00:00Z,1.2778000000,1.2788600000,1.2761700000,1.2777900000,20307,OTHER,false
2024-06-06T20:00:00Z,1.2777900000,1.2795200000,1.2777400000,1.2790700000,6948,OTHER,false
2024-06-07T00:00:00Z,1.2789100000,1.2793800000,1.2784900000,1.2787700000,3534,OTHER,false
2024-06-07T04:00:00Z,1.2787700000,1.2791200000,1.2782800000,1.2790100000,7795,OTHER,false
2024-06-07T08:00:00Z,1.2790100000,1.2801500000,1.2781200000,1.2788100000,10700,LONDON,false
2024-06-07T12:00:00Z,1.2788100000,1.2812100000,1.2724500000,1.2737100000,16756,OTHER,false
2024-06-07T16:00:00Z,1.2737000000,1.2740200000,1.2715400000,1.2723800000,23847,OTHER,false
2024-06-07T20:00:00Z,1.2723800000,1.2726600000,1.2717300000,1.2720500000,8892,OTHER,false
2024-06-10T00:00:00Z,1.2726300000,1.2730200000,1.2709400000,1.2723500000,6362,OTHER,false
2024-06-10T04:00:00Z,1.2723600000,1.2725900000,1.2709900000,1.2715600000,6379,OTHER,false
2024-06-10T08:00:00Z,1.2715600000,1.2724200000,1.2705000000,1.2706900000,13851,LONDON,false
2024-06-10T12:00:00Z,1.2706900000,1.2729000000,1.2687300000,1.2712100000,13912,OTHER,false
2024-06-10T16:00:00Z,1.2712100000,1.2736500000,1.2703300000,1.2728000000,12304,OTHER,false
2024-06-10T20:00:00Z,1.2728100000,1.2736600000,1.2723700000,1.2730400000,8626,OTHER,false
2024-06-11T00:00:00Z,1.2723800000,1.2733200000,1.2717100000,1.2727400000,4555,OTHER,false
2024-06-11T04:00:00Z,1.2727400000,1.2738500000,1.2723900000,1.2734000000,6534,OTHER,false
2024-06-11T08:00:00Z,1.2734000000,1.2739500000,1.2713100000,1.2724100000,10790,LONDON,false
2024-06-11T12:00:00Z,1.2724100000,1.2748800000,1.2722300000,1.2743500000,12796,OTHER,false
2024-06-11T16:00:00Z,1.2743600000,1.2747200000,1.2705200000,1.2728500000,14500,OTHER,false
2024-06-11T20:00:00Z,1.2728500000,1.2751100000,1.2726300000,1.2739100000,7088,OTHER,false
2024-06-12T00:00:00Z,1.2730500000,1.2741100000,1.2728900000,1.2733200000,2639,OTHER,false
2024-06-12T04:00:00Z,1.2733200000,1.2744500000,1.2732400000,1.2738600000,4947,OTHER,false
2024-06-12T08:00:00Z,1.2738700000,1.2759200000,1.2736300000,1.2757000000,11883,LONDON,false
2024-06-12T12:00:00Z,1.2757000000,1.2857400000,1.2748200000,1.2852400000,16797,OTHER,false
2024-06-12T16:00:00Z,1.2852400000,1.2860000000,1.2825300000,1.2845100000,21558,OTHER,false
2024-06-12T20:00:00Z,1.2845100000,1.2847900000,1.2790700000,1.2796500000,26748,OTHER,false
2024-06-13T00:00:00Z,1.2792100000,1.2800400000,1.2791500000,1.2794600000,4852,OTHER,false
2024-06-13T04:00:00Z,1.2794600000,1.2798600000,1.2779300000,1.2779700000,6804,OTHER,false
2024-06-13T08:00:00Z,1.2779600000,1.2798500000,1.2771800000,1.2797900000,10077,LONDON,false
2024-06-13T12:00:00Z,1.2797900000,1.2807100000,1.2760900000,1.2783700000,15537,OTHER,false
2024-06-13T16:00:00Z,1.2783900000,1.2792500000,1.2737600000,1.2744900000,20970,OTHER,false
2024-06-13T20:00:00Z,1.2745000000,1.2766700000,1.2744700000,1.2762600000,9595,OTHER,false
2024-06-14T00:00:00Z,1.2751400000,1.2761700000,1.2744600000,1.2750300000,4304,OTHER,false
2024-06-14T04:00:00Z,1.2750400000,1.2763000000,1.2748400000,1.2748600000,7066,OTHER,false
2024-06-14T08:00:00Z,1.2748600000,1.2752400000,1.2719400000,1.2721300000,15119,LONDON,false
2024-06-14T12:00:00Z,1.2721300000,1.2722100000,1.2669400000,1.2689700000,22423,OTHER,false
2024-06-14T16:00:00Z,1.2690100000,1.2695200000,1.2656300000,1.2685800000,20558,OTHER,false
2024-06-14T20:00:00Z,1.2685800000,1.2692100000,1.2677800000,1.2686500000,8787,OTHER,false
2024-06-17T00:00:00Z,1.2678000000,1.2687900000,1.2672300000,1.2683600000,5872,OTHER,false
2024-06-17T04:00:00Z,1.2683600000,1.2686000000,1.2675900000,1.2682700000,6460,OTHER,false
2024-06-17T08:00:00Z,1.2682700000,1.2683700000,1.2660500000,1.2673700000,13216,LONDON,false
2024-06-17T12:00:00Z,1.2673700000,1.2677100000,1.2658400000,1.2666500000,10984,OTHER,false
2024-06-17T16:00:00Z,1.2666500000,1.2697500000,1.2663400000,1.2695800000,13680,OTHER,false
2024-06-17T20:00:00Z,1.2695800000,1.2708900000,1.2694800000,1.2703700000,6462,OTHER,false
2024-06-18T00:00:00Z,1.2699700000,1.2714500000,1.2694500000,1.2709100000,4094,OTHER,false
2024-06-18T04:00:00Z,1.2709200000,1.2710300000,1.2692300000,1.2693500000,7424,OTHER,false
2024-06-18T08:00:00Z,1.2693500000,1.2701300000,1.2672300000,1.2679400000,13621,LONDON,false
2024-06-18T12:00:00Z,1.2679400000,1.2693700000,1.2668300000,1.2690600000,16533,OTHER,false
2024-06-18T16:00:00Z,1.2690600000,1.2720400000,1.2684800000,1.2701700000,18435,OTHER,false
2024-06-18T20:00:00Z,1.2701700000,1.2709700000,1.2697600000,1.2707900000,8654,OTHER,false
2024-06-19T00:00:00Z,1.2697600000,1.2711500000,1.2692600000,1.2703300000,5200,OTHER,false
2024-06-19T04:00:00Z,1.2703300000,1.2712900000,1.2702500000,1.2705400000,5752,OTHER,false
2024-06-19T08:00:00Z,1.2705400000,1.2732300000,1.2699600000,1.2731900000,12297,LONDON,false
2024-06-19T12:00:00Z,1.2731900000,1.2739200000,1.2714800000,1.2719100000,10904,OTHER,false
2024-06-19T16:00:00Z,1.2719100000,1.2733100000,1.2716200000,1.2720000000,8053,OTHER,false
2024-06-19T20:00:00Z,1.2720100000,1.2721500000,1.2713500000,1.2719300000,2242,OTHER,false
2024-06-20T00:00:00Z,1.2713100000,1.2723100000,1.2708900000,1.2714900000,4590,OTHER,false
2024-06-20T04:00:00Z,1.2714900000,1.2718400000,1.2709400000,1.2712900000,5467,OTHER,false
2024-06-20T08:00:00Z,1.2712900000,1.2714200000,1.2694900000,1.2696400000,11050,LONDON,false
2024-06-20T12:00:00Z,1.2696400000,1.2707100000,1.2674500000,1.2677200000,16256,OTHER,false
2024-06-20T16:00:00Z,1.2677400000,1.2687100000,1.2658600000,1.2662900000,15580,OTHER,false
2024-06-20T20:00:00Z,1.2662900000,1.2681900000,1.2654100000,1.2655600000,9858,OTHER,false
2024-06-21T00:00:00Z,1.2651400000,1.2661000000,1.2650900000,1.2655500000,4917,OTHER,false
2024-06-21T04:00:00Z,1.2655500000,1.2664500000,1.2654100000,1.2661400000,5438,OTHER,false
2024-06-21T08:00:00Z,1.2661400000,1.2673300000,1.2626000000,1.2653500000,14214,LONDON,false
2024-06-21T12:00:00Z,1.2653700000,1.2660100000,1.2630400000,1.2648300000,12338,OTHER,false
2024-06-21T16:00:00Z,1.2648200000,1.2650500000,1.2619300000,1.2638300000,19221,OTHER,false
2024-06-21T20:00:00Z,1.2638200000,1.2650800000,1.2635000000,1.2638100000,6741,OTHER,false
2024-06-24T00:00:00Z,1.2634100000,1.2644600000,1.2630100000,1.2639400000,4349,OTHER,false
2024-06-24T04:00:00Z,1.2639400000,1.2644600000,1.2632000000,1.2644600000,7454,OTHER,false
2024-06-24T08:00:00Z,1.2644700000,1.2665400000,1.2644000000,1.2657100000,10836,LONDON,false
2024-06-24T12:00:00Z,1.2657000000,1.2671200000,1.2656400000,1.2664600000,13995,OTHER,false
2024-06-24T16:00:00Z,1.2664900000,1.2697400000,1.2664800000,1.2678900000,15110,OTHER,false
2024-06-24T20:00:00Z,1.2678900000,1.2693000000,1.2672400000,1.2685500000,9572,OTHER,false
2024-06-25T00:00:00Z,1.2677300000,1.2688800000,1.2671400000,1.2685700000,4897,OTHER,false
2024-06-25T04:00:00Z,1.2685600000,1.2696100000,1.2682700000,1.2693900000,7061,OTHER,false
2024-06-25T08:00:00Z,1.2693800000,1.2701300000,1.2682200000,1.2700400000,10269,LONDON,false
2024-06-25T12:00:00Z,1.2700300000,1.2701800000,1.2674700000,1.2679400000,11819,OTHER,false
2024-06-25T16:00:00Z,1.2679500000,1.2687000000,1.2669700000,1.2678100000,16220,OTHER,false
2024-06-25T20:00:00Z,1.2678100000,1.2695400000,1.2676300000,1.2685800000,7303,OTHER,false
2024-06-26T00:00:00Z,1.2676100000,1.2687900000,1.2676100000,1.2684200000,4434,OTHER,false
2024-06-26T04:00:00Z,1.2684200000,1.2692800000,1.2683100000,1.2684900000,7718,OTHER,false
2024-06-26T08:00:00Z,1.2684900000,1.2687400000,1.2661200000,1.2665300000,11694,LONDON,false
2024-06-26T12:00:00Z,1.2665100000,1.2673500000,1.2639100000,1.2644400000,14613,OTHER,false
2024-06-26T16:00:00Z,1.2644400000,1.2650700000,1.2617500000,1.2625400000,20539,OTHER,false
2024-06-26T20:00:00Z,1.2625400000,1.2637500000,1.2615100000,1.2621100000,9397,OTHER,false
2024-06-27T00:00:00Z,1.2616500000,1.2623900000,1.2612100000,1.2614100000,5647,OTHER,false
2024-06-27T04:00:00Z,1.2614000000,1.2635700000,1.2613800000,1.2635400000,6854,OTHER,false
2024-06-27T08:00:00Z,1.2635500000,1.2646800000,1.2625800000,1.2634600000,12019,LONDON,false
2024-06-27T12:00:00Z,1.2634700000,1.2660600000,1.2633800000,1.2654600000,14671,OTHER,false
2024-06-27T16:00:00Z,1.2654500000,1.2669900000,1.2643300000,1.2650400000,19096,OTHER,false
2024-06-27T20:00:00Z,1.2650500000,1.2652800000,1.2637100000,1.2639200000,8173,OTHER,false
2024-06-28T00:00:00Z,1.2635300000,1.2646000000,1.2627800000,1.2628200000,5242,OTHER,false
2024-06-28T04:00:00Z,1.2628300000,1.2637500000,1.2621200000,1.2622700000,8551,OTHER,false
2024-06-28T08:00:00Z,1.2622700000,1.2649200000,1.2622100000,1.2634900000,11047,LONDON,false
2024-06-28T12:00:00Z,1.2634800000,1.2662700000,1.2630400000,1.2649700000,15794,OTHER,false
2024-06-28T16:00:00Z,1.2649500000,1.2651000000,1.2619000000,1.2641500000,25686,OTHER,false
2024-06-28T20:00:00Z,1.2641500000,1.2653600000,1.2630200000,1.2643300000,9966,OTHER,false
2024-07-01T00:00:00Z,1.2649300000,1.2656100000,1.2638600000,1.2652100000,6046,OTHER,false
2024-07-01T04:00:00Z,1.2652100000,1.2665200000,1.2649600000,1.2656600000,6443,OTHER,false
2024-07-01T08:00:00Z,1.2656500000,1.2688800000,1.2655800000,1.2673400000,15229,LONDON,false
2024-07-01T12:00:00Z,1.2673300000,1.2679700000,1.2657300000,1.2664700000,12934,OTHER,false
2024-07-01T16:00:00Z,1.2664800000,1.2709500000,1.2635600000,1.2647600000,21741,OTHER,false
2024-07-01T20:00:00Z,1.2647600000,1.2651300000,1.2632700000,1.2649900000,7081,OTHER,false
2024-07-02T00:00:00Z,1.2640100000,1.2652300000,1.2637900000,1.2640500000,3571,OTHER,false
2024-07-02T04:00:00Z,1.2640500000,1.2641700000,1.2631400000,1.2632400000,5176,OTHER,false
2024-07-02T08:00:00Z,1.2632300000,1.2639100000,1.2614900000,1.2628500000,13372,LONDON,false
2024-07-02T12:00:00Z,1.2628300000,1.2668400000,1.2626600000,1.2663800000,12254,OTHER,false
2024-07-02T16:00:00Z,1.2663800000,1.2684600000,1.2660800000,1.2667800000,20939,OTHER,false
2024-07-02T20:00:00Z,1.2667700000,1.2687200000,1.2666400000,1.2684500000,6400,OTHER,false
2024-07-03T00:00:00Z,1.2674800000,1.2692600000,1.2673300000,1.2688000000,3516,OTHER,false
2024-07-03T04:00:00Z,1.2687900000,1.2687900000,1.2680700000,1.2686200000,5615,OTHER,false
2024-07-03T08:00:00Z,1.2686100000,1.2701100000,1.2677600000,1.2695000000,9647,LONDON,false
2024-07-03T12:00:00Z,1.2695000000,1.2721800000,1.2691200000,1.2718100000,11496,OTHER,false
2024-07-03T16:00:00Z,1.2718100000,1.2776700000,1.2717800000,1.2753400000,21076,OTHER,false
2024-07-03T20:00:00Z,1.2753300000,1.2753500000,1.2733100000,1.2742200000,6028,OTHER,false
2024-07-04T00:00:00Z,1.2736000000,1.2750700000,1.2736000000,1.2750000000,3299,OTHER,false
2024-07-04T04:00:00Z,1.2750100000,1.2753000000,1.2740400000,1.2742800000,5323,OTHER,false
2024-07-04T08:00:00Z,1.2742800000,1.2762200000,1.2740300000,1.2754900000,11040,LONDON,false
2024-07-04T12:00:00Z,1.2755000000,1.2763000000,1.2746400000,1.2748700000,10246,OTHER,false
2024-07-04T16:00:00Z,1.2748700000,1.2766800000,1.2746600000,1.2760200000,7794,OTHER,false
2024-07-04T20:00:00Z,1.2760200000,1.2762100000,1.2758000000,1.2758500000,1555,OTHER,false
2024-07-05T00:00:00Z,1.2756000000,1.2766700000,1.2753400000,1.2763700000,4554,OTHER,false
2024-07-05T04:00:00Z,1.2763600000,1.2772000000,1.2761100000,1.2769700000,6140,OTHER,false
2024-07-05T08:00:00Z,1.2769700000,1.2780800000,1.2762500000,1.2778800000,9702,LONDON,false
2024-07-05T12:00:00Z,1.2778800000,1.2810500000,1.2759800000,1.2802300000,15100,OTHER,false
2024-07-05T16:00:00Z,1.2802400000,1.2813700000,1.2786400000,1.2797800000,24251,OTHER,false
2024-07-05T20:00:00Z,1.2797900000,1.2816500000,1.2797400000,1.2814200000,6730,OTHER,false
2024-07-08T00:00:00Z,1.2795700000,1.2815000000,1.2788000000,1.2804500000,5955,OTHER,false
2024-07-08T04:00:00Z,1.2804500000,1.2818300000,1.2802100000,1.2813700000,5608,OTHER,false
2024-07-08T08:00:00Z,1.2813800000,1.2820800000,1.2799000000,1.2818600000,14608,LONDON,false
2024-07-08T12:00:00Z,1.2818600000,1.2839600000,1.2812600000,1.2837500000,13356,OTHER,false
2024-07-08T16:00:00Z,1.2837500000,1.2845100000,1.2819300000,1.2820600000,13793,OTHER,false
2024-07-08T20:00:00Z,1.2820600000,1.2821900000,1.2805300000,1.2805600000,6543,OTHER,false
2024-07-09T00:00:00Z,1.2802100000,1.2815900000,1.2799100000,1.2807700000,4120,OTHER,false
2024-07-09T04:00:00Z,1.2807600000,1.2808500000,1.2797900000,1.2807500000,7585,OTHER,false
2024-07-09T08:00:00Z,1.2807600000,1.2811800000,1.2795400000,1.2805000000,10347,LONDON,false
2024-07-09T12:00:00Z,1.2805000000,1.2824300000,1.2792900000,1.2805600000,11421,OTHER,false
2024-07-09T16:00:00Z,1.2805600000,1.2820800000,1.2777000000,1.2782700000,20602,OTHER,false
2024-07-09T20:00:00Z,1.2782700000,1.2789800000,1.2780900000,1.2786000000,8080,OTHER,false
2024-07-10T00:00:00Z,1.2777000000,1.2791100000,1.2777000000,1.2785200000,4648,OTHER,false
2024-07-10T04:00:00Z,1.2785100000,1.2794100000,1.2783800000,1.2793800000,7894,OTHER,false
2024-07-10T08:00:00Z,1.2793800000,1.2801600000,1.2788000000,1.2796200000,11706,LONDON,false
2024-07-10T12:00:00Z,1.2796100000,1.2812100000,1.2796100000,1.2807800000,11504,OTHER,false
2024-07-10T16:00:00Z,1.2807800000,1.2846200000,1.2805600000,1.2845600000,15743,OTHER,false
2024-07-10T20:00:00Z,1.2845500000,1.2848400000,1.2834000000,1.2848100000,6702,OTHER,false
2024-07-11T00:00:00Z,1.2847200000,1.2858200000,1.2847100000,1.2854500000,3051,OTHER,false
2024-07-11T04:00:00Z,1.2854300000,1.2863400000,1.2848600000,1.2857000000,4878,OTHER,false
2024-07-11T08:00:00Z,1.2857000000,1.2874800000,1.2854400000,1.2874700000,11213,LONDON,false
2024-07-11T12:00:00Z,1.2874700000,1.2948800000,1.2868200000,1.2931300000,18067,OTHER,false
2024-07-11T16:00:00Z,1.2931400000,1.2947800000,1.2903300000,1.2910300000,29414,OTHER,false
2024-07-11T20:00:00Z,1.2910200000,1.2914300000,1.2898200000,1.2912400000,11707,OTHER,false
2024-07-12T00:00:00Z,1.2911600000,1.2923700000,1.2902600000,1.2908500000,8373,OTHER,false
2024-07-12T04:00:00Z,1.2908400000,1.2912000000,1.2901300000,1.2910600000,8983,OTHER,false
2024-07-12T08:00:00Z,1.2910600000,1.2945300000,1.2902000000,1.2945300000,13001,LONDON,false
2024-07-12T12:00:00Z,1.2945400000,1.2968200000,1.2929900000,1.2964600000,17867,OTHER,false
2024-07-12T16:00:00Z,1.2964700000,1.2990200000,1.2957100000,1.2986500000,23315,OTHER,false
2024-07-12T20:00:00Z,1.2986500000,1.2989800000,1.2979900000,1.2987700000,7859,OTHER,false
2024-07-15T00:00:00Z,1.2963500000,1.2980000000,1.2958800000,1.2965500000,7241,OTHER,false
2024-07-15T04:00:00Z,1.2965500000,1.2974500000,1.2961300000,1.2974300000,6181,OTHER,false
2024-07-15T08:00:00Z,1.2974300000,1.2989100000,1.2962900000,1.2988300000,12447,LONDON,false
2024-07-15T12:00:00Z,1.2988300000,1.2990800000,1.2966900000,1.2976400000,13700,OTHER,false
2024-07-15T16:00:00Z,1.2976400000,1.2994300000,1.2966700000,1.2976800000,18840,OTHER,false
2024-07-15T20:00:00Z,1.2976800000,1.2976800000,1.2961100000,1.2967700000,11531,OTHER,false
2024-07-16T00:00:00Z,1.2966300000,1.2970400000,1.2960900000,1.2964400000,4541,OTHER,false
2024-07-16T04:00:00Z,1.2964400000,1.2966300000,1.2960700000,1.2962500000,8122,OTHER,false
2024-07-16T08:00:00Z,1.2962600000,1.2972200000,1.2950700000,1.2962800000,12485,LONDON,false
2024-07-16T12:00:00Z,1.2962800000,1.2979200000,1.2937500000,1.2946400000,17344,OTHER,false
2024-07-16T16:00:00Z,1.2946300000,1.2957800000,1.2940200000,1.2953900000,17666,OTHER,false
2024-07-16T20:00:00Z,1.2953900000,1.2976200000,1.2952500000,1.2973600000,9522,OTHER,false
2024-07-17T00:00:00Z,1.2965000000,1.2977400000,1.2964100000,1.2968700000,5725,OTHER,false
2024-07-17T04:00:00Z,1.2968700000,1.2977900000,1.2965900000,1.2967700000,5860,OTHER,false
2024-07-17T08:00:00Z,1.2967700000,1.3030100000,1.2965500000,1.3028000000,19495,LONDON,false
2024-07-17T12:00:00Z,1.3028100000,1.3043900000,1.3021500000,1.3031800000,16570,OTHER,false
2024-07-17T16:00:00Z,1.3031800000,1.3035700000,1.2998300000,1.3003400000,22577,OTHER,false
2024-07-17T20:00:00Z,1.3003400000,1.3011400000,1.2999900000,1.3007600000,10749,OTHER,false
2024-07-18T00:00:00Z,1.3004900000,1.3010400000,1.3001600000,1.3003100000,6854,OTHER,false
2024-07-18T04:00:00Z,1.3003100000,1.3006700000,1.2998400000,1.3001100000,9034,OTHER,false
2024-07-18T08:00:00Z,1.3001100000,1.3012100000,1.2982300000,1.2985500000,16040,LONDON,false
2024-07-18T12:00:00Z,1.2985500000,1.2996000000,1.2973700000,1.2980700000,14474,OTHER,false
2024-07-18T16:00:00Z,1.2980600000,1.2984400000,1.2967800000,1.2971000000,22328,OTHER,false
2024-07-18T20:00:00Z,1.2971000000,1.2971500000,1.2939700000,1.2942600000,11825,OTHER,false
2024-07-19T00:00:00Z,1.2943100000,1.2950200000,1.2936000000,1.2944100000,6446,OTHER,false
2024-07-19T04:00:00Z,1.2944000000,1.2946100000,1.2933500000,1.2938100000,8318,OTHER,false
2024-07-19T08:00:00Z,1.2938000000,1.2941100000,1.2913600000,1.2916600000,16319,LONDON,false
2024-07-19T12:00:00Z,1.2916600000,1.2928200000,1.2900400000,1.2919500000,13563,OTHER,false
2024-07-19T16:00:00Z,1.2919500000,1.2926100000,1.2910900000,1.2913700000,18363,OTHER,false
2024-07-19T20:00:00Z,1.2913700000,1.2918000000,1.2905900000,1.2911700000,9924,OTHER,false
2024-07-22T00:00:00Z,1.2912200000,1.2938900000,1.2906300000,1.2928000000,7544,OTHER,false
2024-07-22T04:00:00Z,1.2928000000,1.2929300000,1.2911500000,1.2917200000,7166,OTHER,false
2024-07-22T08:00:00Z,1.2917100000,1.2931600000,1.2909300000,1.2927100000,16665,LONDON,false
2024-07-22T12:00:00Z,1.2927100000,1.2941800000,1.2913200000,1.2916000000,13402,OTHER,false
2024-07-22T16:00:00Z,1.2915900000,1.2919100000,1.2904700000,1.2917300000,16558,OTHER,false
2024-07-22T20:00:00Z,1.2917400000,1.2932300000,1.2917300000,1.2932200000,8584,OTHER,false
2024-07-23T00:00:00Z,1.2930300000,1.2934300000,1.2922700000,1.2927800000,6246,OTHER,false
2024-07-23T04:00:00Z,1.2927800000,1.2933300000,1.2923900000,1.2927400000,7339,OTHER,false
2024-07-23T08:00:00Z,1.2927400000,1.2928100000,1.2908500000,1.2922900000,12820,LONDON,false
2024-07-23T12:00:00Z,1.2922900000,1.2925100000,1.2887000000,1.2905200000,15384,OTHER,false
2024-07-23T16:00:00Z,1.2905100000,1.2917200000,1.2903800000,1.2909400000,16029,OTHER,false
2024-07-23T20:00:00Z,1.2909400000,1.2912500000,1.2899600000,1.2905900000,7564,OTHER,false
2024-07-24T00:00:00Z,1.2904100000,1.2908300000,1.2895100000,1.2896500000,4841,OTHER,false
2024-07-24T04:00:00Z,1.2896500000,1.2899400000,1.2883300000,1.2886900000,8812,OTHER,false
2024-07-24T08:00:00Z,1.2887100000,1.2901000000,1.2876800000,1.2896100000,15224,LONDON,false
2024-07-24T12:00:00Z,1.2896100000,1.2929300000,1.2887900000,1.2927700000,14470,OTHER,false
2024-07-24T16:00:00Z,1.2927600000,1.2936900000,1.2913900000,1.2925600000,20013,OTHER,false
2024-07-24T20:00:00Z,1.2925600000,1.2926800000,1.2898900000,1.2906100000,10694,OTHER,false
2024-07-25T00:00:00Z,1.2896300000,1.2908600000,1.2891400000,1.2895400000,9030,OTHER,false
2024-07-25T04:00:00Z,1.2895400000,1.2897800000,1.2885400000,1.2888300000,11239,OTHER,false
2024-07-25T08:00:00Z,1.2888300000,1.2912800000,1.2873500000,1.2885400000,19206,LONDON,false
2024-07-25T12:00:00Z,1.2885300000,1.2893600000,1.2859200000,1.2874200000,19112,OTHER,false
2024-07-25T16:00:00Z,1.2874200000,1.2891200000,1.2862500000,1.2882500000,27053,OTHER,false
2024-07-25T20:00:00Z,1.2882700000,1.2889200000,1.2849200000,1.2850000000,11617,OTHER,false
2024-07-26T00:00:00Z,1.2847200000,1.2860200000,1.2847100000,1.2856200000,6050,OTHER,false
2024-07-26T04:00:00Z,1.2856100000,1.2865300000,1.2853200000,1.2863100000,7558,OTHER,false
2024-07-26T08:00:00Z,1.2863000000,1.2872300000,1.2856400000,1.2865000000,13413,LONDON,false
2024-07-26T12:00:00Z,1.2865000000,1.2873300000,1.2854600000,1.2866000000,14306,OTHER,false
2024-07-26T16:00:00Z,1.2865900000,1.2874500000,1.2849300000,1.2873800000,18009,OTHER,false
2024-07-26T20:00:00Z,1.2873800000,1.2877300000,1.2863800000,1.2864500000,8575,OTHER,false
2024-07-29T00:00:00Z,1.2851400000,1.2887400000,1.2851400000,1.2884200000,7074,OTHER,false
2024-07-29T04:00:00Z,1.2884200000,1.2887500000,1.2873100000,1.2874400000,8981,OTHER,false
2024-07-29T08:00:00Z,1.2874400000,1.2877300000,1.2807400000,1.2812400000,15253,LONDON,false
2024-07-29T12:00:00Z,1.2812400000,1.2846000000,1.2806100000,1.2837500000,15522,OTHER,false
2024-07-29T16:00:00Z,1.2837500000,1.2859200000,1.2822500000,1.2853600000,16762,OTHER,false
2024-07-29T20:00:00Z,1.2853600000,1.2867300000,1.2853400000,1.2861900000,9297,OTHER,false
2024-07-30T00:00:00Z,1.2855500000,1.2865500000,1.2850400000,1.2853000000,5659,OTHER,false
2024-07-30T04:00:00Z,1.2852900000,1.2858500000,1.2844500000,1.2856900000,6254,OTHER,false
2024-07-30T08:00:00Z,1.2856900000,1.2863600000,1.2842900000,1.2858700000,12552,LONDON,false
2024-07-30T12:00:00Z,1.2858900000,1.2863900000,1.2828200000,1.2828400000,11236,OTHER,false
2024-07-30T16:00:00Z,1.2828400000,1.2843500000,1.2819400000,1.2833100000,21104,OTHER,false
2024-07-30T20:00:00Z,1.2833100000,1.2838400000,1.2826400000,1.2835300000,11421,OTHER,false
2024-07-31T00:00:00Z,1.2825600000,1.2842000000,1.2825600000,1.2840100000,7720,OTHER,false
2024-07-31T04:00:00Z,1.2840200000,1.2852200000,1.2834500000,1.2845100000,13461,OTHER,false
2024-07-31T08:00:00Z,1.2845100000,1.2846500000,1.2820500000,1.2829200000,19706,LONDON,false
2024-07-31T12:00:00Z,1.2829200000,1.2853700000,1.2820300000,1.2847200000,17286,OTHER,false
2024-07-31T16:00:00Z,1.2847100000,1.2853600000,1.2821700000,1.2835800000,23304,OTHER,false
2024-07-31T20:00:00Z,1.2835800000,1.2863700000,1.2819600000,1.2855100000,24029,OTHER,false
2024-08-01T00:00:00Z,1.2847400000,1.2862200000,1.2846900000,1.2852700000,6921,OTHER,false
2024-08-01T04:00:00Z,1.2852800000,1.2860000000,1.2847100000,1.2849400000,9965,OTHER,false
2024-08-01T08:00:00Z,1.2849500000,1.2852500000,1.2775500000,1.2778500000,19984,LONDON,false
2024-08-01T12:00:00Z,1.2778500000,1.2823000000,1.2750200000,1.2809800000,22216,OTHER,false
2024-08-01T16:00:00Z,1.2809800000,1.2839000000,1.2751000000,1.2753400000,25705,OTHER,false
2024-08-01T20:00:00Z,1.2753500000,1.2757500000,1.2726100000,1.2737800000,14031,OTHER,false
2024-08-02T00:00:00Z,1.2731100000,1.2742500000,1.2720100000,1.2723000000,10850,OTHER,false
2024-08-02T04:00:00Z,1.2723000000,1.2728800000,1.2712000000,1.2724100000,10598,OTHER,false
2024-08-02T08:00:00Z,1.2724100000,1.2739000000,1.2706500000,1.2734700000,20391,LONDON,false
2024-08-02T12:00:00Z,1.2734700000,1.2807800000,1.2732400000,1.2801700000,21338,OTHER,false
2024-08-02T16:00:00Z,1.2801800000,1.2839800000,1.2783000000,1.2788000000,38212,OTHER,false
2024-08-02T20:00:00Z,1.2788000000,1.2812000000,1.2787700000,1.2804400000,14404,OTHER,false
2024-08-05T00:00:00Z,1.2795600000,1.2809100000,1.2779400000,1.2783500000,14362,OTHER,false
2024-08-05T04:00:00Z,1.2783400000,1.2804600000,1.2777400000,1.2800000000,22933,OTHER,false
2024-08-05T08:00:00Z,1.2800100000,1.2816500000,1.2709400000,1.2761700000,47398,LONDON,false
2024-08-05T12:00:00Z,1.2761700000,1.2777200000,1.2726900000,1.2751700000,27412,OTHER,false
2024-08-05T16:00:00Z,1.2751900000,1.2795500000,1.2747700000,1.2765900000,36651,OTHER,false
2024-08-05T20:00:00Z,1.2765700000,1.2778100000,1.2743700000,1.2775300000,15834,OTHER,false
2024-08-06T00:00:00Z,1.2766700000,1.2802100000,1.2762000000,1.2802000000,15749,OTHER,false
2024-08-06T04:00:00Z,1.2802100000,1.2802500000,1.2771500000,1.2772400000,19370,OTHER,false
2024-08-06T08:00:00Z,1.2772300000,1.2778100000,1.2729100000,1.2731500000,30816,LONDON,false
2024-08-06T12:00:00Z,1.2731600000,1.2731600000,1.2671800000,1.2678700000,27640,OTHER,false
2024-08-06T16:00:00Z,1.2678700000,1.2725800000,1.2678000000,1.2704400000,31744,OTHER,false
2024-08-06T20:00:00Z,1.2704400000,1.2709000000,1.2684100000,1.2692000000,17317,OTHER,false
2024-08-07T00:00:00Z,1.2681400000,1.2702900000,1.2680200000,1.2702100000,10044,OTHER,false
2024-08-07T04:00:00Z,1.2702000000,1.2717300000,1.2692800000,1.2703700000,19297,OTHER,false
2024-08-07T08:00:00Z,1.2703600000,1.2715800000,1.2686800000,1.2701300000,23565,LONDON,false
2024-08-07T12:00:00Z,1.2701300000,1.2735400000,1.2696800000,1.2721900000,18397,OTHER,false
2024-08-07T16:00:00Z,1.2721800000,1.2725200000,1.2704000000,1.2706700000,22165,OTHER,false
2024-08-07T20:00:00Z,1.2706700000,1.2709000000,1.2682700000,1.2689300000,17741,OTHER,false
2024-08-08T00:00:00Z,1.2684400000,1.2694100000,1.2677700000,1.2680500000,8916,OTHER,false
2024-08-08T04:00:00Z,1.2680500000,1.2702000000,1.2680300000,1.2695100000,12618,OTHER,false
2024-08-08T08:00:00Z,1.2695100000,1.2712900000,1.2689100000,1.2699900000,19941,LONDON,false
2024-08-08T12:00:00Z,1.2699900000,1.2703700000,1.2664300000,1.2674800000,22715,OTHER,false
2024-08-08T16:00:00Z,1.2675000000,1.2743000000,1.2675000000,1.2741900000,30420,OTHER,false
2024-08-08T20:00:00Z,1.2741900000,1.2751700000,1.2733800000,1.2745800000,14155,OTHER,false
2024-08-09T00:00:00Z,1.2737400000,1.2748700000,1.2736800000,1.2740100000,7838,OTHER,false
2024-08-09T04:00:00Z,1.2740000000,1.2759900000,1.2740000000,1.2748900000,9448,OTHER,false
2024-08-09T08:00:00Z,1.2748900000,1.2771300000,1.2747100000,1.2764500000,15872,LONDON,false
2024-08-09T12:00:00Z,1.2764500000,1.2767800000,1.2725600000,1.2736600000,16039,OTHER,false
2024-08-09T16:00:00Z,1.2736700000,1.2773300000,1.2730700000,1.2757400000,21677,OTHER,false
2024-08-09T20:00:00Z,1.2757400000,1.2769400000,1.2753300000,1.2757300000,11660,OTHER,false
2024-08-12T00:00:00Z,1.2755100000,1.2761300000,1.2746100000,1.2756300000,5019,OTHER,false
2024-08-12T04:00:00Z,1.2756300000,1.2762700000,1.2755600000,1.2762400000,6964,OTHER,false
2024-08-12T08:00:00Z,1.2762500000,1.2781500000,1.2759200000,1.2763200000,13458,LONDON,false
2024-08-12T12:00:00Z,1.2763200000,1.2774800000,1.2752200000,1.2763400000,12804,OTHER,false
2024-08-12T16:00:00Z,1.2763300000,1.2793400000,1.2756400000,1.2757500000,22807,OTHER,false
2024-08-12T20:00:00Z,1.2757500000,1.2770600000,1.2754700000,1.2764600000,12240,OTHER,false
2024-08-13T00:00:00Z,1.2756700000,1.2770100000,1.2756700000,1.2765900000,5206,OTHER,false
2024-08-13T04:00:00Z,1.2765900000,1.2778300000,1.2763600000,1.2778100000,6927,OTHER,false
2024-08-13T08:00:00Z,1.2778200000,1.2812400000,1.2775700000,1.2797400000,16062,LONDON,false
2024-08-13T12:00:00Z,1.2797400000,1.2812200000,1.2778800000,1.2806600000,18019,OTHER,false
2024-08-13T16:00:00Z,1.2806600000,1.2846400000,1.2799100000,1.2844400000,22104,OTHER,false
2024-08-13T20:00:00Z,1.2844400000,1.2872400000,1.2843000000,1.2863500000,16416,OTHER,false
2024-08-14T00:00:00Z,1.2857400000,1.2867000000,1.2851500000,1.2862700000,5049,OTHER,false
2024-08-14T04:00:00Z,1.2862700000,1.2867900000,1.2853400000,1.2857900000,9585,OTHER,false
2024-08-14T08:00:00Z,1.2857900000,1.2862000000,1.2816600000,1.2840700000,16696,LONDON,false
2024-08-14T12:00:00Z,1.2840700000,1.2860500000,1.2825900000,1.2838900000,16473,OTHER,false
2024-08-14T16:00:00Z,1.2838800000,1.2863300000,1.2832500000,1.2837400000,21404,OTHER,false
2024-08-14T20:00:00Z,1.2837400000,1.2837400000,1.2820300000,1.2826100000,11978,OTHER,false
2024-08-15T00:00:00Z,1.2825500000,1.2831200000,1.2820000000,1.2826400000,4568,OTHER,false
2024-08-15T04:00:00Z,1.2826400000,1.2840100000,1.2819000000,1.2839400000,7918,OTHER,false
2024-08-15T08:00:00Z,1.2839300000,1.2857600000,1.2837400000,1.2843100000,12046,LONDON,false
2024-08-15T12:00:00Z,1.2843100000,1.2869100000,1.2809500000,1.2817200000,15077,OTHER,false
2024-08-15T16:00:00Z,1.2817400000,1.2871000000,1.2797900000,1.2851000000,23360,OTHER,false
2024-08-15T20:00:00Z,1.2851000000,1.2864000000,1.2847300000,1.2852500000,11151,OTHER,false
2024-08-16T00:00:00Z,1.2848300000,1.2863100000,1.2845600000,1.2861800000,4649,OTHER,false
2024-08-16T04:00:00Z,1.2862100000,1.2874600000,1.2859600000,1.2872200000,5578,OTHER,false
2024-08-16T08:00:00Z,1.2872300000,1.2890500000,1.2869800000,1.2884800000,10884,LONDON,false
2024-08-16T12:00:00Z,1.2884800000,1.2913400000,1.2884200000,1.2896400000,9205,OTHER,false
2024-08-16T16:00:00Z,1.2896100000,1.2921000000,1.2880900000,1.2920100000,11912,OTHER,false
2024-08-16T20:00:00Z,1.2920100000,1.2945400000,1.2920100000,1.2944300000,6742,OTHER,false
2024-08-19T00:00:00Z,1.2931900000,1.2952300000,1.2927500000,1.2944500000,4249,OTHER,false
2024-08-19T04:00:00Z,1.2944500000,1.2959500000,1.2943200000,1.2952600000,6068,OTHER,false
2024-08-19T08:00:00Z,1.2952500000,1.2974500000,1.2952100000,1.2971200000,12148,LONDON,false
2024-08-19T12:00:00Z,1.2971200000,1.2971800000,1.2942000000,1.2950200000,10429,OTHER,false
2024-08-19T16:00:00Z,1.2950200000,1.2996400000,1.2939400000,1.2981100000,13601,OTHER,false
2024-08-19T20:00:00Z,1.2981100000,1.2995600000,1.2978400000,1.2989800000,8494,OTHER,false
2024-08-20T00:00:00Z,1.2985200000,1.2993300000,1.2981500000,1.2985300000,4050,OTHER,false
2024-08-20T04:00:00Z,1.2985300000,1.2992300000,1.2976400000,1.2979000000,7035,OTHER,false
2024-08-20T08:00:00Z,1.2978900000,1.3012300000,1.2973600000,1.3000100000,10811,LONDON,false
2024-08-20T12:00:00Z,1.3000000000,1.3029200000,1.2990800000,1.3026400000,12058,OTHER,false
2024-08-20T16:00:00Z,1.3026300000,1.3051500000,1.3011900000,1.3024400000,17691,OTHER,false
2024-08-20T20:00:00Z,1.3024300000,1.3035400000,1.3017000000,1.3033800000,8573,OTHER,false
2024-08-21T00:00:00Z,1.3033000000,1.3037900000,1.3024700000,1.3033900000,5163,OTHER,false
2024-08-21T04:00:00Z,1.3034000000,1.3035600000,1.3022100000,1.3025700000,6832,OTHER,false
2024-08-21T08:00:00Z,1.3025700000,1.3030800000,1.3010400000,1.3012100000,11293,LONDON,false
2024-08-21T12:00:00Z,1.3012000000,1.3047500000,1.3011800000,1.3044300000,10345,OTHER,false
2024-08-21T16:00:00Z,1.3044900000,1.3090700000,1.3034100000,1.3088500000,21948,OTHER,false
2024-08-21T20:00:00Z,1.3088600000,1.3118800000,1.3084000000,1.3090400000,9976,OTHER,false
2024-08-22T00:00:00Z,1.3081800000,1.3096300000,1.3081800000,1.3089000000,4021,OTHER,false
2024-08-22T04:00:00Z,1.3089000000,1.3090600000,1.3080800000,1.3083200000,4827,OTHER,false
2024-08-22T08:00:00Z,1.3083200000,1.3128300000,1.3080600000,1.3113100000,10834,LONDON,false
2024-08-22T12:00:00Z,1.3113300000,1.3127100000,1.3094800000,1.3117900000,12472,OTHER,false
2024-08-22T16:00:00Z,1.3118100000,1.3129600000,1.3080900000,1.3085600000,16549,OTHER,false
2024-08-22T20:00:00Z,1.3085500000,1.3094200000,1.3075700000,1.3091200000,8593,OTHER,false
2024-08-23T00:00:00Z,1.3086200000,1.3100600000,1.3083600000,1.3098000000,3752,OTHER,false
2024-08-23T04:00:00Z,1.3097900000,1.3109000000,1.3096000000,1.3108700000,5191,OTHER,false
2024-08-23T08:00:00Z,1.3108600000,1.3130600000,1.3106400000,1.3130500000,8377,LONDON,false
2024-08-23T12:00:00Z,1.3130500000,1.3135900000,1.3110000000,1.3118800000,10108,OTHER,false
2024-08-23T16:00:00Z,1.3118700000,1.3229700000,1.3107900000,1.3190200000,24919,OTHER,false
2024-08-23T20:00:00Z,1.3190100000,1.3220300000,1.3188500000,1.3214200000,11134,OTHER,false
2024-08-26T00:00:00Z,1.3199500000,1.3219000000,1.3199500000,1.3213900000,4732,OTHER,false
2024-08-26T04:00:00Z,1.3213800000,1.3221700000,1.3198200000,1.3200200000,4693,OTHER,false
2024-08-26T08:00:00Z,1.3200100000,1.3209400000,1.3189300000,1.3197100000,8700,LONDON,false
2024-08-26T12:00:00Z,1.3197100000,1.3204900000,1.3179100000,1.3200900000,9980,OTHER,false
2024-08-26T16:00:00Z,1.3201000000,1.3209000000,1.3179800000,1.3198000000,14747,OTHER,false
2024-08-26T20:00:00Z,1.3198000000,1.3206700000,1.3181200000,1.3186400000,7300,OTHER,false
2024-08-27T00:00:00Z,1.3183400000,1.3192400000,1.3178600000,1.3180800000,4111,OTHER,false
2024-08-27T04:00:00Z,1.3180800000,1.3194600000,1.3180400000,1.3192100000,4931,OTHER,false
2024-08-27T08:00:00Z,1.3192200000,1.3222600000,1.3190800000,1.3217100000,10068,LONDON,false
2024-08-27T12:00:00Z,1.3217200000,1.3246000000,1.3203100000,1.3212400000,12296,OTHER,false
2024-08-27T16:00:00Z,1.3212400000,1.3241800000,1.3212100000,1.3232200000,16034,OTHER,false
2024-08-27T20:00:00Z,1.3232200000,1.3265400000,1.3231300000,1.3260400000,8550,OTHER,false
2024-08-28T00:00:00Z,1.3253300000,1.3261600000,1.3249400000,1.3259000000,3911,OTHER,false
2024-08-28T04:00:00Z,1.3259100000,1.3260000000,1.3239600000,1.3241000000,5776,OTHER,false
2024-08-28T08:00:00Z,1.3241000000,1.3243700000,1.3216500000,1.3229400000,10575,LONDON,false
2024-08-28T12:00:00Z,1.3229400000,1.3238900000,1.3198300000,1.3209700000,12329,OTHER,false
2024-08-28T16:00:00Z,1.3209600000,1.3230200000,1.3173200000,1.3185100000,17471,OTHER,false
2024-08-28T20:00:00Z,1.3185100000,1.3190700000,1.3167000000,1.3189700000,9223,OTHER,false
2024-08-29T00:00:00Z,1.3191700000,1.3207400000,1.3187600000,1.3205700000,3809,OTHER,false
2024-08-29T04:00:00Z,1.3205800000,1.3211700000,1.3196300000,1.3211500000,5269,OTHER,false
2024-08-29T08:00:00Z,1.3211500000,1.3226200000,1.3167600000,1.3187700000,13788,LONDON,false
2024-08-29T12:00:00Z,1.3188000000,1.3201800000,1.3153100000,1.3160300000,15437,OTHER,false
2024-08-29T16:00:00Z,1.3160100000,1.3189900000,1.3144900000,1.3181900000,19315,OTHER,false
2024-08-29T20:00:00Z,1.3181800000,1.3188700000,1.3162800000,1.3167600000,10320,OTHER,false
2024-08-30T00:00:00Z,1.3160900000,1.3170200000,1.3159900000,1.3167200000,4092,OTHER,false
2024-08-30T04:00:00Z,1.3167200000,1.3170600000,1.3159600000,1.3163800000,5880,OTHER,false
2024-08-30T08:00:00Z,1.3163900000,1.3199300000,1.3163400000,1.3182200000,9899,LONDON,false
2024-08-30T12:00:00Z,1.3182100000,1.3188900000,1.3142900000,1.3154700000,12842,OTHER,false
2024-08-30T16:00:00Z,1.3154700000,1.3163600000,1.3108900000,1.3118500000,22665,OTHER,false
2024-08-30T20:00:00Z,1.3118600000,1.3135800000,1.3111700000,1.3127100000,9881,OTHER,false
2024-09-02T00:00:00Z,1.3125400000,1.3137300000,1.3119800000,1.3133000000,3100,OTHER,false
2024-09-02T04:00:00Z,1.3133000000,1.3136800000,1.3119300000,1.3125100000,4958,OTHER,false
2024-09-02T08:00:00Z,1.3125100000,1.3145400000,1.3121800000,1.3134300000,8812,LONDON,false
2024-09-02T12:00:00Z,1.3134300000,1.3147200000,1.3126500000,1.3142000000,8641,OTHER,false
2024-09-02T16:00:00Z,1.3142000000,1.3154300000,1.3135000000,1.3141100000,7733,OTHER,false
2024-09-02T20:00:00Z,1.3141100000,1.3147000000,1.3141000000,1.3145500000,1497,OTHER,false
2024-09-03T00:00:00Z,1.3140900000,1.3148900000,1.3133300000,1.3136500000,3944,OTHER,false
2024-09-03T04:00:00Z,1.3136600000,1.3146400000,1.3122300000,1.3124200000,6883,OTHER,false
2024-09-03T08:00:00Z,1.3124300000,1.3138900000,1.3108200000,1.3121500000,12453,LONDON,false
2024-09-03T12:00:00Z,1.3121600000,1.3138500000,1.3109200000,1.3130000000,12688,OTHER,false
2024-09-03T16:00:00Z,1.3130100000,1.3145700000,1.3087800000,1.3102600000,19989,OTHER,false
2024-09-03T20:00:00Z,1.3102600000,1.3116300000,1.3087100000,1.3114300000,8653,OTHER,false
2024-09-04T00:00:00Z,1.3110000000,1.3114400000,1.3102200000,1.3103400000,5076,OTHER,false
2024-09-04T04:00:00Z,1.3103500000,1.3117900000,1.3100900000,1.3116800000,5556,OTHER,false
2024-09-04T08:00:00Z,1.3116800000,1.3127200000,1.3100200000,1.3120300000,10724,LONDON,false
2024-09-04T12:00:00Z,1.3120300000,1.3126500000,1.3105900000,1.3122800000,9926,OTHER,false
2024-09-04T16:00:00Z,1.3122900000,1.3174800000,1.3120400000,1.3150000000,19184,OTHER,false
2024-09-04T20:00:00Z,1.3149800000,1.3152400000,1.3126500000,1.3147800000,9522,OTHER,false
2024-09-05T00:00:00Z,1.3140200000,1.3148500000,1.3134100000,1.3143100000,5292,OTHER,false
2024-09-05T04:00:00Z,1.3143100000,1.3155800000,1.3142900000,1.3146700000,5414,OTHER,false
2024-09-05T08:00:00Z,1.3146700000,1.3170800000,1.3136500000,1.3168900000,10300,LONDON,false
2024-09-05T12:00:00Z,1.3168900000,1.3179400000,1.3152900000,1.3160600000,11794,OTHER,false
2024-09-05T16:00:00Z,1.3160600000,1.3178000000,1.3150600000,1.3172600000,18560,OTHER,false
2024-09-05T20:00:00Z,1.3172400000,1.3184800000,1.3163700000,1.3180300000,10084,OTHER,false
2024-09-06T00:00:00Z,1.3176400000,1.3181500000,1.3171500000,1.3177500000,2495,OTHER,false
2024-09-06T04:00:00Z,1.3177600000,1.3179200000,1.3172000000,1.3177800000,4125,OTHER,false
2024-09-06T08:00:00Z,1.3177900000,1.3192500000,1.3165500000,1.3167000000,10414,LONDON,false
2024-09-06T12:00:00Z,1.3167000000,1.3238100000,1.3147100000,1.3209300000,14161,OTHER,false
2024-09-06T16:00:00Z,1.3209100000,1.3216000000,1.3109400000,1.3119700000,32300,OTHER,false
2024-09-06T20:00:00Z,1.3119700000,1.3138800000,1.3112300000,1.3130700000,13385,OTHER,false
2024-09-09T00:00:00Z,1.3117500000,1.3140600000,1.3112700000,1.3129500000,4802,OTHER,false
2024-09-09T04:00:00Z,1.3129500000,1.3142600000,1.3118900000,1.3118900000,5096,OTHER,false
2024-09-09T08:00:00Z,1.3118800000,1.3118800000,1.3082400000,1.3087600000,10554,LONDON,false
2024-09-09T12:00:00Z,1.3087700000,1.3099400000,1.3072200000,1.3082600000,10393,OTHER,false
2024-09-09T16:00:00Z,1.3082600000,1.3100200000,1.3067200000,1.3096700000,14568,OTHER,false
2024-09-09T20:00:00Z,1.3096700000,1.3101500000,1.3070100000,1.3070100000,9811,OTHER,false
2024-09-10T00:00:00Z,1.3070300000,1.3076200000,1.3057100000,1.3062000000,3177,OTHER,false
2024-09-10T04:00:00Z,1.3062000000,1.3076900000,1.3061100000,1.3076300000,3664,OTHER,false
2024-09-10T08:00:00Z,1.3076200000,1.3107100000,1.3072800000,1.3084800000,10499,LONDON,false
2024-09-10T12:00:00Z,1.3084800000,1.3104100000,1.3067700000,1.3069700000,10896,OTHER,false
2024-09-10T16:00:00Z,1.3069800000,1.3075200000,1.3048700000,1.3067600000,16922,OTHER,false
2024-09-10T20:00:00Z,1.3067600000,1.3086200000,1.3065200000,1.3079500000,10797,OTHER,false
2024-09-11T00:00:00Z,1.3068900000,1.3084100000,1.3066900000,1.3071500000,3975,OTHER,false
2024-09-11T04:00:00Z,1.3071400000,1.3101700000,1.3069800000,1.3101400000,6491,OTHER,false
2024-09-11T08:00:00Z,1.3101400000,1.3110600000,1.3077100000,1.3082300000,11041,LONDON,false
2024-09-11T12:00:00Z,1.3082300000,1.3097300000,1.3046200000,1.3061000000,14110,OTHER,false
2024-09-11T16:00:00Z,1.3060900000,1.3072500000,1.3001400000,1.3036000000,21052,OTHER,false
2024-09-11T20:00:00Z,1.3036000000,1.3049300000,1.3034800000,1.3042200000,11707,OTHER,false
2024-09-12T00:00:00Z,1.3043400000,1.3045400000,1.3033300000,1.3033500000,3224,OTHER,false
2024-09-12T04:00:00Z,1.3033400000,1.3048100000,1.3031500000,1.3048100000,4665,OTHER,false
2024-09-12T08:00:00Z,1.3048000000,1.3056100000,1.3032000000,1.3046600000,8879,LONDON,false
2024-09-12T12:00:00Z,1.3046600000,1.3061700000,1.3037000000,1.3053400000,12407,OTHER,false
2024-09-12T16:00:00Z,1.3053400000,1.3094100000,1.3049500000,1.3091500000,18022,OTHER,false
2024-09-12T20:00:00Z,1.3091400000,1.3126400000,1.3084800000,1.3124900000,14120,OTHER,false
2024-09-13T00:00:00Z,1.3123300000,1.3145200000,1.3121800000,1.3144600000,3901,OTHER,false
2024-09-13T04:00:00Z,1.3144600000,1.3150300000,1.3137100000,1.3146600000,6677,OTHER,false
2024-09-13T08:00:00Z,1.3146600000,1.3149100000,1.3123800000,1.3142800000,9817,LONDON,false
2024-09-13T12:00:00Z,1.3142800000,1.3151600000,1.3114000000,1.3136900000,12679,OTHER,false
2024-09-13T16:00:00Z,1.3137100000,1.3157100000,1.3122500000,1.3130600000,15998,OTHER,false
2024-09-13T20:00:00Z,1.3130700000,1.3133800000,1.3117300000,1.3122500000,8424,OTHER,false
2024-09-16T00:00:00Z,1.3111600000,1.3142800000,1.3111600000,1.3140800000,3528,OTHER,false
2024-09-16T04:00:00Z,1.3140300000,1.3162600000,1.3137700000,1.3152600000,5616,OTHER,false
2024-09-16T08:00:00Z,1.3152600000,1.3192400000,1.3152000000,1.3187400000,9599,LONDON,false
2024-09-16T12:00:00Z,1.3187500000,1.3208400000,1.3181800000,1.3197700000,12312,OTHER,false
2024-09-16T16:00:00Z,1.3198200000,1.3213600000,1.3190500000,1.3206400000,14514,OTHER,false
2024-09-16T20:00:00Z,1.3206300000,1.3217600000,1.3196600000,1.3215000000,8460,OTHER,false
2024-09-17T00:00:00Z,1.3210900000,1.3216700000,1.3199600000,1.3201200000,3545,OTHER,false
2024-09-17T04:00:00Z,1.3201300000,1.3211000000,1.3199400000,1.3202500000,4753,OTHER,false
2024-09-17T08:00:00Z,1.3202500000,1.3229100000,1.3197800000,1.3227500000,9045,LONDON,false
2024-09-17T12:00:00Z,1.3227500000,1.3228500000,1.3198600000,1.3209800000,13094,OTHER,false
2024-09-17T16:00:00Z,1.3209900000,1.3212200000,1.3151600000,1.3157300000,18469,OTHER,false
2024-09-17T20:00:00Z,1.3157300000,1.3168600000,1.3145200000,1.3157700000,12237,OTHER,false
2024-09-18T00:00:00Z,1.3150500000,1.3170200000,1.3148000000,1.3168100000,3862,OTHER,false
2024-09-18T04:00:00Z,1.3168100000,1.3171500000,1.3157200000,1.3158300000,4895,OTHER,false
2024-09-18T08:00:00Z,1.3158100000,1.3211200000,1.3155700000,1.3205200000,10645,LONDON,false
2024-09-18T12:00:00Z,1.3205200000,1.3226900000,1.3203900000,1.3217600000,10943,OTHER,false
2024-09-18T16:00:00Z,1.3217700000,1.3253400000,1.3194400000,1.3209700000,14699,OTHER,false
2024-09-18T20:00:00Z,1.3209900000,1.3297300000,1.3174700000,1.3212300000,32938,OTHER,false
2024-09-19T00:00:00Z,1.3199000000,1.3217500000,1.3167500000,1.3170400000,7478,OTHER,false
2024-09-19T04:00:00Z,1.3170400000,1.3213100000,1.3152800000,1.3208400000,11042,OTHER,false
2024-09-19T08:00:00Z,1.3208500000,1.3264400000,1.3207900000,1.3262800000,15982,LONDON,false
2024-09-19T12:00:00Z,1.3262700000,1.3313500000,1.3239400000,1.3239400000,19304,OTHER,false
2024-09-19T16:00:00Z,1.3239300000,1.3288700000,1.3219200000,1.3280600000,22242,OTHER,false
2024-09-19T20:00:00Z,1.3280600000,1.3288700000,1.3273200000,1.3283700000,12566,OTHER,false
2024-09-20T00:00:00Z,1.3270900000,1.3283700000,1.3270800000,1.3276900000,4022,OTHER,false
2024-09-20T04:00:00Z,1.3277000000,1.3301100000,1.3273900000,1.3292000000,6883,OTHER,false
2024-09-20T08:00:00Z,1.3292100000,1.3339800000,1.3286500000,1.3300200000,15526,LONDON,false
2024-09-20T12:00:00Z,1.3300400000,1.3322400000,1.3280100000,1.3320200000,11596,OTHER,false
2024-09-20T16:00:00Z,1.3320000000,1.3331000000,1.3267200000,1.3325500000,22295,OTHER,false
2024-09-20T20:00:00Z,1.3325400000,1.3326500000,1.3305700000,1.3318600000,14033,OTHER,false
2024-09-23T00:00:00Z,1.3305000000,1.3322400000,1.3305000000,1.3310400000,3887,OTHER,false
2024-09-23T04:00:00Z,1.3310400000,1.3319300000,1.3306300000,1.3315500000,5254,OTHER,false
2024-09-23T08:00:00Z,1.3315500000,1.3319700000,1.3247700000,1.3270900000,14808,LONDON,false
2024-09-23T12:00:00Z,1.3271000000,1.3328700000,1.3270600000,1.3326600000,13165,OTHER,false
2024-09-23T16:00:00Z,1.3326700000,1.3358700000,1.3312200000,1.3342700000,20164,OTHER,false
2024-09-23T20:00:00Z,1.3342800000,1.3353700000,1.3336500000,1.3347900000,10580,OTHER,false
2024-09-24T00:00:00Z,1.3337600000,1.3353600000,1.3333900000,1.3343700000,3931,OTHER,false
2024-09-24T04:00:00Z,1.3343600000,1.3357700000,1.3339600000,1.3357400000,7997,OTHER,false
2024-09-24T08:00:00Z,1.3357400000,1.3380600000,1.3331100000,1.3376200000,15390,LONDON,false
2024-09-24T12:00:00Z,1.3376300000,1.3389400000,1.3358200000,1.3386000000,12940,OTHER,false
2024-09-24T16:00:00Z,1.3386400000,1.3398400000,1.3367200000,1.3389800000,18281,OTHER,false
2024-09-24T20:00:00Z,1.3389700000,1.3415000000,1.3386800000,1.3412700000,10016,OTHER,false
2024-09-25T00:00:00Z,1.3409600000,1.3429200000,1.3409000000,1.3422900000,3891,OTHER,false
2024-09-25T04:00:00Z,1.3423000000,1.3424100000,1.3409900000,1.3416800000,7359,OTHER,false
2024-09-25T08:00:00Z,1.3416800000,1.3417900000,1.3374900000,1.3378800000,13716,LONDON,false
2024-09-25T12:00:00Z,1.3378800000,1.3395800000,1.3363300000,1.3394900000,14471,OTHER,false
2024-09-25T16:00:00Z,1.3395000000,1.3411900000,1.3326800000,1.3332100000,21667,OTHER,false
2024-09-25T20:00:00Z,1.3332100000,1.3332300000,1.3311900000,1.3321100000,14581,OTHER,false
2024-09-26T00:00:00Z,1.3317000000,1.3328100000,1.3311900000,1.3327200000,4649,OTHER,false
2024-09-26T04:00:00Z,1.3327200000,1.3342200000,1.3320300000,1.3338900000,6736,OTHER,false
2024-09-26T08:00:00Z,1.3338800000,1.3357400000,1.3333500000,1.3350500000,13889,LONDON,false
2024-09-26T12:00:00Z,1.3350600000,1.3388600000,1.3348400000,1.3371600000,16588,OTHER,false
2024-09-26T16:00:00Z,1.3371700000,1.3433600000,1.3350100000,1.3409000000,25824,OTHER,false
2024-09-26T20:00:00Z,1.3408900000,1.3424800000,1.3407800000,1.3414500000,13445,OTHER,false
2024-09-27T00:00:00Z,1.3406600000,1.3415400000,1.3396800000,1.3397900000,4143,OTHER,false
2024-09-27T04:00:00Z,1.3397900000,1.3401100000,1.3379800000,1.3384700000,7557,OTHER,false
2024-09-27T08:00:00Z,1.3384800000,1.3396400000,1.3359200000,1.3373500000,18257,LONDON,false
2024-09-27T12:00:00Z,1.3373500000,1.3425700000,1.3369900000,1.3423800000,15377,OTHER,false
2024-09-27T16:00:00Z,1.3424000000,1.3426900000,1.3379100000,1.3382800000,22182,OTHER,false
2024-09-27T20:00:00Z,1.3382800000,1.3387800000,1.3368900000,1.3370800000,14118,OTHER,false
2024-09-30T00:00:00Z,1.3361900000,1.3383900000,1.3361900000,1.3382100000,4314,OTHER,false
2024-09-30T04:00:00Z,1.3382200000,1.3389000000,1.3372900000,1.3387500000,6682,OTHER,false
2024-09-30T08:00:00Z,1.3387800000,1.3422500000,1.3373700000,1.3417800000,13590,LONDON,false
2024-09-30T12:00:00Z,1.3417300000,1.3417400000,1.3380600000,1.3385700000,11687,OTHER,false
2024-09-30T16:00:00Z,1.3385800000,1.3416600000,1.3359400000,1.3401400000,20899,OTHER,false
2024-09-30T20:00:00Z,1.3401400000,1.3407600000,1.3349200000,1.3375400000,15854,OTHER,false
2024-10-01T00:00:00Z,1.3366000000,1.3381900000,1.3364400000,1.3374500000,5098,OTHER,false
2024-10-01T04:00:00Z,1.3374500000,1.3389000000,1.3367800000,1.3379800000,7258,OTHER,false
2024-10-01T08:00:00Z,1.3379800000,1.3384300000,1.3325500000,1.3331000000,16004,LONDON,false
2024-10-01T12:00:00Z,1.3330900000,1.3338000000,1.3310500000,1.3317800000,15847,OTHER,false
2024-10-01T16:00:00Z,1.3317600000,1.3327000000,1.3245200000,1.3254000000,27690,OTHER,false
2024-10-01T20:00:00Z,1.3254300000,1.3289700000,1.3236700000,1.3283300000,18101,OTHER,false
2024-10-02T00:00:00Z,1.3282200000,1.3285900000,1.3271400000,1.3276200000,3926,OTHER,false
2024-10-02T04:00:00Z,1.3276100000,1.3295400000,1.3267000000,1.3268900000,7876,OTHER,false
2024-10-02T08:00:00Z,1.3268700000,1.3305000000,1.3259900000,1.3296200000,14840,LONDON,false
2024-10-02T12:00:00Z,1.3296100000,1.3297100000,1.3272600000,1.3272600000,14921,OTHER,false
2024-10-02T16:00:00Z,1.3272700000,1.3282800000,1.3245200000,1.3270500000,20016,OTHER,false
2024-10-02T20:00:00Z,1.3270600000,1.3274500000,1.3257700000,1.3266300000,10895,OTHER,false
2024-10-03T00:00:00Z,1.3258800000,1.3269900000,1.3251100000,1.3260900000,5719,OTHER,false
2024-10-03T04:00:00Z,1.3260900000,1.3262400000,1.3242600000,1.3243600000,8927,OTHER,false
2024-10-03T08:00:00Z,1.3243600000,1.3245700000,1.3104900000,1.3115700000,21515,LONDON,false
2024-10-03T12:00:00Z,1.3115700000,1.3128100000,1.3092000000,1.3113300000,18433,OTHER,false
2024-10-03T16:00:00Z,1.3112900000,1.3131100000,1.3091500000,1.3124600000,25587,OTHER,false
2024-10-03T20:00:00Z,1.3124800000,1.3131200000,1.3111900000,1.3122200000,11238,OTHER,false
2024-10-04T00:00:00Z,1.3113400000,1.3133300000,1.3112500000,1.3130200000,3935,OTHER,false
2024-10-04T04:00:00Z,1.3130300000,1.3135300000,1.3122500000,1.3126900000,8520,OTHER,false
2024-10-04T08:00:00Z,1.3126900000,1.3166800000,1.3126200000,1.3156000000,14441,LONDON,false
2024-10-04T12:00:00Z,1.3156000000,1.3174300000,1.3074800000,1.3078400000,16165,OTHER,false
2024-10-04T16:00:00Z,1.3078300000,1.3118700000,1.3069100000,1.3114700000,25476,OTHER,false
2024-10-04T20:00:00Z,1.3114600000,1.3128900000,1.3113900000,1.3117400000,11633,OTHER,false
2024-10-07T00:00:00Z,1.3113900000,1.3127500000,1.3107400000,1.3121700000,6396,OTHER,false
2024-10-07T04:00:00Z,1.3121600000,1.3133900000,1.3116400000,1.3116400000,8610,OTHER,false
2024-10-07T08:00:00Z,1.3116200000,1.3121900000,1.3085700000,1.3088200000,15827,LONDON,false
2024-10-07T12:00:00Z,1.3087800000,1.3089200000,1.3058700000,1.3078100000,16671,OTHER,false
2024-10-07T16:00:00Z,1.3077600000,1.3093500000,1.3067800000,1.3089200000,19580,OTHER,false
2024-10-07T20:00:00Z,1.3089100000,1.3096100000,1.3068400000,1.3081400000,10594,OTHER,false
2024-10-08T00:00:00Z,1.3072300000,1.3099600000,1.3071600000,1.3099500000,4625,OTHER,false
2024-10-08T04:00:00Z,1.3099400000,1.3103100000,1.3084100000,1.3089300000,11607,OTHER,false
2024-10-08T08:00:00Z,1.3089300000,1.3103400000,1.3063700000,1.3099100000,16107,LONDON,false
2024-10-08T12:00:00Z,1.3098900000,1.3112800000,1.3089500000,1.3100300000,12976,OTHER,false
2024-10-08T16:00:00Z,1.3100200000,1.3111600000,1.3080300000,1.3087600000,17031,OTHER,false
2024-10-08T20:00:00Z,1.3087400000,1.3104700000,1.3075300000,1.3103700000,11961,OTHER,false
2024-10-09T00:00:00Z,1.3086500000,1.3104100000,1.3086200000,1.3099400000,3115,OTHER,false
2024-10-09T04:00:00Z,1.3099300000,1.3101400000,1.3080700000,1.3083500000,10471,OTHER,false
2024-10-09T08:00:00Z,1.3083500000,1.3101100000,1.3055000000,1.3077000000,16437,LONDON,false
2024-10-09T12:00:00Z,1.3077200000,1.3094900000,1.3075700000,1.3082000000,11356,OTHER,false
2024-10-09T16:00:00Z,1.3082000000,1.3088300000,1.3064800000,1.3067700000,15175,OTHER,false
2024-10-09T20:00:00Z,1.3067900000,1.3075400000,1.3059300000,1.3073500000,9101,OTHER,false
2024-10-10T00:00:00Z,1.3062700000,1.3072000000,1.3061900000,1.3068200000,4386,OTHER,false
2024-10-10T04:00:00Z,1.3068000000,1.3077400000,1.3066400000,1.3071500000,8441,OTHER,false
2024-10-10T08:00:00Z,1.3071500000,1.3088300000,1.3067000000,1.3073500000,11643,LONDON,false
2024-10-10T12:00:00Z,1.3073600000,1.3093000000,1.3020700000,1.3075200000,15157,OTHER,false
2024-10-10T16:00:00Z,1.3075600000,1.3084200000,1.3024600000,1.3034600000,23418,OTHER,false
2024-10-10T20:00:00Z,1.3034600000,1.3063800000,1.3021200000,1.3058300000,10966,OTHER,false
2024-10-11T00:00:00Z,1.3045100000,1.3063400000,1.3044300000,1.3063400000,4565,OTHER,false
2024-10-11T04:00:00Z,1.3063700000,1.3066200000,1.3047800000,1.3048900000,5483,OTHER,false
2024-10-11T08:00:00Z,1.3048900000,1.3080800000,1.3041100000,1.3072800000,9416,LONDON,false
2024-10-11T12:00:00Z,1.3071800000,1.3081300000,1.3051100000,1.3064200000,11124,OTHER,false
2024-10-11T16:00:00Z,1.3064400000,1.3082600000,1.3056200000,1.3071800000,14779,OTHER,false
2024-10-11T20:00:00Z,1.3071800000,1.3077500000,1.3062100000,1.3068100000,5499,OTHER,false
2024-10-14T00:00:00Z,1.3058100000,1.3066200000,1.3040100000,1.3050500000,4354,OTHER,false
2024-10-14T04:00:00Z,1.3050400000,1.3062200000,1.3041900000,1.3058500000,8350,OTHER,false
2024-10-14T08:00:00Z,1.3058400000,1.3071300000,1.3055300000,1.3065800000,9866,LONDON,false
2024-10-14T12:00:00Z,1.3065700000,1.3067000000,1.3030300000,1.3033400000,10129,OTHER,false
2024-10-14T16:00:00Z,1.3033400000,1.3059600000,1.3029400000,1.3051000000,13479,OTHER,false
2024-10-14T20:00:00Z,1.3051000000,1.3060900000,1.3040900000,1.3058900000,6854,OTHER,false
2024-10-15T00:00:00Z,1.3047400000,1.3066900000,1.3045300000,1.3065300000,3475,OTHER,false
2024-10-15T04:00:00Z,1.3065100000,1.3068300000,1.3047000000,1.3049400000,7016,OTHER,false
2024-10-15T08:00:00Z,1.3049300000,1.3085900000,1.3034700000,1.3075800000,13646,LONDON,false
2024-10-15T12:00:00Z,1.3075900000,1.3096300000,1.3067700000,1.3087700000,11367,OTHER,false
2024-10-15T16:00:00Z,1.3087600000,1.3102300000,1.3067800000,1.3068900000,16662,OTHER,false
2024-10-15T20:00:00Z,1.3069100000,1.3074300000,1.3059900000,1.3073900000,8092,OTHER,false
2024-10-16T00:00:00Z,1.3071200000,1.3073600000,1.3059200000,1.3064000000,4675,OTHER,false
2024-10-16T04:00:00Z,1.3064000000,1.3076600000,1.3062800000,1.3073200000,7165,OTHER,false
2024-10-16T08:00:00Z,1.3073200000,1.3076100000,1.2981800000,1.3003100000,16896,LONDON,false
2024-10-16T12:00:00Z,1.3003200000,1.3037100000,1.3000100000,1.3014500000,12243,OTHER,false
2024-10-16T16:00:00Z,1.3014500000,1.3030500000,1.2994100000,1.3003700000,13709,OTHER,false
2024-10-16T20:00:00Z,1.3003900000,1.3005000000,1.2976100000,1.2988600000,6486,OTHER,false
2024-10-17T00:00:00Z,1.2981100000,1.2996200000,1.2978200000,1.2986800000,4836,OTHER,false
2024-10-17T04:00:00Z,1.2986600000,1.3000700000,1.2979700000,1.2983100000,8995,OTHER,false
2024-10-17T08:00:00Z,1.2983200000,1.2995600000,1.2973100000,1.2977200000,11336,LONDON,false
2024-10-17T12:00:00Z,1.2977300000,1.3022700000,1.2975300000,1.3008000000,13502,OTHER,false
2024-10-17T16:00:00Z,1.3008000000,1.3018300000,1.2978900000,1.3009900000,20622,OTHER,false
2024-10-17T20:00:00Z,1.3009900000,1.3014600000,1.3003900000,1.3011100000,7821,OTHER,false
2024-10-18T00:00:00Z,1.3001900000,1.3018800000,1.3001400000,1.3013200000,4230,OTHER,false
2024-10-18T04:00:00Z,1.3013200000,1.3025800000,1.3013200000,1.3021000000,7907,OTHER,false
2024-10-18T08:00:00Z,1.3021200000,1.3070400000,1.3019300000,1.3040600000,13098,LONDON,false
2024-10-18T12:00:00Z,1.3040600000,1.3054100000,1.3033500000,1.3048200000,11212,OTHER,false
2024-10-18T16:00:00Z,1.3048200000,1.3066200000,1.3019400000,1.3043500000,13453,OTHER,false
2024-10-18T20:00:00Z,1.3043500000,1.3050000000,1.3037600000,1.3048400000,8372,OTHER,false
2024-10-21T00:00:00Z,1.3040700000,1.3057400000,1.3039600000,1.3042300000,4778,OTHER,false
2024-10-21T04:00:00Z,1.3042000000,1.3052400000,1.3038000000,1.3039700000,7782,OTHER,false
2024-10-21T08:00:00Z,1.3039800000,1.3044200000,1.3011500000,1.3025600000,9937,LONDON,false
2024-10-21T12:00:00Z,1.3025700000,1.3033100000,1.3012700000,1.3028700000,10693,OTHER,false
2024-10-21T16:00:00Z,1.3028700000,1.3031400000,1.2977900000,1.2986400000,13313,OTHER,false
2024-10-21T20:00:00Z,1.2986400000,1.2990800000,1.2976200000,1.2983600000,7787,OTHER,false
2024-10-22T00:00:00Z,1.2979100000,1.2987200000,1.2975900000,1.2979900000,4111,OTHER,false
2024-10-22T04:00:00Z,1.2980000000,1.2999300000,1.2979700000,1.2999000000,8510,OTHER,false
2024-10-22T08:00:00Z,1.2999000000,1.3014500000,1.2985600000,1.2988400000,10692,LONDON,false
2024-10-22T12:00:00Z,1.2988300000,1.2991700000,1.2955100000,1.2955400000,10911,OTHER,false
2024-10-22T16:00:00Z,1.2955200000,1.2982200000,1.2944000000,1.2974100000,15013,OTHER,false
2024-10-22T20:00:00Z,1.2974200000,1.2985200000,1.2972200000,1.2984900000,7326,OTHER,false
2024-10-23T00:00:00Z,1.2972500000,1.2987800000,1.2964700000,1.2976100000,4590,OTHER,false
2024-10-23T04:00:00Z,1.2976200000,1.2991100000,1.2970800000,1.2988200000,8806,OTHER,false
2024-10-23T08:00:00Z,1.2988200000,1.2994300000,1.2961500000,1.2983700000,10487,LONDON,false
2024-10-23T12:00:00Z,1.2983600000,1.2986700000,1.2944500000,1.2952400000,10298,OTHER,false
2024-10-23T16:00:00Z,1.2952300000,1.2961000000,1.2921800000,1.2927900000,13512,OTHER,false
2024-10-23T20:00:00Z,1.2927900000,1.2933400000,1.2906700000,1.2920200000,8686,OTHER,false
2024-10-24T00:00:00Z,1.2913900000,1.2926300000,1.2908100000,1.2925300000,4221,OTHER,false
2024-10-24T04:00:00Z,1.2925300000,1.2929900000,1.2917400000,1.2929600000,6931,OTHER,false
2024-10-24T08:00:00Z,1.2929700000,1.2972100000,1.2925300000,1.2960500000,13280,LONDON,false
2024-10-24T12:00:00Z,1.2960400000,1.2981800000,1.2954100000,1.2973600000,12197,OTHER,false
2024-10-24T16:00:00Z,1.2973600000,1.2987300000,1.2947400000,1.2958900000,14970,OTHER,false
2024-10-24T20:00:00Z,1.2958900000,1.2977200000,1.2958100000,1.2976500000,7739,OTHER,false
2024-10-25T00:00:00Z,1.2964800000,1.2975900000,1.2955300000,1.2967900000,4252,OTHER,false
2024-10-25T04:00:00Z,1.2967900000,1.2972400000,1.2959300000,1.2963800000,7100,OTHER,false
2024-10-25T08:00:00Z,1.2963900000,1.2979100000,1.2955100000,1.2975100000,10465,LONDON,false
2024-10-25T12:00:00Z,1.2975200000,1.2996100000,1.2973500000,1.2991400000,8120,OTHER,false
2024-10-25T16:00:00Z,1.2991400000,1.2997800000,1.2971000000,1.2975900000,13041,OTHER,false
2024-10-25T20:00:00Z,1.2976000000,1.2976800000,1.2957700000,1.2960600000,9570,OTHER,false
2024-10-28T00:00:00Z,1.2970200000,1.2970200000,1.2952100000,1.2952500000,5706,OTHER,false
2024-10-28T04:00:00Z,1.2952200000,1.2958500000,1.2940900000,1.2945900000,8290,OTHER,false
2024-10-28T08:00:00Z,1.2945900000,1.2977400000,1.2939100000,1.2975100000,9552,LONDON,false
2024-10-28T12:00:00Z,1.2975300000,1.2996500000,1.2965500000,1.2987300000,10451,OTHER,false
2024-10-28T16:00:00Z,1.2987200000,1.3000800000,1.2977700000,1.2979100000,12906,OTHER,false
2024-10-28T20:00:00Z,1.2979100000,1.2981800000,1.2967300000,1.2969500000,7799,OTHER,false
2024-10-29T00:00:00Z,1.2967300000,1.2976500000,1.2962800000,1.2971800000,3478,OTHER,false
2024-10-29T04:00:00Z,1.2971700000,1.2974200000,1.2957300000,1.2960800000,8251,OTHER,false
2024-10-29T08:00:00Z,1.2961000000,1.2989200000,1.2960000000,1.2983600000,9704,LONDON,false
2024-10-29T12:00:00Z,1.2983600000,1.2992000000,1.2968700000,1.2977000000,11131,OTHER,false
2024-10-29T16:00:00Z,1.2977100000,1.3011100000,1.2966500000,1.2998600000,19769,OTHER,false
2024-10-29T20:00:00Z,1.2998800000,1.3014300000,1.2992000000,1.3013200000,9629,OTHER,false
2024-10-30T00:00:00Z,1.3013400000,1.3016500000,1.3003200000,1.3012700000,4696,OTHER,false
2024-10-30T04:00:00Z,1.3012700000,1.3019700000,1.2995600000,1.2998000000,7580,OTHER,false
2024-10-30T08:00:00Z,1.2998000000,1.3024200000,1.2995400000,1.3017100000,11023,LONDON,false
2024-10-30T12:00:00Z,1.3017200000,1.3026300000,1.2936100000,1.2948700000,16616,OTHER,false
2024-10-30T16:00:00Z,1.2948800000,1.3042500000,1.2946000000,1.2997700000,22697,OTHER,false
2024-10-30T20:00:00Z,1.2997700000,1.2999200000,1.2959200000,1.2959500000,11107,OTHER,false
2024-10-31T00:00:00Z,1.2959900000,1.2964000000,1.2948300000,1.2948800000,4851,OTHER,false
2024-10-31T04:00:00Z,1.2948800000,1.2958500000,1.2942000000,1.2949400000,8363,OTHER,false
2024-10-31T08:00:00Z,1.2949100000,1.2998700000,1.2947200000,1.2979600000,11462,LONDON,false
2024-10-31T12:00:00Z,1.2979700000,1.2998900000,1.2957300000,1.2977500000,14932,OTHER,false
2024-10-31T16:00:00Z,1.2977800000,1.2997300000,1.2843000000,1.2863200000,27200,OTHER,false
2024-10-31T20:00:00Z,1.2863200000,1.2899000000,1.2854700000,1.2898600000,12700,OTHER,false
2024-11-01T00:00:00Z,1.2899700000,1.2902300000,1.2888200000,1.2894500000,3946,OTHER,false
2024-11-01T04:00:00Z,1.2894400000,1.2901700000,1.2888000000,1.2897200000,7862,OTHER,false
2024-11-01T08:00:00Z,1.2897400000,1.2917700000,1.2883800000,1.2903400000,9884,LONDON,false
2024-11-01T12:00:00Z,1.2903800000,1.2966600000,1.2903500000,1.2953000000,14765,OTHER,false
2024-11-01T16:00:00Z,1.2953000000,1.2979800000,1.2943200000,1.2955700000,29208,OTHER,false
2024-11-01T20:00:00Z,1.2955700000,1.2956800000,1.2915400000,1.2919000000,15870,OTHER,false
2024-11-04T00:00:00Z,1.2967500000,1.2978700000,1.2949200000,1.2974500000,7741,OTHER,false
2024-11-04T04:00:00Z,1.2974400000,1.2998400000,1.2971300000,1.2992100000,8888,OTHER,false
2024-11-04T08:00:00Z,1.2992100000,1.2995500000,1.2944700000,1.2971000000,12796,LONDON,false
2024-11-04T12:00:00Z,1.2971000000,1.2982300000,1.2950700000,1.2969000000,12593,OTHER,false
2024-11-04T16:00:00Z,1.2969400000,1.2992700000,1.2933500000,1.2955700000,18363,OTHER,false
2024-11-04T20:00:00Z,1.2955700000,1.2961000000,1.2941100000,1.2955900000,9326,OTHER,false
2024-11-05T00:00:00Z,1.2947500000,1.2958600000,1.2947300000,1.2955000000,5101,OTHER,false
2024-11-05T04:00:00Z,1.2955000000,1.2962900000,1.2952200000,1.2959400000,7460,OTHER,false
2024-11-05T08:00:00Z,1.2959000000,1.2984100000,1.2957000000,1.2981300000,8331,LONDON,false
2024-11-05T12:00:00Z,1.2981400000,1.2993900000,1.2978400000,1.2982300000,9450,OTHER,false
2024-11-05T16:00:00Z,1.2982300000,1.3034000000,1.2980600000,1.3032800000,16948,OTHER,false
2024-11-05T20:00:00Z,1.3032900000,1.3041900000,1.3015500000,1.3041500000,8297,OTHER,false
2024-11-06T00:00:00Z,1.3033000000,1.3047200000,1.2948200000,1.2966200000,18834,OTHER,false
2024-11-06T04:00:00Z,1.2966000000,1.2968900000,1.2862400000,1.2887800000,33024,OTHER,false
2024-11-06T08:00:00Z,1.2888000000,1.2922900000,1.2845700000,1.2900500000,30373,LONDON,false
2024-11-06T12:00:00Z,1.2900100000,1.2908900000,1.2840400000,1.2864000000,26012,OTHER,false
2024-11-06T16:00:00Z,1.2864100000,1.2908200000,1.2833400000,1.2889000000,28936,OTHER,false
2024-11-06T20:00:00Z,1.2889000000,1.2919000000,1.2878400000,1.2878700000,14514,OTHER,false
2024-11-07T00:00:00Z,1.2868700000,1.2891300000,1.2868600000,1.2888800000,6732,OTHER,false
2024-11-07T04:00:00Z,1.2888800000,1.2933700000,1.2888300000,1.2930100000,7560,OTHER,false
2024-11-07T08:00:00Z,1.2930000000,1.2946600000,1.2906800000,1.2907000000,16226,LONDON,false
2024-11-07T12:00:00Z,1.2907000000,1.2974400000,1.2893800000,1.2971600000,20413,OTHER,false
2024-11-07T16:00:00Z,1.2971600000,1.3008800000,1.2963900000,1.2989300000,21962,OTHER,false
2024-11-07T20:00:00Z,1.2989300000,1.2991000000,1.2947800000,1.2982900000,20535,OTHER,false
2024-11-08T00:00:00Z,1.2982400000,1.2988400000,1.2963900000,1.2972700000,6260,OTHER,false
2024-11-08T04:00:00Z,1.2972700000,1.2975900000,1.2961300000,1.2969200000,8134,OTHER,false
2024-11-08T08:00:00Z,1.2969200000,1.2973800000,1.2934700000,1.2959500000,17278,LONDON,false
2024-11-08T12:00:00Z,1.2959600000,1.2976000000,1.2927200000,1.2940900000,15373,OTHER,false
2024-11-08T16:00:00Z,1.2940900000,1.2947800000,1.2883100000,1.2896500000,22036,OTHER,false
2024-11-08T20:00:00Z,1.2896500000,1.2924500000,1.2895600000,1.2916100000,11380,OTHER,false
2024-11-11T00:00:00Z,1.2907400000,1.2925200000,1.2889600000,1.2917400000,7289,OTHER,false
2024-11-11T04:00:00Z,1.2917500000,1.2922800000,1.2900400000,1.2914600000,6635,OTHER,false
2024-11-11T08:00:00Z,1.2914600000,1.2921600000,1.2882500000,1.2899800000,13414,LONDON,false
2024-11-11T12:00:00Z,1.2899500000,1.2906200000,1.2855500000,1.2866400000,13626,OTHER,false
2024-11-11T16:00:00Z,1.2866500000,1.2877400000,1.2857200000,1.2863700000,14420,OTHER,false
2024-11-11T20:00:00Z,1.2863500000,1.2868000000,1.2856500000,1.2865700000,7446,OTHER,false
2024-11-12T00:00:00Z,1.2865500000,1.2872800000,1.2857100000,1.2860700000,6292,OTHER,false
2024-11-12T04:00:00Z,1.2860700000,1.2860700000,1.2829600000,1.2832400000,10648,OTHER,false
2024-11-12T08:00:00Z,1.2832200000,1.2832200000,1.2791700000,1.2823100000,17613,LONDON,false
2024-11-12T12:00:00Z,1.2823100000,1.2830900000,1.2804000000,1.2809500000,16029,OTHER,false
2024-11-12T16:00:00Z,1.2809600000,1.2810600000,1.2718500000,1.2732800000,21686,OTHER,false
2024-11-12T20:00:00Z,1.2733000000,1.2750300000,1.2731900000,1.2747900000,10613,OTHER,false
2024-11-13T00:00:00Z,1.2739200000,1.2752800000,1.2730400000,1.2749400000,7032,OTHER,false
2024-11-13T04:00:00Z,1.2749500000,1.2754100000,1.2736800000,1.2742600000,7749,OTHER,false
2024-11-13T08:00:00Z,1.2742700000,1.2755100000,1.2729100000,1.2750800000,13143,LONDON,false
2024-11-13T12:00:00Z,1.2750800000,1.2768500000,1.2735700000,1.2753900000,16527,OTHER,false
2024-11-13T16:00:00Z,1.2753800000,1.2756100000,1.2685800000,1.2709400000,27543,OTHER,false
2024-11-13T20:00:00Z,1.2709500000,1.2719600000,1.2699400000,1.2704900000,11220,OTHER,false
2024-11-14T00:00:00Z,1.2696400000,1.2710700000,1.2691200000,1.2693500000,8547,OTHER,false
2024-11-14T04:00:00Z,1.2693500000,1.2693600000,1.2672300000,1.2686800000,10917,OTHER,false
2024-11-14T08:00:00Z,1.2686800000,1.2694800000,1.2654700000,1.2656200000,15301,LONDON,false
2024-11-14T12:00:00Z,1.2656300000,1.2679000000,1.2629300000,1.2656500000,19767,OTHER,false
2024-11-14T16:00:00Z,1.2656300000,1.2719500000,1.2655600000,1.2702900000,23737,OTHER,false
2024-11-14T20:00:00Z,1.2703200000,1.2704400000,1.2646700000,1.2662600000,16225,OTHER,false
2024-11-15T00:00:00Z,1.2657600000,1.2671500000,1.2655800000,1.2664400000,9784,OTHER,false
2024-11-15T04:00:00Z,1.2664500000,1.2682000000,1.2664500000,1.2674200000,11354,OTHER,false
2024-11-15T08:00:00Z,1.2674200000,1.2689900000,1.2648100000,1.2651800000,16159,LONDON,false
2024-11-15T12:00:00Z,1.2651600000,1.2696400000,1.2639900000,1.2649700000,16948,OTHER,false
2024-11-15T16:00:00Z,1.2649700000,1.2653900000,1.2613700000,1.2626600000,26799,OTHER,false
2024-11-15T20:00:00Z,1.2626700000,1.2631400000,1.2596500000,1.2614700000,13552,OTHER,false
2024-11-18T00:00:00Z,1.2616800000,1.2641900000,1.2604500000,1.2634700000,11326,OTHER,false
2024-11-18T04:00:00Z,1.2634700000,1.2639600000,1.2619900000,1.2629400000,11189,OTHER,false
2024-11-18T08:00:00Z,1.2629300000,1.2640200000,1.2612600000,1.2629100000,15366,LONDON,false
2024-11-18T12:00:00Z,1.2629100000,1.2631700000,1.2613200000,1.2624600000,14577,OTHER,false
2024-11-18T16:00:00Z,1.2624600000,1.2668000000,1.2618100000,1.2665100000,17089,OTHER,false
2024-11-18T20:00:00Z,1.2665100000,1.2686000000,1.2663900000,1.2673500000,9643,OTHER,false
2024-11-19T00:00:00Z,1.2669200000,1.2678400000,1.2665000000,1.2676300000,7660,OTHER,false
2024-11-19T04:00:00Z,1.2676400000,1.2688800000,1.2666600000,1.2668600000,10294,OTHER,false
2024-11-19T08:00:00Z,1.2668600000,1.2679300000,1.2612600000,1.2627000000,19745,LONDON,false
2024-11-19T12:00:00Z,1.2627000000,1.2652800000,1.2624500000,1.2635100000,18252,OTHER,false
2024-11-19T16:00:00Z,1.2635000000,1.2681800000,1.2627100000,1.2670500000,21508,OTHER,false
2024-11-19T20:00:00Z,1.2670500000,1.2684600000,1.2660900000,1.2678300000,9632,OTHER,false
2024-11-20T00:00:00Z,1.2675100000,1.2694900000,1.2672500000,1.2689000000,7794,OTHER,false
2024-11-20T04:00:00Z,1.2689200000,1.2693200000,1.2679100000,1.2683200000,8853,OTHER,false
2024-11-20T08:00:00Z,1.2683200000,1.2714100000,1.2663400000,1.2668700000,16443,LONDON,false
2024-11-20T12:00:00Z,1.2668700000,1.2674800000,1.2648200000,1.2673300000,15117,OTHER,false
2024-11-20T16:00:00Z,1.2673300000,1.2674300000,1.2630300000,1.2653500000,19381,OTHER,false
2024-11-20T20:00:00Z,1.2653500000,1.2654500000,1.2640800000,1.2649300000,9820,OTHER,false
2024-11-21T00:00:00Z,1.2645300000,1.2658600000,1.2645300000,1.2654300000,6811,OTHER,false
2024-11-21T04:00:00Z,1.2654200000,1.2659700000,1.2648700000,1.2649400000,8852,OTHER,false
2024-11-21T08:00:00Z,1.2649600000,1.2657300000,1.2622400000,1.2631800000,17740,LONDON,false
2024-11-21T12:00:00Z,1.2631800000,1.2657100000,1.2625000000,1.2647000000,15672,OTHER,false
2024-11-21T16:00:00Z,1.2647200000,1.2652000000,1.2575600000,1.2599500000,24212,OTHER,false
2024-11-21T20:00:00Z,1.2599500000,1.2604900000,1.2583000000,1.2585000000,9840,OTHER,false
2024-11-22T00:00:00Z,1.2589100000,1.2593700000,1.2582600000,1.2587400000,8060,OTHER,false
2024-11-22T04:00:00Z,1.2587500000,1.2593400000,1.2565700000,1.2568000000,10826,OTHER,false
2024-11-22T08:00:00Z,1.2568000000,1.2581100000,1.2492100000,1.2511400000,23174,LONDON,false
2024-11-22T12:00:00Z,1.2511300000,1.2539900000,1.2486600000,1.2519800000,19572,OTHER,false
2024-11-22T16:00:00Z,1.2519900000,1.2537200000,1.2506500000,1.2529700000,21924,OTHER,false
2024-11-22T20:00:00Z,1.2529700000,1.2534700000,1.2521400000,1.2530100000,9842,OTHER,false
2024-11-25T00:00:00Z,1.2588700000,1.2604600000,1.2564500000,1.2593300000,11267,OTHER,false
2024-11-25T04:00:00Z,1.2593300000,1.2606500000,1.2588200000,1.2594000000,10932,OTHER,false
2024-11-25T08:00:00Z,1.2594000000,1.2604400000,1.2547800000,1.2573100000,17377,LONDON,false
2024-11-25T12:00:00Z,1.2573200000,1.2612800000,1.2551100000,1.2610900000,16956,OTHER,false
2024-11-25T16:00:00Z,1.2611000000,1.2612700000,1.2541000000,1.2553900000,21782,OTHER,false
2024-11-25T20:00:00Z,1.2553700000,1.2578000000,1.2553300000,1.2561800000,10199,OTHER,false
2024-11-26T00:00:00Z,1.2567400000,1.2572700000,1.2506400000,1.2526000000,17120,OTHER,false
2024-11-26T04:00:00Z,1.2526000000,1.2562200000,1.2523800000,1.2547700000,13468,OTHER,false
2024-11-26T08:00:00Z,1.2547800000,1.2577900000,1.2537200000,1.2571300000,18459,LONDON,false
2024-11-26T12:00:00Z,1.2571100000,1.2615900000,1.2570600000,1.2582000000,18081,OTHER,false
2024-11-26T16:00:00Z,1.2582000000,1.2587700000,1.2530600000,1.2536700000,22895,OTHER,false
2024-11-26T20:00:00Z,1.2536700000,1.2568200000,1.2524200000,1.2565000000,12474,OTHER,false
2024-11-27T00:00:00Z,1.2567300000,1.2579500000,1.2565000000,1.2574200000,11873,OTHER,false
2024-11-27T04:00:00Z,1.2574200000,1.2575100000,1.2565900000,1.2567400000,10872,OTHER,false
2024-11-27T08:00:00Z,1.2567400000,1.2615900000,1.2566500000,1.2603400000,17930,LONDON,false
2024-11-27T12:00:00Z,1.2603500000,1.2662300000,1.2597300000,1.2662000000,17362,OTHER,false
2024-11-27T16:00:00Z,1.2662100000,1.2694100000,1.2632600000,1.2674100000,24676,OTHER,false
2024-11-27T20:00:00Z,1.2674100000,1.2682000000,1.2669300000,1.2676700000,9583,OTHER,false
2024-11-28T00:00:00Z,1.2668800000,1.2682500000,1.2664500000,1.2672100000,8935,OTHER,false
2024-11-28T04:00:00Z,1.2672100000,1.2674700000,1.2658300000,1.2663500000,10728,OTHER,false
2024-11-28T08:00:00Z,1.2663400000,1.2667800000,1.2644500000,1.2650500000,15901,LONDON,false
2024-11-28T12:00:00Z,1.2650600000,1.2673600000,1.2646900000,1.2663400000,11906,OTHER,false
2024-11-28T16:00:00Z,1.2663400000,1.2689600000,1.2660500000,1.2687200000,10489,OTHER,false
2024-11-28T20:00:00Z,1.2687200000,1.2690500000,1.2682700000,1.2682700000,2950,OTHER,false
2024-11-29T00:00:00Z,1.2679800000,1.2711100000,1.2673200000,1.2701600000,9770,OTHER,false
2024-11-29T04:00:00Z,1.2701600000,1.2716400000,1.2700700000,1.2706000000,11590,OTHER,false
2024-11-29T08:00:00Z,1.2705900000,1.2749300000,1.2689400000,1.2692400000,16136,LONDON,false
2024-11-29T12:00:00Z,1.2692400000,1.2702300000,1.2676700000,1.2684800000,15482,OTHER,false
2024-11-29T16:00:00Z,1.2684800000,1.2723900000,1.2671300000,1.2723700000,20354,OTHER,false
2024-11-29T20:00:00Z,1.2723700000,1.2745300000,1.2722900000,1.2729300000,14027,OTHER,false
2024-12-02T00:00:00Z,1.2721900000,1.2732600000,1.2685600000,1.2689900000,12934,OTHER,false
2024-12-02T04:00:00Z,1.2689900000,1.2694000000,1.2679500000,1.2685700000,12810,OTHER,false
2024-12-02T08:00:00Z,1.2685700000,1.2708200000,1.2678100000,1.2702800000,19514,LONDON,false
2024-12-02T12:00:00Z,1.2702800000,1.2722100000,1.2661700000,1.2684200000,19030,OTHER,false
2024-12-02T16:00:00Z,1.2684200000,1.2691600000,1.2616600000,1.2643700000,24546,OTHER,false
2024-12-02T20:00:00Z,1.2643800000,1.2670100000,1.2640200000,1.2651700000,11679,OTHER,false
2024-12-03T00:00:00Z,1.2645800000,1.2659600000,1.2642000000,1.2645600000,8430,OTHER,false
2024-12-03T04:00:00Z,1.2645700000,1.2649700000,1.2637600000,1.2646700000,10774,OTHER,false
2024-12-03T08:00:00Z,1.2646600000,1.2696400000,1.2642200000,1.2676900000,16367,LONDON,false
2024-12-03T12:00:00Z,1.2676900000,1.2682700000,1.2642800000,1.2668900000,14530,OTHER,false
2024-12-03T16:00:00Z,1.2668900000,1.2692000000,1.2635900000,1.2691400000,22167,OTHER,false
2024-12-03T20:00:00Z,1.2691000000,1.2699200000,1.2665000000,1.2668700000,11718,OTHER,false
2024-12-04T00:00:00Z,1.2663900000,1.2677600000,1.2659300000,1.2666600000,7572,OTHER,false
2024-12-04T04:00:00Z,1.2666700000,1.2694500000,1.2651100000,1.2690400000,12339,OTHER,false
2024-12-04T08:00:00Z,1.2690400000,1.2701300000,1.2629200000,1.2675700000,17816,LONDON,false
2024-12-04T12:00:00Z,1.2675900000,1.2685200000,1.2660000000,1.2669900000,17482,OTHER,false
2024-12-04T16:00:00Z,1.2669900000,1.2720900000,1.2662000000,1.2716000000,22927,OTHER,false
2024-12-04T20:00:00Z,1.2716000000,1.2718700000,1.2686100000,1.2696100000,12426,OTHER,false
2024-12-05T00:00:00Z,1.2700200000,1.2707400000,1.2692100000,1.2696100000,6890,OTHER,false
2024-12-05T04:00:00Z,1.2696100000,1.2716100000,1.2693600000,1.2713700000,9425,OTHER,false
2024-12-05T08:00:00Z,1.2713700000,1.2739800000,1.2711500000,1.2721100000,12656,LONDON,false
2024-12-05T12:00:00Z,1.2721200000,1.2751200000,1.2713500000,1.2750800000,15614,OTHER,false
2024-12-05T16:00:00Z,1.2750900000,1.2770400000,1.2732700000,1.2745800000,20071,OTHER,false
2024-12-05T20:00:00Z,1.2745700000,1.2759200000,1.2731300000,1.2756900000,10089,OTHER,false
2024-12-06T00:00:00Z,1.2753200000,1.2761200000,1.2739000000,1.2743800000,8466,OTHER,false
2024-12-06T04:00:00Z,1.2744000000,1.2753400000,1.2741600000,1.2744200000,9261,OTHER,false
2024-12-06T08:00:00Z,1.2744200000,1.2773500000,1.2740500000,1.2758800000,12016,LONDON,false
2024-12-06T12:00:00Z,1.2759000000,1.2810500000,1.2749000000,1.2794100000,15196,OTHER,false
2024-12-06T16:00:00Z,1.2794200000,1.2798100000,1.2720600000,1.2727300000,24681,OTHER,false
2024-12-06T20:00:00Z,1.2727100000,1.2740900000,1.2723100000,1.2738600000,8320,OTHER,false
2024-12-09T00:00:00Z,1.2729900000,1.2749800000,1.2729900000,1.2738100000,7733,OTHER,false
2024-12-09T04:00:00Z,1.2738100000,1.2743200000,1.2716500000,1.2719300000,9419,OTHER,false
2024-12-09T08:00:00Z,1.2719400000,1.2778300000,1.2719400000,1.2768100000,14675,LONDON,false
2024-12-09T12:00:00Z,1.2768200000,1.2784000000,1.2750700000,1.2778000000,13234,OTHER,false
2024-12-09T16:00:00Z,1.2777800000,1.2798300000,1.2763000000,1.2769900000,15947,OTHER,false
2024-12-09T20:00:00Z,1.2769800000,1.2770900000,1.2742600000,1.2746900000,8333,OTHER,false
2024-12-10T00:00:00Z,1.2745200000,1.2750100000,1.2738500000,1.2746800000,7982,OTHER,false
2024-12-10T04:00:00Z,1.2746800000,1.2754200000,1.2734700000,1.2753700000,11408,OTHER,false
2024-12-10T08:00:00Z,1.2753700000,1.2762600000,1.2736200000,1.2753900000,13183,LONDON,false
2024-12-10T12:00:00Z,1.2753400000,1.2765200000,1.2743200000,1.2750100000,13589,OTHER,false
2024-12-10T16:00:00Z,1.2750300000,1.2762200000,1.2723400000,1.2745000000,17078,OTHER,false
2024-12-10T20:00:00Z,1.2745300000,1.2777500000,1.2744100000,1.2768300000,8468,OTHER,false
2024-12-11T00:00:00Z,1.2764100000,1.2779500000,1.2763900000,1.2777800000,7482,OTHER,false
2024-12-11T04:00:00Z,1.2777800000,1.2781200000,1.2762200000,1.2765200000,9244,OTHER,false
2024-12-11T08:00:00Z,1.2765200000,1.2771200000,1.2726800000,1.2729200000,15973,LONDON,false
2024-12-11T12:00:00Z,1.2729200000,1.2780900000,1.2712500000,1.2769800000,16998,OTHER,false
2024-12-11T16:00:00Z,1.2769000000,1.2775600000,1.2733400000,1.2742700000,21308,OTHER,false
2024-12-11T20:00:00Z,1.2742700000,1.2756800000,1.2732300000,1.2746500000,11147,OTHER,false
2024-12-12T00:00:00Z,1.2743400000,1.2771100000,1.2743400000,1.2767700000,8363,OTHER,false
2024-12-12T04:00:00Z,1.2767700000,1.2770100000,1.2760100000,1.2763900000,9273,OTHER,false
2024-12-12T08:00:00Z,1.2763600000,1.2787300000,1.2753900000,1.2758500000,14150,LONDON,false
2024-12-12T12:00:00Z,1.2758500000,1.2763900000,1.2718800000,1.2728400000,16838,OTHER,false
2024-12-12T16:00:00Z,1.2728400000,1.2736100000,1.2670300000,1.2702400000,25027,OTHER,false
2024-12-12T20:00:00Z,1.2702700000,1.2703300000,1.2664800000,1.2667900000,12357,OTHER,false
2024-12-13T00:00:00Z,1.2674300000,1.2678700000,1.2663400000,1.2665500000,8183,OTHER,false
2024-12-13T04:00:00Z,1.2665500000,1.2669100000,1.2656400000,1.2663400000,8997,OTHER,false
2024-12-13T08:00:00Z,1.2663300000,1.2664700000,1.2618200000,1.2639500000,14360,LONDON,false
2024-12-13T12:00:00Z,1.2639800000,1.2667900000,1.2633000000,1.2664300000,13936,OTHER,false
2024-12-13T16:00:00Z,1.2664400000,1.2665100000,1.2607700000,1.2620200000,17405,OTHER,false
2024-12-13T20:00:00Z,1.2620200000,1.2627600000,1.2612700000,1.2616600000,9161,OTHER,false
2024-12-16T00:00:00Z,1.2612100000,1.2635600000,1.2608500000,1.2634800000,7988,OTHER,false
2024-12-16T04:00:00Z,1.2634700000,1.2639000000,1.2628200000,1.2635600000,8448,OTHER,false
2024-12-16T08:00:00Z,1.2635600000,1.2670900000,1.2628900000,1.2653200000,12126,LONDON,false
2024-12-16T12:00:00Z,1.2653200000,1.2663800000,1.2641200000,1.2663300000,10956,OTHER,false
2024-12-16T16:00:00Z,1.2663300000,1.2697700000,1.2635600000,1.2681800000,17938,OTHER,false
2024-12-16T20:00:00Z,1.2681600000,1.2698400000,1.2676900000,1.2680100000,8438,OTHER,false
2024-12-17T00:00:00Z,1.2676600000,1.2697700000,1.2674200000,1.2689000000,7131,OTHER,false
2024-12-17T04:00:00Z,1.2688800000,1.2697100000,1.2671800000,1.2674100000,8532,OTHER,false
2024-12-17T08:00:00Z,1.2674100000,1.2706100000,1.2665400000,1.2686000000,14024,LONDON,false
2024-12-17T12:00:00Z,1.2686300000,1.2707600000,1.2670100000,1.2701800000,13900,OTHER,false
2024-12-17T16:00:00Z,1.2701800000,1.2728100000,1.2683600000,1.2719200000,17234,OTHER,false
2024-12-17T20:00:00Z,1.2719000000,1.2727800000,1.2702200000,1.2708900000,9419,OTHER,false
2024-12-18T00:00:00Z,1.2702300000,1.2713300000,1.2701000000,1.2710000000,6666,OTHER,false
2024-12-18T04:00:00Z,1.2710200000,1.2711600000,1.2694300000,1.2701800000,8682,OTHER,false
2024-12-18T08:00:00Z,1.2701700000,1.2724900000,1.2679200000,1.2687200000,12408,LONDON,false
2024-12-18T12:00:00Z,1.2687300000,1.2721800000,1.2686300000,1.2690500000,13640,OTHER,false
2024-12-18T16:00:00Z,1.2690400000,1.2709000000,1.2683000000,1.2704500000,15812,OTHER,false
2024-12-18T20:00:00Z,1.2704500000,1.2717900000,1.2561800000,1.2569500000,27463,OTHER,false
2024-12-19T00:00:00Z,1.2563700000,1.2589800000,1.2562600000,1.2589200000,12991,OTHER,false
2024-12-19T04:00:00Z,1.2589200000,1.2596200000,1.2580900000,1.2584800000,12134,OTHER,false
2024-12-19T08:00:00Z,1.2584600000,1.2666300000,1.2582400000,1.2660400000,19073,LONDON,false
2024-12-19T12:00:00Z,1.2660400000,1.2660400000,1.2583100000,1.2591400000,19673,OTHER,false
2024-12-19T16:00:00Z,1.2591000000,1.2602000000,1.2507400000,1.2509800000,24415,OTHER,false
2024-12-19T20:00:00Z,1.2509900000,1.2530500000,1.2494600000,1.2496700000,12304,OTHER,false
2024-12-20T00:00:00Z,1.2495800000,1.2506000000,1.2485800000,1.2489300000,8901,OTHER,false
2024-12-20T04:00:00Z,1.2489300000,1.2490300000,1.2474700000,1.2486300000,10557,OTHER,false
2024-12-20T08:00:00Z,1.2486400000,1.2517100000,1.2477000000,1.2502500000,17200,LONDON,false
2024-12-20T12:00:00Z,1.2502700000,1.2559100000,1.2494900000,1.2553600000,15530,OTHER,false
2024-12-20T16:00:00Z,1.2553600000,1.2613500000,1.2537000000,1.2602700000,23280,OTHER,false
2024-12-20T20:00:00Z,1.2602700000,1.2607800000,1.2561500000,1.2566000000,11548,OTHER,false
2024-12-23T00:00:00Z,1.2558500000,1.2582600000,1.2554400000,1.2580500000,8202,OTHER,false
2024-12-23T04:00:00Z,1.2580700000,1.2587600000,1.2575200000,1.2577300000,7930,OTHER,false
2024-12-23T08:00:00Z,1.2577200000,1.2582900000,1.2555000000,1.2568800000,10796,LONDON,false
2024-12-23T12:00:00Z,1.2568800000,1.2571700000,1.2511800000,1.2524700000,11665,OTHER,false
2024-12-23T16:00:00Z,1.2525000000,1.2537800000,1.2509400000,1.2520200000,15465,OTHER,false
2024-12-23T20:00:00Z,1.2520200000,1.2538600000,1.2520200000,1.2532500000,10105,OTHER,false
2024-12-24T00:00:00Z,1.2526100000,1.2538000000,1.2524500000,1.2531300000,6830,OTHER,false
2024-12-24T04:00:00Z,1.2531300000,1.2541500000,1.2527000000,1.2537600000,8545,OTHER,false
2024-12-24T08:00:00Z,1.2537600000,1.2544300000,1.2527500000,1.2533300000,8095,LONDON,false
2024-12-24T12:00:00Z,1.2533300000,1.2567300000,1.2525800000,1.2565000000,9812,OTHER,false
2024-12-24T16:00:00Z,1.2565100000,1.2574300000,1.2518200000,1.2518700000,12491,OTHER,false
2024-12-24T20:00:00Z,1.2518600000,1.2549900000,1.2518500000,1.2532700000,3853,OTHER,false
2024-12-26T00:00:00Z,1.2546500000,1.2549400000,1.2529900000,1.2540900000,5079,OTHER,false
2024-12-26T04:00:00Z,1.2540800000,1.2547500000,1.2537200000,1.2543800000,5314,OTHER,false
2024-12-26T08:00:00Z,1.2543800000,1.2544600000,1.2521200000,1.2530300000,6503,LONDON,false
2024-12-26T12:00:00Z,1.2530300000,1.2534200000,1.2513800000,1.2523200000,7933,OTHER,false
2024-12-26T16:00:00Z,1.2523200000,1.2524600000,1.2500500000,1.2515400000,12469,OTHER,false
2024-12-26T20:00:00Z,1.2515100000,1.2535700000,1.2515000000,1.2522700000,9880,OTHER,false
2024-12-27T00:00:00Z,1.2517300000,1.2531500000,1.2514700000,1.2522500000,7454,OTHER,false
2024-12-27T04:00:00Z,1.2522400000,1.2528200000,1.2517700000,1.2519900000,8722,OTHER,false
2024-12-27T08:00:00Z,1.2520000000,1.2533900000,1.2504400000,1.2508100000,9657,LONDON,false
2024-12-27T12:00:00Z,1.2508000000,1.2573900000,1.2508000000,1.2573600000,11133,OTHER,false
2024-12-27T16:00:00Z,1.2573600000,1.2591900000,1.2553000000,1.2559800000,17572,OTHER,false
2024-12-27T20:00:00Z,1.2559800000,1.2582800000,1.2559300000,1.2571100000,10090,OTHER,false
2024-12-30T00:00:00Z,1.2571100000,1.2587800000,1.2560300000,1.2579900000,5346,OTHER,false
2024-12-30T04:00:00Z,1.2579900000,1.2584700000,1.2574600000,1.2581100000,6994,OTHER,false
2024-12-30T08:00:00Z,1.2581100000,1.2588400000,1.2560900000,1.2576700000,9573,LONDON,false
2024-12-30T12:00:00Z,1.2576700000,1.2606600000,1.2552500000,1.2554100000,11869,OTHER,false
2024-12-30T16:00:00Z,1.2553600000,1.2567300000,1.2505900000,1.2544000000,19398,OTHER,false
2024-12-30T20:00:00Z,1.2544100000,1.2558100000,1.2540300000,1.2546900000,9074,OTHER,false
2024-12-31T00:00:00Z,1.2538500000,1.2559100000,1.2534700000,1.2557700000,6395,OTHER,false
2024-12-31T04:00:00Z,1.2557700000,1.2559600000,1.2544000000,1.2550500000,6520,OTHER,false
2024-12-31T08:00:00Z,1.2550500000,1.2568500000,1.2541200000,1.2553900000,10174,LONDON,false
2024-12-31T12:00:00Z,1.2553900000,1.2554100000,1.2519400000,1.2528400000,13013,OTHER,false
2024-12-31T16:00:00Z,1.2528700000,1.2553900000,1.2504800000,1.2518500000,19822,OTHER,false
2024-12-31T20:00:00Z,1.2518600000,1.2526900000,1.2505100000,1.2509400000,8506,OTHER,false
2025-01-02T00:00:00Z,1.2517600000,1.2522000000,1.2506900000,1.2519600000,7246,OTHER,false
2025-01-02T04:00:00Z,1.2519600000,1.2539900000,1.2519600000,1.2532100000,5031,OTHER,false
2025-01-02T08:00:00Z,1.2532100000,1.2533800000,1.2479500000,1.2481900000,11446,LONDON,false
2025-01-02T12:00:00Z,1.2481800000,1.2491500000,1.2397400000,1.2403600000,16832,OTHER,false
2025-01-02T16:00:00Z,1.2403800000,1.2410800000,1.2351400000,1.2371600000,22315,OTHER,false
2025-01-02T20:00:00Z,1.2371700000,1.2384700000,1.2363300000,1.2379800000,10025,OTHER,false
2025-01-03T00:00:00Z,1.2373400000,1.2389800000,1.2370900000,1.2384800000,7247,OTHER,false
2025-01-03T04:00:00Z,1.2384800000,1.2397000000,1.2383500000,1.2394700000,7011,OTHER,false
2025-01-03T08:00:00Z,1.2394700000,1.2416100000,1.2386600000,1.2405400000,11760,LONDON,false
2025-01-03T12:00:00Z,1.2405400000,1.2416000000,1.2385900000,1.2400800000,11370,OTHER,false
2025-01-03T16:00:00Z,1.2400900000,1.2428800000,1.2387600000,1.2417900000,16591,OTHER,false
2025-01-03T20:00:00Z,1.2417900000,1.2433500000,1.2414800000,1.2421700000,7169,OTHER,false
2025-01-06T00:00:00Z,1.2423300000,1.2438200000,1.2414500000,1.2434200000,9630,OTHER,false
2025-01-06T04:00:00Z,1.2434300000,1.2443500000,1.2431200000,1.2435800000,8033,OTHER,false
2025-01-06T08:00:00Z,1.2435800000,1.2491100000,1.2435100000,1.2475000000,12660,LONDON,false
2025-01-06T12:00:00Z,1.2475000000,1.2550500000,1.2454600000,1.2533800000,22417,OTHER,false
2025-01-06T16:00:00Z,1.2533800000,1.2536800000,1.2467900000,1.2517400000,22860,OTHER,false
2025-01-06T20:00:00Z,1.2517600000,1.2523100000,1.2501900000,1.2518000000,8027,OTHER,false
2025-01-07T00:00:00Z,1.2517900000,1.2523000000,1.2503500000,1.2518700000,7857,OTHER,false
2025-01-07T04:00:00Z,1.2518700000,1.2541800000,1.2515800000,1.2537200000,7914,OTHER,false
2025-01-07T08:00:00Z,1.2537200000,1.2575300000,1.2531200000,1.2563000000,13703,LONDON,false
2025-01-07T12:00:00Z,1.2562800000,1.2568300000,1.2523400000,1.2541600000,13927,OTHER,false
2025-01-07T16:00:00Z,1.2541600000,1.2543600000,1.2479600000,1.2499700000,23432,OTHER,false
2025-01-07T20:00:00Z,1.2499600000,1.2503200000,1.2473500000,1.2473600000,8805,OTHER,false
2025-01-08T00:00:00Z,1.2471100000,1.2484800000,1.2471100000,1.2484600000,7211,OTHER,false
2025-01-08T04:00:00Z,1.2484600000,1.2488800000,1.2477200000,1.2487500000,7522,OTHER,false
2025-01-08T08:00:00Z,1.2487400000,1.2493700000,1.2439700000,1.2449800000,13899,LONDON,false
2025-01-08T12:00:00Z,1.2449900000,1.2451800000,1.2320200000,1.2355600000,23580,OTHER,false
2025-01-08T16:00:00Z,1.2355700000,1.2368100000,1.2323600000,1.2345400000,19769,OTHER,false
2025-01-08T20:00:00Z,1.2345400000,1.2376600000,1.2345300000,1.2359100000,10921,OTHER,false
2025-01-09T00:00:00Z,1.2357400000,1.2363500000,1.2347100000,1.2358700000,6712,OTHER,false
2025-01-09T04:00:00Z,1.2358700000,1.2364800000,1.2328300000,1.2331100000,8932,OTHER,false
2025-01-09T08:00:00Z,1.2330800000,1.2331500000,1.2237700000,1.2281100000,20395,LONDON,false
2025-01-09T12:00:00Z,1.2281400000,1.2322500000,1.2251000000,1.2300000000,17015,OTHER,false
2025-01-09T16:00:00Z,1.2300000000,1.2316300000,1.2286700000,1.2300800000,13881,OTHER,false
2025-01-09T20:00:00Z,1.2300400000,1.2314700000,1.2296100000,1.2306800000,5394,OTHER,false
2025-01-10T00:00:00Z,1.2301300000,1.2310100000,1.2293400000,1.2303100000,7239,OTHER,false
2025-01-10T04:00:00Z,1.2303100000,1.2307300000,1.2273800000,1.2275200000,8502,OTHER,false
2025-01-10T08:00:00Z,1.2275200000,1.2307600000,1.2266000000,1.2301700000,12477,LONDON,false
2025-01-10T12:00:00Z,1.2301700000,1.2321300000,1.2190600000,1.2231000000,16567,OTHER,false
2025-01-10T16:00:00Z,1.2231100000,1.2262000000,1.2194700000,1.2221300000,30872,OTHER,false
2025-01-10T20:00:00Z,1.2221300000,1.2222300000,1.2201300000,1.2205200000,12440,OTHER,false
2025-01-13T00:00:00Z,1.2196400000,1.2209700000,1.2188200000,1.2190600000,6866,OTHER,false
2025-01-13T04:00:00Z,1.2190600000,1.2192600000,1.2125200000,1.2146600000,7965,OTHER,false
2025-01-13T08:00:00Z,1.2146400000,1.2170700000,1.2101000000,1.2106100000,18062,LONDON,false
2025-01-13T12:00:00Z,1.2105800000,1.2153000000,1.2099300000,1.2141300000,18939,OTHER,false
2025-01-13T16:00:00Z,1.2141000000,1.2174100000,1.2131800000,1.2173300000,21125,OTHER,false
2025-01-13T20:00:00Z,1.2173400000,1.2200500000,1.2162900000,1.2198500000,10230,OTHER,false
2025-01-14T00:00:00Z,1.2195500000,1.2249900000,1.2185900000,1.2210900000,11707,OTHER,false
2025-01-14T04:00:00Z,1.2210800000,1.2217200000,1.2191300000,1.2201800000,10164,OTHER,false
2025-01-14T08:00:00Z,1.2201800000,1.2245300000,1.2175600000,1.2177600000,18005,LONDON,false
2025-01-14T12:00:00Z,1.2177600000,1.2192500000,1.2136900000,1.2152900000,16902,OTHER,false
2025-01-14T16:00:00Z,1.2152900000,1.2212300000,1.2140200000,1.2184900000,23409,OTHER,false
2025-01-14T20:00:00Z,1.2185000000,1.2213100000,1.2182900000,1.2212200000,9405,OTHER,false
2025-01-15T00:00:00Z,1.2210100000,1.2213900000,1.2198600000,1.2199000000,6652,OTHER,false
2025-01-15T04:00:00Z,1.2199100000,1.2207100000,1.2191900000,1.2199100000,7621,OTHER,false
2025-01-15T08:00:00Z,1.2199100000,1.2240500000,1.2157900000,1.2217900000,16764,LONDON,false
2025-01-15T12:00:00Z,1.2217600000,1.2305400000,1.2200800000,1.2297300000,15900,OTHER,false
2025-01-15T16:00:00Z,1.2298400000,1.2305100000,1.2192900000,1.2214300000,24255,OTHER,false
2025-01-15T20:00:00Z,1.2214400000,1.2244300000,1.2212300000,1.2239300000,7687,OTHER,false
2025-01-16T00:00:00Z,1.2233100000,1.2247500000,1.2226100000,1.2228300000,9456,OTHER,false
2025-01-16T04:00:00Z,1.2228600000,1.2233100000,1.2206100000,1.2208500000,9740,OTHER,false
2025-01-16T08:00:00Z,1.2208500000,1.2225900000,1.2189000000,1.2197000000,15094,LONDON,false
2025-01-16T12:00:00Z,1.2197000000,1.2212200000,1.2174200000,1.2196700000,16265,OTHER,false
2025-01-16T16:00:00Z,1.2196700000,1.2259900000,1.2176000000,1.2236100000,25869,OTHER,false
2025-01-16T20:00:00Z,1.2236000000,1.2245700000,1.2226600000,1.2234100000,9814,OTHER,false
2025-01-17T00:00:00Z,1.2230900000,1.2239900000,1.2228800000,1.2232100000,5863,OTHER,false
2025-01-17T04:00:00Z,1.2232200000,1.2243800000,1.2211900000,1.2216600000,7739,OTHER,false
2025-01-17T08:00:00Z,1.2216700000,1.2217300000,1.2160200000,1.2195500000,15118,LONDON,false
2025-01-17T12:00:00Z,1.2195700000,1.2216300000,1.2175100000,1.2181500000,14271,OTHER,false
2025-01-17T16:00:00Z,1.2181700000,1.2227300000,1.2160400000,1.2172600000,21817,OTHER,false
2025-01-17T20:00:00Z,1.2172600000,1.2186100000,1.2162800000,1.2166400000,8877,OTHER,false
2025-01-20T00:00:00Z,1.2164600000,1.2194300000,1.2159500000,1.2191800000,7829,OTHER,false
2025-01-20T04:00:00Z,1.2191800000,1.2214600000,1.2185100000,1.2209900000,7710,OTHER,false
2025-01-20T08:00:00Z,1.2210000000,1.2221100000,1.2165100000,1.2177200000,13935,LONDON,false
2025-01-20T12:00:00Z,1.2177300000,1.2298500000,1.2177300000,1.2298000000,15835,OTHER,false
2025-01-20T16:00:00Z,1.2298100000,1.2325900000,1.2255000000,1.2281700000,22844,OTHER,false
2025-01-20T20:00:00Z,1.2281700000,1.2344200000,1.2278300000,1.2322300000,9181,OTHER,false
2025-01-21T00:00:00Z,1.2320100000,1.2344500000,1.2247600000,1.2274600000,18423,OTHER,false
2025-01-21T04:00:00Z,1.2274700000,1.2311000000,1.2271900000,1.2275500000,13085,OTHER,false
2025-01-21T08:00:00Z,1.2275600000,1.2285700000,1.2234100000,1.2248000000,16153,LONDON,false
2025-01-21T12:00:00Z,1.2248000000,1.2280700000,1.2228700000,1.2278200000,17166,OTHER,false
2025-01-21T16:00:00Z,1.2279800000,1.2334900000,1.2269500000,1.2325400000,22460,OTHER,false
2025-01-21T20:00:00Z,1.2325300000,1.2356300000,1.2322500000,1.2353200000,9454,OTHER,false
2025-01-22T00:00:00Z,1.2344700000,1.2353400000,1.2322000000,1.2331900000,11043,OTHER,false
2025-01-22T04:00:00Z,1.2331900000,1.2347500000,1.2327800000,1.2343100000,7636,OTHER,false
2025-01-22T08:00:00Z,1.2343000000,1.2364500000,1.2311100000,1.2363900000,17129,LONDON,false
2025-01-22T12:00:00Z,1.2363700000,1.2375500000,1.2335300000,1.2344800000,15493,OTHER,false
2025-01-22T16:00:00Z,1.2344600000,1.2347700000,1.2306800000,1.2321000000,19240,OTHER,false
2025-01-22T20:00:00Z,1.2321100000,1.2330700000,1.2310000000,1.2312400000,8441,OTHER,false
2025-01-23T00:00:00Z,1.2305100000,1.2322900000,1.2305100000,1.2310000000,7503,OTHER,false
2025-01-23T04:00:00Z,1.2310100000,1.2320800000,1.2301400000,1.2311300000,8581,OTHER,false
2025-01-23T08:00:00Z,1.2311300000,1.2320400000,1.2292900000,1.2316300000,13450,LONDON,false
2025-01-23T12:00:00Z,1.2316300000,1.2330200000,1.2299500000,1.2322400000,15805,OTHER,false
2025-01-23T16:00:00Z,1.2322500000,1.2375100000,1.2299500000,1.2371700000,24254,OTHER,false
2025-01-23T20:00:00Z,1.2371700000,1.2372000000,1.2346400000,1.2348200000,10297,OTHER,false
2025-01-24T00:00:00Z,1.2343500000,1.2357900000,1.2343500000,1.2354000000,6430,OTHER,false
2025-01-24T04:00:00Z,1.2354000000,1.2403400000,1.2353800000,1.2399100000,14511,OTHER,false
2025-01-24T08:00:00Z,1.2399400000,1.2447300000,1.2376100000,1.2427300000,20136,LONDON,false
2025-01-24T12:00:00Z,1.2427300000,1.2435300000,1.2399900000,1.2413800000,13511,OTHER,false
2025-01-24T16:00:00Z,1.2413900000,1.2501500000,1.2408700000,1.2487200000,19649,OTHER,false
2025-01-24T20:00:00Z,1.2487300000,1.2494900000,1.2477000000,1.2481100000,8986,OTHER,false
2025-01-27T00:00:00Z,1.2465500000,1.2472200000,1.2447200000,1.2448400000,10339,OTHER,false
2025-01-27T04:00:00Z,1.2448400000,1.2462700000,1.2441400000,1.2446200000,11579,OTHER,false
2025-01-27T08:00:00Z,1.2446200000,1.2486000000,1.2425300000,1.2485800000,18708,LONDON,false
2025-01-27T12:00:00Z,1.2485600000,1.2522500000,1.2485100000,1.2502300000,19478,OTHER,false
2025-01-27T16:00:00Z,1.2502000000,1.2511000000,1.2466600000,1.2474400000,21451,OTHER,false
2025-01-27T20:00:00Z,1.2474400000,1.2499700000,1.2469200000,1.2498500000,11574,OTHER,false
2025-01-28T00:00:00Z,1.2495200000,1.2496200000,1.2435800000,1.2450000000,14975,OTHER,false
2025-01-28T04:00:00Z,1.2450100000,1.2454100000,1.2433700000,1.2444500000,12237,OTHER,false
2025-01-28T08:00:00Z,1.2444600000,1.2455300000,1.2425600000,1.2447800000,15812,LONDON,false
2025-01-28T12:00:00Z,1.2447700000,1.2451400000,1.2413800000,1.2423600000,14383,OTHER,false
2025-01-28T16:00:00Z,1.2423500000,1.2446700000,1.2421400000,1.2428100000,18297,OTHER,false
2025-01-28T20:00:00Z,1.2428300000,1.2444900000,1.2421700000,1.2440900000,9147,OTHER,false
2025-01-29T00:00:00Z,1.2437100000,1.2446800000,1.2435000000,1.2435300000,7190,OTHER,false
2025-01-29T04:00:00Z,1.2435300000,1.2454600000,1.2433800000,1.2453300000,8453,OTHER,false
2025-01-29T08:00:00Z,1.2453900000,1.2462700000,1.2415400000,1.2420000000,14811,LONDON,false
2025-01-29T12:00:00Z,1.2420000000,1.2427800000,1.2392500000,1.2397100000,16284,OTHER,false
2025-01-29T16:00:00Z,1.2397100000,1.2448800000,1.2396000000,1.2441500000,22176,OTHER,false
2025-01-29T20:00:00Z,1.2441600000,1.2457300000,1.2411400000,1.2450100000,21592,OTHER,false
2025-01-30T00:00:00Z,1.2442000000,1.2459500000,1.2434000000,1.2449200000,7928,OTHER,false
2025-01-30T04:00:00Z,1.2449300000,1.2455200000,1.2441300000,1.2447600000,9745,OTHER,false
2025-01-30T08:00:00Z,1.2447500000,1.2462100000,1.2431200000,1.2442700000,13422,LONDON,false
2025-01-30T12:00:00Z,1.2442800000,1.2470800000,1.2424200000,1.2467000000,16468,OTHER,false
2025-01-30T16:00:00Z,1.2466700000,1.2475800000,1.2435000000,1.2444000000,21528,OTHER,false
2025-01-30T20:00:00Z,1.2444100000,1.2463600000,1.2407000000,1.2416600000,13360,OTHER,false
2025-01-31T00:00:00Z,1.2409100000,1.2430700000,1.2406400000,1.2418200000,9321,OTHER,false
2025-01-31T04:00:00Z,1.2418500000,1.2427200000,1.2413300000,1.2420200000,9681,OTHER,false
2025-01-31T08:00:00Z,1.2420100000,1.2439300000,1.2400400000,1.2420900000,14267,LONDON,false
2025-01-31T12:00:00Z,1.2421100000,1.2431100000,1.2405300000,1.2412900000,14858,OTHER,false
2025-01-31T16:00:00Z,1.2413100000,1.2471200000,1.2387100000,1.2453300000,24246,OTHER,false
2025-01-31T20:00:00Z,1.2453300000,1.2460700000,1.2385600000,1.2387400000,22956,OTHER,false
2025-02-03T00:00:00Z,1.2291400000,1.2326100000,1.2264200000,1.2287600000,21089,OTHER,false
2025-02-03T04:00:00Z,1.2287500000,1.2287700000,1.2248900000,1.2276800000,19442,OTHER,false
2025-02-03T08:00:00Z,1.2276800000,1.2322500000,1.2272200000,1.2292000000,21416,LONDON,false
2025-02-03T12:00:00Z,1.2292000000,1.2374500000,1.2291300000,1.2364300000,19555,OTHER,false
2025-02-03T16:00:00Z,1.2364500000,1.2435900000,1.2335200000,1.2393300000,35170,OTHER,false
2025-02-03T20:00:00Z,1.2393300000,1.2455000000,1.2381900000,1.2446800000,18104,OTHER,false
2025-02-04T00:00:00Z,1.2449300000,1.2453000000,1.2408500000,1.2420800000,10647,OTHER,false
2025-02-04T04:00:00Z,1.2420800000,1.2426800000,1.2378500000,1.2397200000,13528,OTHER,false
2025-02-04T08:00:00Z,1.2397100000,1.2436400000,1.2392700000,1.2424600000,17126,LONDON,false
2025-02-04T12:00:00Z,1.2424300000,1.2434200000,1.2395500000,1.2427800000,14777,OTHER,false
2025-02-04T16:00:00Z,1.2427900000,1.2492700000,1.2427600000,1.2481800000,21647,OTHER,false
2025-02-04T20:00:00Z,1.2481900000,1.2489800000,1.2474100000,1.2481000000,10367,OTHER,false
2025-02-05T00:00:00Z,1.2471800000,1.2489200000,1.2469700000,1.2469900000,8083,OTHER,false
2025-02-05T04:00:00Z,1.2469800000,1.2482100000,1.2462700000,1.2467200000,9678,OTHER,false
2025-02-05T08:00:00Z,1.2467200000,1.2528300000,1.2465000000,1.2516900000,15053,LONDON,false
2025-02-05T12:00:00Z,1.2516900000,1.2549400000,1.2511700000,1.2514400000,15208,OTHER,false
2025-02-05T16:00:00Z,1.2514700000,1.2536200000,1.2501100000,1.2508400000,19061,OTHER,false
2025-02-05T20:00:00Z,1.2508000000,1.2513500000,1.2497400000,1.2502300000,8915,OTHER,false
2025-02-06T00:00:00Z,1.2503800000,1.2509000000,1.2497900000,1.2506900000,6403,OTHER,false
2025-02-06T04:00:00Z,1.2506900000,1.2508300000,1.2482500000,1.2483300000,6826,OTHER,false
2025-02-06T08:00:00Z,1.2483300000,1.2490600000,1.2417100000,1.2424900000,11797,LONDON,false
2025-02-06T12:00:00Z,1.2424900000,1.2430800000,1.2359600000,1.2383000000,19508,OTHER,false
2025-02-06T16:00:00Z,1.2382800000,1.2444800000,1.2381100000,1.2441100000,18828,OTHER,false
2025-02-06T20:00:00Z,1.2441200000,1.2455000000,1.2432400000,1.2434500000,9446,OTHER,false
2025-02-07T00:00:00Z,1.2429300000,1.2442400000,1.2422000000,1.2430900000,6075,OTHER,false
2025-02-07T04:00:00Z,1.2430900000,1.2439200000,1.2419100000,1.2421100000,7733,OTHER,false
2025-02-07T08:00:00Z,1.2421000000,1.2467900000,1.2418600000,1.2458900000,10844,LONDON,false
2025-02-07T12:00:00Z,1.2458900000,1.2492300000,1.2419700000,1.2429700000,14658,OTHER,false
2025-02-07T16:00:00Z,1.2429600000,1.2466300000,1.2375500000,1.2402100000,29776,OTHER,false
2025-02-07T20:00:00Z,1.2402000000,1.2421200000,1.2397400000,1.2400000000,11042,OTHER,false
2025-02-10T00:00:00Z,1.2367800000,1.2400100000,1.2363400000,1.2382700000,12005,OTHER,false
2025-02-10T04:00:00Z,1.2382600000,1.2408200000,1.2379400000,1.2400000000,9119,OTHER,false
2025-02-10T08:00:00Z,1.2400000000,1.2420300000,1.2390400000,1.2408100000,13809,LONDON,false
2025-02-10T12:00:00Z,1.2407500000,1.2421700000,1.2378900000,1.2390100000,12841,OTHER,false
2025-02-10T16:00:00Z,1.2390200000,1.2393700000,1.2370500000,1.2379900000,14757,OTHER,false
2025-02-10T20:00:00Z,1.2379900000,1.2380700000,1.2362600000,1.2365600000,6517,OTHER,false
2025-02-11T00:00:00Z,1.2362300000,1.2368500000,1.2353200000,1.2359200000,8203,OTHER,false
2025-02-11T04:00:00Z,1.2359200000,1.2362600000,1.2344700000,1.2360900000,9150,OTHER,false
2025-02-11T08:00:00Z,1.2360800000,1.2377700000,1.2332000000,1.2364800000,11711,LONDON,false
2025-02-11T12:00:00Z,1.2365000000,1.2398500000,1.2355600000,1.2397600000,12430,OTHER,false
2025-02-11T16:00:00Z,1.2397600000,1.2425400000,1.2396300000,1.2423100000,14962,OTHER,false
2025-02-11T20:00:00Z,1.2423000000,1.2454100000,1.2420400000,1.2445600000,9722,OTHER,false
2025-02-12T00:00:00Z,1.2431900000,1.2453000000,1.2429600000,1.2449700000,8052,OTHER,false
2025-02-12T04:00:00Z,1.2449800000,1.2458100000,1.2440200000,1.2444800000,10009,OTHER,false
2025-02-12T08:00:00Z,1.2444800000,1.2465200000,1.2434300000,1.2445900000,12005,LONDON,false
2025-02-12T12:00:00Z,1.2445900000,1.2461400000,1.2374900000,1.2388600000,15505,OTHER,false
2025-02-12T16:00:00Z,1.2388400000,1.2483000000,1.2377400000,1.2477000000,25627,OTHER,false
2025-02-12T20:00:00Z,1.2477100000,1.2482400000,1.2434400000,1.2441400000,11881,OTHER,false
2025-02-13T00:00:00Z,1.2435100000,1.2457200000,1.2435100000,1.2456100000,9399,OTHER,false
2025-02-13T04:00:00Z,1.2456100000,1.2495200000,1.2451500000,1.2490400000,11359,OTHER,false
2025-02-13T08:00:00Z,1.2490300000,1.2516800000,1.2471300000,1.2490700000,16164,LONDON,false
2025-02-13T12:00:00Z,1.2490700000,1.2504800000,1.2451800000,1.2470100000,16826,OTHER,false
2025-02-13T16:00:00Z,1.2470300000,1.2542500000,1.2460900000,1.2521100000,21299,OTHER,false
2025-02-13T20:00:00Z,1.2521200000,1.2567600000,1.2476500000,1.2565900000,16015,OTHER,false
2025-02-14T00:00:00Z,1.2553500000,1.2571300000,1.2544800000,1.2563200000,9203,OTHER,false
2025-02-14T04:00:00Z,1.2563200000,1.2564900000,1.2549100000,1.2553200000,8820,OTHER,false
2025-02-14T08:00:00Z,1.2553200000,1.2595600000,1.2551500000,1.2587200000,15723,LONDON,false
2025-02-14T12:00:00Z,1.2587200000,1.2608700000,1.2571500000,1.2602600000,15154,OTHER,false
2025-02-14T16:00:00Z,1.2602600000,1.2629700000,1.2600300000,1.2608500000,17538,OTHER,false
2025-02-14T20:00:00Z,1.2608600000,1.2609800000,1.2583100000,1.2585100000,7568,OTHER,false
2025-02-17T00:00:00Z,1.2584600000,1.2600100000,1.2577900000,1.2598900000,9846,OTHER,false
2025-02-17T04:00:00Z,1.2598800000,1.2599100000,1.2582600000,1.2588100000,11717,OTHER,false
2025-02-17T08:00:00Z,1.2587900000,1.2604100000,1.2583000000,1.2590600000,13449,LONDON,false
2025-02-17T12:00:00Z,1.2590600000,1.2607500000,1.2587300000,1.2592500000,11083,OTHER,false
2025-02-17T16:00:00Z,1.2592500000,1.2625900000,1.2584600000,1.2622100000,9490,OTHER,false
2025-02-17T20:00:00Z,1.2622100000,1.2634400000,1.2618200000,1.2625100000,3735,OTHER,false
2025-02-18T00:00:00Z,1.2613700000,1.2622800000,1.2599100000,1.2605100000,7978,OTHER,false
2025-02-18T04:00:00Z,1.2605100000,1.2611900000,1.2592400000,1.2597800000,10736,OTHER,false
2025-02-18T08:00:00Z,1.2597800000,1.2622400000,1.2592300000,1.2606700000,14188,LONDON,false
2025-02-18T12:00:00Z,1.2607200000,1.2609200000,1.2581800000,1.2591900000,13694,OTHER,false
2025-02-18T16:00:00Z,1.2592000000,1.2620000000,1.2588600000,1.2599700000,15812,OTHER,false
2025-02-18T20:00:00Z,1.2599700000,1.2611700000,1.2592100000,1.2610100000,8093,OTHER,false
2025-02-19T00:00:00Z,1.2605600000,1.2637100000,1.2601700000,1.2613000000,10897,OTHER,false
2025-02-19T04:00:00Z,1.2613000000,1.2624200000,1.2608000000,1.2623900000,11781,OTHER,false
2025-02-19T08:00:00Z,1.2623900000,1.2635200000,1.2602800000,1.2604000000,15152,LONDON,false
2025-02-19T12:00:00Z,1.2603900000,1.2605000000,1.2574600000,1.2590400000,14840,OTHER,false
2025-02-19T16:00:00Z,1.2590300000,1.2606200000,1.2562500000,1.2572300000,17871,OTHER,false
2025-02-19T20:00:00Z,1.2572100000,1.2590100000,1.2565800000,1.2584700000,10126,OTHER,false
2025-02-20T00:00:00Z,1.2574900000,1.2593900000,1.2574900000,1.2582500000,9696,OTHER,false
2025-02-20T04:00:00Z,1.2582600000,1.2599000000,1.2580400000,1.2593100000,13858,OTHER,false
2025-02-20T08:00:00Z,1.2593100000,1.2615200000,1.2588400000,1.2613400000,14623,LONDON,false
2025-02-20T12:00:00Z,1.2613400000,1.2622500000,1.2596400000,1.2612600000,15337,OTHER,false
2025-02-20T16:00:00Z,1.2612300000,1.2659800000,1.2604900000,1.2651900000,20005,OTHER,false
2025-02-20T20:00:00Z,1.2651700000,1.2670900000,1.2648300000,1.2669200000,8809,OTHER,false
2025-02-21T00:00:00Z,1.2663500000,1.2673600000,1.2653100000,1.2655400000,10940,OTHER,false
2025-02-21T04:00:00Z,1.2655400000,1.2673700000,1.2655200000,1.2659400000,13413,OTHER,false
2025-02-21T08:00:00Z,1.2659400000,1.2678200000,1.2641600000,1.2649800000,16119,LONDON,false
2025-02-21T12:00:00Z,1.2649800000,1.2656100000,1.2636200000,1.2645500000,12343,OTHER,false
2025-02-21T16:00:00Z,1.2645500000,1.2667500000,1.2629500000,1.2644400000,18832,OTHER,false
2025-02-21T20:00:00Z,1.2644300000,1.2644700000,1.2624200000,1.2631000000,11914,OTHER,false
2025-02-24T00:00:00Z,1.2626700000,1.2679300000,1.2626500000,1.2677700000,13153,OTHER,false
2025-02-24T04:00:00Z,1.2677700000,1.2689900000,1.2670200000,1.2673900000,13739,OTHER,false
2025-02-24T08:00:00Z,1.2673800000,1.2674000000,1.2625100000,1.2637600000,17992,LONDON,false
2025-02-24T12:00:00Z,1.2637200000,1.2650300000,1.2625700000,1.2644500000,13594,OTHER,false
2025-02-24T16:00:00Z,1.2644400000,1.2649300000,1.2611500000,1.2639600000,19006,OTHER,false
2025-02-24T20:00:00Z,1.2639600000,1.2650300000,1.2617500000,1.2626000000,10853,OTHER,false
2025-02-25T00:00:00Z,1.2620800000,1.2627200000,1.2615100000,1.2622400000,9543,OTHER,false
2025-02-25T04:00:00Z,1.2622400000,1.2638000000,1.2620600000,1.2636400000,13900,OTHER,false
2025-02-25T08:00:00Z,1.2636400000,1.2638400000,1.2605300000,1.2623500000,17833,LONDON,false
2025-02-25T12:00:00Z,1.2623500000,1.2677100000,1.2614800000,1.2670300000,16822,OTHER,false
2025-02-25T16:00:00Z,1.2670300000,1.2676700000,1.2639900000,1.2662600000,20941,OTHER,false
2025-02-25T20:00:00Z,1.2662600000,1.2676900000,1.2659200000,1.2666000000,12794,OTHER,false
2025-02-26T00:00:00Z,1.2660600000,1.2677200000,1.2659600000,1.2663700000,9381,OTHER,false
2025-02-26T04:00:00Z,1.2663800000,1.2666400000,1.2634900000,1.2638000000,11500,OTHER,false
2025-02-26T08:00:00Z,1.2638000000,1.2664000000,1.2635200000,1.2653100000,14820,LONDON,false
2025-02-26T12:00:00Z,1.2653000000,1.2664000000,1.2639200000,1.2653400000,13949,OTHER,false
2025-02-26T16:00:00Z,1.2653300000,1.2715300000,1.2650800000,1.2684000000,21809,OTHER,false
2025-02-26T20:00:00Z,1.2684100000,1.2695900000,1.2669100000,1.2675500000,13541,OTHER,false
2025-02-27T00:00:00Z,1.2671500000,1.2683700000,1.2660200000,1.2664000000,9478,OTHER,false
2025-02-27T04:00:00Z,1.2664000000,1.2666200000,1.2649500000,1.2654200000,14682,OTHER,false
2025-02-27T08:00:00Z,1.2654000000,1.2678200000,1.2653300000,1.2678000000,15519,LONDON,false
2025-02-27T12:00:00Z,1.2678100000,1.2688200000,1.2628000000,1.2631900000,17138,OTHER,false
2025-02-27T16:00:00Z,1.2631900000,1.2644400000,1.2608400000,1.2612100000,20949,OTHER,false
2025-02-27T20:00:00Z,1.2612100000,1.2629100000,1.2597300000,1.2599900000,11432,OTHER,false
2025-02-28T00:00:00Z,1.2595200000,1.2609700000,1.2592700000,1.2593900000,6942,OTHER,false
2025-02-28T04:00:00Z,1.2593800000,1.2600200000,1.2580000000,1.2585200000,9111,OTHER,false
2025-02-28T08:00:00Z,1.2585100000,1.2606300000,1.2572200000,1.2594400000,13265,LONDON,false
2025-02-28T12:00:00Z,1.2594300000,1.2609700000,1.2582900000,1.2601700000,12076,OTHER,false
2025-02-28T16:00:00Z,1.2601600000,1.2621200000,1.2580200000,1.2589400000,20655,OTHER,false
2025-02-28T20:00:00Z,1.2589300000,1.2590300000,1.2558700000,1.2576500000,15097,OTHER,false
2025-03-03T00:00:00Z,1.2582000000,1.2613100000,1.2579500000,1.2608000000,11768,OTHER,false
2025-03-03T04:00:00Z,1.2608000000,1.2613200000,1.2596200000,1.2604600000,9423,OTHER,false
2025-03-03T08:00:00Z,1.2604600000,1.2629400000,1.2581800000,1.2628300000,14042,LONDON,false
2025-03-03T12:00:00Z,1.2628200000,1.2688200000,1.2628100000,1.2679200000,18979,OTHER,false
2025-03-03T16:00:00Z,1.2678800000,1.2717300000,1.2672000000,1.2715700000,20921,OTHER,false
2025-03-03T20:00:00Z,1.2715700000,1.2724200000,1.2679500000,1.2700600000,16900,OTHER,false
2025-03-04T00:00:00Z,1.2694100000,1.2709000000,1.2687100000,1.2696800000,10564,OTHER,false
2025-03-04T04:00:00Z,1.2696800000,1.2699000000,1.2678200000,1.2694900000,12345,OTHER,false
2025-03-04T08:00:00Z,1.2694800000,1.2740600000,1.2688000000,1.2724100000,16836,LONDON,false
2025-03-04T12:00:00Z,1.2724100000,1.2753200000,1.2704000000,1.2721600000,17394,OTHER,false
2025-03-04T16:00:00Z,1.2721900000,1.2745300000,1.2699100000,1.2743200000,25596,OTHER,false
2025-03-04T20:00:00Z,1.2743200000,1.2799000000,1.2740700000,1.2795600000,20987,OTHER,false
2025-03-05T00:00:00Z,1.2790100000,1.2796200000,1.2775700000,1.2776800000,11076,OTHER,false
2025-03-05T04:00:00Z,1.2776800000,1.2796200000,1.2767300000,1.2795100000,13424,OTHER,false
2025-03-05T08:00:00Z,1.2794700000,1.2853900000,1.2786500000,1.2835400000,20318,LONDON,false
2025-03-05T12:00:00Z,1.2835300000,1.2842300000,1.2803400000,1.2821900000,18558,OTHER,false
2025-03-05T16:00:00Z,1.2821900000,1.2880500000,1.2819100000,1.2878900000,27110,OTHER,false
2025-03-05T20:00:00Z,1.2878900000,1.2900100000,1.2863800000,1.2894800000,14151,OTHER,false
2025-03-06T00:00:00Z,1.2892500000,1.2907100000,1.2886600000,1.2904300000,8622,OTHER,false
2025-03-06T04:00:00Z,1.2904300000,1.2907800000,1.2882700000,1.2901500000,9675,OTHER,false
2025-03-06T08:00:00Z,1.2901500000,1.2923100000,1.2868300000,1.2875900000,21240,LONDON,false
2025-03-06T12:00:00Z,1.2875900000,1.2897100000,1.2865200000,1.2896600000,19619,OTHER,false
2025-03-06T16:00:00Z,1.2896400000,1.2918100000,1.2879800000,1.2887300000,28476,OTHER,false
2025-03-06T20:00:00Z,1.2887300000,1.2902600000,1.2870000000,1.2882800000,14617,OTHER,false
2025-03-07T00:00:00Z,1.2873500000,1.2888900000,1.2873500000,1.2883000000,7138,OTHER,false
2025-03-07T04:00:00Z,1.2883000000,1.2892000000,1.2876400000,1.2884100000,9325,OTHER,false
2025-03-07T08:00:00Z,1.2884100000,1.2944100000,1.2879300000,1.2937700000,14528,LONDON,false
2025-03-07T12:00:00Z,1.2937800000,1.2941800000,1.2901900000,1.2902200000,17624,OTHER,false
2025-03-07T16:00:00Z,1.2902300000,1.2936300000,1.2894200000,1.2906600000,27462,OTHER,false
2025-03-07T20:00:00Z,1.2906600000,1.2929000000,1.2896100000,1.2921200000,13892,OTHER,false
2025-03-10T00:00:00Z,1.2911900000,1.2943100000,1.2903600000,1.2937400000,8876,OTHER,false
2025-03-10T04:00:00Z,1.2937400000,1.2945100000,1.2906700000,1.2906800000,9558,OTHER,false
2025-03-10T08:00:00Z,1.2906800000,1.2922000000,1.2873500000,1.2877100000,15443,LONDON,false
2025-03-10T12:00:00Z,1.2877200000,1.2945100000,1.2873900000,1.2932900000,20215,OTHER,false
2025-03-10T16:00:00Z,1.2932900000,1.2945900000,1.2884900000,1.2894100000,22097,OTHER,false
2025-03-10T20:00:00Z,1.2894000000,1.2894400000,1.2860800000,1.2875600000,14183,OTHER,false
2025-03-11T00:00:00Z,1.2875600000,1.2888100000,1.2871800000,1.2885000000,6734,OTHER,false
2025-03-11T04:00:00Z,1.2885000000,1.2897300000,1.2875500000,1.2894000000,13902,OTHER,false
2025-03-11T08:00:00Z,1.2894000000,1.2936600000,1.2872800000,1.2929500000,17466,LONDON,false
2025-03-11T12:00:00Z,1.2929500000,1.2951400000,1.2918600000,1.2944300000,16498,OTHER,false
2025-03-11T16:00:00Z,1.2944100000,1.2955900000,1.2917600000,1.2936700000,23906,OTHER,false
2025-03-11T20:00:00Z,1.2936700000,1.2965100000,1.2933200000,1.2948800000,14581,OTHER,false
2025-03-12T00:00:00Z,1.2939500000,1.2954000000,1.2930700000,1.2935200000,4728,OTHER,false
2025-03-12T04:00:00Z,1.2935300000,1.2942800000,1.2918700000,1.2923100000,8720,OTHER,false
2025-03-12T08:00:00Z,1.2923200000,1.2941600000,1.2913000000,1.2941400000,13286,LONDON,false
2025-03-12T12:00:00Z,1.2941700000,1.2987500000,1.2929200000,1.2942300000,17903,OTHER,false
2025-03-12T16:00:00Z,1.2942500000,1.2981900000,1.2923700000,1.2972000000,20603,OTHER,false
2025-03-12T20:00:00Z,1.2972200000,1.2980000000,1.2959500000,1.2962600000,10131,OTHER,false
2025-03-13T00:00:00Z,1.2953200000,1.2968000000,1.2953200000,1.2966400000,3167,OTHER,false
2025-03-13T04:00:00Z,1.2966500000,1.2972800000,1.2953700000,1.2961700000,7527,OTHER,false
2025-03-13T08:00:00Z,1.2961700000,1.2965500000,1.2940800000,1.2947300000,13459,LONDON,false
2025-03-13T12:00:00Z,1.2947400000,1.2965800000,1.2927000000,1.2932000000,17254,OTHER,false
2025-03-13T16:00:00Z,1.2932000000,1.2959700000,1.2920100000,1.2946100000,20619,OTHER,false
2025-03-13T20:00:00Z,1.2946000000,1.2955500000,1.2935700000,1.2953900000,9651,OTHER,false
2025-03-14T00:00:00Z,1.2943500000,1.2958300000,1.2941400000,1.2944400000,4611,OTHER,false
2025-03-14T04:00:00Z,1.2944400000,1.2948200000,1.2935200000,1.2940600000,11065,OTHER,false
2025-03-14T08:00:00Z,1.2940500000,1.2949000000,1.2916800000,1.2932100000,11846,LONDON,false
2025-03-14T12:00:00Z,1.2932100000,1.2953400000,1.2919500000,1.2941200000,16802,OTHER,false
2025-03-14T16:00:00Z,1.2941400000,1.2945200000,1.2910500000,1.2924600000,18304,OTHER,false
2025-03-14T20:00:00Z,1.2924600000,1.2938000000,1.2924100000,1.2935700000,7608,OTHER,false
2025-03-17T00:00:00Z,1.2920000000,1.2935000000,1.2919400000,1.2928900000,5216,OTHER,false
2025-03-17T04:00:00Z,1.2928900000,1.2944400000,1.2928100000,1.2934600000,7319,OTHER,false
2025-03-17T08:00:00Z,1.2934600000,1.2945500000,1.2927600000,1.2941300000,10101,LONDON,false
2025-03-17T12:00:00Z,1.2941300000,1.2976800000,1.2940100000,1.2971100000,12791,OTHER,false
2025-03-17T16:00:00Z,1.2971300000,1.2994400000,1.2966800000,1.2990200000,13831,OTHER,false
2025-03-17T20:00:00Z,1.2990200000,1.2998200000,1.2984900000,1.2989400000,6940,OTHER,false
2025-03-18T00:00:00Z,1.2990000000,1.2992800000,1.2981500000,1.2982600000,3262,OTHER,false
2025-03-18T04:00:00Z,1.2982600000,1.2986500000,1.2970200000,1.2976700000,6650,OTHER,false
2025-03-18T08:00:00Z,1.2976700000,1.3004200000,1.2967100000,1.2996700000,9026,LONDON,false
2025-03-18T12:00:00Z,1.2996200000,1.3003100000,1.2950900000,1.2969200000,12837,OTHER,false
2025-03-18T16:00:00Z,1.2969200000,1.2998500000,1.2953400000,1.2998400000,18009,OTHER,false
2025-03-18T20:00:00Z,1.2998400000,1.3009100000,1.2996400000,1.3002100000,8945,OTHER,false
2025-03-19T00:00:00Z,1.2997600000,1.3004400000,1.2993500000,1.2995700000,2882,OTHER,false
2025-03-19T04:00:00Z,1.2995700000,1.3002200000,1.2985400000,1.2986900000,5677,OTHER,false
2025-03-19T08:00:00Z,1.2987000000,1.2990300000,1.2956800000,1.2973100000,12695,LONDON,false
2025-03-19T12:00:00Z,1.2973200000,1.2981800000,1.2956500000,1.2965700000,12071,OTHER,false
2025-03-19T16:00:00Z,1.2965800000,1.2975600000,1.2954400000,1.2973600000,13208,OTHER,false
2025-03-19T20:00:00Z,1.2973600000,1.3010500000,1.2955100000,1.3001700000,16413,OTHER,false
2025-03-20T00:00:00Z,1.2994400000,1.3014100000,1.2993000000,1.3008500000,4204,OTHER,false
2025-03-20T04:00:00Z,1.3008500000,1.3012500000,1.2999900000,1.3001400000,7178,OTHER,false
2025-03-20T08:00:00Z,1.3001400000,1.3001500000,1.2962200000,1.2971600000,10420,LONDON,false
2025-03-20T12:00:00Z,1.2971500000,1.2979000000,1.2935400000,1.2950500000,16432,OTHER,false
2025-03-20T16:00:00Z,1.2950500000,1.2973400000,1.2935500000,1.2964600000,16719,OTHER,false
2025-03-20T20:00:00Z,1.2964600000,1.2969600000,1.2955700000,1.2965900000,6735,OTHER,false
2025-03-21T00:00:00Z,1.2963100000,1.2969900000,1.2957900000,1.2963500000,3860,OTHER,false
2025-03-21T04:00:00Z,1.2963500000,1.2967700000,1.2936900000,1.2939100000,7223,OTHER,false
2025-03-21T08:00:00Z,1.2939000000,1.2944700000,1.2921700000,1.2940000000,11684,LONDON,false
2025-03-21T12:00:00Z,1.2940000000,1.2954700000,1.2931900000,1.2936300000,12009,OTHER,false
2025-03-21T16:00:00Z,1.2936300000,1.2938500000,1.2887200000,1.2920100000,17249,OTHER,false
2025-03-21T20:00:00Z,1.2920100000,1.2929000000,1.2908500000,1.2911600000,7588,OTHER,false
2025-03-24T00:00:00Z,1.2890400000,1.2933600000,1.2887000000,1.2933200000,5620,OTHER,false
2025-03-24T04:00:00Z,1.2933000000,1.2934300000,1.2910600000,1.2916000000,8550,OTHER,false
2025-03-24T08:00:00Z,1.2916000000,1.2956700000,1.2912100000,1.2952400000,11859,LONDON,false
2025-03-24T12:00:00Z,1.2952600000,1.2973600000,1.2939000000,1.2943100000,14028,OTHER,false
2025-03-24T16:00:00Z,1.2943100000,1.2949200000,1.2894900000,1.2903100000,18499,OTHER,false
2025-03-24T20:00:00Z,1.2902900000,1.2929200000,1.2899900000,1.2922400000,7499,OTHER,false
2025-03-25T00:00:00Z,1.2919600000,1.2923600000,1.2915600000,1.2916400000,3003,OTHER,false
2025-03-25T04:00:00Z,1.2916400000,1.2928100000,1.2911200000,1.2922800000,6902,OTHER,false
2025-03-25T08:00:00Z,1.2922800000,1.2927200000,1.2901400000,1.2911900000,10198,LONDON,false
2025-03-25T12:00:00Z,1.2911700000,1.2960100000,1.2910200000,1.2954300000,13252,OTHER,false
2025-03-25T16:00:00Z,1.2954300000,1.2960100000,1.2932500000,1.2956700000,15247,OTHER,false
2025-03-25T20:00:00Z,1.2957100000,1.2966300000,1.2939000000,1.2942900000,7597,OTHER,false
2025-03-26T00:00:00Z,1.2941200000,1.2948200000,1.2932500000,1.2932500000,3619,OTHER,false
2025-03-26T04:00:00Z,1.2932500000,1.2945500000,1.2926500000,1.2934200000,7384,OTHER,false
2025-03-26T08:00:00Z,1.2934200000,1.2942600000,1.2885600000,1.2906500000,12665,LONDON,false
2025-03-26T12:00:00Z,1.2906700000,1.2912600000,1.2882900000,1.2892500000,14497,OTHER,false
2025-03-26T16:00:00Z,1.2892600000,1.2908800000,1.2873700000,1.2895200000,16356,OTHER,false
2025-03-26T20:00:00Z,1.2895300000,1.2896700000,1.2878900000,1.2887700000,8657,OTHER,false
2025-03-27T00:00:00Z,1.2884400000,1.2890100000,1.2870300000,1.2888400000,5454,OTHER,false
2025-03-27T04:00:00Z,1.2888400000,1.2924900000,1.2888400000,1.2920400000,7511,OTHER,false
2025-03-27T08:00:00Z,1.2920400000,1.2928700000,1.2900800000,1.2922900000,12893,LONDON,false
2025-03-27T12:00:00Z,1.2922900000,1.2966400000,1.2910800000,1.2944200000,13625,OTHER,false
2025-03-27T16:00:00Z,1.2944300000,1.2991500000,1.2922100000,1.2956200000,18678,OTHER,false
2025-03-27T20:00:00Z,1.2956300000,1.2966100000,1.2945100000,1.2947600000,6979,OTHER,false
2025-03-28T00:00:00Z,1.2942900000,1.2952600000,1.2940000000,1.2948000000,5598,OTHER,false
2025-03-28T04:00:00Z,1.2948000000,1.2952500000,1.2940500000,1.2941000000,9038,OTHER,false
2025-03-28T08:00:00Z,1.2941000000,1.2967700000,1.2936900000,1.2946000000,11633,LONDON,false
2025-03-28T12:00:00Z,1.2946000000,1.2956300000,1.2921700000,1.2943300000,13087,OTHER,false
2025-03-28T16:00:00Z,1.2943300000,1.2967500000,1.2933700000,1.2943000000,19328,OTHER,false
2025-03-28T20:00:00Z,1.2943000000,1.2947400000,1.2928600000,1.2941200000,8053,OTHER,false
2025-03-31T00:00:00Z,1.2928300000,1.2959100000,1.2921700000,1.2959100000,9152,OTHER,false
2025-03-31T04:00:00Z,1.2958800000,1.2970900000,1.2954500000,1.2956200000,12363,OTHER,false
2025-03-31T08:00:00Z,1.2956200000,1.2972200000,1.2934800000,1.2943900000,15907,LONDON,false
2025-03-31T12:00:00Z,1.2943700000,1.2958800000,1.2917500000,1.2931700000,13482,OTHER,false
2025-03-31T16:00:00Z,1.2931800000,1.2940700000,1.2885700000,1.2906600000,19786,OTHER,false
2025-03-31T20:00:00Z,1.2906000000,1.2923700000,1.2904100000,1.2916400000,9122,OTHER,false
2025-04-01T00:00:00Z,1.2909600000,1.2926800000,1.2909500000,1.2925900000,6873,OTHER,false
2025-04-01T04:00:00Z,1.2925800000,1.2940100000,1.2917000000,1.2936800000,12752,OTHER,false
2025-04-01T08:00:00Z,1.2936900000,1.2937200000,1.2902000000,1.2925500000,14530,LONDON,false
2025-04-01T12:00:00Z,1.2925400000,1.2937700000,1.2884900000,1.2889200000,16668,OTHER,false
2025-04-01T16:00:00Z,1.2889200000,1.2929300000,1.2878700000,1.2926000000,19889,OTHER,false
2025-04-01T20:00:00Z,1.2926000000,1.2932300000,1.2907600000,1.2922700000,9033,OTHER,false
2025-04-02T00:00:00Z,1.2915900000,1.2932400000,1.2909300000,1.2910200000,7303,OTHER,false
2025-04-02T04:00:00Z,1.2910300000,1.2930000000,1.2905500000,1.2917900000,9882,OTHER,false
2025-04-02T08:00:00Z,1.2917900000,1.2924000000,1.2899700000,1.2920000000,12036,LONDON,false
2025-04-02T12:00:00Z,1.2920100000,1.2949500000,1.2919100000,1.2942800000,13056,OTHER,false
2025-04-02T16:00:00Z,1.2942600000,1.2978500000,1.2933500000,1.2970000000,18071,OTHER,false
2025-04-02T20:00:00Z,1.2969900000,1.3024500000,1.2953300000,1.2998600000,17073,OTHER,false
2025-04-03T00:00:00Z,1.2997800000,1.3056700000,1.2970000000,1.3039600000,21855,OTHER,false
2025-04-03T04:00:00Z,1.3039600000,1.3076400000,1.3036500000,1.3058100000,19749,OTHER,false
2025-04-03T08:00:00Z,1.3058100000,1.3168200000,1.3057200000,1.3161800000,25538,LONDON,false
2025-04-03T12:00:00Z,1.3161800000,1.3206300000,1.3137200000,1.3157500000,30366,OTHER,false
2025-04-03T16:00:00Z,1.3157600000,1.3195800000,1.3103600000,1.3104500000,29653,OTHER,false
2025-04-03T20:00:00Z,1.3104200000,1.3108100000,1.3079300000,1.3098300000,13174,OTHER,false
2025-04-04T00:00:00Z,1.3088500000,1.3107900000,1.3082800000,1.3100900000,12575,OTHER,false
2025-04-04T04:00:00Z,1.3100900000,1.3109100000,1.3080100000,1.3097000000,19590,OTHER,false
2025-04-04T08:00:00Z,1.3097000000,1.3113100000,1.2974600000,1.2982300000,26903,LONDON,false
2025-04-04T12:00:00Z,1.2982300000,1.3048700000,1.2961900000,1.3000600000,39992,OTHER,false
2025-04-04T16:00:00Z,1.3000600000,1.3017100000,1.2887300000,1.2894400000,39776,OTHER,false
2025-04-04T20:00:00Z,1.2894600000,1.2913900000,1.2852800000,1.2891800000,22356,OTHER,false
2025-04-07T00:00:00Z,1.2832100000,1.2931600000,1.2823000000,1.2908700000,25059,OTHER,false
2025-04-07T04:00:00Z,1.2908800000,1.2915800000,1.2849500000,1.2902100000,27870,OTHER,false
2025-04-07T08:00:00Z,1.2902200000,1.2933100000,1.2864600000,1.2870700000,35421,LONDON,false
2025-04-07T12:00:00Z,1.2870700000,1.2876400000,1.2803200000,1.2836900000,34542,OTHER,false
2025-04-07T16:00:00Z,1.2836900000,1.2846300000,1.2709600000,1.2729600000,40558,OTHER,false
2025-04-07T20:00:00Z,1.2730100000,1.2777500000,1.2708000000,1.2721000000,23742,OTHER,false
2025-04-08T00:00:00Z,1.2712700000,1.2765000000,1.2712700000,1.2751200000,11981,OTHER,false
2025-04-08T04:00:00Z,1.2751100000,1.2791600000,1.2750900000,1.2785500000,19160,OTHER,false
2025-04-08T08:00:00Z,1.2785500000,1.2795800000,1.2745000000,1.2752200000,25018,LONDON,false
2025-04-08T12:00:00Z,1.2752200000,1.2795500000,1.2723800000,1.2775600000,25813,OTHER,false
2025-04-08T16:00:00Z,1.2775300000,1.2793100000,1.2743400000,1.2772300000,30971,OTHER,false
2025-04-08T20:00:00Z,1.2771700000,1.2813900000,1.2754400000,1.2763400000,22969,OTHER,false
2025-04-09T00:00:00Z,1.2755100000,1.2815200000,1.2752600000,1.2814300000,15134,OTHER,false
2025-04-09T04:00:00Z,1.2814300000,1.2856400000,1.2812800000,1.2854700000,27780,OTHER,false
2025-04-09T08:00:00Z,1.2854600000,1.2863400000,1.2786100000,1.2824700000,33073,LONDON,false
2025-04-09T12:00:00Z,1.2824800000,1.2836500000,1.2769700000,1.2803100000,30856,OTHER,false
2025-04-09T16:00:00Z,1.2803200000,1.2814100000,1.2750900000,1.2764700000,28714,OTHER,false
2025-04-09T20:00:00Z,1.2764500000,1.2837100000,1.2742600000,1.2829300000,36207,OTHER,false
2025-04-10T00:00:00Z,1.2809700000,1.2846400000,1.2802400000,1.2843500000,18142,OTHER,false
2025-04-10T04:00:00Z,1.2843600000,1.2860500000,1.2821400000,1.2858900000,21799,OTHER,false
2025-04-10T08:00:00Z,1.2858900000,1.2881000000,1.2844700000,1.2868900000,26782,LONDON,false
2025-04-10T12:00:00Z,1.2868900000,1.2956300000,1.2860500000,1.2924200000,28115,OTHER,false
2025-04-10T16:00:00Z,1.2924700000,1.2978200000,1.2891700000,1.2953800000,32870,OTHER,false
2025-04-10T20:00:00Z,1.2953700000,1.2995400000,1.2931000000,1.2969500000,23657,OTHER,false
2025-04-11T00:00:00Z,1.2962100000,1.3046900000,1.2961700000,1.3016100000,20673,OTHER,false
2025-04-11T04:00:00Z,1.3016100000,1.3046700000,1.2993600000,1.3020600000,29722,OTHER,false
2025-04-11T08:00:00Z,1.3020700000,1.3133100000,1.2984500000,1.3108400000,33803,LONDON,false
2025-04-11T12:00:00Z,1.3108300000,1.3144300000,1.3055900000,1.3122300000,32379,OTHER,false
2025-04-11T16:00:00Z,1.3122300000,1.3133900000,1.3030100000,1.3050900000,35388,OTHER,false
2025-04-11T20:00:00Z,1.3050900000,1.3083100000,1.3043100000,1.3078300000,18981,OTHER,false
2025-04-14T00:00:00Z,1.3082500000,1.3106200000,1.3061400000,1.3096900000,16018,OTHER,false
2025-04-14T04:00:00Z,1.3097000000,1.3127900000,1.3095000000,1.3103900000,21312,OTHER,false
2025-04-14T08:00:00Z,1.3103900000,1.3186900000,1.3095500000,1.3170500000,22949,LONDON,false
2025-04-14T12:00:00Z,1.3170600000,1.3200500000,1.3140700000,1.3144900000,20748,OTHER,false
2025-04-14T16:00:00Z,1.3145100000,1.3191900000,1.3122300000,1.3166000000,26872,OTHER,false
2025-04-14T20:00:00Z,1.3165900000,1.3199000000,1.3165700000,1.3185300000,14157,OTHER,false
2025-04-15T00:00:00Z,1.3181000000,1.3197300000,1.3163300000,1.3173100000,9699,OTHER,false
2025-04-15T04:00:00Z,1.3173100000,1.3217400000,1.3168800000,1.3211100000,12790,OTHER,false
2025-04-15T08:00:00Z,1.3211000000,1.3238400000,1.3183600000,1.3229700000,20202,LONDON,false
2025-04-15T12:00:00Z,1.3229700000,1.3251100000,1.3218100000,1.3222800000,18281,OTHER,false
2025-04-15T16:00:00Z,1.3222800000,1.3245900000,1.3204500000,1.3212000000,23984,OTHER,false
2025-04-15T20:00:00Z,1.3212000000,1.3234400000,1.3205500000,1.3232400000,12233,OTHER,false
2025-04-16T00:00:00Z,1.3218700000,1.3253400000,1.3212200000,1.3245900000,10309,OTHER,false
2025-04-16T04:00:00Z,1.3245900000,1.3266600000,1.3242400000,1.3264000000,14949,OTHER,false
2025-04-16T08:00:00Z,1.3264000000,1.3290400000,1.3256500000,1.3288500000,22125,LONDON,false
2025-04-16T12:00:00Z,1.3288600000,1.3291700000,1.3249900000,1.3259600000,20693,OTHER,false
2025-04-16T16:00:00Z,1.3259500000,1.3270900000,1.3226000000,1.3233100000,21217,OTHER,false
2025-04-16T20:00:00Z,1.3233100000,1.3248900000,1.3211500000,1.3240200000,18290,OTHER,false
2025-04-17T00:00:00Z,1.3232600000,1.3243500000,1.3210600000,1.3211600000,10947,OTHER,false
2025-04-17T04:00:00Z,1.3211700000,1.3229300000,1.3202000000,1.3209400000,13619,OTHER,false
2025-04-17T08:00:00Z,1.3209400000,1.3247200000,1.3203000000,1.3239000000,18033,LONDON,false
2025-04-17T12:00:00Z,1.3239000000,1.3249700000,1.3216200000,1.3248700000,18975,OTHER,false
2025-04-17T16:00:00Z,1.3249000000,1.3272700000,1.3226800000,1.3257600000,23780,OTHER,false
2025-04-17T20:00:00Z,1.3257600000,1.3271700000,1.3246100000,1.3266200000,10471,OTHER,false
2025-04-18T00:00:00Z,1.3262800000,1.3284200000,1.3251100000,1.3280800000,13028,OTHER,false
2025-04-18T04:00:00Z,1.3280900000,1.3283100000,1.3262400000,1.3268800000,51043,OTHER,false
2025-04-18T08:00:00Z,1.3268500000,1.3279100000,1.3257100000,1.3270300000,49581,LONDON,false
2025-04-18T12:00:00Z,1.3270400000,1.3279700000,1.3265000000,1.3276100000,46737,OTHER,false
2025-04-18T16:00:00Z,1.3276100000,1.3285500000,1.3269800000,1.3282400000,39993,OTHER,false
2025-04-18T20:00:00Z,1.3282100000,1.3298500000,1.3276800000,1.3292200000,30827,OTHER,false
2025-04-21T00:00:00Z,1.3273600000,1.3355100000,1.3270600000,1.3345700000,12349,OTHER,false
2025-04-21T04:00:00Z,1.3345700000,1.3386200000,1.3341600000,1.3382600000,14003,OTHER,false
2025-04-21T08:00:00Z,1.3382600000,1.3415500000,1.3371500000,1.3414200000,16220,LONDON,false
2025-04-21T12:00:00Z,1.3414100000,1.3421400000,1.3378800000,1.3403600000,15579,OTHER,false
2025-04-21T16:00:00Z,1.3403400000,1.3408200000,1.3374700000,1.3378600000,18144,OTHER,false
2025-04-21T20:00:00Z,1.3378600000,1.3383800000,1.3362000000,1.3379700000,10116,OTHER,false
2025-04-22T00:00:00Z,1.3365300000,1.3384100000,1.3361000000,1.3370000000,8254,OTHER,false
2025-04-22T04:00:00Z,1.3370000000,1.3409400000,1.3369900000,1.3401600000,11195,OTHER,false
2025-04-22T08:00:00Z,1.3401600000,1.3423100000,1.3368400000,1.3387100000,20160,LONDON,false
2025-04-22T12:00:00Z,1.3387200000,1.3390100000,1.3355200000,1.3371100000,17681,OTHER,false
2025-04-22T16:00:00Z,1.3371500000,1.3389600000,1.3342400000,1.3345600000,20886,OTHER,false
2025-04-22T20:00:00Z,1.3345600000,1.3354200000,1.3324900000,1.3329100000,13091,OTHER,false
2025-04-23T00:00:00Z,1.3326200000,1.3334300000,1.3233300000,1.3305200000,14952,OTHER,false
2025-04-23T04:00:00Z,1.3305500000,1.3317100000,1.3286400000,1.3304900000,12428,OTHER,false
2025-04-23T08:00:00Z,1.3305000000,1.3327900000,1.3279600000,1.3319200000,19806,LONDON,false
2025-04-23T12:00:00Z,1.3319100000,1.3338400000,1.3289900000,1.3303300000,18459,OTHER,false
2025-04-23T16:00:00Z,1.3303300000,1.3319100000,1.3249500000,1.3260300000,27808,OTHER,false
2025-04-23T20:00:00Z,1.3260200000,1.3276800000,1.3249300000,1.3253900000,13027,OTHER,false
2025-04-24T00:00:00Z,1.3247200000,1.3278800000,1.3244000000,1.3276400000,8158,OTHER,false
2025-04-24T04:00:00Z,1.3276400000,1.3286000000,1.3264500000,1.3269900000,10638,OTHER,false
2025-04-24T08:00:00Z,1.3269800000,1.3309200000,1.3264000000,1.3301000000,16012,LONDON,false
2025-04-24T12:00:00Z,1.3300900000,1.3320300000,1.3296800000,1.3300700000,15024,OTHER,false
2025-04-24T16:00:00Z,1.3301600000,1.3331900000,1.3289600000,1.3328300000,18416,OTHER,false
2025-04-24T20:00:00Z,1.3328200000,1.3348100000,1.3314600000,1.3339500000,9306,OTHER,false
2025-04-25T00:00:00Z,1.3334100000,1.3339500000,1.3305300000,1.3306500000,8061,OTHER,false
2025-04-25T04:00:00Z,1.3306500000,1.3317000000,1.3278800000,1.3286600000,13311,OTHER,false
2025-04-25T08:00:00Z,1.3286700000,1.3313300000,1.3273500000,1.3301700000,15428,LONDON,false
2025-04-25T12:00:00Z,1.3301800000,1.3325700000,1.3286400000,1.3322400000,11246,OTHER,false
2025-04-25T16:00:00Z,1.3322500000,1.3331800000,1.3297200000,1.3318600000,14197,OTHER,false
2025-04-25T20:00:00Z,1.3318600000,1.3331700000,1.3309100000,1.3309400000,8188,OTHER,false
2025-04-28T00:00:00Z,1.3298100000,1.3311200000,1.3287600000,1.3299600000,7355,OTHER,false
2025-04-28T04:00:00Z,1.3299600000,1.3315100000,1.3279500000,1.3314700000,9906,OTHER,false
2025-04-28T08:00:00Z,1.3314700000,1.3333400000,1.3287600000,1.3328500000,14909,LONDON,false
2025-04-28T12:00:00Z,1.3328500000,1.3354100000,1.3328500000,1.3342100000,13874,OTHER,false
2025-04-28T16:00:00Z,1.3342100000,1.3419800000,1.3340500000,1.3412300000,18476,OTHER,false
2025-04-28T20:00:00Z,1.3412300000,1.3443000000,1.3410400000,1.3442000000,10065,OTHER,false
2025-04-29T00:00:00Z,1.3428700000,1.3443400000,1.3421900000,1.3425400000,7136,OTHER,false
2025-04-29T04:00:00Z,1.3425400000,1.3442200000,1.3393100000,1.3395200000,11794,OTHER,false
2025-04-29T08:00:00Z,1.3395200000,1.3425500000,1.3395200000,1.3410400000,13427,LONDON,false
2025-04-29T12:00:00Z,1.3410400000,1.3414000000,1.3379900000,1.3409100000,11856,OTHER,false
2025-04-29T16:00:00Z,1.3408900000,1.3420700000,1.3387700000,1.3406600000,16935,OTHER,false
2025-04-29T20:00:00Z,1.3406500000,1.3410400000,1.3392600000,1.3406800000,9807,OTHER,false
2025-04-30T00:00:00Z,1.3396000000,1.3414300000,1.3396000000,1.3401600000,7037,OTHER,false
2025-04-30T04:00:00Z,1.3401800000,1.3410900000,1.3381500000,1.3390300000,10621,OTHER,false
2025-04-30T08:00:00Z,1.3390300000,1.3406000000,1.3362500000,1.3366700000,13527,LONDON,false
2025-04-30T12:00:00Z,1.3366800000,1.3373900000,1.3342700000,1.3351600000,15499,OTHER,false
2025-04-30T16:00:00Z,1.3351500000,1.3358200000,1.3308500000,1.3345900000,20768,OTHER,false
2025-04-30T20:00:00Z,1.3345900000,1.3357500000,1.3318300000,1.3328200000,11625,OTHER,false
2025-05-01T00:00:00Z,1.3321400000,1.3330300000,1.3317100000,1.3318500000,7033,OTHER,false
2025-05-01T04:00:00Z,1.3318600000,1.3318900000,1.3292300000,1.3292900000,9352,OTHER,false
2025-05-01T08:00:00Z,1.3292900000,1.3332800000,1.3274100000,1.3324400000,13574,LONDON,false
2025-05-01T12:00:00Z,1.3324400000,1.3344900000,1.3311300000,1.3315600000,13789,OTHER,false
2025-05-01T16:00:00Z,1.3315500000,1.3326600000,1.3261200000,1.3280300000,18445,OTHER,false
2025-05-01T20:00:00Z,1.3280400000,1.3286200000,1.3259700000,1.3277800000,9745,OTHER,false
2025-05-02T00:00:00Z,1.3266500000,1.3289500000,1.3266300000,1.3278600000,7912,OTHER,false
2025-05-02T04:00:00Z,1.3278500000,1.3313100000,1.3275000000,1.3307300000,12219,OTHER,false
2025-05-02T08:00:00Z,1.3307500000,1.3321200000,1.3281800000,1.3291300000,14615,LONDON,false
2025-05-02T12:00:00Z,1.3291300000,1.3315200000,1.3258200000,1.3290200000,17362,OTHER,false
2025-05-02T16:00:00Z,1.3290300000,1.3330100000,1.3275800000,1.3282900000,22496,OTHER,false
2025-05-02T20:00:00Z,1.3282900000,1.3293500000,1.3262500000,1.3270400000,10294,OTHER,false
2025-05-05T00:00:00Z,1.3257000000,1.3275500000,1.3250900000,1.3270800000,7503,OTHER,false
2025-05-05T04:00:00Z,1.3270900000,1.3300000000,1.3270800000,1.3294800000,10836,OTHER,false
2025-05-05T08:00:00Z,1.3294700000,1.3306100000,1.3274900000,1.3281300000,13574,LONDON,false
2025-05-05T12:00:00Z,1.3281600000,1.3335000000,1.3281600000,1.3330200000,13016,OTHER,false
2025-05-05T16:00:00Z,1.3330500000,1.3336000000,1.3269500000,1.3273500000,16291,OTHER,false
2025-05-05T20:00:00Z,1.3273500000,1.3299100000,1.3271400000,1.3295300000,8299,OTHER,false
2025-05-06T00:00:00Z,1.3289500000,1.3297200000,1.3266700000,1.3269000000,6109,OTHER,false
2025-05-06T04:00:00Z,1.3268500000,1.3304900000,1.3259500000,1.3301800000,12409,OTHER,false
2025-05-06T08:00:00Z,1.3301900000,1.3333200000,1.3284800000,1.3314500000,15691,LONDON,false
2025-05-06T12:00:00Z,1.3314300000,1.3401900000,1.3307300000,1.3395900000,14786,OTHER,false
2025-05-06T16:00:00Z,1.3395900000,1.3396800000,1.3351000000,1.3357600000,17029,OTHER,false
2025-05-06T20:00:00Z,1.3357900000,1.3386100000,1.3355900000,1.3367100000,9990,OTHER,false
2025-05-07T00:00:00Z,1.3362100000,1.3377600000,1.3332700000,1.3351200000,11595,OTHER,false
2025-05-07T04:00:00Z,1.3351200000,1.3361500000,1.3335000000,1.3341900000,14018,OTHER,false
2025-05-07T08:00:00Z,1.3341900000,1.3366800000,1.3334900000,1.3335400000,14732,LONDON,false
2025-05-07T12:00:00Z,1.3335200000,1.3367500000,1.3322200000,1.3366100000,12250,OTHER,false
2025-05-07T16:00:00Z,1.3366100000,1.3376300000,1.3332100000,1.3347400000,14316,OTHER,false
2025-05-07T20:00:00Z,1.3347400000,1.3352500000,1.3279300000,1.3291900000,17174,OTHER,false
2025-05-08T00:00:00Z,1.3285400000,1.3306500000,1.3284700000,1.3295100000,6671,OTHER,false
2025-05-08T04:00:00Z,1.3295100000,1.3355600000,1.3293000000,1.3331400000,13275,OTHER,false
2025-05-08T08:00:00Z,1.3331500000,1.3332300000,1.3260600000,1.3265600000,18894,LONDON,false
2025-05-08T12:00:00Z,1.3265600000,1.3341700000,1.3239500000,1.3323400000,16958,OTHER,false
2025-05-08T16:00:00Z,1.3323300000,1.3344800000,1.3261200000,1.3265300000,20201,OTHER,false
2025-05-08T20:00:00Z,1.3265300000,1.3266800000,1.3235900000,1.3245300000,10324,OTHER,false
2025-05-09T00:00:00Z,1.3238900000,1.3250600000,1.3218900000,1.3239300000,7366,OTHER,false
2025-05-09T04:00:00Z,1.3239000000,1.3241800000,1.3211300000,1.3235600000,12929,OTHER,false
2025-05-09T08:00:00Z,1.3235500000,1.3270700000,1.3223200000,1.3269700000,12916,LONDON,false
2025-05-09T12:00:00Z,1.3269700000,1.3286500000,1.3261400000,1.3284800000,12099,OTHER,false
2025-05-09T16:00:00Z,1.3284500000,1.3322000000,1.3283300000,1.3306500000,13953,OTHER,false
2025-05-09T20:00:00Z,1.3306200000,1.3318300000,1.3296000000,1.3300100000,7001,OTHER,false
2025-05-12T00:00:00Z,1.3258300000,1.3294600000,1.3250500000,1.3288400000,9131,OTHER,false
2025-05-12T04:00:00Z,1.3288300000,1.3293600000,1.3274600000,1.3285700000,13090,OTHER,false
2025-05-12T08:00:00Z,1.3285700000,1.3298800000,1.3158800000,1.3193800000,21539,LONDON,false
2025-05-12T12:00:00Z,1.3193900000,1.3203800000,1.3139300000,1.3195700000,18867,OTHER,false
2025-05-12T16:00:00Z,1.3195700000,1.3214900000,1.3176400000,1.3177300000,18615,OTHER,false
2025-05-12T20:00:00Z,1.3177300000,1.3184000000,1.3161600000,1.3176100000,10080,OTHER,false
2025-05-13T00:00:00Z,1.3164700000,1.3184900000,1.3163700000,1.3177700000,7674,OTHER,false
2025-05-13T04:00:00Z,1.3177700000,1.3200600000,1.3174400000,1.3200600000,12549,OTHER,false
2025-05-13T08:00:00Z,1.3200400000,1.3216400000,1.3189000000,1.3211100000,15147,LONDON,false
2025-05-13T12:00:00Z,1.3211400000,1.3244000000,1.3201500000,1.3242900000,13651,OTHER,false
2025-05-13T16:00:00Z,1.3242700000,1.3293900000,1.3220800000,1.3291900000,18487,OTHER,false
2025-05-13T20:00:00Z,1.3291900000,1.3315500000,1.3286700000,1.3303000000,8343,OTHER,false
2025-05-14T00:00:00Z,1.3303000000,1.3315900000,1.3298400000,1.3313100000,7755,OTHER,false
2025-05-14T04:00:00Z,1.3313100000,1.3319400000,1.3297500000,1.3303600000,12133,OTHER,false
2025-05-14T08:00:00Z,1.3303600000,1.3358200000,1.3290400000,1.3346500000,17113,LONDON,false
2025-05-14T12:00:00Z,1.3346400000,1.3359600000,1.3315600000,1.3324600000,16345,OTHER,false
2025-05-14T16:00:00Z,1.3324500000,1.3328700000,1.3270200000,1.3281900000,20147,OTHER,false
2025-05-14T20:00:00Z,1.3281900000,1.3287700000,1.3252700000,1.3260600000,10011,OTHER,false
2025-05-15T00:00:00Z,1.3248700000,1.3274000000,1.3248400000,1.3271900000,7556,OTHER,false
2025-05-15T04:00:00Z,1.3271900000,1.3285900000,1.3271600000,1.3273900000,12045,OTHER,false
2025-05-15T08:00:00Z,1.3273900000,1.3304500000,1.3261700000,1.3289100000,15773,LONDON,false
2025-05-15T12:00:00Z,1.3289100000,1.3308500000,1.3266500000,1.3304900000,14858,OTHER,false
2025-05-15T16:00:00Z,1.3304700000,1.3319100000,1.3263200000,1.3288500000,19073,OTHER,false
2025-05-15T20:00:00Z,1.3288200000,1.3308300000,1.3286000000,1.3305500000,8945,OTHER,false
2025-05-16T00:00:00Z,1.3294600000,1.3317100000,1.3294600000,1.3313600000,8053,OTHER,false
2025-05-16T04:00:00Z,1.3313700000,1.3318800000,1.3305700000,1.3317900000,11604,OTHER,false
2025-05-16T08:00:00Z,1.3317900000,1.3332200000,1.3301000000,1.3304100000,12881,LONDON,false
2025-05-16T12:00:00Z,1.3303700000,1.3308500000,1.3272900000,1.3282600000,11993,OTHER,false
2025-05-16T16:00:00Z,1.3282700000,1.3298700000,1.3249800000,1.3268000000,16760,OTHER,false
2025-05-16T20:00:00Z,1.3268000000,1.3286400000,1.3267000000,1.3282300000,8996,OTHER,false
2025-05-19T00:00:00Z,1.3260100000,1.3312900000,1.3260100000,1.3312300000,8252,OTHER,false
2025-05-19T04:00:00Z,1.3312100000,1.3313400000,1.3289700000,1.3298500000,12661,OTHER,false
2025-05-19T08:00:00Z,1.3298500000,1.3372200000,1.3292300000,1.3367200000,16085,LONDON,false
2025-05-19T12:00:00Z,1.3367100000,1.3403100000,1.3362200000,1.3370500000,16124,OTHER,false
2025-05-19T16:00:00Z,1.3370500000,1.3375100000,1.3345000000,1.3354300000,16802,OTHER,false
2025-05-19T20:00:00Z,1.3354300000,1.3363800000,1.3344500000,1.3360100000,8742,OTHER,false
2025-05-20T00:00:00Z,1.3350300000,1.3361400000,1.3344100000,1.3355400000,7630,OTHER,false
2025-05-20T04:00:00Z,1.3355500000,1.3373300000,1.3346500000,1.3363300000,13695,OTHER,false
2025-05-20T08:00:00Z,1.3363400000,1.3394400000,1.3363100000,1.3372900000,16244,LONDON,false
2025-05-20T12:00:00Z,1.3372800000,1.3383500000,1.3334900000,1.3339700000,13028,OTHER,false
2025-05-20T16:00:00Z,1.3339800000,1.3373700000,1.3334200000,1.3370900000,17433,OTHER,false
2025-05-20T20:00:00Z,1.3370900000,1.3393400000,1.3369200000,1.3392300000,8897,OTHER,false
2025-05-21T00:00:00Z,1.3381500000,1.3411200000,1.3376500000,1.3407900000,7578,OTHER,false
2025-05-21T04:00:00Z,1.3407800000,1.3435100000,1.3398000000,1.3429900000,13070,OTHER,false
2025-05-21T08:00:00Z,1.3429900000,1.3468400000,1.3390000000,1.3398400000,17536,LONDON,false
2025-05-21T12:00:00Z,1.3398700000,1.3437700000,1.3388200000,1.3422000000,17113,OTHER,false
2025-05-21T16:00:00Z,1.3422200000,1.3451000000,1.3414300000,1.3446400000,17765,OTHER,false
2025-05-21T20:00:00Z,1.3446400000,1.3452200000,1.3412600000,1.3418200000,13358,OTHER,false
2025-05-22T00:00:00Z,1.3411100000,1.3431100000,1.3404100000,1.3424300000,7929,OTHER,false
2025-05-22T04:00:00Z,1.3424300000,1.3440600000,1.3415900000,1.3428400000,12260,OTHER,false
2025-05-22T08:00:00Z,1.3428400000,1.3440200000,1.3401000000,1.3401900000,16402,LONDON,false
2025-05-22T12:00:00Z,1.3401800000,1.3425900000,1.3390300000,1.3412500000,15979,OTHER,false
2025-05-22T16:00:00Z,1.3412600000,1.3435900000,1.3403200000,1.3417400000,18763,OTHER,false
2025-05-22T20:00:00Z,1.3417100000,1.3429500000,1.3403200000,1.3414600000,10248,OTHER,false
2025-05-23T00:00:00Z,1.3411400000,1.3435100000,1.3405300000,1.3431500000,5896,OTHER,false
2025-05-23T04:00:00Z,1.3431200000,1.3454700000,1.3429100000,1.3451500000,8542,OTHER,false
2025-05-23T08:00:00Z,1.3451500000,1.3491400000,1.3443300000,1.3487600000,12494,LONDON,false
2025-05-23T12:00:00Z,1.3487500000,1.3533200000,1.3473200000,1.3517600000,19625,OTHER,false
2025-05-23T16:00:00Z,1.3517400000,1.3523200000,1.3480100000,1.3521300000,18351,OTHER,false
2025-05-23T20:00:00Z,1.3521300000,1.3538900000,1.3520800000,1.3536900000,9889,OTHER,false
2025-05-26T00:00:00Z,1.3520600000,1.3560700000,1.3520200000,1.3560500000,8044,OTHER,false
2025-05-26T04:00:00Z,1.3560500000,1.3592800000,1.3553000000,1.3582200000,12351,OTHER,false
2025-05-26T08:00:00Z,1.3582100000,1.3592000000,1.3557400000,1.3563800000,12342,LONDON,false
2025-05-26T12:00:00Z,1.3563800000,1.3567700000,1.3550600000,1.3555300000,8268,OTHER,false
2025-05-26T16:00:00Z,1.3555400000,1.3567500000,1.3552000000,1.3563700000,6973,OTHER,false
2025-05-26T20:00:00Z,1.3563700000,1.3564600000,1.3557100000,1.3562500000,3809,OTHER,false
2025-05-27T00:00:00Z,1.3555400000,1.3584600000,1.3550100000,1.3581700000,5553,OTHER,false
2025-05-27T04:00:00Z,1.3581700000,1.3586400000,1.3553200000,1.3554700000,8817,OTHER,false
2025-05-27T08:00:00Z,1.3554800000,1.3572800000,1.3521100000,1.3536300000,17734,LONDON,false
2025-05-27T12:00:00Z,1.3536400000,1.3561800000,1.3533000000,1.3561400000,13280,OTHER,false
2025-05-27T16:00:00Z,1.3561300000,1.3564500000,1.3499800000,1.3506800000,16753,OTHER,false
2025-05-27T20:00:00Z,1.3506800000,1.3514700000,1.3501500000,1.3506100000,7825,OTHER,false
2025-05-28T00:00:00Z,1.3500400000,1.3522000000,1.3500400000,1.3514700000,4190,OTHER,false
2025-05-28T04:00:00Z,1.3514700000,1.3515900000,1.3470300000,1.3471900000,13625,OTHER,false
2025-05-28T08:00:00Z,1.3471900000,1.3510700000,1.3460600000,1.3508600000,14118,LONDON,false
2025-05-28T12:00:00Z,1.3508600000,1.3519100000,1.3465200000,1.3468600000,11857,OTHER,false
2025-05-28T16:00:00Z,1.3468700000,1.3488700000,1.3449200000,1.3474000000,17466,OTHER,false
2025-05-28T20:00:00Z,1.3474000000,1.3479100000,1.3461700000,1.3468400000,9276,OTHER,false
2025-05-29T00:00:00Z,1.3463500000,1.3470600000,1.3414700000,1.3427800000,12357,OTHER,false
2025-05-29T04:00:00Z,1.3427800000,1.3446000000,1.3418200000,1.3439400000,11670,OTHER,false
2025-05-29T08:00:00Z,1.3439400000,1.3474300000,1.3425500000,1.3459900000,14311,LONDON,false
2025-05-29T12:00:00Z,1.3460300000,1.3504600000,1.3457500000,1.3500800000,15649,OTHER,false
2025-05-29T16:00:00Z,1.3501000000,1.3506600000,1.3475800000,1.3492400000,19076,OTHER,false
2025-05-29T20:00:00Z,1.3492500000,1.3504000000,1.3486500000,1.3492400000,9406,OTHER,false
2025-05-30T00:00:00Z,1.3481000000,1.3509200000,1.3479800000,1.3495700000,7622,OTHER,false
2025-05-30T04:00:00Z,1.3495800000,1.3510600000,1.3467500000,1.3471200000,11293,OTHER,false
2025-05-30T08:00:00Z,1.3471200000,1.3485100000,1.3454500000,1.3465400000,13809,LONDON,false
2025-05-30T12:00:00Z,1.3465300000,1.3499000000,1.3461900000,1.3492200000,14495,OTHER,false
2025-05-30T16:00:00Z,1.3492700000,1.3493900000,1.3447400000,1.3460200000,20007,OTHER,false
2025-05-30T20:00:00Z,1.3460300000,1.3476000000,1.3454000000,1.3454200000,10402,OTHER,false
2025-06-02T00:00:00Z,1.3461100000,1.3491700000,1.3447500000,1.3487900000,6381,OTHER,false
2025-06-02T04:00:00Z,1.3487800000,1.3505200000,1.3472600000,1.3488100000,10191,OTHER,false
2025-06-02T08:00:00Z,1.3488100000,1.3557000000,1.3487500000,1.3542800000,15178,LONDON,false
2025-06-02T12:00:00Z,1.3542900000,1.3555000000,1.3526600000,1.3542100000,13991,OTHER,false
2025-06-02T16:00:00Z,1.3542300000,1.3559300000,1.3518000000,1.3522100000,18950,OTHER,false
2025-06-02T20:00:00Z,1.3521900000,1.3549300000,1.3516700000,1.3544600000,9225,OTHER,false
2025-06-03T00:00:00Z,1.3537200000,1.3558600000,1.3531100000,1.3547000000,5553,OTHER,false
2025-06-03T04:00:00Z,1.3546900000,1.3547000000,1.3514100000,1.3523500000,11629,OTHER,false
2025-06-03T08:00:00Z,1.3523700000,1.3537000000,1.3504500000,1.3514900000,12961,LONDON,false
2025-06-03T12:00:00Z,1.3515000000,1.3526200000,1.3491300000,1.3503200000,12827,OTHER,false
2025-06-03T16:00:00Z,1.3503400000,1.3533000000,1.3495800000,1.3517800000,17315,OTHER,false
2025-06-03T20:00:00Z,1.3518100000,1.3528800000,1.3513200000,1.3518400000,8126,OTHER,false
2025-06-04T00:00:00Z,1.3510500000,1.3532900000,1.3509500000,1.3526100000,5457,OTHER,false
2025-06-04T04:00:00Z,1.3526100000,1.3544000000,1.3510100000,1.3511600000,10374,OTHER,false
2025-06-04T08:00:00Z,1.3511800000,1.3545000000,1.3500300000,1.3539500000,13243,LONDON,false
2025-06-04T12:00:00Z,1.3539700000,1.3543700000,1.3511400000,1.3542800000,13479,OTHER,false
2025-06-04T16:00:00Z,1.3542500000,1.3579600000,1.3531000000,1.3570800000,17733,OTHER,false
2025-06-04T20:00:00Z,1.3570800000,1.3573100000,1.3544900000,1.3554500000,8610,OTHER,false
2025-06-05T00:00:00Z,1.3548000000,1.3559300000,1.3544300000,1.3559300000,5341,OTHER,false
2025-06-05T04:00:00Z,1.3559200000,1.3565300000,1.3540300000,1.3546800000,10807,OTHER,false
2025-06-05T08:00:00Z,1.3546900000,1.3573800000,1.3542000000,1.3566800000,11555,LONDON,false
2025-06-05T12:00:00Z,1.3566700000,1.3594300000,1.3559800000,1.3578500000,14397,OTHER,false
2025-06-05T16:00:00Z,1.3577800000,1.3615900000,1.3570600000,1.3585600000,21992,OTHER,false
2025-06-05T20:00:00Z,1.3585700000,1.3589000000,1.3566100000,1.3570400000,11013,OTHER,false
2025-06-06T00:00:00Z,1.3563700000,1.3584100000,1.3563300000,1.3578300000,4770,OTHER,false
2025-06-06T04:00:00Z,1.3578200000,1.3583300000,1.3565300000,1.3574400000,9691,OTHER,false
2025-06-06T08:00:00Z,1.3574300000,1.3574500000,1.3534100000,1.3537600000,11665,LONDON,false
2025-06-06T12:00:00Z,1.3537700000,1.3563200000,1.3516800000,1.3536400000,14098,OTHER,false
2025-06-06T16:00:00Z,1.3536000000,1.3547800000,1.3507100000,1.3518700000,20906,OTHER,false
2025-06-06T20:00:00Z,1.3519000000,1.3534000000,1.3515400000,1.3525600000,8938,OTHER,false
2025-06-09T00:00:00Z,1.3518100000,1.3539100000,1.3514800000,1.3530600000,3405,OTHER,false
2025-06-09T04:00:00Z,1.3530600000,1.3564800000,1.3530600000,1.3553900000,7043,OTHER,false
2025-06-09T08:00:00Z,1.3553900000,1.3577400000,1.3547900000,1.3572900000,9541,LONDON,false
2025-06-09T12:00:00Z,1.3572900000,1.3580800000,1.3533200000,1.3535800000,11393,OTHER,false
2025-06-09T16:00:00Z,1.3535900000,1.3563700000,1.3524100000,1.3558000000,13221,OTHER,false
2025-06-09T20:00:00Z,1.3558200000,1.3565200000,1.3547900000,1.3549400000,6058,OTHER,false
2025-06-10T00:00:00Z,1.3540200000,1.3563700000,1.3538900000,1.3553900000,5932,OTHER,false
2025-06-10T04:00:00Z,1.3554000000,1.3560000000,1.3519000000,1.3537500000,10020,OTHER,false
2025-06-10T08:00:00Z,1.3537500000,1.3545400000,1.3455600000,1.3487200000,16107,LONDON,false
2025-06-10T12:00:00Z,1.3487200000,1.3512200000,1.3479600000,1.3506600000,11858,OTHER,false
2025-06-10T16:00:00Z,1.3506500000,1.3536200000,1.3497400000,1.3498000000,14109,OTHER,false
2025-06-10T20:00:00Z,1.3498100000,1.3507600000,1.3489700000,1.3497400000,7209,OTHER,false
2025-06-11T00:00:00Z,1.3491600000,1.3509600000,1.3489300000,1.3491400000,7457,OTHER,false
2025-06-11T04:00:00Z,1.3491500000,1.3495100000,1.3474000000,1.3482000000,8926,OTHER,false
2025-06-11T08:00:00Z,1.3482000000,1.3495800000,1.3463900000,1.3493900000,11427,LONDON,false
2025-06-11T12:00:00Z,1.3493900000,1.3549300000,1.3484500000,1.3518100000,14192,OTHER,false
2025-06-11T16:00:00Z,1.3518200000,1.3557600000,1.3501300000,1.3549300000,17174,OTHER,false
2025-06-11T20:00:00Z,1.3549300000,1.3566800000,1.3535500000,1.3546800000,9436,OTHER,false
2025-06-12T00:00:00Z,1.3535900000,1.3587800000,1.3535900000,1.3582700000,6601,OTHER,false
2025-06-12T04:00:00Z,1.3582700000,1.3592800000,1.3566500000,1.3582000000,11038,OTHER,false
2025-06-12T08:00:00Z,1.3582000000,1.3589500000,1.3522100000,1.3565500000,15795,LONDON,false
2025-06-12T12:00:00Z,1.3565700000,1.3618800000,1.3559300000,1.3609900000,18061,OTHER,false
2025-06-12T16:00:00Z,1.3609800000,1.3623100000,1.3581600000,1.3591000000,18181,OTHER,false
2025-06-12T20:00:00Z,1.3590900000,1.3614800000,1.3583500000,1.3612100000,7278,OTHER,false
2025-06-13T00:00:00Z,1.3609700000,1.3631800000,1.3558300000,1.3569900000,11122,OTHER,false
2025-06-13T04:00:00Z,1.3569900000,1.3571200000,1.3529700000,1.3533700000,16553,OTHER,false
2025-06-13T08:00:00Z,1.3533700000,1.3569700000,1.3520900000,1.3558700000,16790,LONDON,false
2025-06-13T12:00:00Z,1.3558700000,1.3562300000,1.3522300000,1.3533500000,15819,OTHER,false
2025-06-13T16:00:00Z,1.3533500000,1.3602600000,1.3515800000,1.3594200000,15632,OTHER,false
2025-06-13T20:00:00Z,1.3594200000,1.3594200000,1.3558100000,1.3572800000,10929,OTHER,false
2025-06-16T00:00:00Z,1.3557100000,1.3561100000,1.3533900000,1.3549500000,9115,OTHER,false
2025-06-16T04:00:00Z,1.3549100000,1.3557800000,1.3534300000,1.3546500000,11624,OTHER,false
2025-06-16T08:00:00Z,1.3546500000,1.3592200000,1.3546500000,1.3578500000,14777,LONDON,false
2025-06-16T12:00:00Z,1.3578600000,1.3590500000,1.3573300000,1.3581900000,12539,OTHER,false
2025-06-16T16:00:00Z,1.3581900000,1.3621800000,1.3581900000,1.3607900000,17589,OTHER,false
2025-06-16T20:00:00Z,1.3608100000,1.3610400000,1.3572100000,1.3575900000,9458,OTHER,false
2025-06-17T00:00:00Z,1.3571300000,1.3579400000,1.3556800000,1.3566300000,8769,OTHER,false
2025-06-17T04:00:00Z,1.3566400000,1.3578800000,1.3558300000,1.3572600000,10865,OTHER,false
2025-06-17T08:00:00Z,1.3572700000,1.3578400000,1.3547800000,1.3547900000,13548,LONDON,false
2025-06-17T12:00:00Z,1.3547800000,1.3573500000,1.3541100000,1.3547100000,13529,OTHER,false
2025-06-17T16:00:00Z,1.3547500000,1.3564500000,1.3465600000,1.3470900000,18643,OTHER,false
2025-06-17T20:00:00Z,1.3471000000,1.3473900000,1.3414900000,1.3426400000,15680,OTHER,false
2025-06-18T00:00:00Z,1.3415900000,1.3438000000,1.3412700000,1.3430400000,8909,OTHER,false
2025-06-18T04:00:00Z,1.3430500000,1.3446600000,1.3426100000,1.3443100000,11060,OTHER,false
2025-06-18T08:00:00Z,1.3443100000,1.3476100000,1.3437400000,1.3452200000,13550,LONDON,false
2025-06-18T12:00:00Z,1.3452300000,1.3468000000,1.3437600000,1.3446700000,12114,OTHER,false
2025-06-18T16:00:00Z,1.3446700000,1.3475000000,1.3434500000,1.3456400000,18076,OTHER,false
2025-06-18T20:00:00Z,1.3456400000,1.3475900000,1.3399800000,1.3420700000,20117,OTHER,false
2025-06-19T00:00:00Z,1.3412800000,1.3427100000,1.3407400000,1.3414900000,9490,OTHER,false
2025-06-19T04:00:00Z,1.3415000000,1.3415400000,1.3386300000,1.3410700000,12986,OTHER,false
2025-06-19T08:00:00Z,1.3410700000,1.3428000000,1.3382100000,1.3426900000,14534,LONDON,false
2025-06-19T12:00:00Z,1.3426900000,1.3448900000,1.3403800000,1.3440500000,13900,OTHER,false
2025-06-19T16:00:00Z,1.3440600000,1.3445300000,1.3416600000,1.3424700000,11450,OTHER,false
2025-06-19T20:00:00Z,1.3424600000,1.3469500000,1.3424100000,1.3467000000,5758,OTHER,false
2025-06-20T00:00:00Z,1.3450600000,1.3489900000,1.3447600000,1.3487600000,8101,OTHER,false
2025-06-20T04:00:00Z,1.3487500000,1.3499300000,1.3476200000,1.3494900000,12108,OTHER,false
2025-06-20T08:00:00Z,1.3494900000,1.3500200000,1.3461800000,1.3490700000,14532,LONDON,false
2025-06-20T12:00:00Z,1.3490400000,1.3510600000,1.3484800000,1.3501000000,13766,OTHER,false
2025-06-20T16:00:00Z,1.3501100000,1.3505500000,1.3453000000,1.3470200000,17371,OTHER,false
2025-06-20T20:00:00Z,1.3470100000,1.3476000000,1.3439700000,1.3445900000,10368,OTHER,false
2025-06-23T00:00:00Z,1.3396600000,1.3441200000,1.3394400000,1.3421500000,11855,OTHER,false
2025-06-23T04:00:00Z,1.3421800000,1.3437500000,1.3402500000,1.3408900000,14664,OTHER,false
2025-06-23T08:00:00Z,1.3408800000,1.3447900000,1.3408800000,1.3413900000,17675,LONDON,false
2025-06-23T12:00:00Z,1.3413600000,1.3416600000,1.3369900000,1.3391500000,18057,OTHER,false
2025-06-23T16:00:00Z,1.3391500000,1.3505500000,1.3386700000,1.3491700000,22001,OTHER,false
2025-06-23T20:00:00Z,1.3491800000,1.3530200000,1.3489400000,1.3526500000,13150,OTHER,false
2025-06-24T00:00:00Z,1.3513500000,1.3554600000,1.3510100000,1.3547600000,11359,OTHER,false
2025-06-24T04:00:00Z,1.3547800000,1.3572300000,1.3534500000,1.3564700000,13006,OTHER,false
2025-06-24T08:00:00Z,1.3564600000,1.3603000000,1.3558700000,1.3599900000,18771,LONDON,false
2025-06-24T12:00:00Z,1.3599900000,1.3625800000,1.3593900000,1.3600500000,13404,OTHER,false
2025-06-24T16:00:00Z,1.3600500000,1.3647700000,1.3590400000,1.3624800000,18566,OTHER,false
2025-06-24T20:00:00Z,1.3624800000,1.3638300000,1.3612100000,1.3615500000,9343,OTHER,false
2025-06-25T00:00:00Z,1.3608400000,1.3619100000,1.3605600000,1.3616900000,6505,OTHER,false
2025-06-25T04:00:00Z,1.3616900000,1.3628700000,1.3610500000,1.3615600000,11600,OTHER,false
2025-06-25T08:00:00Z,1.3615800000,1.3633100000,1.3605800000,1.3621000000,13597,LONDON,false
2025-06-25T12:00:00Z,1.3621000000,1.3621600000,1.3590100000,1.3596300000,12756,OTHER,false
2025-06-25T16:00:00Z,1.3596400000,1.3642900000,1.3593500000,1.3639800000,14251,OTHER,false
2025-06-25T20:00:00Z,1.3639900000,1.3670800000,1.3635800000,1.3664200000,10335,OTHER,false
2025-06-26T00:00:00Z,1.3658900000,1.3694900000,1.3644400000,1.3689100000,6780,OTHER,false
2025-06-26T04:00:00Z,1.3689100000,1.3724200000,1.3676600000,1.3700400000,11602,OTHER,false
2025-06-26T08:00:00Z,1.3700400000,1.3764300000,1.3695800000,1.3749200000,17554,LONDON,false
2025-06-26T12:00:00Z,1.3749200000,1.3753000000,1.3699100000,1.3717900000,16751,OTHER,false
2025-06-26T16:00:00Z,1.3717900000,1.3770300000,1.3706600000,1.3754500000,19969,OTHER,false
2025-06-26T20:00:00Z,1.3754400000,1.3762700000,1.3722000000,1.3726900000,10702,OTHER,false
2025-06-27T00:00:00Z,1.3723100000,1.3734900000,1.3715600000,1.3730000000,7033,OTHER,false
2025-06-27T04:00:00Z,1.3729800000,1.3749500000,1.3722200000,1.3722400000,10539,OTHER,false
2025-06-27T08:00:00Z,1.3722400000,1.3749900000,1.3719700000,1.3742900000,14528,LONDON,false
2025-06-27T12:00:00Z,1.3743200000,1.3752100000,1.3719400000,1.3740100000,14789,OTHER,false
2025-06-27T16:00:00Z,1.3740200000,1.3746600000,1.3702800000,1.3707000000,16706,OTHER,false
2025-06-27T20:00:00Z,1.3707000000,1.3720600000,1.3682400000,1.3719900000,11634,OTHER,false
2025-06-30T00:00:00Z,1.3696400000,1.3727900000,1.3696100000,1.3713500000,8045,OTHER,false
2025-06-30T04:00:00Z,1.3713600000,1.3729900000,1.3710800000,1.3729000000,10248,OTHER,false
2025-06-30T08:00:00Z,1.3728700000,1.3740100000,1.3692500000,1.3699000000,14205,LONDON,false
2025-06-30T12:00:00Z,1.3698700000,1.3711300000,1.3684500000,1.3693000000,12093,OTHER,false
2025-06-30T16:00:00Z,1.3693000000,1.3722500000,1.3673700000,1.3713500000,17583,OTHER,false
2025-06-30T20:00:00Z,1.3713600000,1.3735100000,1.3702900000,1.3734300000,9079,OTHER,false
2025-07-01T00:00:00Z,1.3724800000,1.3741000000,1.3712400000,1.3740400000,5340,OTHER,false
2025-07-01T04:00:00Z,1.3740400000,1.3747900000,1.3723300000,1.3740500000,10248,OTHER,false
2025-07-01T08:00:00Z,1.3740500000,1.3783100000,1.3731500000,1.3773500000,14700,LONDON,false
2025-07-01T12:00:00Z,1.3773400000,1.3788200000,1.3740200000,1.3741000000,15596,OTHER,false
2025-07-01T16:00:00Z,1.3741000000,1.3743000000,1.3703100000,1.3723900000,18216,OTHER,false
2025-07-01T20:00:00Z,1.3724000000,1.3749800000,1.3720800000,1.3745900000,8689,OTHER,false
2025-07-02T00:00:00Z,1.3735600000,1.3748800000,1.3735600000,1.3747800000,4497,OTHER,false
2025-07-02T04:00:00Z,1.3747700000,1.3752100000,1.3731700000,1.3743700000,8414,OTHER,false
2025-07-02T08:00:00Z,1.3743600000,1.3745200000,1.3693700000,1.3697600000,13247,LONDON,false
2025-07-02T12:00:00Z,1.3697400000,1.3712500000,1.3588400000,1.3607400000,17976,OTHER,false
2025-07-02T16:00:00Z,1.3607100000,1.3631700000,1.3562400000,1.3630600000,17989,OTHER,false
2025-07-02T20:00:00Z,1.3630500000,1.3643700000,1.3626300000,1.3631900000,8210,OTHER,false
2025-07-03T00:00:00Z,1.3630600000,1.3665400000,1.3630600000,1.3646800000,5691,OTHER,false
2025-07-03T04:00:00Z,1.3646900000,1.3653300000,1.3622700000,1.3629000000,7865,OTHER,false
2025-07-03T08:00:00Z,1.3629100000,1.3675300000,1.3624700000,1.3663900000,12502,LONDON,false
2025-07-03T12:00:00Z,1.3663900000,1.3667500000,1.3585100000,1.3614600000,15870,OTHER,false
2025-07-03T16:00:00Z,1.3614700000,1.3673800000,1.3611100000,1.3650500000,19413,OTHER,false
2025-07-03T20:00:00Z,1.3649600000,1.3653200000,1.3638400000,1.3653200000,4921,OTHER,false
2025-07-04T00:00:00Z,1.3655400000,1.3668200000,1.3642700000,1.3662700000,5126,OTHER,false
2025-07-04T04:00:00Z,1.3662800000,1.3674100000,1.3644300000,1.3673300000,9414,OTHER,false
2025-07-04T08:00:00Z,1.3673600000,1.3681000000,1.3656200000,1.3663500000,12930,LONDON,false
2025-07-04T12:00:00Z,1.3663200000,1.3664200000,1.3634500000,1.3634900000,11468,OTHER,false
2025-07-04T16:00:00Z,1.3634900000,1.3653100000,1.3634800000,1.3646300000,9236,OTHER,false
2025-07-04T20:00:00Z,1.3646500000,1.3656600000,1.3636400000,1.3637900000,24216,OTHER,false
2025-07-07T00:00:00Z,1.3646600000,1.3657400000,1.3644500000,1.3646600000,6618,OTHER,false
2025-07-07T04:00:00Z,1.3646600000,1.3646600000,1.3615000000,1.3616800000,12355,OTHER,false
2025-07-07T08:00:00Z,1.3616600000,1.3625900000,1.3578800000,1.3580100000,15476,LONDON,false
2025-07-07T12:00:00Z,1.3580100000,1.3620800000,1.3574600000,1.3616900000,12286,OTHER,false
2025-07-07T16:00:00Z,1.3616900000,1.3647400000,1.3593500000,1.3594600000,14960,OTHER,false
2025-07-07T20:00:00Z,1.3594600000,1.3616200000,1.3588700000,1.3599200000,11073,OTHER,false
2025-07-08T00:00:00Z,1.3599100000,1.3636400000,1.3594000000,1.3628400000,7380,OTHER,false
2025-07-08T04:00:00Z,1.3628400000,1.3642300000,1.3617000000,1.3630900000,11513,OTHER,false
2025-07-08T08:00:00Z,1.3630800000,1.3645900000,1.3609700000,1.3611800000,14501,LONDON,false
2025-07-08T12:00:00Z,1.3611700000,1.3614000000,1.3562600000,1.3577700000,12071,OTHER,false
2025-07-08T16:00:00Z,1.3577800000,1.3581500000,1.3525300000,1.3578200000,18225,OTHER,false
2025-07-08T20:00:00Z,1.3577900000,1.3596900000,1.3576700000,1.3591100000,12439,OTHER,false
2025-07-09T00:00:00Z,1.3583300000,1.3596200000,1.3575400000,1.3585800000,6038,OTHER,false
2025-07-09T04:00:00Z,1.3585800000,1.3592500000,1.3563800000,1.3585200000,11571,OTHER,false
2025-07-09T08:00:00Z,1.3585200000,1.3605800000,1.3578600000,1.3600100000,13759,LONDON,false
2025-07-09T12:00:00Z,1.3600400000,1.3612300000,1.3573500000,1.3607800000,13110,OTHER,false
2025-07-09T16:00:00Z,1.3607800000,1.3619100000,1.3578300000,1.3583600000,13583,OTHER,false
2025-07-09T20:00:00Z,1.3583500000,1.3600300000,1.3580100000,1.3585500000,8295,OTHER,false
2025-07-10T00:00:00Z,1.3579600000,1.3612900000,1.3579600000,1.3609100000,6754,OTHER,false
2025-07-10T04:00:00Z,1.3608400000,1.3611600000,1.3599000000,1.3604700000,9151,OTHER,false
2025-07-10T08:00:00Z,1.3604600000,1.3619100000,1.3601600000,1.3605600000,10171,LONDON,false
2025-07-10T12:00:00Z,1.3605800000,1.3615900000,1.3556700000,1.3559800000,10138,OTHER,false
2025-07-10T16:00:00Z,1.3560000000,1.3572300000,1.3532600000,1.3563600000,16328,OTHER,false
2025-07-10T20:00:00Z,1.3563600000,1.3582900000,1.3560300000,1.3580000000,9335,OTHER,false
2025-07-11T00:00:00Z,1.3568800000,1.3585000000,1.3544500000,1.3554500000,8824,OTHER,false
2025-07-11T04:00:00Z,1.3554600000,1.3569100000,1.3548200000,1.3555800000,12151,OTHER,false
2025-07-11T08:00:00Z,1.3555800000,1.3564200000,1.3528200000,1.3535200000,14193,LONDON,false
2025-07-11T12:00:00Z,1.3534900000,1.3552400000,1.3495600000,1.3503700000,13891,OTHER,false
2025-07-11T16:00:00Z,1.3503700000,1.3519400000,1.3480600000,1.3506000000,16008,OTHER,false
2025-07-11T20:00:00Z,1.3505900000,1.3517000000,1.3483800000,1.3488600000,8986,OTHER,false
2025-07-14T00:00:00Z,1.3481600000,1.3503900000,1.3477800000,1.3498100000,8647,OTHER,false
2025-07-14T04:00:00Z,1.3498100000,1.3502000000,1.3471300000,1.3475400000,11672,OTHER,false
2025-07-14T08:00:00Z,1.3475400000,1.3489000000,1.3451100000,1.3475400000,13447,LONDON,false
2025-07-14T12:00:00Z,1.3475300000,1.3493200000,1.3469700000,1.3477300000,10411,OTHER,false
2025-07-14T16:00:00Z,1.3477300000,1.3484200000,1.3426600000,1.3434800000,15171,OTHER,false
2025-07-14T20:00:00Z,1.3434900000,1.3440600000,1.3423900000,1.3424900000,6643,OTHER,false
2025-07-15T00:00:00Z,1.3422300000,1.3440200000,1.3420600000,1.3434900000,6623,OTHER,false
2025-07-15T04:00:00Z,1.3434900000,1.3439100000,1.3426100000,1.3431100000,9632,OTHER,false
2025-07-15T08:00:00Z,1.3431100000,1.3453200000,1.3427100000,1.3446200000,11328,LONDON,false
2025-07-15T12:00:00Z,1.3446300000,1.3466800000,1.3431300000,1.3447500000,12896,OTHER,false
2025-07-15T16:00:00Z,1.3447600000,1.3450200000,1.3379700000,1.3386500000,20684,OTHER,false
2025-07-15T20:00:00Z,1.3386600000,1.3392700000,1.3378400000,1.3383600000,7841,OTHER,false
2025-07-16T00:00:00Z,1.3374700000,1.3398300000,1.3374700000,1.3392900000,5571,OTHER,false
2025-07-16T04:00:00Z,1.3392500000,1.3399900000,1.3381700000,1.3395900000,10077,OTHER,false
2025-07-16T08:00:00Z,1.3396000000,1.3416000000,1.3388500000,1.3390600000,13138,LONDON,false
2025-07-16T12:00:00Z,1.3390700000,1.3412000000,1.3382700000,1.3392300000,13276,OTHER,false
2025-07-16T16:00:00Z,1.3392200000,1.3485100000,1.3364500000,1.3421500000,28221,OTHER,false
2025-07-16T20:00:00Z,1.3421300000,1.3440000000,1.3404300000,1.3419900000,11056,OTHER,false
2025-07-17T00:00:00Z,1.3415900000,1.3420500000,1.3394900000,1.3399200000,6955,OTHER,false
2025-07-17T04:00:00Z,1.3399100000,1.3404700000,1.3383700000,1.3395100000,11030,OTHER,false
2025-07-17T08:00:00Z,1.3395100000,1.3410300000,1.3373600000,1.3410200000,15391,LONDON,false
2025-07-17T12:00:00Z,1.3410600000,1.3413300000,1.3379900000,1.3400700000,13013,OTHER,false
2025-07-17T16:00:00Z,1.3400600000,1.3420100000,1.3392400000,1.3399900000,15081,OTHER,false
2025-07-17T20:00:00Z,1.3399900000,1.3419400000,1.3398600000,1.3416200000,6987,OTHER,false
2025-07-18T00:00:00Z,1.3409800000,1.3437400000,1.3405300000,1.3431400000,6392,OTHER,false
2025-07-18T04:00:00Z,1.3431400000,1.3440200000,1.3423200000,1.3423400000,8583,OTHER,false
2025-07-18T08:00:00Z,1.3422900000,1.3442200000,1.3410000000,1.3436500000,11307,LONDON,false
2025-07-18T12:00:00Z,1.3436500000,1.3472100000,1.3434400000,1.3457300000,10337,OTHER,false
2025-07-18T16:00:00Z,1.3457300000,1.3474700000,1.3416100000,1.3418400000,15754,OTHER,false
2025-07-18T20:00:00Z,1.3418400000,1.3421100000,1.3404800000,1.3405500000,7679,OTHER,false
2025-07-21T00:00:00Z,1.3416200000,1.3424100000,1.3402300000,1.3403400000,7954,OTHER,false
2025-07-21T04:00:00Z,1.3403400000,1.3418800000,1.3401400000,1.3417900000,9621,OTHER,false
2025-07-21T08:00:00Z,1.3418000000,1.3465800000,1.3416200000,1.3451600000,11991,LONDON,false
2025-07-21T12:00:00Z,1.3451700000,1.3483100000,1.3444300000,1.3479300000,10913,OTHER,false
2025-07-21T16:00:00Z,1.3479400000,1.3510100000,1.3466400000,1.3494000000,14662,OTHER,false
2025-07-21T20:00:00Z,1.3494000000,1.3495500000,1.3482600000,1.3491100000,8204,OTHER,false
2025-07-22T00:00:00Z,1.3487800000,1.3491500000,1.3478200000,1.3482800000,6453,OTHER,false
2025-07-22T04:00:00Z,1.3482700000,1.3487100000,1.3473300000,1.3476400000,8808,OTHER,false
2025-07-22T08:00:00Z,1.3476300000,1.3491800000,1.3461400000,1.3489400000,12037,LONDON,false
2025-07-22T12:00:00Z,1.3489200000,1.3499100000,1.3474700000,1.3480600000,10599,OTHER,false
2025-07-22T16:00:00Z,1.3480600000,1.3532300000,1.3470800000,1.3529400000,17456,OTHER,false
2025-07-22T20:00:00Z,1.3529400000,1.3533200000,1.3518500000,1.3533200000,8804,OTHER,false
2025-07-23T00:00:00Z,1.3523200000,1.3534300000,1.3514700000,1.3526100000,8724,OTHER,false
2025-07-23T04:00:00Z,1.3526300000,1.3534700000,1.3515300000,1.3527100000,12684,OTHER,false
2025-07-23T08:00:00Z,1.3527000000,1.3548500000,1.3514500000,1.3541300000,13253,LONDON,false
2025-07-23T12:00:00Z,1.3541300000,1.3548200000,1.3529300000,1.3544900000,11220,OTHER,false
2025-07-23T16:00:00Z,1.3544700000,1.3575800000,1.3523100000,1.3561100000,17221,OTHER,false
2025-07-23T20:00:00Z,1.3561200000,1.3583500000,1.3556600000,1.3582000000,9719,OTHER,false
2025-07-24T00:00:00Z,1.3575300000,1.3586700000,1.3570400000,1.3573500000,6463,OTHER,false
2025-07-24T04:00:00Z,1.3573500000,1.3588500000,1.3573200000,1.3579100000,11715,OTHER,false
2025-07-24T08:00:00Z,1.3579200000,1.3581200000,1.3542200000,1.3543400000,12987,LONDON,false
2025-07-24T12:00:00Z,1.3543500000,1.3553600000,1.3531100000,1.3534900000,11599,OTHER,false
2025-07-24T16:00:00Z,1.3535000000,1.3562200000,1.3503800000,1.3510400000,19101,OTHER,false
2025-07-24T20:00:00Z,1.3510500000,1.3527100000,1.3502300000,1.3504000000,8607,OTHER,false
2025-07-25T00:00:00Z,1.3509800000,1.3511600000,1.3501800000,1.3507000000,7559,OTHER,false
2025-07-25T04:00:00Z,1.3506500000,1.3511900000,1.3485600000,1.3490800000,12239,OTHER,false
2025-07-25T08:00:00Z,1.3490800000,1.3504100000,1.3458900000,1.3462400000,15160,LONDON,false
2025-07-25T12:00:00Z,1.3462400000,1.3464000000,1.3422800000,1.3433000000,12018,OTHER,false
2025-07-25T16:00:00Z,1.3433200000,1.3443100000,1.3415800000,1.3420500000,17539,OTHER,false
2025-07-25T20:00:00Z,1.3420400000,1.3437500000,1.3419200000,1.3430800000,8294,OTHER,false
2025-07-28T00:00:00Z,1.3419600000,1.3448600000,1.3418900000,1.3443000000,8752,OTHER,false
2025-07-28T04:00:00Z,1.3443000000,1.3452400000,1.3429000000,1.3435800000,12390,OTHER,false
2025-07-28T08:00:00Z,1.3435800000,1.3436300000,1.3405400000,1.3420500000,15593,LONDON,false
2025-07-28T12:00:00Z,1.3420400000,1.3437800000,1.3402100000,1.3437400000,15371,OTHER,false
2025-07-28T16:00:00Z,1.3437400000,1.3439500000,1.3375700000,1.3378400000,15670,OTHER,false
2025-07-28T20:00:00Z,1.3378300000,1.3379900000,1.3350600000,1.3352500000,8878,OTHER,false
2025-07-29T00:00:00Z,1.3349500000,1.3361200000,1.3343900000,1.3344800000,6189,OTHER,false
2025-07-29T04:00:00Z,1.3344800000,1.3358100000,1.3336100000,1.3349000000,11040,OTHER,false
2025-07-29T08:00:00Z,1.3349000000,1.3353200000,1.3315100000,1.3341300000,15768,LONDON,false
2025-07-29T12:00:00Z,1.3341200000,1.3361400000,1.3314900000,1.3314900000,14706,OTHER,false
2025-07-29T16:00:00Z,1.3314700000,1.3347000000,1.3307200000,1.3338000000,18540,OTHER,false
2025-07-29T20:00:00Z,1.3337900000,1.3363500000,1.3335000000,1.3348400000,10880,OTHER,false
2025-07-30T00:00:00Z,1.3339400000,1.3365900000,1.3337700000,1.3365300000,6737,OTHER,false
2025-07-30T04:00:00Z,1.3365300000,1.3368800000,1.3348800000,1.3350300000,12251,OTHER,false
2025-07-30T08:00:00Z,1.3350400000,1.3368400000,1.3341000000,1.3367000000,12915,LONDON,false
2025-07-30T12:00:00Z,1.3366500000,1.3385300000,1.3306700000,1.3308600000,15648,OTHER,false
2025-07-30T16:00:00Z,1.3308500000,1.3313200000,1.3269200000,1.3281400000,16775,OTHER,false
2025-07-30T20:00:00Z,1.3281300000,1.3312700000,1.3226900000,1.3236300000,21734,OTHER,false
2025-07-31T00:00:00Z,1.3232400000,1.3258500000,1.3224900000,1.3251000000,6898,OTHER,false
2025-07-31T04:00:00Z,1.3250900000,1.3269600000,1.3241200000,1.3268400000,13613,OTHER,false
2025-07-31T08:00:00Z,1.3268400000,1.3281600000,1.3239000000,1.3249500000,15195,LONDON,false
2025-07-31T12:00:00Z,1.3249400000,1.3249700000,1.3208200000,1.3216000000,15176,OTHER,false
2025-07-31T16:00:00Z,1.3216000000,1.3238700000,1.3185200000,1.3222500000,19603,OTHER,false
2025-07-31T20:00:00Z,1.3222100000,1.3226600000,1.3198600000,1.3205900000,12247,OTHER,false
2025-08-01T00:00:00Z,1.3205500000,1.3212700000,1.3193100000,1.3209600000,8131,OTHER,false
2025-08-01T04:00:00Z,1.3209800000,1.3212400000,1.3189200000,1.3198700000,12712,OTHER,false
2025-08-01T08:00:00Z,1.3198600000,1.3212500000,1.3159700000,1.3160200000,13404,LONDON,false
2025-08-01T12:00:00Z,1.3160200000,1.3302600000,1.3139400000,1.3284700000,18022,OTHER,false
2025-08-01T16:00:00Z,1.3284200000,1.3310100000,1.3241600000,1.3244600000,29548,OTHER,false
2025-08-01T20:00:00Z,1.3244600000,1.3291700000,1.3215400000,1.3275900000,15336,OTHER,false
2025-08-04T00:00:00Z,1.3280600000,1.3292800000,1.3257200000,1.3261000000,10303,OTHER,false
2025-08-04T04:00:00Z,1.3260800000,1.3289400000,1.3252800000,1.3277400000,13500,OTHER,false
2025-08-04T08:00:00Z,1.3277400000,1.3290700000,1.3263900000,1.3277200000,16843,LONDON,false
2025-08-04T12:00:00Z,1.3277000000,1.3313500000,1.3270100000,1.3297400000,16727,OTHER,false
2025-08-04T16:00:00Z,1.3297300000,1.3330400000,1.3277100000,1.3284700000,19671,OTHER,false
2025-08-04T20:00:00Z,1.3284700000,1.3287500000,1.3272000000,1.3286000000,11770,OTHER,false
2025-08-05T00:00:00Z,1.3283100000,1.3302500000,1.3274800000,1.3298400000,6719,OTHER,false
2025-08-05T04:00:00Z,1.3298200000,1.3299200000,1.3274800000,1.3285400000,11544,OTHER,false
2025-08-05T08:00:00Z,1.3285300000,1.3294900000,1.3259000000,1.3279200000,15229,LONDON,false
2025-08-05T12:00:00Z,1.3279400000,1.3294600000,1.3265900000,1.3281400000,16214,OTHER,false
2025-08-05T16:00:00Z,1.3281700000,1.3315500000,1.3268000000,1.3309100000,20742,OTHER,false
2025-08-05T20:00:00Z,1.3309300000,1.3315100000,1.3288500000,1.3299100000,11007,OTHER,false
2025-08-06T00:00:00Z,1.3292100000,1.3305300000,1.3288300000,1.3300400000,6034,OTHER,false
2025-08-06T04:00:00Z,1.3300400000,1.3313600000,1.3294200000,1.3311300000,9152,OTHER,false
2025-08-06T08:00:00Z,1.3311100000,1.3311500000,1.3280700000,1.3283400000,13725,LONDON,false
2025-08-06T12:00:00Z,1.3283100000,1.3329600000,1.3282800000,1.3316700000,14217,OTHER,false
2025-08-06T16:00:00Z,1.3316700000,1.3361800000,1.3312300000,1.3346700000,18390,OTHER,false
2025-08-06T20:00:00Z,1.3346700000,1.3367800000,1.3344600000,1.3355000000,10760,OTHER,false
2025-08-07T00:00:00Z,1.3346100000,1.3359900000,1.3343900000,1.3347600000,6809,OTHER,false
2025-08-07T04:00:00Z,1.3347600000,1.3368300000,1.3345200000,1.3367900000,9332,OTHER,false
2025-08-07T08:00:00Z,1.3367900000,1.3379800000,1.3362800000,1.3368800000,13651,LONDON,false
2025-08-07T12:00:00Z,1.3368700000,1.3436100000,1.3364600000,1.3420300000,18016,OTHER,false
2025-08-07T16:00:00Z,1.3420200000,1.3434000000,1.3390100000,1.3429400000,18502,OTHER,false
2025-08-07T20:00:00Z,1.3429400000,1.3447700000,1.3403100000,1.3443400000,13434,OTHER,false
2025-08-08T00:00:00Z,1.3437100000,1.3452300000,1.3434500000,1.3447600000,7175,OTHER,false
2025-08-08T04:00:00Z,1.3447700000,1.3450100000,1.3433700000,1.3434900000,8508,OTHER,false
2025-08-08T08:00:00Z,1.3434900000,1.3450800000,1.3423800000,1.3433900000,13161,LONDON,false
2025-08-08T12:00:00Z,1.3434200000,1.3452900000,1.3417400000,1.3422500000,14697,OTHER,false
2025-08-08T16:00:00Z,1.3422600000,1.3453800000,1.3422600000,1.3447100000,14612,OTHER,false
2025-08-08T20:00:00Z,1.3447100000,1.3458300000,1.3442500000,1.3446900000,10096,OTHER,false
2025-08-11T00:00:00Z,1.3438400000,1.3450400000,1.3427800000,1.3441700000,4808,OTHER,false
2025-08-11T04:00:00Z,1.3441800000,1.3467900000,1.3439900000,1.3465700000,8279,OTHER,false
2025-08-11T08:00:00Z,1.3465700000,1.3476400000,1.3447500000,1.3464200000,12013,LONDON,false
2025-08-11T12:00:00Z,1.3464000000,1.3468600000,1.3411600000,1.3422600000,12732,OTHER,false
2025-08-11T16:00:00Z,1.3422600000,1.3426200000,1.3398400000,1.3423800000,14935,OTHER,false
2025-08-11T20:00:00Z,1.3424000000,1.3436700000,1.3416600000,1.3431700000,9220,OTHER,false
2025-08-12T00:00:00Z,1.3422500000,1.3436400000,1.3415100000,1.3429500000,4786,OTHER,false
2025-08-12T04:00:00Z,1.3429500000,1.3438700000,1.3423400000,1.3438000000,8533,OTHER,false
2025-08-12T08:00:00Z,1.3437900000,1.3471000000,1.3419800000,1.3468300000,16899,LONDON,false
2025-08-12T12:00:00Z,1.3468400000,1.3509300000,1.3445800000,1.3485100000,16813,OTHER,false
2025-08-12T16:00:00Z,1.3484500000,1.3523300000,1.3462600000,1.3514800000,23191,OTHER,false
2025-08-12T20:00:00Z,1.3514800000,1.3515200000,1.3487300000,1.3499100000,10178,OTHER,false
2025-08-13T00:00:00Z,1.3498700000,1.3505700000,1.3489900000,1.3502100000,5786,OTHER,false
2025-08-13T04:00:00Z,1.3502200000,1.3507800000,1.3492200000,1.3504300000,8062,OTHER,false
2025-08-13T08:00:00Z,1.3504300000,1.3562700000,1.3498800000,1.3556600000,13114,LONDON,false
2025-08-13T12:00:00Z,1.3556700000,1.3579200000,1.3555800000,1.3560000000,13410,OTHER,false
2025-08-13T16:00:00Z,1.3560100000,1.3584500000,1.3553200000,1.3572800000,14645,OTHER,false
2025-08-13T20:00:00Z,1.3572800000,1.3580000000,1.3562400000,1.3576500000,8531,OTHER,false
2025-08-14T00:00:00Z,1.3564200000,1.3587100000,1.3561700000,1.3585200000,4749,OTHER,false
2025-08-14T04:00:00Z,1.3585200000,1.3591400000,1.3570200000,1.3575400000,9362,OTHER,false
2025-08-14T08:00:00Z,1.3575400000,1.3590700000,1.3562800000,1.3571600000,14575,LONDON,false
2025-08-14T12:00:00Z,1.3571700000,1.3594300000,1.3545800000,1.3552600000,16057,OTHER,false
2025-08-14T16:00:00Z,1.3552700000,1.3556600000,1.3520100000,1.3522700000,17392,OTHER,false
2025-08-14T20:00:00Z,1.3522600000,1.3539000000,1.3522500000,1.3530100000,8019,OTHER,false
2025-08-15T00:00:00Z,1.3521000000,1.3534800000,1.3520200000,1.3533800000,3881,OTHER,false
2025-08-15T04:00:00Z,1.3534100000,1.3550900000,1.3530000000,1.3547200000,7912,OTHER,false
2025-08-15T08:00:00Z,1.3546800000,1.3559600000,1.3542100000,1.3545800000,10971,LONDON,false
2025-08-15T12:00:00Z,1.3545400000,1.3569100000,1.3544800000,1.3560700000,11797,OTHER,false
2025-08-15T16:00:00Z,1.3560800000,1.3574400000,1.3553300000,1.3556600000,15116,OTHER,false
2025-08-15T20:00:00Z,1.3556700000,1.3558700000,1.3549400000,1.3554400000,7361,OTHER,false
2025-08-18T00:00:00Z,1.3544400000,1.3562500000,1.3543100000,1.3552700000,4651,OTHER,false
2025-08-18T04:00:00Z,1.3552700000,1.3564800000,1.3548400000,1.3562100000,6963,OTHER,false
2025-08-18T08:00:00Z,1.3562100000,1.3563700000,1.3530600000,1.3545800000,12348,LONDON,false
2025-08-18T12:00:00Z,1.3545800000,1.3550000000,1.3534600000,1.3543600000,11855,OTHER,false
2025-08-18T16:00:00Z,1.3543600000,1.3545900000,1.3506300000,1.3508700000,13162,OTHER,false
2025-08-18T20:00:00Z,1.3508600000,1.3515000000,1.3501500000,1.3502500000,7575,OTHER,false
2025-08-19T00:00:00Z,1.3504000000,1.3513300000,1.3496900000,1.3502000000,5790,OTHER,false
2025-08-19T04:00:00Z,1.3502000000,1.3505600000,1.3486200000,1.3504700000,9684,OTHER,false
2025-08-19T08:00:00Z,1.3504600000,1.3522500000,1.3496100000,1.3519500000,12110,LONDON,false
2025-08-19T12:00:00Z,1.3520000000,1.3530600000,1.3503000000,1.3509400000,11113,OTHER,false
2025-08-19T16:00:00Z,1.3509300000,1.3515300000,1.3484800000,1.3488600000,13559,OTHER,false
2025-08-19T20:00:00Z,1.3488600000,1.3495100000,1.3477300000,1.3491300000,6825,OTHER,false
2025-08-20T00:00:00Z,1.3484800000,1.3492500000,1.3474300000,1.3479200000,6204,OTHER,false
2025-08-20T04:00:00Z,1.3479200000,1.3482700000,1.3461500000,1.3473900000,10064,OTHER,false
2025-08-20T08:00:00Z,1.3473900000,1.3509000000,1.3471400000,1.3500400000,13844,LONDON,false
2025-08-20T12:00:00Z,1.3500500000,1.3504600000,1.3471300000,1.3488600000,11169,OTHER,false
2025-08-20T16:00:00Z,1.3488500000,1.3491300000,1.3446800000,1.3460300000,14714,OTHER,false
2025-08-20T20:00:00Z,1.3460200000,1.3469800000,1.3447600000,1.3456200000,8584,OTHER,false
2025-08-21T00:00:00Z,1.3455700000,1.3466300000,1.3447300000,1.3456500000,6159,OTHER,false
2025-08-21T04:00:00Z,1.3456400000,1.3464200000,1.3447600000,1.3451100000,7249,OTHER,false
2025-08-21T08:00:00Z,1.3451700000,1.3471000000,1.3434900000,1.3465300000,11945,LONDON,false
2025-08-21T12:00:00Z,1.3465300000,1.3482400000,1.3441400000,1.3445700000,13265,OTHER,false
2025-08-21T16:00:00Z,1.3445800000,1.3459000000,1.3405200000,1.3418400000,18181,OTHER,false
2025-08-21T20:00:00Z,1.3418500000,1.3426200000,1.3411000000,1.3413500000,7603,OTHER,false
2025-08-22T00:00:00Z,1.3405700000,1.3419700000,1.3404600000,1.3419500000,4620,OTHER,false
2025-08-22T04:00:00Z,1.3419400000,1.3422600000,1.3392500000,1.3393500000,9065,OTHER,false
2025-08-22T08:00:00Z,1.3393500000,1.3414300000,1.3390100000,1.3413100000,11385,LONDON,false
2025-08-22T12:00:00Z,1.3413200000,1.3419900000,1.3406600000,1.3412800000,11982,OTHER,false
2025-08-22T16:00:00Z,1.3412700000,1.3543700000,1.3411900000,1.3525100000,24503,OTHER,false
2025-08-22T20:00:00Z,1.3525200000,1.3543500000,1.3516800000,1.3527700000,10192,OTHER,false
2025-08-25T00:00:00Z,1.3508100000,1.3523600000,1.3494400000,1.3496700000,7350,OTHER,false
2025-08-25T04:00:00Z,1.3496600000,1.3514600000,1.3489300000,1.3511100000,7040,OTHER,false
2025-08-25T08:00:00Z,1.3511100000,1.3526900000,1.3501700000,1.3502700000,10794,LONDON,false
2025-08-25T12:00:00Z,1.3502700000,1.3520100000,1.3483200000,1.3504100000,10558,OTHER,false
2025-08-25T16:00:00Z,1.3504000000,1.3512400000,1.3484200000,1.3488000000,14943,OTHER,false
2025-08-25T20:00:00Z,1.3487800000,1.3489600000,1.3445300000,1.3452300000,10749,OTHER,false
2025-08-26T00:00:00Z,1.3450000000,1.3490200000,1.3442900000,1.3480500000,9755,OTHER,false
2025-08-26T04:00:00Z,1.3480300000,1.3482600000,1.3449800000,1.3456400000,12106,OTHER,false
2025-08-26T08:00:00Z,1.3456500000,1.3468900000,1.3434300000,1.3463200000,16751,LONDON,false
2025-08-26T12:00:00Z,1.3463100000,1.3492600000,1.3460800000,1.3478800000,14601,OTHER,false
2025-08-26T16:00:00Z,1.3478200000,1.3492200000,1.3469600000,1.3477200000,16774,OTHER,false
2025-08-26T20:00:00Z,1.3477300000,1.3485000000,1.3467500000,1.3476300000,8159,OTHER,false
2025-08-27T00:00:00Z,1.3470100000,1.3482500000,1.3467900000,1.3470700000,5251,OTHER,false
2025-08-27T04:00:00Z,1.3470800000,1.3474300000,1.3446100000,1.3448300000,9824,OTHER,false
2025-08-27T08:00:00Z,1.3448300000,1.3465200000,1.3430100000,1.3444500000,12469,LONDON,false
2025-08-27T12:00:00Z,1.3444700000,1.3449500000,1.3415800000,1.3441200000,12514,OTHER,false
2025-08-27T16:00:00Z,1.3441100000,1.3496900000,1.3435500000,1.3495800000,15273,OTHER,false
2025-08-27T20:00:00Z,1.3495800000,1.3501600000,1.3489800000,1.3498000000,9442,OTHER,false
2025-08-28T00:00:00Z,1.3491800000,1.3505400000,1.3486500000,1.3504200000,6135,OTHER,false
2025-08-28T04:00:00Z,1.3504100000,1.3518100000,1.3500500000,1.3503800000,9347,OTHER,false
2025-08-28T08:00:00Z,1.3503900000,1.3512800000,1.3482700000,1.3498300000,12597,LONDON,false
2025-08-28T12:00:00Z,1.3498300000,1.3526000000,1.3497200000,1.3502900000,14550,OTHER,false
2025-08-28T16:00:00Z,1.3503000000,1.3526800000,1.3488500000,1.3521700000,16677,OTHER,false
2025-08-28T20:00:00Z,1.3521700000,1.3530200000,1.3506700000,1.3511400000,7923,OTHER,false
2025-08-29T00:00:00Z,1.3507400000,1.3511000000,1.3502200000,1.3508000000,6547,OTHER,false
2025-08-29T04:00:00Z,1.3508100000,1.3511100000,1.3493400000,1.3502600000,11426,OTHER,false
2025-08-29T08:00:00Z,1.3502700000,1.3503000000,1.3464600000,1.3476600000,13630,LONDON,false
2025-08-29T12:00:00Z,1.3476600000,1.3478500000,1.3445800000,1.3459800000,13767,OTHER,false
2025-08-29T16:00:00Z,1.3459800000,1.3515600000,1.3446100000,1.3507500000,17917,OTHER,false
2025-08-29T20:00:00Z,1.3507600000,1.3516100000,1.3498800000,1.3503700000,7669,OTHER,false
2025-09-01T00:00:00Z,1.3487700000,1.3518800000,1.3486900000,1.3517600000,5779,OTHER,false
2025-09-01T04:00:00Z,1.3517700000,1.3528800000,1.3504500000,1.3517900000,11869,OTHER,false
2025-09-01T08:00:00Z,1.3517800000,1.3540100000,1.3514400000,1.3534800000,13556,LONDON,false
2025-09-01T12:00:00Z,1.3534800000,1.3536900000,1.3521900000,1.3532300000,11907,OTHER,false
2025-09-01T16:00:00Z,1.3532900000,1.3549400000,1.3530400000,1.3541700000,9729,OTHER,false
2025-09-01T20:00:00Z,1.3541600000,1.3549500000,1.3539200000,1.3545300000,3405,OTHER,false
2025-09-02T00:00:00Z,1.3531600000,1.3549100000,1.3531600000,1.3537100000,6524,OTHER,false
2025-09-02T04:00:00Z,1.3537100000,1.3541100000,1.3522500000,1.3527100000,11752,OTHER,false
2025-09-02T08:00:00Z,1.3527100000,1.3533100000,1.3375100000,1.3412900000,20406,LONDON,false
2025-09-02T12:00:00Z,1.3413100000,1.3417400000,1.3339900000,1.3351200000,20928,OTHER,false
2025-09-02T16:00:00Z,1.3351300000,1.3418200000,1.3341900000,1.3392100000,19983,OTHER,false
2025-09-02T20:00:00Z,1.3392100000,1.3396500000,1.3374300000,1.3396400000,8986,OTHER,false
2025-09-03T00:00:00Z,1.3388300000,1.3396100000,1.3371400000,1.3375300000,6228,OTHER,false
2025-09-03T04:00:00Z,1.3375200000,1.3377400000,1.3359900000,1.3368900000,10100,OTHER,false
2025-09-03T08:00:00Z,1.3368700000,1.3408700000,1.3332500000,1.3406800000,15457,LONDON,false
2025-09-03T12:00:00Z,1.3406500000,1.3428800000,1.3394600000,1.3424100000,14433,OTHER,false
2025-09-03T16:00:00Z,1.3424100000,1.3453400000,1.3410000000,1.3449400000,18605,OTHER,false
2025-09-03T20:00:00Z,1.3449400000,1.3458100000,1.3433800000,1.3444000000,9483,OTHER,false
2025-09-04T00:00:00Z,1.3439300000,1.3443400000,1.3433100000,1.3441700000,6462,OTHER,false
2025-09-04T04:00:00Z,1.3441600000,1.3449200000,1.3424900000,1.3426500000,9471,OTHER,false
2025-09-04T08:00:00Z,1.3426500000,1.3456200000,1.3415900000,1.3453800000,11492,LONDON,false
2025-09-04T12:00:00Z,1.3453800000,1.3458500000,1.3421600000,1.3440500000,14233,OTHER,false
2025-09-04T16:00:00Z,1.3440300000,1.3446400000,1.3416700000,1.3421100000,16539,OTHER,false
2025-09-04T20:00:00Z,1.3421100000,1.3436500000,1.3418300000,1.3435100000,7008,OTHER,false
2025-09-05T00:00:00Z,1.3427300000,1.3449800000,1.3418700000,1.3448800000,5841,OTHER,false
2025-09-05T04:00:00Z,1.3448900000,1.3456700000,1.3446200000,1.3449700000,9277,OTHER,false
2025-09-05T08:00:00Z,1.3449700000,1.3471400000,1.3448800000,1.3469200000,11112,LONDON,false
2025-09-05T12:00:00Z,1.3469400000,1.3531500000,1.3457000000,1.3520600000,16327,OTHER,false
2025-09-05T16:00:00Z,1.3520700000,1.3554400000,1.3504300000,1.3525500000,24251,OTHER,false
2025-09-05T20:00:00Z,1.3525500000,1.3525700000,1.3500100000,1.3504300000,10972,OTHER,false
2025-09-08T00:00:00Z,1.3495200000,1.3502700000,1.3481500000,1.3495600000,8082,OTHER,false
2025-09-08T04:00:00Z,1.3495800000,1.3505200000,1.3486300000,1.3495900000,12894,OTHER,false
2025-09-08T08:00:00Z,1.3495900000,1.3525800000,1.3495000000,1.3512000000,14981,LONDON,false
2025-09-08T12:00:00Z,1.3512000000,1.3548600000,1.3501500000,1.3542500000,13195,OTHER,false
2025-09-08T16:00:00Z,1.3543100000,1.3556100000,1.3527300000,1.3537200000,15797,OTHER,false
2025-09-08T20:00:00Z,1.3537200000,1.3554500000,1.3526800000,1.3544700000,7888,OTHER,false
2025-09-09T00:00:00Z,1.3541200000,1.3561900000,1.3540100000,1.3558000000,6781,OTHER,false
2025-09-09T04:00:00Z,1.3558000000,1.3574800000,1.3552200000,1.3573100000,10346,OTHER,false
2025-09-09T08:00:00Z,1.3573100000,1.3582200000,1.3557100000,1.3572700000,15506,LONDON,false
2025-09-09T12:00:00Z,1.3572800000,1.3590100000,1.3545100000,1.3553800000,13268,OTHER,false
2025-09-09T16:00:00Z,1.3553800000,1.3574100000,1.3522300000,1.3534100000,19970,OTHER,false
2025-09-09T20:00:00Z,1.3534000000,1.3538200000,1.3517500000,1.3525900000,9091,OTHER,false
2025-09-10T00:00:00Z,1.3522800000,1.3530200000,1.3515700000,1.3521500000,7548,OTHER,false
2025-09-10T04:00:00Z,1.3521500000,1.3542200000,1.3513900000,1.3541300000,12380,OTHER,false
2025-09-10T08:00:00Z,1.3541100000,1.3543000000,1.3512500000,1.3526900000,14377,LONDON,false
2025-09-10T12:00:00Z,1.3527000000,1.3563800000,1.3523100000,1.3529600000,15201,OTHER,false
2025-09-10T16:00:00Z,1.3529900000,1.3560900000,1.3525200000,1.3535800000,16594,OTHER,false
2025-09-10T20:00:00Z,1.3535800000,1.3541500000,1.3521000000,1.3528600000,8307,OTHER,false
2025-09-11T00:00:00Z,1.3523800000,1.3539500000,1.3517400000,1.3526800000,6591,OTHER,false
2025-09-11T04:00:00Z,1.3526900000,1.3533500000,1.3521700000,1.3526600000,9894,OTHER,false
2025-09-11T08:00:00Z,1.3526600000,1.3526700000,1.3502700000,1.3514000000,13955,LONDON,false
2025-09-11T12:00:00Z,1.3514100000,1.3548600000,1.3490500000,1.3544500000,18106,OTHER,false
2025-09-11T16:00:00Z,1.3544600000,1.3578700000,1.3539300000,1.3577100000,20627,OTHER,false
2025-09-11T20:00:00Z,1.3577200000,1.3582400000,1.3567800000,1.3573500000,10612,OTHER,false
2025-09-12T00:00:00Z,1.3566300000,1.3580100000,1.3562100000,1.3572100000,7091,OTHER,false
2025-09-12T04:00:00Z,1.3572100000,1.3573000000,1.3551500000,1.3556000000,11095,OTHER,false
2025-09-12T08:00:00Z,1.3556100000,1.3574500000,1.3530100000,1.3533300000,15166,LONDON,false
2025-09-12T12:00:00Z,1.3533300000,1.3562300000,1.3523400000,1.3542800000,15409,OTHER,false
2025-09-12T16:00:00Z,1.3542700000,1.3569100000,1.3537100000,1.3559700000,16582,OTHER,false
2025-09-12T20:00:00Z,1.3559800000,1.3570400000,1.3555500000,1.3556400000,8805,OTHER,false
2025-09-15T00:00:00Z,1.3547800000,1.3561200000,1.3539800000,1.3555400000,7177,OTHER,false
2025-09-15T04:00:00Z,1.3555400000,1.3570300000,1.3551900000,1.3566600000,11042,OTHER,false
2025-09-15T08:00:00Z,1.3566600000,1.3598500000,1.3552500000,1.3581500000,15176,LONDON,false
2025-09-15T12:00:00Z,1.3581500000,1.3619200000,1.3578100000,1.3614300000,14921,OTHER,false
2025-09-15T16:00:00Z,1.3614300000,1.3617000000,1.3584100000,1.3598400000,16780,OTHER,false
2025-09-15T20:00:00Z,1.3598400000,1.3610800000,1.3593800000,1.3597500000,10424,OTHER,false
2025-09-16T00:00:00Z,1.3593000000,1.3604800000,1.3593000000,1.3601200000,6112,OTHER,false
2025-09-16T04:00:00Z,1.3600900000,1.3624200000,1.3597300000,1.3615100000,11713,OTHER,false
2025-09-16T08:00:00Z,1.3615100000,1.3642600000,1.3613500000,1.3626200000,15617,LONDON,false
2025-09-16T12:00:00Z,1.3626600000,1.3649000000,1.3623700000,1.3640300000,14952,OTHER,false
2025-09-16T16:00:00Z,1.3640200000,1.3671400000,1.3638200000,1.3657200000,15789,OTHER,false
2025-09-16T20:00:00Z,1.3657400000,1.3667300000,1.3641300000,1.3646000000,8953,OTHER,false
2025-09-17T00:00:00Z,1.3645000000,1.3658500000,1.3637500000,1.3644700000,5581,OTHER,false
2025-09-17T04:00:00Z,1.3644700000,1.3647600000,1.3639000000,1.3641400000,7223,OTHER,false
2025-09-17T08:00:00Z,1.3641400000,1.3651800000,1.3629200000,1.3639600000,9136,LONDON,false
2025-09-17T12:00:00Z,1.3639600000,1.3655700000,1.3637700000,1.3653600000,9062,OTHER,false
2025-09-17T16:00:00Z,1.3653800000,1.3669200000,1.3647800000,1.3664600000,11291,OTHER,false
2025-09-17T20:00:00Z,1.3664600000,1.3726100000,1.3619200000,1.3624300000,24438,OTHER,false
2025-09-18T00:00:00Z,1.3624200000,1.3635000000,1.3616300000,1.3626500000,7615,OTHER,false
2025-09-18T04:00:00Z,1.3626600000,1.3630200000,1.3604300000,1.3606200000,9817,OTHER,false
2025-09-18T08:00:00Z,1.3606200000,1.3647700000,1.3585600000,1.3639000000,12484,LONDON,false
2025-09-18T12:00:00Z,1.3639000000,1.3660400000,1.3594000000,1.3594000000,16380,OTHER,false
2025-09-18T16:00:00Z,1.3594000000,1.3595300000,1.3533500000,1.3552200000,23153,OTHER,false
2025-09-18T20:00:00Z,1.3552300000,1.3562700000,1.3543700000,1.3551000000,9191,OTHER,false
2025-09-19T00:00:00Z,1.3549300000,1.3556200000,1.3539600000,1.3548500000,8847,OTHER,false
2025-09-19T04:00:00Z,1.3548400000,1.3559000000,1.3530100000,1.3543900000,14992,OTHER,false
2025-09-19T08:00:00Z,1.3544000000,1.3550900000,1.3481800000,1.3499000000,19008,LONDON,false
2025-09-19T12:00:00Z,1.3499000000,1.3510000000,1.3462700000,1.3468000000,15297,OTHER,false
2025-09-19T16:00:00Z,1.3468400000,1.3497800000,1.3467900000,1.3482000000,19918,OTHER,false
2025-09-19T20:00:00Z,1.3482000000,1.3484600000,1.3466000000,1.3470000000,9118,OTHER,false
2025-09-22T00:00:00Z,1.3461800000,1.3472900000,1.3456500000,1.3466800000,8379,OTHER,false
2025-09-22T04:00:00Z,1.3466800000,1.3474000000,1.3452300000,1.3460100000,13259,OTHER,false
2025-09-22T08:00:00Z,1.3460000000,1.3502800000,1.3458400000,1.3495200000,16179,LONDON,false
2025-09-22T12:00:00Z,1.3495300000,1.3515600000,1.3489700000,1.3507600000,15448,OTHER,false
2025-09-22T16:00:00Z,1.3507600000,1.3519800000,1.3491800000,1.3507800000,16671,OTHER,false
2025-09-22T20:00:00Z,1.3507700000,1.3519000000,1.3506600000,1.3513000000,6325,OTHER,false
2025-09-23T00:00:00Z,1.3505500000,1.3520100000,1.3501900000,1.3520100000,8182,OTHER,false
2025-09-23T04:00:00Z,1.3520000000,1.3526700000,1.3502400000,1.3506800000,12047,OTHER,false
2025-09-23T08:00:00Z,1.3506400000,1.3527400000,1.3486600000,1.3503200000,18885,LONDON,false
2025-09-23T12:00:00Z,1.3503100000,1.3528800000,1.3496400000,1.3524000000,16846,OTHER,false
2025-09-23T16:00:00Z,1.3524300000,1.3536000000,1.3505500000,1.3520400000,20397,OTHER,false
2025-09-23T20:00:00Z,1.3520300000,1.3526600000,1.3512600000,1.3524700000,11942,OTHER,false
2025-09-24T00:00:00Z,1.3517800000,1.3528100000,1.3510300000,1.3514300000,8506,OTHER,false
2025-09-24T04:00:00Z,1.3514300000,1.3515900000,1.3504500000,1.3508400000,12048,OTHER,false
2025-09-24T08:00:00Z,1.3508300000,1.3511700000,1.3472600000,1.3483400000,13977,LONDON,false
2025-09-24T12:00:00Z,1.3483400000,1.3486900000,1.3435500000,1.3445200000,14472,OTHER,false
2025-09-24T16:00:00Z,1.3445200000,1.3457000000,1.3426100000,1.3442300000,18321,OTHER,false
2025-09-24T20:00:00Z,1.3442300000,1.3455200000,1.3441600000,1.3446300000,8478,OTHER,false
2025-09-25T00:00:00Z,1.3440800000,1.3457100000,1.3438200000,1.3455900000,8187,OTHER,false
2025-09-25T04:00:00Z,1.3455900000,1.3464200000,1.3448400000,1.3462500000,10839,OTHER,false
2025-09-25T08:00:00Z,1.3462500000,1.3466400000,1.3434000000,1.3452300000,14381,LONDON,false
2025-09-25T12:00:00Z,1.3452800000,1.3459000000,1.3371600000,1.3383300000,16371,OTHER,false
2025-09-25T16:00:00Z,1.3383400000,1.3394100000,1.3335500000,1.3338600000,24656,OTHER,false
2025-09-25T20:00:00Z,1.3338300000,1.3346300000,1.3322900000,1.3342000000,11554,OTHER,false
2025-09-26T00:00:00Z,1.3334700000,1.3345600000,1.3328500000,1.3344900000,9416,OTHER,false
2025-09-26T04:00:00Z,1.3344900000,1.3354900000,1.3338600000,1.3353600000,10327,OTHER,false
2025-09-26T08:00:00Z,1.3353600000,1.3370300000,1.3344300000,1.3364400000,13429,LONDON,false
2025-09-26T12:00:00Z,1.3364700000,1.3376400000,1.3342800000,1.3376400000,14730,OTHER,false
2025-09-26T16:00:00Z,1.3376900000,1.3412500000,1.3374800000,1.3397600000,21352,OTHER,false
2025-09-26T20:00:00Z,1.3397800000,1.3411000000,1.3397300000,1.3399200000,8085,OTHER,false
2025-09-29T00:00:00Z,1.3384500000,1.3424800000,1.3384300000,1.3423500000,7374,OTHER,false
2025-09-29T04:00:00Z,1.3423500000,1.3441100000,1.3415700000,1.3437000000,10936,OTHER,false
2025-09-29T08:00:00Z,1.3437000000,1.3449600000,1.3430900000,1.3435000000,14868,LONDON,false
2025-09-29T12:00:00Z,1.3434900000,1.3456300000,1.3424000000,1.3451000000,14733,OTHER,false
2025-09-29T16:00:00Z,1.3451000000,1.3451600000,1.3415300000,1.3430400000,18371,OTHER,false
2025-09-29T20:00:00Z,1.3430400000,1.3438400000,1.3422200000,1.3431100000,7566,OTHER,false
2025-09-30T00:00:00Z,1.3418300000,1.3437300000,1.3418300000,1.3424100000,7379,OTHER,false
2025-09-30T04:00:00Z,1.3424600000,1.3438400000,1.3419900000,1.3437700000,11325,OTHER,false
2025-09-30T08:00:00Z,1.3438000000,1.3451600000,1.3427700000,1.3445200000,16419,LONDON,false
2025-09-30T12:00:00Z,1.3445300000,1.3451400000,1.3424300000,1.3441800000,12803,OTHER,false
2025-09-30T16:00:00Z,1.3441900000,1.3466500000,1.3413100000,1.3458400000,19900,OTHER,false
2025-09-30T20:00:00Z,1.3458400000,1.3463400000,1.3438900000,1.3442200000,9206,OTHER,false
2025-10-01T00:00:00Z,1.3443600000,1.3451500000,1.3435200000,1.3440000000,8915,OTHER,false
2025-10-01T04:00:00Z,1.3440000000,1.3463300000,1.3434000000,1.3462800000,10511,OTHER,false
2025-10-01T08:00:00Z,1.3462800000,1.3479900000,1.3453100000,1.3467000000,17556,LONDON,false
2025-10-01T12:00:00Z,1.3467000000,1.3521300000,1.3457300000,1.3512100000,19060,OTHER,false
2025-10-01T16:00:00Z,1.3512200000,1.3527000000,1.3464800000,1.3473300000,23307,OTHER,false
2025-10-01T20:00:00Z,1.3473600000,1.3488600000,1.3468300000,1.3475100000,8717,OTHER,false
2025-10-02T00:00:00Z,1.3469900000,1.3482800000,1.3468600000,1.3469100000,7026,OTHER,false
2025-10-02T04:00:00Z,1.3469100000,1.3486800000,1.3467100000,1.3475000000,10093,OTHER,false
2025-10-02T08:00:00Z,1.3475000000,1.3509700000,1.3468300000,1.3504200000,14646,LONDON,false
2025-10-02T12:00:00Z,1.3504000000,1.3507200000,1.3463200000,1.3465300000,15108,OTHER,false
2025-10-02T16:00:00Z,1.3465400000,1.3468200000,1.3400400000,1.3438700000,20390,OTHER,false
2025-10-02T20:00:00Z,1.3438700000,1.3451600000,1.3435200000,1.3438400000,7890,OTHER,false
2025-10-03T00:00:00Z,1.3430300000,1.3454300000,1.3430300000,1.3443900000,6828,OTHER,false
2025-10-03T04:00:00Z,1.3443800000,1.3449900000,1.3432200000,1.3434600000,9813,OTHER,false
2025-10-03T08:00:00Z,1.3434600000,1.3466600000,1.3428400000,1.3457400000,14211,LONDON,false
2025-10-03T12:00:00Z,1.3457500000,1.3459200000,1.3436400000,1.3457900000,14125,OTHER,false
2025-10-03T16:00:00Z,1.3458100000,1.3484700000,1.3449800000,1.3477100000,19407,OTHER,false
2025-10-03T20:00:00Z,1.3477000000,1.3485500000,1.3462200000,1.3477700000,8785,OTHER,false
2025-10-06T00:00:00Z,1.3429600000,1.3448400000,1.3422200000,1.3439600000,14003,OTHER,false
2025-10-06T04:00:00Z,1.3441000000,1.3457700000,1.3434800000,1.3446300000,11517,OTHER,false
2025-10-06T08:00:00Z,1.3446300000,1.3463800000,1.3417700000,1.3435400000,20471,LONDON,false
2025-10-06T12:00:00Z,1.3434100000,1.3440100000,1.3416200000,1.3437100000,17814,OTHER,false
2025-10-06T16:00:00Z,1.3437300000,1.3483700000,1.3437000000,1.3474700000,17250,OTHER,false
2025-10-06T20:00:00Z,1.3474800000,1.3489300000,1.3474700000,1.3484800000,7759,OTHER,false
2025-10-07T00:00:00Z,1.3481400000,1.3486500000,1.3475100000,1.3481600000,5983,OTHER,false
2025-10-07T04:00:00Z,1.3481700000,1.3481700000,1.3466800000,1.3469100000,8397,OTHER,false
2025-10-07T08:00:00Z,1.3469300000,1.3470600000,1.3429000000,1.3436500000,16519,LONDON,false
2025-10-07T12:00:00Z,1.3436600000,1.3443700000,1.3391500000,1.3413800000,15688,OTHER,false
2025-10-07T16:00:00Z,1.3413700000,1.3453900000,1.3409300000,1.3442200000,18861,OTHER,false
2025-10-07T20:00:00Z,1.3442200000,1.3451500000,1.3415100000,1.3423300000,10060,OTHER,false
2025-10-08T00:00:00Z,1.3425200000,1.3428300000,1.3411100000,1.3415500000,8136,OTHER,false
2025-10-08T04:00:00Z,1.3415100000,1.3415100000,1.3389700000,1.3393200000,12311,OTHER,false
2025-10-08T08:00:00Z,1.3393200000,1.3425800000,1.3383500000,1.3407800000,16905,LONDON,false
2025-10-08T12:00:00Z,1.3407700000,1.3427000000,1.3399800000,1.3418600000,15636,OTHER,false
2025-10-08T16:00:00Z,1.3418600000,1.3438000000,1.3371300000,1.3386900000,17365,OTHER,false
2025-10-08T20:00:00Z,1.3387000000,1.3405200000,1.3370300000,1.3402900000,10951,OTHER,false
2025-10-09T00:00:00Z,1.3392800000,1.3412700000,1.3387400000,1.3409400000,6589,OTHER,false
2025-10-09T04:00:00Z,1.3409300000,1.3418700000,1.3405600000,1.3411700000,8555,OTHER,false
2025-10-09T08:00:00Z,1.3411600000,1.3416300000,1.3342100000,1.3361300000,16740,LONDON,false
2025-10-09T12:00:00Z,1.3361300000,1.3389600000,1.3357900000,1.3384100000,16388,OTHER,false
2025-10-09T16:00:00Z,1.3384500000,1.3394300000,1.3290200000,1.3293400000,25676,OTHER,false
2025-10-09T20:00:00Z,1.3293300000,1.3305700000,1.3278900000,1.3302400000,11927,OTHER,false
2025-10-10T00:00:00Z,1.3295700000,1.3305700000,1.3291400000,1.3304100000,7026,OTHER,false
2025-10-10T04:00:00Z,1.3304100000,1.3313500000,1.3299300000,1.3307900000,8882,OTHER,false
2025-10-10T08:00:00Z,1.3308000000,1.3314100000,1.3278900000,1.3307600000,17482,LONDON,false
2025-10-10T12:00:00Z,1.3307300000,1.3308400000,1.3261200000,1.3278900000,15623,OTHER,false
2025-10-10T16:00:00Z,1.3279000000,1.3370000000,1.3267900000,1.3344600000,29009,OTHER,false
2025-10-10T20:00:00Z,1.3344400000,1.3354800000,1.3331200000,1.3348300000,13531,OTHER,false
2025-10-13T00:00:00Z,1.3341700000,1.3353200000,1.3323100000,1.3350200000,12996,OTHER,false
2025-10-13T04:00:00Z,1.3351600000,1.3362600000,1.3344700000,1.3356200000,12778,OTHER,false
2025-10-13T08:00:00Z,1.3356200000,1.3366000000,1.3314600000,1.3325800000,18461,LONDON,false
2025-10-13T12:00:00Z,1.3325800000,1.3352300000,1.3324000000,1.3333200000,16615,OTHER,false
2025-10-13T16:00:00Z,1.3333200000,1.3338300000,1.3318800000,1.3329700000,17944,OTHER,false
2025-10-13T20:00:00Z,1.3329700000,1.3339400000,1.3325800000,1.3333100000,7392,OTHER,false
2025-10-14T00:00:00Z,1.3332800000,1.3337900000,1.3324800000,1.3335600000,6306,OTHER,false
2025-10-14T04:00:00Z,1.3335900000,1.3352100000,1.3334600000,1.3351600000,12541,OTHER,false
2025-10-14T08:00:00Z,1.3351700000,1.3351800000,1.3251600000,1.3283300000,23818,LONDON,false
2025-10-14T12:00:00Z,1.3283300000,1.3283400000,1.3248100000,1.3260900000,20879,OTHER,false
2025-10-14T16:00:00Z,1.3260900000,1.3329000000,1.3260400000,1.3317200000,25379,OTHER,false
2025-10-14T20:00:00Z,1.3316800000,1.3331700000,1.3311800000,1.3318500000,11719,OTHER,false
2025-10-15T00:00:00Z,1.3315800000,1.3330400000,1.3314100000,1.3328200000,6080,OTHER,false
2025-10-15T04:00:00Z,1.3328200000,1.3353700000,1.3324700000,1.3348300000,10265,OTHER,false
2025-10-15T08:00:00Z,1.3348300000,1.3372700000,1.3341100000,1.3345200000,16867,LONDON,false
2025-10-15T12:00:00Z,1.3345000000,1.3366200000,1.3335600000,1.3345300000,15866,OTHER,false
2025-10-15T16:00:00Z,1.3345400000,1.3402800000,1.3334500000,1.3390200000,21844,OTHER,false
2025-10-15T20:00:00Z,1.3390200000,1.3406800000,1.3369800000,1.3401200000,11972,OTHER,false
2025-10-16T00:00:00Z,1.3386800000,1.3427900000,1.3386300000,1.3421300000,8479,OTHER,false
2025-10-16T04:00:00Z,1.3421300000,1.3441500000,1.3411700000,1.3413500000,11375,OTHER,false
2025-10-16T08:00:00Z,1.3413400000,1.3442500000,1.3403800000,1.3437800000,19402,LONDON,false
2025-10-16T12:00:00Z,1.3437700000,1.3448600000,1.3421000000,1.3447200000,16414,OTHER,false
2025-10-16T16:00:00Z,1.3447400000,1.3454000000,1.3411300000,1.3426300000,24810,OTHER,false
2025-10-16T20:00:00Z,1.3426300000,1.3447400000,1.3419100000,1.3435700000,13962,OTHER,false
2025-10-17T00:00:00Z,1.3426600000,1.3451500000,1.3425000000,1.3446600000,8476,OTHER,false
2025-10-17T04:00:00Z,1.3446500000,1.3453300000,1.3430400000,1.3451600000,11442,OTHER,false
2025-10-17T08:00:00Z,1.3451600000,1.3470900000,1.3410700000,1.3423500000,18035,LONDON,false
2025-10-17T12:00:00Z,1.3423500000,1.3442700000,1.3407900000,1.3411600000,16673,OTHER,false
2025-10-17T16:00:00Z,1.3411700000,1.3430200000,1.3390500000,1.3416600000,19226,OTHER,false
2025-10-17T20:00:00Z,1.3416500000,1.3438400000,1.3410000000,1.3423400000,12040,OTHER,false
2025-10-20T00:00:00Z,1.3423900000,1.3434300000,1.3409300000,1.3433500000,5705,OTHER,false
2025-10-20T04:00:00Z,1.3433500000,1.3442700000,1.3426500000,1.3435100000,7717,OTHER,false
2025-10-20T08:00:00Z,1.3435000000,1.3440600000,1.3405100000,1.3427300000,12967,LONDON,false
2025-10-20T12:00:00Z,1.3427300000,1.3438200000,1.3399100000,1.3425200000,13347,OTHER,false
2025-10-20T16:00:00Z,1.3425300000,1.3426800000,1.3401400000,1.3415400000,14156,OTHER,false
2025-10-20T20:00:00Z,1.3415300000,1.3415800000,1.3399300000,1.3404100000,8052,OTHER,false
2025-10-21T00:00:00Z,1.3397800000,1.3415700000,1.3396100000,1.3413800000,5711,OTHER,false
2025-10-21T04:00:00Z,1.3413700000,1.3413700000,1.3386700000,1.3391600000,10317,OTHER,false
2025-10-21T08:00:00Z,1.3391700000,1.3396800000,1.3371700000,1.3379400000,17258,LONDON,false
2025-10-21T12:00:00Z,1.3379400000,1.3394200000,1.3365200000,1.3386000000,16174,OTHER,false
2025-10-21T16:00:00Z,1.3385900000,1.3397500000,1.3360500000,1.3372600000,21306,OTHER,false
2025-10-21T20:00:00Z,1.3372700000,1.3376400000,1.3364400000,1.3368200000,10029,OTHER,false
2025-10-22T00:00:00Z,1.3368200000,1.3374000000,1.3357100000,1.3370600000,7074,OTHER,false
2025-10-22T04:00:00Z,1.3370700000,1.3379600000,1.3367200000,1.3378800000,9150,OTHER,false
2025-10-22T08:00:00Z,1.3378700000,1.3386600000,1.3312100000,1.3320200000,17824,LONDON,false
2025-10-22T12:00:00Z,1.3319500000,1.3339800000,1.3305200000,1.3323000000,14341,OTHER,false
2025-10-22T16:00:00Z,1.3323000000,1.3375900000,1.3315600000,1.3370400000,18414,OTHER,false
2025-10-22T20:00:00Z,1.3370400000,1.3371700000,1.3351800000,1.3356300000,10390,OTHER,false
2025-10-23T00:00:00Z,1.3353900000,1.3359500000,1.3338700000,1.3344900000,6074,OTHER,false
2025-10-23T04:00:00Z,1.3345000000,1.3346900000,1.3328900000,1.3338600000,7336,OTHER,false
2025-10-23T08:00:00Z,1.3338600000,1.3356600000,1.3337300000,1.3349200000,10649,LONDON,false
2025-10-23T12:00:00Z,1.3349200000,1.3354300000,1.3326200000,1.3342500000,10413,OTHER,false
2025-10-23T16:00:00Z,1.3342500000,1.3347500000,1.3310500000,1.3311700000,15589,OTHER,false
2025-10-23T20:00:00Z,1.3311400000,1.3327500000,1.3307100000,1.3325100000,7231,OTHER,false
2025-10-24T00:00:00Z,1.3321500000,1.3332000000,1.3317300000,1.3329700000,6148,OTHER,false
2025-10-24T04:00:00Z,1.3329700000,1.3330800000,1.3317400000,1.3320600000,8985,OTHER,false
2025-10-24T08:00:00Z,1.3320600000,1.3333000000,1.3300200000,1.3320200000,13753,LONDON,false
2025-10-24T12:00:00Z,1.3319900000,1.3358300000,1.3299700000,1.3345000000,15519,OTHER,false
2025-10-24T16:00:00Z,1.3345400000,1.3358600000,1.3286900000,1.3294800000,19928,OTHER,false
2025-10-24T20:00:00Z,1.3294900000,1.3317100000,1.3294800000,1.3309700000,8489,OTHER,false
2025-10-27T00:00:00Z,1.3324200000,1.3328300000,1.3317600000,1.3324000000,9526,OTHER,false
2025-10-27T04:00:00Z,1.3324000000,1.3335800000,1.3313000000,1.3316100000,11715,OTHER,false
2025-10-27T08:00:00Z,1.3316100000,1.3334500000,1.3310700000,1.3326600000,16418,LONDON,false
2025-10-27T12:00:00Z,1.3326700000,1.3353100000,1.3323100000,1.3347700000,19073,OTHER,false
2025-10-27T16:00:00Z,1.3347700000,1.3351700000,1.3317800000,1.3335000000,21324,OTHER,false
2025-10-27T20:00:00Z,1.3334900000,1.3338900000,1.3324700000,1.3335700000,13882,OTHER,false
2025-10-28T00:00:00Z,1.3335600000,1.3353800000,1.3335300000,1.3349900000,9154,OTHER,false
2025-10-28T04:00:00Z,1.3349900000,1.3367100000,1.3347700000,1.3366400000,13557,OTHER,false
2025-10-28T08:00:00Z,1.3366300000,1.3369700000,1.3301100000,1.3307600000,18570,LONDON,false
2025-10-28T12:00:00Z,1.3307600000,1.3328600000,1.3279800000,1.3283500000,20516,OTHER,false
2025-10-28T16:00:00Z,1.3284100000,1.3291200000,1.3247700000,1.3289700000,24098,OTHER,false
2025-10-28T20:00:00Z,1.3289700000,1.3290100000,1.3270000000,1.3274600000,15035,OTHER,false
2025-10-29T00:00:00Z,1.3270900000,1.3280600000,1.3268400000,1.3272400000,8835,OTHER,false
2025-10-29T04:00:00Z,1.3272300000,1.3274200000,1.3249400000,1.3251100000,14008,OTHER,false
2025-10-29T08:00:00Z,1.3251100000,1.3251300000,1.3208600000,1.3208800000,17511,LONDON,false
2025-10-29T12:00:00Z,1.3208600000,1.3228400000,1.3197000000,1.3203700000,19741,OTHER,false
2025-10-29T16:00:00Z,1.3203600000,1.3247400000,1.3194600000,1.3227700000,24073,OTHER,false
2025-10-29T20:00:00Z,1.3227700000,1.3231700000,1.3140000000,1.3194200000,27490,OTHER,false
2025-10-30T00:00:00Z,1.3194100000,1.3207400000,1.3184400000,1.3203600000,10924,OTHER,false
2025-10-30T04:00:00Z,1.3203600000,1.3218000000,1.3196600000,1.3216400000,18097,OTHER,false
2025-10-30T08:00:00Z,1.3216400000,1.3218800000,1.3185400000,1.3207500000,19882,LONDON,false
2025-10-30T12:00:00Z,1.3207500000,1.3209400000,1.3135700000,1.3137500000,20537,OTHER,false
2025-10-30T16:00:00Z,1.3137500000,1.3180600000,1.3116600000,1.3155600000,24707,OTHER,false
2025-10-30T20:00:00Z,1.3155700000,1.3159200000,1.3139300000,1.3150600000,16000,OTHER,false
2025-10-31T00:00:00Z,1.3148900000,1.3161200000,1.3146400000,1.3159200000,8539,OTHER,false
2025-10-31T04:00:00Z,1.3159200000,1.3164800000,1.3150100000,1.3156700000,11398,OTHER,false
2025-10-31T08:00:00Z,1.3156800000,1.3157100000,1.3125100000,1.3140800000,15856,LONDON,false
2025-10-31T12:00:00Z,1.3140900000,1.3148200000,1.3104800000,1.3106700000,18514,OTHER,false
2025-10-31T16:00:00Z,1.3106800000,1.3143000000,1.3097200000,1.3128100000,24456,OTHER,false
2025-10-31T20:00:00Z,1.3128200000,1.3149400000,1.3123100000,1.3148200000,14820,OTHER,false
2025-11-03T00:00:00Z,1.3133900000,1.3142800000,1.3128800000,1.3134900000,10591,OTHER,false
2025-11-03T04:00:00Z,1.3135100000,1.3145800000,1.3133100000,1.3142100000,10450,OTHER,false
2025-11-03T08:00:00Z,1.3142100000,1.3149000000,1.3117400000,1.3125200000,15961,LONDON,false
2025-11-03T12:00:00Z,1.3125200000,1.3146900000,1.3120500000,1.3126700000,17160,OTHER,false
2025-11-03T16:00:00Z,1.3126600000,1.3162400000,1.3108400000,1.3144900000,21999,OTHER,false
2025-11-03T20:00:00Z,1.3144900000,1.3148100000,1.3134700000,1.3139700000,12943,OTHER,false
2025-11-04T00:00:00Z,1.3140400000,1.3144000000,1.3118600000,1.3124600000,10702,OTHER,false
2025-11-04T04:00:00Z,1.3124600000,1.3133700000,1.3117900000,1.3121300000,13275,OTHER,false
2025-11-04T08:00:00Z,1.3121300000,1.3139300000,1.3059100000,1.3062800000,21059,LONDON,false
2025-11-04T12:00:00Z,1.3062800000,1.3078900000,1.3053100000,1.3057600000,18698,OTHER,false
2025-11-04T16:00:00Z,1.3057400000,1.3065100000,1.3025900000,1.3028700000,22408,OTHER,false
2025-11-04T20:00:00Z,1.3028600000,1.3028600000,1.3010100000,1.3018000000,14390,OTHER,false
2025-11-05T00:00:00Z,1.3019300000,1.3026500000,1.3010200000,1.3015600000,11406,OTHER,false
2025-11-05T04:00:00Z,1.3015600000,1.3030000000,1.3013900000,1.3022000000,13822,OTHER,false
2025-11-05T08:00:00Z,1.3021800000,1.3053100000,1.3019600000,1.3039600000,17156,LONDON,false
2025-11-05T12:00:00Z,1.3039500000,1.3046900000,1.3011800000,1.3025600000,18513,OTHER,false
2025-11-05T16:00:00Z,1.3025500000,1.3049200000,1.3013500000,1.3038800000,22819,OTHER,false
2025-11-05T20:00:00Z,1.3038800000,1.3053200000,1.3037900000,1.3049800000,13557,OTHER,false
2025-11-06T00:00:00Z,1.3046000000,1.3065200000,1.3044000000,1.3063200000,8301,OTHER,false
2025-11-06T04:00:00Z,1.3063200000,1.3065700000,1.3057300000,1.3060700000,10356,OTHER,false
2025-11-06T08:00:00Z,1.3060600000,1.3089100000,1.3053100000,1.3080300000,18086,LONDON,false
2025-11-06T12:00:00Z,1.3080100000,1.3125100000,1.3059400000,1.3108000000,20715,OTHER,false
2025-11-06T16:00:00Z,1.3107900000,1.3124900000,1.3080800000,1.3122200000,25130,OTHER,false
2025-11-06T20:00:00Z,1.3122400000,1.3142600000,1.3120200000,1.3137100000,17137,OTHER,false
2025-11-07T00:00:00Z,1.3129200000,1.3142100000,1.3123700000,1.3125200000,10313,OTHER,false
2025-11-07T04:00:00Z,1.3125200000,1.3130600000,1.3115300000,1.3119300000,12477,OTHER,false
2025-11-07T08:00:00Z,1.3119300000,1.3127500000,1.3094900000,1.3097700000,17100,LONDON,false
2025-11-07T12:00:00Z,1.3097700000,1.3137800000,1.3096100000,1.3130600000,20631,OTHER,false
2025-11-07T16:00:00Z,1.3130700000,1.3174600000,1.3127600000,1.3170400000,23746,OTHER,false
2025-11-07T20:00:00Z,1.3170500000,1.3174800000,1.3150100000,1.3158000000,17695,OTHER,false
2025-11-10T00:00:00Z,1.3142200000,1.3158900000,1.3132900000,1.3151100000,12842,OTHER,false
2025-11-10T04:00:00Z,1.3151100000,1.3160100000,1.3142500000,1.3155100000,14570,OTHER,false
2025-11-10T08:00:00Z,1.3155200000,1.3184500000,1.3139000000,1.3173300000,20064,LONDON,false
2025-11-10T12:00:00Z,1.3173300000,1.3191100000,1.3151900000,1.3174800000,18948,OTHER,false
2025-11-10T16:00:00Z,1.3174800000,1.3179800000,1.3145700000,1.3178400000,22623,OTHER,false
2025-11-10T20:00:00Z,1.3178600000,1.3185000000,1.3168400000,1.3173200000,14566,OTHER,false
2025-11-11T00:00:00Z,1.3162600000,1.3177400000,1.3157700000,1.3164900000,10187,OTHER,false
2025-11-11T04:00:00Z,1.3164700000,1.3171900000,1.3160900000,1.3166100000,13454,OTHER,false
2025-11-11T08:00:00Z,1.3166200000,1.3171400000,1.3116600000,1.3129500000,20820,LONDON,false
2025-11-11T12:00:00Z,1.3129600000,1.3178200000,1.3121000000,1.3171200000,20273,OTHER,false
2025-11-11T16:00:00Z,1.3171300000,1.3184500000,1.3158800000,1.3174200000,21661,OTHER,false
2025-11-11T20:00:00Z,1.3174000000,1.3178200000,1.3143700000,1.3145400000,14041,OTHER,false
2025-11-12T00:00:00Z,1.3142000000,1.3155900000,1.3137300000,1.3138800000,8628,OTHER,false
2025-11-12T04:00:00Z,1.3138800000,1.3144000000,1.3128700000,1.3133800000,13375,OTHER,false
2025-11-12T08:00:00Z,1.3133700000,1.3155300000,1.3115000000,1.3116200000,19489,LONDON,false
2025-11-12T12:00:00Z,1.3116200000,1.3139900000,1.3095800000,1.3105000000,20462,OTHER,false
2025-11-12T16:00:00Z,1.3104900000,1.3139700000,1.3084300000,1.3139200000,23190,OTHER,false
2025-11-12T20:00:00Z,1.3139200000,1.3143900000,1.3119800000,1.3129700000,15069,OTHER,false
2025-11-13T00:00:00Z,1.3121700000,1.3132700000,1.3110700000,1.3123800000,11093,OTHER,false
2025-11-13T04:00:00Z,1.3123800000,1.3128700000,1.3115100000,1.3117300000,12148,OTHER,false
2025-11-13T08:00:00Z,1.3117300000,1.3170900000,1.3100700000,1.3156000000,19563,LONDON,false
2025-11-13T12:00:00Z,1.3156000000,1.3184300000,1.3143400000,1.3168800000,19886,OTHER,false
2025-11-13T16:00:00Z,1.3168800000,1.3215700000,1.3165600000,1.3211400000,23990,OTHER,false
2025-11-13T20:00:00Z,1.3211500000,1.3214200000,1.3183000000,1.3187800000,16124,OTHER,false
2025-11-14T00:00:00Z,1.3180300000,1.3195000000,1.3135600000,1.3146700000,13206,OTHER,false
2025-11-14T04:00:00Z,1.3146800000,1.3159100000,1.3138900000,1.3147800000,14537,OTHER,false
2025-11-14T08:00:00Z,1.3147900000,1.3200500000,1.3108100000,1.3155200000,23149,LONDON,false
2025-11-14T12:00:00Z,1.3155200000,1.3181100000,1.3122600000,1.3167200000,21839,OTHER,false
2025-11-14T16:00:00Z,1.3167200000,1.3178200000,1.3125000000,1.3161100000,23879,OTHER,false
2025-11-14T20:00:00Z,1.3160900000,1.3173700000,1.3149900000,1.3165000000,15128,OTHER,false
2025-11-17T00:00:00Z,1.3148600000,1.3171000000,1.3148600000,1.3155800000,8952,OTHER,false
2025-11-17T04:00:00Z,1.3155800000,1.3155900000,1.3141500000,1.3143100000,12793,OTHER,false
2025-11-17T08:00:00Z,1.3143200000,1.3180800000,1.3135900000,1.3164500000,18846,LONDON,false
2025-11-17T12:00:00Z,1.3164400000,1.3193200000,1.3149100000,1.3172900000,20749,OTHER,false
2025-11-17T16:00:00Z,1.3172700000,1.3179100000,1.3161200000,1.3170100000,22357,OTHER,false
2025-11-17T20:00:00Z,1.3170100000,1.3170900000,1.3145000000,1.3153900000,16145,OTHER,false
2025-11-18T00:00:00Z,1.3157100000,1.3157100000,1.3145400000,1.3151100000,8282,OTHER,false
2025-11-18T04:00:00Z,1.3151200000,1.3164200000,1.3145100000,1.3160700000,16551,OTHER,false
2025-11-18T08:00:00Z,1.3161000000,1.3177000000,1.3148000000,1.3152500000,21445,LONDON,false
2025-11-18T12:00:00Z,1.3152700000,1.3160900000,1.3134000000,1.3154300000,21725,OTHER,false
2025-11-18T16:00:00Z,1.3154300000,1.3171200000,1.3135500000,1.3141000000,24661,OTHER,false
2025-11-18T20:00:00Z,1.3141100000,1.3156900000,1.3139900000,1.3146200000,15791,OTHER,false
2025-11-19T00:00:00Z,1.3147100000,1.3149100000,1.3131600000,1.3132800000,9165,OTHER,false
2025-11-19T04:00:00Z,1.3132800000,1.3147200000,1.3129100000,1.3146100000,15781,OTHER,false
2025-11-19T08:00:00Z,1.3146200000,1.3155100000,1.3117900000,1.3127000000,20230,LONDON,false
2025-11-19T12:00:00Z,1.3126800000,1.3129900000,1.3092600000,1.3119100000,21494,OTHER,false
2025-11-19T16:00:00Z,1.3119100000,1.3122300000,1.3056900000,1.3068000000,24389,OTHER,false
2025-11-19T20:00:00Z,1.3068000000,1.3076600000,1.3043500000,1.3058500000,17924,OTHER,false
2025-11-20T00:00:00Z,1.3051500000,1.3062400000,1.3045200000,1.3046200000,8797,OTHER,false
2025-11-20T04:00:00Z,1.3046200000,1.3062100000,1.3037900000,1.3053000000,13573,OTHER,false
2025-11-20T08:00:00Z,1.3052900000,1.3079900000,1.3049900000,1.3079100000,19226,LONDON,false
2025-11-20T12:00:00Z,1.3079200000,1.3099600000,1.3050600000,1.3095800000,20953,OTHER,false
2025-11-20T16:00:00Z,1.3095700000,1.3123700000,1.3065700000,1.3068100000,27296,OTHER,false
2025-11-20T20:00:00Z,1.3067800000,1.3087400000,1.3067000000,1.3072300000,16310,OTHER,false
2025-11-21T00:00:00Z,1.3064300000,1.3087400000,1.3064300000,1.3082100000,11240,OTHER,false
2025-11-21T04:00:00Z,1.3082000000,1.3096200000,1.3075100000,1.3089300000,15978,OTHER,false
2025-11-21T08:00:00Z,1.3089300000,1.3103000000,1.3059100000,1.3061400000,23444,LONDON,false
2025-11-21T12:00:00Z,1.3060900000,1.3095000000,1.3038800000,1.3084100000,25067,OTHER,false
2025-11-21T16:00:00Z,1.3084100000,1.3107500000,1.3069700000,1.3100600000,26311,OTHER,false
2025-11-21T20:00:00Z,1.3100500000,1.3109600000,1.3091600000,1.3100600000,16037,OTHER,false
2025-11-24T00:00:00Z,1.3094300000,1.3100000000,1.3085700000,1.3088800000,8976,OTHER,false
2025-11-24T04:00:00Z,1.3088700000,1.3107200000,1.3088700000,1.3102500000,16000,OTHER,false
2025-11-24T08:00:00Z,1.3102400000,1.3111800000,1.3088200000,1.3089900000,20464,LONDON,false
2025-11-24T12:00:00Z,1.3089800000,1.3117900000,1.3088100000,1.3105600000,20531,OTHER,false
2025-11-24T16:00:00Z,1.3105200000,1.3107600000,1.3080500000,1.3100700000,23936,OTHER,false
2025-11-24T20:00:00Z,1.3100700000,1.3116700000,1.3099900000,1.3104900000,13561,OTHER,false
2025-11-25T00:00:00Z,1.3100200000,1.3116000000,1.3100200000,1.3107800000,10021,OTHER,false
2025-11-25T04:00:00Z,1.3107700000,1.3115900000,1.3095700000,1.3101600000,14965,OTHER,false
2025-11-25T08:00:00Z,1.3101600000,1.3138200000,1.3098300000,1.3135100000,19658,LONDON,false
2025-11-25T12:00:00Z,1.3134600000,1.3159800000,1.3109000000,1.3153800000,22807,OTHER,false
2025-11-25T16:00:00Z,1.3153800000,1.3204200000,1.3152900000,1.3200900000,25394,OTHER,false
2025-11-25T20:00:00Z,1.3200900000,1.3214200000,1.3153500000,1.3165100000,17164,OTHER,false
2025-11-26T00:00:00Z,1.3164700000,1.3187800000,1.3157900000,1.3178700000,12198,OTHER,false
2025-11-26T04:00:00Z,1.3178800000,1.3197300000,1.3177000000,1.3191400000,16077,OTHER,false
2025-11-26T08:00:00Z,1.3191400000,1.3197900000,1.3165300000,1.3174200000,21063,LONDON,false
2025-11-26T12:00:00Z,1.3174100000,1.3223900000,1.3124300000,1.3192600000,27860,OTHER,false
2025-11-26T16:00:00Z,1.3192700000,1.3237800000,1.3185000000,1.3226000000,25689,OTHER,false
2025-11-26T20:00:00Z,1.3226000000,1.3243300000,1.3223700000,1.3242400000,14418,OTHER,false
2025-11-27T00:00:00Z,1.3228800000,1.3260700000,1.3228800000,1.3256800000,8667,OTHER,false
2025-11-27T04:00:00Z,1.3256900000,1.3268900000,1.3248000000,1.3258900000,15256,OTHER,false
2025-11-27T08:00:00Z,1.3258900000,1.3264000000,1.3210100000,1.3213800000,18160,LONDON,false
2025-11-27T12:00:00Z,1.3213900000,1.3249100000,1.3211900000,1.3243200000,17129,OTHER,false
2025-11-27T16:00:00Z,1.3243400000,1.3255000000,1.3229200000,1.3237800000,14795,OTHER,false
2025-11-27T20:00:00Z,1.3238000000,1.3240400000,1.3233700000,1.3238100000,8025,OTHER,false
2025-11-28T00:00:00Z,1.3229100000,1.3244200000,1.3228300000,1.3232400000,8299,OTHER,false
2025-11-28T04:00:00Z,1.3232500000,1.3244200000,1.3226600000,1.3232000000,19941,OTHER,false
2025-11-28T08:00:00Z,1.3232900000,1.3233100000,1.3200600000,1.3207600000,31287,LONDON,false
2025-11-28T12:00:00Z,1.3207600000,1.3227600000,1.3200800000,1.3224900000,37124,OTHER,false
2025-11-28T16:00:00Z,1.3225400000,1.3254000000,1.3206100000,1.3236300000,18270,OTHER,false
2025-11-28T20:00:00Z,1.3236600000,1.3246300000,1.3229700000,1.3232000000,10010,OTHER,false
2025-12-01T00:00:00Z,1.3216300000,1.3248400000,1.3216300000,1.3237600000,11517,OTHER,false
2025-12-01T04:00:00Z,1.3237700000,1.3240100000,1.3218800000,1.3221200000,13066,OTHER,false
2025-12-01T08:00:00Z,1.3221100000,1.3236600000,1.3205600000,1.3233100000,18677,LONDON,false
2025-12-01T12:00:00Z,1.3233000000,1.3275500000,1.3217700000,1.3266100000,19246,OTHER,false
2025-12-01T16:00:00Z,1.3266000000,1.3266300000,1.3221500000,1.3224700000,22668,OTHER,false
2025-12-01T20:00:00Z,1.3224800000,1.3227900000,1.3208300000,1.3210300000,12310,OTHER,false
2025-12-02T00:00:00Z,1.3207100000,1.3215000000,1.3203100000,1.3212000000,5685,OTHER,false
2025-12-02T04:00:00Z,1.3212000000,1.3221800000,1.3210700000,1.3214500000,8586,OTHER,false
2025-12-02T08:00:00Z,1.3214200000,1.3220900000,1.3201100000,1.3210700000,14711,LONDON,false
2025-12-02T12:00:00Z,1.3210300000,1.3212000000,1.3180800000,1.3206700000,16033,OTHER,false
2025-12-02T16:00:00Z,1.3206700000,1.3213400000,1.3179600000,1.3194100000,20835,OTHER,false
2025-12-02T20:00:00Z,1.3194000000,1.3215400000,1.3190600000,1.3215300000,10500,OTHER,false
2025-12-03T00:00:00Z,1.3213800000,1.3227100000,1.3195900000,1.3226700000,6784,OTHER,false
2025-12-03T04:00:00Z,1.3226600000,1.3238000000,1.3224500000,1.3236700000,8661,OTHER,false
2025-12-03T08:00:00Z,1.3236800000,1.3284900000,1.3235500000,1.3278500000,16271,LONDON,false
2025-12-03T12:00:00Z,1.3278600000,1.3315100000,1.3274000000,1.3299300000,16778,OTHER,false
2025-12-03T16:00:00Z,1.3299200000,1.3347700000,1.3292200000,1.3342600000,21541,OTHER,false
2025-12-03T20:00:00Z,1.3342600000,1.3353400000,1.3338700000,1.3353300000,11418,OTHER,false
2025-12-04T00:00:00Z,1.3350200000,1.3351700000,1.3334900000,1.3340100000,6728,OTHER,false
2025-12-04T04:00:00Z,1.3340400000,1.3340400000,1.3327500000,1.3338000000,9643,OTHER,false
2025-12-04T08:00:00Z,1.3338100000,1.3359100000,1.3331400000,1.3345700000,15002,LONDON,false
2025-12-04T12:00:00Z,1.3345800000,1.3363700000,1.3322300000,1.3342300000,17068,OTHER,false
2025-12-04T16:00:00Z,1.3342400000,1.3385300000,1.3340600000,1.3343200000,19350,OTHER,false
2025-12-04T20:00:00Z,1.3343200000,1.3351300000,1.3324700000,1.3325600000,11580,OTHER,false
2025-12-05T00:00:00Z,1.3317800000,1.3333400000,1.3317500000,1.3333200000,7374,OTHER,false
2025-12-05T04:00:00Z,1.3333200000,1.3345600000,1.3325100000,1.3345100000,8941,OTHER,false
2025-12-05T08:00:00Z,1.3345000000,1.3362400000,1.3342200000,1.3345900000,13875,LONDON,false
2025-12-05T12:00:00Z,1.3346000000,1.3355700000,1.3328200000,1.3350700000,15045,OTHER,false
2025-12-05T16:00:00Z,1.3350800000,1.3361800000,1.3316100000,1.3330900000,20472,OTHER,false
2025-12-05T20:00:00Z,1.3331000000,1.3340800000,1.3326100000,1.3330000000,10752,OTHER,false
2025-12-08T00:00:00Z,1.3316600000,1.3338200000,1.3312800000,1.3336800000,9271,OTHER,false
2025-12-08T04:00:00Z,1.3336900000,1.3342300000,1.3334700000,1.3337200000,8890,OTHER,false
2025-12-08T08:00:00Z,1.3337100000,1.3346700000,1.3313800000,1.3317000000,14661,LONDON,false
2025-12-08T12:00:00Z,1.3317000000,1.3329400000,1.3313900000,1.3319800000,14506,OTHER,false
2025-12-08T16:00:00Z,1.3319800000,1.3338300000,1.3305600000,1.3323700000,19939,OTHER,false
2025-12-08T20:00:00Z,1.3323700000,1.3330800000,1.3319200000,1.3322600000,10563,OTHER,false
2025-12-09T00:00:00Z,1.3321500000,1.3333000000,1.3312800000,1.3332900000,6124,OTHER,false
2025-12-09T04:00:00Z,1.3332800000,1.3337000000,1.3326100000,1.3333400000,9902,OTHER,false
2025-12-09T08:00:00Z,1.3333400000,1.3356200000,1.3323300000,1.3346900000,15940,LONDON,false
2025-12-09T12:00:00Z,1.3346900000,1.3348800000,1.3310100000,1.3314600000,17481,OTHER,false
2025-12-09T16:00:00Z,1.3314200000,1.3320400000,1.3287400000,1.3297600000,21336,OTHER,false
2025-12-09T20:00:00Z,1.3297700000,1.3307000000,1.3291100000,1.3299200000,11547,OTHER,false
2025-12-10T00:00:00Z,1.3289500000,1.3304700000,1.3289500000,1.3298700000,5809,OTHER,false
2025-12-10T04:00:00Z,1.3298600000,1.3309900000,1.3297700000,1.3307100000,9521,OTHER,false
2025-12-10T08:00:00Z,1.3307200000,1.3327000000,1.3305700000,1.3313200000,14944,LONDON,false
2025-12-10T12:00:00Z,1.3313300000,1.3331700000,1.3301600000,1.3330300000,16828,OTHER,false
2025-12-10T16:00:00Z,1.3330300000,1.3347700000,1.3314700000,1.3345700000,19524,OTHER,false
2025-12-10T20:00:00Z,1.3345700000,1.3388700000,1.3327300000,1.3380100000,22555,OTHER,false
2025-12-11T00:00:00Z,1.3380500000,1.3392000000,1.3368000000,1.3382000000,8582,OTHER,false
2025-12-11T04:00:00Z,1.3382000000,1.3387100000,1.3361500000,1.3361700000,11573,OTHER,false
2025-12-11T08:00:00Z,1.3361700000,1.3379100000,1.3354500000,1.3372000000,16705,LONDON,false
2025-12-11T12:00:00Z,1.3371800000,1.3415400000,1.3367800000,1.3407500000,17310,OTHER,false
2025-12-11T16:00:00Z,1.3407700000,1.3438300000,1.3407200000,1.3421100000,21342,OTHER,false
2025-12-11T20:00:00Z,1.3421100000,1.3424700000,1.3382300000,1.3387600000,12700,OTHER,false
2025-12-12T00:00:00Z,1.3386300000,1.3399900000,1.3380400000,1.3392200000,7349,OTHER,false
2025-12-12T04:00:00Z,1.3392000000,1.3397000000,1.3388500000,1.3395500000,7964,OTHER,false
2025-12-12T08:00:00Z,1.3395500000,1.3399000000,1.3373500000,1.3382700000,14686,LONDON,false
2025-12-12T12:00:00Z,1.3382700000,1.3383500000,1.3364600000,1.3369600000,14856,OTHER,false
2025-12-12T16:00:00Z,1.3369200000,1.3378300000,1.3342300000,1.3373200000,22125,OTHER,false
2025-12-12T20:00:00Z,1.3373200000,1.3377000000,1.3356600000,1.3367200000,12692,OTHER,false
2025-12-15T00:00:00Z,1.3370800000,1.3374300000,1.3354500000,1.3373400000,7172,OTHER,false
2025-12-15T04:00:00Z,1.3373100000,1.3374200000,1.3354200000,1.3363700000,8392,OTHER,false
2025-12-15T08:00:00Z,1.3363700000,1.3388500000,1.3356700000,1.3387800000,13634,LONDON,false
2025-12-15T12:00:00Z,1.3387800000,1.3396500000,1.3374600000,1.3387200000,12481,OTHER,false
2025-12-15T16:00:00Z,1.3387000000,1.3401500000,1.3365400000,1.3367600000,20304,OTHER,false
2025-12-15T20:00:00Z,1.3367600000,1.3376900000,1.3359500000,1.3376300000,11161,OTHER,false
2025-12-16T00:00:00Z,1.3370400000,1.3383400000,1.3361600000,1.3367800000,8617,OTHER,false
2025-12-16T04:00:00Z,1.3367900000,1.3374100000,1.3360900000,1.3362300000,11647,OTHER,false
2025-12-16T08:00:00Z,1.3362000000,1.3415500000,1.3355300000,1.3410400000,15514,LONDON,false
2025-12-16T12:00:00Z,1.3410200000,1.3455900000,1.3406700000,1.3425800000,17481,OTHER,false
2025-12-16T16:00:00Z,1.3425900000,1.3447000000,1.3403400000,1.3423200000,21971,OTHER,false
2025-12-16T20:00:00Z,1.3423200000,1.3435500000,1.3399200000,1.3421500000,14424,OTHER,false
2025-12-17T00:00:00Z,1.3420600000,1.3427200000,1.3418000000,1.3424700000,7166,OTHER,false
2025-12-17T04:00:00Z,1.3424500000,1.3424700000,1.3380300000,1.3383400000,10436,OTHER,false
2025-12-17T08:00:00Z,1.3383400000,1.3390000000,1.3311600000,1.3325600000,17995,LONDON,false
2025-12-17T12:00:00Z,1.3325600000,1.3359000000,1.3320300000,1.3356200000,16707,OTHER,false
2025-12-17T16:00:00Z,1.3356200000,1.3406600000,1.3348400000,1.3387100000,22702,OTHER,false
2025-12-17T20:00:00Z,1.3387200000,1.3394800000,1.3372600000,1.3375500000,13076,OTHER,false
2025-12-18T00:00:00Z,1.3375600000,1.3379100000,1.3361600000,1.3364300000,7347,OTHER,false
2025-12-18T04:00:00Z,1.3364600000,1.3374000000,1.3361800000,1.3369600000,8599,OTHER,false
2025-12-18T08:00:00Z,1.3369700000,1.3375200000,1.3340900000,1.3348600000,14551,LONDON,false
2025-12-18T12:00:00Z,1.3348600000,1.3442600000,1.3343500000,1.3427700000,19256,OTHER,false
2025-12-18T16:00:00Z,1.3427800000,1.3446500000,1.3370400000,1.3381000000,25049,OTHER,false
2025-12-18T20:00:00Z,1.3381400000,1.3390700000,1.3375100000,1.3382100000,13105,OTHER,false
2025-12-19T00:00:00Z,1.3378600000,1.3386800000,1.3373400000,1.3382400000,7047,OTHER,false
2025-12-19T04:00:00Z,1.3382200000,1.3386100000,1.3369700000,1.3375600000,10446,OTHER,false
2025-12-19T08:00:00Z,1.3375500000,1.3387600000,1.3363000000,1.3381700000,16667,LONDON,false
2025-12-19T12:00:00Z,1.3381500000,1.3386800000,1.3357200000,1.3372100000,16053,OTHER,false
2025-12-19T16:00:00Z,1.3372300000,1.3386900000,1.3357200000,1.3377300000,20469,OTHER,false
2025-12-19T20:00:00Z,1.3377200000,1.3394100000,1.3372700000,1.3373800000,11846,OTHER,false
2025-12-22T00:00:00Z,1.3376300000,1.3398000000,1.3371700000,1.3396100000,13888,OTHER,false
2025-12-22T04:00:00Z,1.3396100000,1.3401400000,1.3391500000,1.3397100000,5098,OTHER,false
2025-12-22T08:00:00Z,1.3397000000,1.3424600000,1.3391200000,1.3424400000,9664,LONDON,false
2025-12-22T12:00:00Z,1.3424400000,1.3444100000,1.3424100000,1.3437800000,12012,OTHER,false
2025-12-22T16:00:00Z,1.3437800000,1.3477600000,1.3431600000,1.3470700000,13285,OTHER,false
2025-12-22T20:00:00Z,1.3470600000,1.3470700000,1.3453700000,1.3461900000,8218,OTHER,false
2025-12-23T00:00:00Z,1.3457200000,1.3483200000,1.3453600000,1.3477100000,5525,OTHER,false
2025-12-23T04:00:00Z,1.3477100000,1.3493700000,1.3476400000,1.3488800000,6890,OTHER,false
2025-12-23T08:00:00Z,1.3488800000,1.3518600000,1.3480000000,1.3505600000,12053,LONDON,false
2025-12-23T12:00:00Z,1.3505600000,1.3518700000,1.3494300000,1.3494900000,13292,OTHER,false
2025-12-23T16:00:00Z,1.3495000000,1.3500300000,1.3470800000,1.3473200000,18110,OTHER,false
2025-12-23T20:00:00Z,1.3473200000,1.3523200000,1.3471800000,1.3519200000,10435,OTHER,false
2025-12-24T00:00:00Z,1.3498700000,1.3532000000,1.3493500000,1.3529000000,10543,OTHER,false
2025-12-24T04:00:00Z,1.3529200000,1.3534100000,1.3509500000,1.3519000000,10673,OTHER,false
2025-12-24T08:00:00Z,1.3518800000,1.3528000000,1.3502600000,1.3521900000,14731,LONDON,false
2025-12-24T12:00:00Z,1.3521800000,1.3524000000,1.3501000000,1.3504500000,10886,OTHER,false
2025-12-24T16:00:00Z,1.3504100000,1.3510900000,1.3492000000,1.3497200000,12926,OTHER,false
2025-12-24T20:00:00Z,1.3496500000,1.3506800000,1.3494600000,1.3502600000,13490,OTHER,false
2025-12-26T00:00:00Z,1.3521200000,1.3522600000,1.3492600000,1.3512600000,10738,OTHER,false
2025-12-26T04:00:00Z,1.3512600000,1.3518600000,1.3486400000,1.3494600000,8861,OTHER,false
2025-12-26T08:00:00Z,1.3494600000,1.3500500000,1.3477300000,1.3485200000,12154,LONDON,false
2025-12-26T12:00:00Z,1.3485200000,1.3527200000,1.3483500000,1.3516800000,11723,OTHER,false
2025-12-26T16:00:00Z,1.3516900000,1.3525800000,1.3481300000,1.3494900000,13797,OTHER,false
2025-12-26T20:00:00Z,1.3495700000,1.3506400000,1.3489900000,1.3494800000,8865,OTHER,false
2025-12-29T00:00:00Z,1.3483000000,1.3512000000,1.3479700000,1.3508900000,8332,OTHER,false
2025-12-29T04:00:00Z,1.3508900000,1.3510000000,1.3483600000,1.3490900000,7372,OTHER,false
2025-12-29T08:00:00Z,1.3490900000,1.3507900000,1.3473500000,1.3490200000,13108,LONDON,false
2025-12-29T12:00:00Z,1.3490100000,1.3510900000,1.3469200000,1.3493600000,14138,OTHER,false
2025-12-29T16:00:00Z,1.3493600000,1.3512700000,1.3481600000,1.3485800000,17764,OTHER,false
2025-12-29T20:00:00Z,1.3485700000,1.3515600000,1.3484500000,1.3514500000,8568,OTHER,false
2025-12-30T00:00:00Z,1.3506300000,1.3510400000,1.3496100000,1.3508600000,6558,OTHER,false
2025-12-30T04:00:00Z,1.3508700000,1.3517200000,1.3499300000,1.3514800000,6090,OTHER,false
2025-12-30T08:00:00Z,1.3514800000,1.3521700000,1.3500300000,1.3514400000,10896,LONDON,false
2025-12-30T12:00:00Z,1.3514500000,1.3530600000,1.3486900000,1.3487800000,12232,OTHER,false
2025-12-30T16:00:00Z,1.3487900000,1.3488200000,1.3449500000,1.3469600000,14060,OTHER,false
2025-12-30T20:00:00Z,1.3469700000,1.3474900000,1.3460900000,1.3468300000,7437,OTHER,false
2025-12-31T00:00:00Z,1.3465200000,1.3467500000,1.3458400000,1.3460800000,5178,OTHER,false
2025-12-31T04:00:00Z,1.3460700000,1.3465300000,1.3457100000,1.3460700000,7304,OTHER,false
2025-12-31T08:00:00Z,1.3460700000,1.3465400000,1.3425800000,1.3437300000,10051,LONDON,false
2025-12-31T12:00:00Z,1.3437900000,1.3476700000,1.3432500000,1.3454100000,13956,OTHER,false
2025-12-31T16:00:00Z,1.3454400000,1.3460500000,1.3401800000,1.3451900000,16995,OTHER,false
2025-12-31T20:00:00Z,1.3452100000,1.3483800000,1.3447000000,1.3474000000,9032,OTHER,false
